
==========================================================================
cts final report_tns
--------------------------------------------------------------------------
tns max -24171.57

==========================================================================
cts final report_wns
--------------------------------------------------------------------------
wns max -104.94

==========================================================================
cts final report_worst_slack
--------------------------------------------------------------------------
worst slack max -104.94

==========================================================================
cts final report_clock_min_period
--------------------------------------------------------------------------
core_clock period_min = 1104.94 fmax = 905.03
vclk_core_clock period_min = 0.00 fmax = inf
vclk_mem period_min = 0.00 fmax = inf

==========================================================================
cts final report_clock_skew
--------------------------------------------------------------------------
Clock core_clock
 552.65 source latency out_d2$_DFFE_PN0P_/CLK ^
-241.83 target latency _788064_/CLK ^
 150.00 clock uncertainty
  -4.83 CRPR
--------------
 456.00 setup skew

Clock vclk_core_clock
No launch/capture paths found.

Clock vclk_mem
No launch/capture paths found.


==========================================================================
cts final report_checks -path_delay min
--------------------------------------------------------------------------
Startpoint: ce_cur[2]$_DFFE_PP_
            (rising edge-triggered flip-flop clocked by core_clock)
Endpoint: m_ce[2]$_DFFE_PN0P_
          (rising edge-triggered flip-flop clocked by core_clock)
Path Group: core_clock
Path Type: min

Fanout     Cap    Slew   Delay    Time   Description
-----------------------------------------------------------------------------
                          0.00    0.00   clock core_clock (rise edge)
                          0.00    0.00   clock source latency
     1   17.89    0.00    0.00    0.00 ^ clk (in)
                                         clk (net)
                 51.76   16.33   16.33 ^ wire88053/A (BUFx16f_ASAP7_75t_R)
     2   22.58   12.23   25.23   41.55 ^ wire88053/Y (BUFx16f_ASAP7_75t_R)
                                         net87620 (net)
                 74.17   23.12   64.67 ^ wire88052/A (BUFx6f_ASAP7_75t_R)
     1   12.41   16.29   25.68   90.35 ^ wire88052/Y (BUFx6f_ASAP7_75t_R)
                                         net87619 (net)
                 33.44    9.14   99.49 ^ clkbuf_0_clk/A (BUFx24_ASAP7_75t_R)
     2    9.66   10.16   24.85  124.34 ^ clkbuf_0_clk/Y (BUFx24_ASAP7_75t_R)
                                         clknet_0_clk (net)
                 10.21    0.40  124.74 ^ delaybuf_68_core_clock/A (BUFx24_ASAP7_75t_R)
     1    2.68    6.99   17.60  142.34 ^ delaybuf_68_core_clock/Y (BUFx24_ASAP7_75t_R)
                                         delaynet_68_core_clock (net)
                  7.00    0.30  142.63 ^ delaybuf_69_core_clock/A (BUFx24_ASAP7_75t_R)
     1    2.68    6.97   16.60  159.23 ^ delaybuf_69_core_clock/Y (BUFx24_ASAP7_75t_R)
                                         delaynet_69_core_clock (net)
                  6.99    0.30  159.53 ^ delaybuf_70_core_clock/A (BUFx24_ASAP7_75t_R)
     1    2.68    6.97   16.59  176.12 ^ delaybuf_70_core_clock/Y (BUFx24_ASAP7_75t_R)
                                         delaynet_70_core_clock (net)
                  6.98    0.30  176.42 ^ delaybuf_71_core_clock/A (BUFx24_ASAP7_75t_R)
     1    2.68    6.97   16.59  193.01 ^ delaybuf_71_core_clock/Y (BUFx24_ASAP7_75t_R)
                                         delaynet_71_core_clock (net)
                  6.98    0.30  193.31 ^ delaybuf_72_core_clock/A (BUFx24_ASAP7_75t_R)
     1    2.72    6.99   16.60  209.91 ^ delaybuf_72_core_clock/Y (BUFx24_ASAP7_75t_R)
                                         delaynet_72_core_clock (net)
                  7.00    0.31  210.22 ^ delaybuf_73_core_clock/A (BUFx24_ASAP7_75t_R)
     1    2.68    6.97   16.60  226.82 ^ delaybuf_73_core_clock/Y (BUFx24_ASAP7_75t_R)
                                         delaynet_73_core_clock (net)
                  6.99    0.30  227.11 ^ delaybuf_74_core_clock/A (BUFx24_ASAP7_75t_R)
     1    2.72    6.99   16.60  243.71 ^ delaybuf_74_core_clock/Y (BUFx24_ASAP7_75t_R)
                                         delaynet_74_core_clock (net)
                  7.00    0.31  244.02 ^ delaybuf_75_core_clock/A (BUFx24_ASAP7_75t_R)
     1    2.74    7.00   16.61  260.64 ^ delaybuf_75_core_clock/Y (BUFx24_ASAP7_75t_R)
                                         delaynet_75_core_clock (net)
                  7.01    0.32  260.96 ^ delaybuf_76_core_clock/A (BUFx24_ASAP7_75t_R)
     1    2.67    6.97   16.60  277.56 ^ delaybuf_76_core_clock/Y (BUFx24_ASAP7_75t_R)
                                         delaynet_76_core_clock (net)
                  6.98    0.29  277.85 ^ clkbuf_1_0_0_clk/A (BUFx24_ASAP7_75t_R)
     2    9.70    9.20   17.38  295.23 ^ clkbuf_1_0_0_clk/Y (BUFx24_ASAP7_75t_R)
                                         clknet_1_0_0_clk (net)
                 15.31    4.05  299.28 ^ clkbuf_2_1_0_clk/A (BUFx24_ASAP7_75t_R)
     1    8.84    8.81   19.78  319.06 ^ clkbuf_2_1_0_clk/Y (BUFx24_ASAP7_75t_R)
                                         clknet_2_1_0_clk (net)
                 16.56    4.65  323.71 ^ clkbuf_2_1_1_clk/A (BUFx24_ASAP7_75t_R)
     2    9.41    9.31   20.32  344.03 ^ clkbuf_2_1_1_clk/Y (BUFx24_ASAP7_75t_R)
                                         clknet_2_1_1_clk (net)
                 14.15    3.61  347.64 ^ clkbuf_3_3_0_clk/A (BUFx24_ASAP7_75t_R)
     2   13.30   10.29   19.90  367.54 ^ clkbuf_3_3_0_clk/Y (BUFx24_ASAP7_75t_R)
                                         clknet_3_3_0_clk (net)
                 21.02    5.83  373.38 ^ clkbuf_leaf_5_clk/A (BUFx24_ASAP7_75t_R)
     3    9.00    9.62   21.88  395.26 ^ clkbuf_leaf_5_clk/Y (BUFx24_ASAP7_75t_R)
                                         clknet_leaf_5_clk (net)
                  9.77    0.61  395.87 ^ _788076_/CLK (ICGx1_ASAP7_75t_R)
     1    2.29   16.37   15.13  411.01 ^ _788076_/GCLK (ICGx1_ASAP7_75t_R)
                                         _474437_ (net)
                 16.37    0.15  411.15 ^ clkbuf_0__474437_/A (BUFx24_ASAP7_75t_R)
     2   12.74   10.78   20.54  431.70 ^ clkbuf_0__474437_/Y (BUFx24_ASAP7_75t_R)
                                         clknet_0__474437_ (net)
                 16.44    4.06  435.76 ^ clkbuf_1_1_0__474437_/A (BUFx24_ASAP7_75t_R)
     2   11.48    9.75   20.31  456.07 ^ clkbuf_1_1_0__474437_/Y (BUFx24_ASAP7_75t_R)
                                         clknet_1_1_0__474437_ (net)
                 17.03    4.45  460.52 ^ clkbuf_2_2__f__474437_/A (BUFx24_ASAP7_75t_R)
     8   43.92   25.44   24.26  484.78 ^ clkbuf_2_2__f__474437_/Y (BUFx24_ASAP7_75t_R)
                                         clknet_2_2__leaf__474437_ (net)
                 38.83    9.59  494.37 ^ clkbuf_leaf_1__474437_/A (BUFx24_ASAP7_75t_R)
     7   13.34   12.08   26.97  521.34 ^ clkbuf_leaf_1__474437_/Y (BUFx24_ASAP7_75t_R)
                                         clknet_leaf_1__474437_ (net)
                 12.50    1.09  522.43 ^ ce_cur[2]$_DFFE_PP_/CLK (DFFHQNx1_ASAP7_75t_R)
     1    0.46   10.65   34.78  557.21 ^ ce_cur[2]$_DFFE_PP_/QN (DFFHQNx1_ASAP7_75t_R)
                                         _013080_ (net)
                 10.65    0.01  557.22 ^ hold112545/A (BUFx2_ASAP7_75t_R)
     1    0.57    5.10   13.15  570.38 ^ hold112545/Y (BUFx2_ASAP7_75t_R)
                                         net112113 (net)
                  5.10    0.02  570.40 ^ hold88654/A (BUFx2_ASAP7_75t_R)
     1    0.46    4.79   11.29  581.69 ^ hold88654/Y (BUFx2_ASAP7_75t_R)
                                         net88222 (net)
                  4.79    0.01  581.71 ^ hold112546/A (BUFx2_ASAP7_75t_R)
     1    0.93    6.03   11.94  593.65 ^ hold112546/Y (BUFx2_ASAP7_75t_R)
                                         net112114 (net)
                  6.04    0.04  593.69 ^ _762457_/A (NOR2x1_ASAP7_75t_R)
     1    0.67    7.68    7.14  600.83 v _762457_/Y (NOR2x1_ASAP7_75t_R)
                                         _474177_ (net)
                  7.68    0.03  600.87 v hold112547/A (BUFx2_ASAP7_75t_R)
     1    0.60    4.90   12.97  613.84 v hold112547/Y (BUFx2_ASAP7_75t_R)
                                         net112115 (net)
                  4.90    0.03  613.87 v hold88655/A (BUFx2_ASAP7_75t_R)
     1    0.46    4.59   11.85  625.72 v hold88655/Y (BUFx2_ASAP7_75t_R)
                                         net88223 (net)
                  4.59    0.01  625.73 v hold112548/A (BUFx2_ASAP7_75t_R)
     1    0.64    4.98   12.03  637.76 v hold112548/Y (BUFx2_ASAP7_75t_R)
                                         net112116 (net)
                  4.98    0.02  637.78 v m_ce[2]$_DFFE_PN0P_/D (DFFASRHQNx1_ASAP7_75t_R)
                                637.78   data arrival time

                          0.00    0.00   clock core_clock (rise edge)
                          0.00    0.00   clock source latency
     1   18.55    0.00    0.00    0.00 ^ clk (in)
                                         clk (net)
                 55.20   17.41   17.41 ^ wire88053/A (BUFx16f_ASAP7_75t_R)
     2   23.46   12.52   25.84   43.26 ^ wire88053/Y (BUFx16f_ASAP7_75t_R)
                                         net87620 (net)
                 75.91   23.68   66.93 ^ wire88052/A (BUFx6f_ASAP7_75t_R)
     1   13.01   16.80   25.92   92.86 ^ wire88052/Y (BUFx6f_ASAP7_75t_R)
                                         net87619 (net)
                 35.75    9.86  102.72 ^ clkbuf_0_clk/A (BUFx24_ASAP7_75t_R)
     2   10.86   10.63   25.58  128.30 ^ clkbuf_0_clk/Y (BUFx24_ASAP7_75t_R)
                                         clknet_0_clk (net)
                 14.64    3.55  131.85 ^ clkbuf_1_1_0_clk/A (BUFx24_ASAP7_75t_R)
     2   10.55    9.64   19.88  151.73 ^ clkbuf_1_1_0_clk/Y (BUFx24_ASAP7_75t_R)
                                         clknet_1_1_0_clk (net)
                 10.64    1.34  153.07 ^ delaybuf_35_core_clock/A (BUFx24_ASAP7_75t_R)
     1    3.35    7.27   17.84  170.91 ^ delaybuf_35_core_clock/Y (BUFx24_ASAP7_75t_R)
                                         delaynet_35_core_clock (net)
                  7.29    0.40  171.31 ^ delaybuf_36_core_clock/A (BUFx24_ASAP7_75t_R)
     1    3.35    7.25   16.80  188.12 ^ delaybuf_36_core_clock/Y (BUFx24_ASAP7_75t_R)
                                         delaynet_36_core_clock (net)
                  7.28    0.41  188.52 ^ delaybuf_37_core_clock/A (BUFx24_ASAP7_75t_R)
     1    3.39    7.27   16.81  205.33 ^ delaybuf_37_core_clock/Y (BUFx24_ASAP7_75t_R)
                                         delaynet_37_core_clock (net)
                  7.30    0.43  205.76 ^ delaybuf_38_core_clock/A (BUFx24_ASAP7_75t_R)
     1    3.35    7.25   16.81  222.56 ^ delaybuf_38_core_clock/Y (BUFx24_ASAP7_75t_R)
                                         delaynet_38_core_clock (net)
                  7.28    0.41  222.97 ^ delaybuf_39_core_clock/A (BUFx24_ASAP7_75t_R)
     1    3.35    7.25   16.80  239.77 ^ delaybuf_39_core_clock/Y (BUFx24_ASAP7_75t_R)
                                         delaynet_39_core_clock (net)
                  7.27    0.40  240.17 ^ clkbuf_2_2_0_clk/A (BUFx24_ASAP7_75t_R)
     1    9.09    8.77   17.35  257.52 ^ clkbuf_2_2_0_clk/Y (BUFx24_ASAP7_75t_R)
                                         clknet_2_2_0_clk (net)
                 16.88    4.74  262.26 ^ clkbuf_2_2_1_clk/A (BUFx24_ASAP7_75t_R)
     2    8.78    9.41   20.58  282.84 ^ clkbuf_2_2_1_clk/Y (BUFx24_ASAP7_75t_R)
                                         clknet_2_2_1_clk (net)
                  9.94    1.08  283.92 ^ clkbuf_3_4_0_clk/A (BUFx24_ASAP7_75t_R)
     1    8.49    8.68   18.15  302.07 ^ clkbuf_3_4_0_clk/Y (BUFx24_ASAP7_75t_R)
                                         clknet_3_4_0_clk (net)
                 15.27    4.21  306.28 ^ clkbuf_leaf_9_clk/A (BUFx24_ASAP7_75t_R)
     1    2.55    6.99   19.08  325.36 ^ clkbuf_leaf_9_clk/Y (BUFx24_ASAP7_75t_R)
                                         clknet_leaf_9_clk (net)
                  6.99    0.14  325.50 ^ _788081_/CLK (ICGx1_ASAP7_75t_R)
     1    3.10   21.25   16.57  342.06 ^ _788081_/GCLK (ICGx1_ASAP7_75t_R)
                                         _474442_ (net)
                 21.26    0.28  342.35 ^ clkbuf_0__474442_/A (BUFx24_ASAP7_75t_R)
     2   15.46   11.92   22.54  364.88 ^ clkbuf_0__474442_/Y (BUFx24_ASAP7_75t_R)
                                         clknet_0__474442_ (net)
                 16.76    3.91  368.79 ^ clkbuf_1_1_0__474442_/A (BUFx24_ASAP7_75t_R)
     1    9.45    8.93   20.24  389.03 ^ clkbuf_1_1_0__474442_/Y (BUFx24_ASAP7_75t_R)
                                         clknet_1_1_0__474442_ (net)
                 17.96    5.08  394.11 ^ clkbuf_1_1_1__474442_/A (BUFx24_ASAP7_75t_R)
     2   13.73    9.62   20.73  414.84 ^ clkbuf_1_1_1__474442_/Y (BUFx24_ASAP7_75t_R)
                                         clknet_1_1_1__474442_ (net)
                 23.16    6.46  421.30 ^ clkbuf_2_3_0__474442_/A (BUFx24_ASAP7_75t_R)
     2   11.77    9.42   22.04  443.34 ^ clkbuf_2_3_0__474442_/Y (BUFx24_ASAP7_75t_R)
                                         clknet_2_3_0__474442_ (net)
                 22.04    6.24  449.59 ^ clkbuf_3_7_0__474442_/A (BUFx24_ASAP7_75t_R)
     2   11.56    9.35   21.76  471.35 ^ clkbuf_3_7_0__474442_/Y (BUFx24_ASAP7_75t_R)
                                         clknet_3_7_0__474442_ (net)
                 21.69    6.15  477.49 ^ clkbuf_4_14_0__474442_/A (BUFx24_ASAP7_75t_R)
     2   10.59    9.26   21.65  499.14 ^ clkbuf_4_14_0__474442_/Y (BUFx24_ASAP7_75t_R)
                                         clknet_4_14_0__474442_ (net)
                 18.60    5.14  504.27 ^ clkbuf_5_28_0__474442_/A (BUFx24_ASAP7_75t_R)
     6   31.95   14.20   22.14  526.42 ^ clkbuf_5_28_0__474442_/Y (BUFx24_ASAP7_75t_R)
                                         clknet_5_28_0__474442_ (net)
                 62.83   19.38  545.80 ^ clkbuf_leaf_49__474442_/A (BUFx24_ASAP7_75t_R)
     8   21.27   16.24   32.28  578.08 ^ clkbuf_leaf_49__474442_/Y (BUFx24_ASAP7_75t_R)
                                         clknet_leaf_49__474442_ (net)
                 17.96    2.63  580.72 ^ m_ce[2]$_DFFE_PN0P_/CLK (DFFASRHQNx1_ASAP7_75t_R)
                        150.00  730.72   clock uncertainty
                         -3.96  726.76   clock reconvergence pessimism
                         13.85  740.61   library hold time
                                740.61   data required time
-----------------------------------------------------------------------------
                                740.61   data required time
                               -637.78   data arrival time
-----------------------------------------------------------------------------
                               -102.82   slack (VIOLATED)


Startpoint: out_pix_data[116]$_DFFE_PN0P_
            (rising edge-triggered flip-flop clocked by core_clock)
Endpoint: out_pix_data[116] (output port clocked by vclk_core_clock)
Path Group: vclk_core_clock
Path Type: min

Fanout     Cap    Slew   Delay    Time   Description
-----------------------------------------------------------------------------
                          0.00    0.00   clock core_clock (rise edge)
                          0.00    0.00   clock source latency
     1   17.89    0.00    0.00    0.00 ^ clk (in)
                                         clk (net)
                 51.76   16.33   16.33 ^ wire88053/A (BUFx16f_ASAP7_75t_R)
     2   22.58   12.23   25.23   41.55 ^ wire88053/Y (BUFx16f_ASAP7_75t_R)
                                         net87620 (net)
                 74.17   23.12   64.67 ^ wire88052/A (BUFx6f_ASAP7_75t_R)
     1   12.41   16.29   25.68   90.35 ^ wire88052/Y (BUFx6f_ASAP7_75t_R)
                                         net87619 (net)
                 33.44    9.14   99.49 ^ clkbuf_0_clk/A (BUFx24_ASAP7_75t_R)
     2    9.66   10.16   24.85  124.34 ^ clkbuf_0_clk/Y (BUFx24_ASAP7_75t_R)
                                         clknet_0_clk (net)
                 13.43    3.16  127.50 ^ clkbuf_1_1_0_clk/A (BUFx24_ASAP7_75t_R)
     2    9.35    9.25   19.40  146.90 ^ clkbuf_1_1_0_clk/Y (BUFx24_ASAP7_75t_R)
                                         clknet_1_1_0_clk (net)
                 14.07    3.61  150.51 ^ clkbuf_2_3_0_clk/A (BUFx24_ASAP7_75t_R)
     1    8.49    8.74   19.39  169.89 ^ clkbuf_2_3_0_clk/Y (BUFx24_ASAP7_75t_R)
                                         clknet_2_3_0_clk (net)
                 15.63    4.35  174.24 ^ clkbuf_2_3_1_clk/A (BUFx24_ASAP7_75t_R)
     2    9.60    9.40   20.14  194.39 ^ clkbuf_2_3_1_clk/Y (BUFx24_ASAP7_75t_R)
                                         clknet_2_3_1_clk (net)
                  9.57    0.59  194.98 ^ delaybuf_17_core_clock/A (BUFx24_ASAP7_75t_R)
     1    2.42    6.88   17.36  212.34 ^ delaybuf_17_core_clock/Y (BUFx24_ASAP7_75t_R)
                                         delaynet_17_core_clock (net)
                  6.88    0.19  212.53 ^ delaybuf_18_core_clock/A (BUFx24_ASAP7_75t_R)
     1    2.38    6.85   16.51  229.05 ^ delaybuf_18_core_clock/Y (BUFx24_ASAP7_75t_R)
                                         delaynet_18_core_clock (net)
                  6.85    0.18  229.23 ^ delaybuf_19_core_clock/A (BUFx24_ASAP7_75t_R)
     1    2.42    6.86   16.51  245.74 ^ delaybuf_19_core_clock/Y (BUFx24_ASAP7_75t_R)
                                         delaynet_19_core_clock (net)
                  6.87    0.19  245.93 ^ delaybuf_20_core_clock/A (BUFx24_ASAP7_75t_R)
     1    2.43    6.87   16.52  262.45 ^ delaybuf_20_core_clock/Y (BUFx24_ASAP7_75t_R)
                                         delaynet_20_core_clock (net)
                  6.87    0.20  262.65 ^ delaybuf_21_core_clock/A (BUFx24_ASAP7_75t_R)
     1    2.38    6.85   16.51  279.16 ^ delaybuf_21_core_clock/Y (BUFx24_ASAP7_75t_R)
                                         delaynet_21_core_clock (net)
                  6.85    0.18  279.34 ^ delaybuf_22_core_clock/A (BUFx24_ASAP7_75t_R)
     1    2.42    6.86   16.51  295.85 ^ delaybuf_22_core_clock/Y (BUFx24_ASAP7_75t_R)
                                         delaynet_22_core_clock (net)
                  6.87    0.19  296.04 ^ delaybuf_23_core_clock/A (BUFx24_ASAP7_75t_R)
     1    2.42    6.86   16.52  312.56 ^ delaybuf_23_core_clock/Y (BUFx24_ASAP7_75t_R)
                                         delaynet_23_core_clock (net)
                  6.87    0.19  312.75 ^ delaybuf_24_core_clock/A (BUFx24_ASAP7_75t_R)
     1    2.42    6.86   16.51  329.27 ^ delaybuf_24_core_clock/Y (BUFx24_ASAP7_75t_R)
                                         delaynet_24_core_clock (net)
                  6.86    0.19  329.46 ^ clkbuf_3_7_0_clk/A (BUFx24_ASAP7_75t_R)
     2   17.98   10.73   18.15  347.61 ^ clkbuf_3_7_0_clk/Y (BUFx24_ASAP7_75t_R)
                                         clknet_3_7_0_clk (net)
                 44.21   13.55  361.16 ^ clkbuf_leaf_8_clk/A (BUFx24_ASAP7_75t_R)
     2    4.67    8.91   26.50  387.65 ^ clkbuf_leaf_8_clk/Y (BUFx24_ASAP7_75t_R)
                                         clknet_leaf_8_clk (net)
                  8.91    0.23  387.88 ^ _788066_/CLK (ICGx1_ASAP7_75t_R)
     1    2.16   15.52   14.58  402.46 ^ _788066_/GCLK (ICGx1_ASAP7_75t_R)
                                         _474427_ (net)
                 15.52    0.10  402.56 ^ clkbuf_0__474427_/A (BUFx24_ASAP7_75t_R)
     2   14.22   11.34   20.79  423.35 ^ clkbuf_0__474427_/Y (BUFx24_ASAP7_75t_R)
                                         clknet_0__474427_ (net)
                 14.93    3.23  426.58 ^ clkbuf_1_1_0__474427_/A (BUFx24_ASAP7_75t_R)
     2    9.35    8.95   19.66  446.24 ^ clkbuf_1_1_0__474427_/Y (BUFx24_ASAP7_75t_R)
                                         clknet_1_1_0__474427_ (net)
                 16.03    4.35  450.59 ^ clkbuf_2_3_0__474427_/A (BUFx24_ASAP7_75t_R)
     2    9.89    8.99   20.02  470.61 ^ clkbuf_2_3_0__474427_/Y (BUFx24_ASAP7_75t_R)
                                         clknet_2_3_0__474427_ (net)
                 17.99    5.02  475.62 ^ clkbuf_3_7_0__474427_/A (BUFx24_ASAP7_75t_R)
     2    7.22    8.69   20.48  496.10 ^ clkbuf_3_7_0__474427_/Y (BUFx24_ASAP7_75t_R)
                                         clknet_3_7_0__474427_ (net)
                 10.89    2.31  498.41 ^ clkbuf_4_15__f__474427_/A (BUFx24_ASAP7_75t_R)
    13   13.58   11.42   19.45  517.86 ^ clkbuf_4_15__f__474427_/Y (BUFx24_ASAP7_75t_R)
                                         clknet_4_15__leaf__474427_ (net)
                 13.54    2.51  520.37 ^ out_pix_data[116]$_DFFE_PN0P_/CLK (DFFASRHQNx1_ASAP7_75t_R)
     1    0.78   13.48   39.69  560.06 ^ out_pix_data[116]$_DFFE_PN0P_/QN (DFFASRHQNx1_ASAP7_75t_R)
                                         _012918_ (net)
                 13.48    0.04  560.10 ^ _769448_/A (INVx1_ASAP7_75t_R)
     1    0.50    6.12    5.74  565.85 v _769448_/Y (INVx1_ASAP7_75t_R)
                                         net17531 (net)
                  6.12    0.02  565.86 v output17964/A (BUFx2_ASAP7_75t_R)
     1   18.40   50.74   28.10  593.96 v output17964/Y (BUFx2_ASAP7_75t_R)
                                         out_pix_data[116] (net)
                 87.30   23.13  617.09 v out_pix_data[116] (out)
                                617.09   data arrival time

                  0.00    0.00    0.00   clock vclk_core_clock (rise edge)
                        800.00  800.00   clock network delay (ideal)
                          0.00  800.00   clock reconvergence pessimism
                       -500.00  300.00   output external delay
                                300.00   data required time
-----------------------------------------------------------------------------
                                300.00   data required time
                               -617.09   data arrival time
-----------------------------------------------------------------------------
                                317.09   slack (MET)


Startpoint: in_data_q[74]$_DFFE_PN0P_
            (rising edge-triggered flip-flop clocked by core_clock)
Endpoint: mem_wdata[1034] (output port clocked by vclk_mem)
Path Group: vclk_mem
Path Type: min

Fanout     Cap    Slew   Delay    Time   Description
-----------------------------------------------------------------------------
                          0.00    0.00   clock core_clock (rise edge)
                          0.00    0.00   clock source latency
     1   17.89    0.00    0.00    0.00 ^ clk (in)
                                         clk (net)
                 51.76   16.33   16.33 ^ wire88053/A (BUFx16f_ASAP7_75t_R)
     2   22.58   12.23   25.23   41.55 ^ wire88053/Y (BUFx16f_ASAP7_75t_R)
                                         net87620 (net)
                 74.17   23.12   64.67 ^ wire88052/A (BUFx6f_ASAP7_75t_R)
     1   12.41   16.29   25.68   90.35 ^ wire88052/Y (BUFx6f_ASAP7_75t_R)
                                         net87619 (net)
                 33.44    9.14   99.49 ^ clkbuf_0_clk/A (BUFx24_ASAP7_75t_R)
     2    9.66   10.16   24.85  124.34 ^ clkbuf_0_clk/Y (BUFx24_ASAP7_75t_R)
                                         clknet_0_clk (net)
                 10.21    0.40  124.74 ^ delaybuf_68_core_clock/A (BUFx24_ASAP7_75t_R)
     1    2.68    6.99   17.60  142.34 ^ delaybuf_68_core_clock/Y (BUFx24_ASAP7_75t_R)
                                         delaynet_68_core_clock (net)
                  7.00    0.30  142.63 ^ delaybuf_69_core_clock/A (BUFx24_ASAP7_75t_R)
     1    2.68    6.97   16.60  159.23 ^ delaybuf_69_core_clock/Y (BUFx24_ASAP7_75t_R)
                                         delaynet_69_core_clock (net)
                  6.99    0.30  159.53 ^ delaybuf_70_core_clock/A (BUFx24_ASAP7_75t_R)
     1    2.68    6.97   16.59  176.12 ^ delaybuf_70_core_clock/Y (BUFx24_ASAP7_75t_R)
                                         delaynet_70_core_clock (net)
                  6.98    0.30  176.42 ^ delaybuf_71_core_clock/A (BUFx24_ASAP7_75t_R)
     1    2.68    6.97   16.59  193.01 ^ delaybuf_71_core_clock/Y (BUFx24_ASAP7_75t_R)
                                         delaynet_71_core_clock (net)
                  6.98    0.30  193.31 ^ delaybuf_72_core_clock/A (BUFx24_ASAP7_75t_R)
     1    2.72    6.99   16.60  209.91 ^ delaybuf_72_core_clock/Y (BUFx24_ASAP7_75t_R)
                                         delaynet_72_core_clock (net)
                  7.00    0.31  210.22 ^ delaybuf_73_core_clock/A (BUFx24_ASAP7_75t_R)
     1    2.68    6.97   16.60  226.82 ^ delaybuf_73_core_clock/Y (BUFx24_ASAP7_75t_R)
                                         delaynet_73_core_clock (net)
                  6.99    0.30  227.11 ^ delaybuf_74_core_clock/A (BUFx24_ASAP7_75t_R)
     1    2.72    6.99   16.60  243.71 ^ delaybuf_74_core_clock/Y (BUFx24_ASAP7_75t_R)
                                         delaynet_74_core_clock (net)
                  7.00    0.31  244.02 ^ delaybuf_75_core_clock/A (BUFx24_ASAP7_75t_R)
     1    2.74    7.00   16.61  260.64 ^ delaybuf_75_core_clock/Y (BUFx24_ASAP7_75t_R)
                                         delaynet_75_core_clock (net)
                  7.01    0.32  260.96 ^ delaybuf_76_core_clock/A (BUFx24_ASAP7_75t_R)
     1    2.67    6.97   16.60  277.56 ^ delaybuf_76_core_clock/Y (BUFx24_ASAP7_75t_R)
                                         delaynet_76_core_clock (net)
                  6.98    0.29  277.85 ^ clkbuf_1_0_0_clk/A (BUFx24_ASAP7_75t_R)
     2    9.70    9.20   17.38  295.23 ^ clkbuf_1_0_0_clk/Y (BUFx24_ASAP7_75t_R)
                                         clknet_1_0_0_clk (net)
                 11.42    2.13  297.35 ^ delaybuf_65_core_clock/A (BUFx24_ASAP7_75t_R)
     1    3.54    7.36   18.09  315.45 ^ delaybuf_65_core_clock/Y (BUFx24_ASAP7_75t_R)
                                         delaynet_65_core_clock (net)
                  7.46    0.70  316.14 ^ delaybuf_66_core_clock/A (BUFx24_ASAP7_75t_R)
     1    3.47    7.31   16.87  333.01 ^ delaybuf_66_core_clock/Y (BUFx24_ASAP7_75t_R)
                                         delaynet_66_core_clock (net)
                  7.39    0.66  333.67 ^ delaybuf_67_core_clock/A (BUFx24_ASAP7_75t_R)
     1    3.79    7.43   16.89  350.56 ^ delaybuf_67_core_clock/Y (BUFx24_ASAP7_75t_R)
                                         delaynet_67_core_clock (net)
                  7.61    0.83  351.39 ^ clkbuf_2_0_0_clk/A (BUFx24_ASAP7_75t_R)
     1    9.03    8.78   17.47  368.86 ^ clkbuf_2_0_0_clk/Y (BUFx24_ASAP7_75t_R)
                                         clknet_2_0_0_clk (net)
                 17.07    4.82  373.68 ^ clkbuf_2_0_1_clk/A (BUFx24_ASAP7_75t_R)
     2    9.59    9.32   20.43  394.11 ^ clkbuf_2_0_1_clk/Y (BUFx24_ASAP7_75t_R)
                                         clknet_2_0_1_clk (net)
                 14.75    3.81  397.92 ^ clkbuf_3_0_0_clk/A (BUFx24_ASAP7_75t_R)
     2   13.66    9.76   19.86  417.78 ^ clkbuf_3_0_0_clk/Y (BUFx24_ASAP7_75t_R)
                                         clknet_3_0_0_clk (net)
                 26.22    7.64  425.42 ^ clkbuf_leaf_11_clk/A (BUFx24_ASAP7_75t_R)
     2    3.72    7.79   22.23  447.65 ^ clkbuf_leaf_11_clk/Y (BUFx24_ASAP7_75t_R)
                                         clknet_leaf_11_clk (net)
                  7.79    0.17  447.82 ^ _788071_/CLK (ICGx1_ASAP7_75t_R)
     1    2.22   15.89   14.47  462.29 ^ _788071_/GCLK (ICGx1_ASAP7_75t_R)
                                         _474432_ (net)
                 15.89    0.12  462.41 ^ clkbuf_0__474432_/A (BUFx24_ASAP7_75t_R)
     8   24.14   16.80   22.10  484.51 ^ clkbuf_0__474432_/Y (BUFx24_ASAP7_75t_R)
                                         clknet_0__474432_ (net)
                 19.57    3.50  488.01 ^ clkbuf_3_3_0__474432_/A (BUFx24_ASAP7_75t_R)
     2    5.13    8.09   20.79  508.80 ^ clkbuf_3_3_0__474432_/Y (BUFx24_ASAP7_75t_R)
                                         clknet_3_3_0__474432_ (net)
                  8.19    0.68  509.48 ^ clkbuf_4_7__f__474432_/A (BUFx24_ASAP7_75t_R)
    12    7.17    8.75   17.77  527.24 ^ clkbuf_4_7__f__474432_/Y (BUFx24_ASAP7_75t_R)
                                         clknet_4_7__leaf__474432_ (net)
                  8.81    0.46  527.71 ^ in_data_q[74]$_DFFE_PN0P_/CLK (DFFASRHQNx1_ASAP7_75t_R)
     3   11.09   71.34   69.17  596.88 v in_data_q[74]$_DFFE_PN0P_/QN (DFFASRHQNx1_ASAP7_75t_R)
                                         _001900_ (net)
                 74.12    7.62  604.49 v _745476_/B (NOR2x1_ASAP7_75t_R)
     1    0.54   17.22   12.99  617.49 ^ _745476_/Y (NOR2x1_ASAP7_75t_R)
                                         net9662 (net)
                 17.22    0.02  617.51 ^ output10095/A (BUFx2_ASAP7_75t_R)
     1    1.14    6.92   15.85  633.36 ^ output10095/Y (BUFx2_ASAP7_75t_R)
                                         mem_wdata[1034] (net)
                  6.93    0.12  633.48 ^ mem_wdata[1034] (out)
                                633.48   data arrival time

                  0.00    0.00    0.00   clock vclk_mem (rise edge)
                        800.00  800.00   clock network delay (ideal)
                          0.00  800.00   clock reconvergence pessimism
                       -500.00  300.00   output external delay
                                300.00   data required time
-----------------------------------------------------------------------------
                                300.00   data required time
                               -633.48   data arrival time
-----------------------------------------------------------------------------
                                333.48   slack (MET)



==========================================================================
cts final report_checks -path_delay max
--------------------------------------------------------------------------
Startpoint: ce_d2[0]$_DFFE_PN0P_
            (rising edge-triggered flip-flop clocked by core_clock)
Endpoint: pair_q[225][18]$_DFFE_PP_
          (rising edge-triggered flip-flop clocked by core_clock)
Path Group: core_clock
Path Type: max

Fanout     Cap    Slew   Delay    Time   Description
-----------------------------------------------------------------------------
                          0.00    0.00   clock core_clock (rise edge)
                          0.00    0.00   clock source latency
     1   18.55    0.00    0.00    0.00 ^ clk (in)
                                         clk (net)
                 55.20   17.41   17.41 ^ wire88053/A (BUFx16f_ASAP7_75t_R)
     2   23.46   12.52   25.84   43.26 ^ wire88053/Y (BUFx16f_ASAP7_75t_R)
                                         net87620 (net)
                 75.91   23.68   66.93 ^ wire88052/A (BUFx6f_ASAP7_75t_R)
     1   13.01   16.80   25.92   92.86 ^ wire88052/Y (BUFx6f_ASAP7_75t_R)
                                         net87619 (net)
                 35.75    9.86  102.72 ^ clkbuf_0_clk/A (BUFx24_ASAP7_75t_R)
     2   10.86   10.63   25.58  128.30 ^ clkbuf_0_clk/Y (BUFx24_ASAP7_75t_R)
                                         clknet_0_clk (net)
                 14.64    3.55  131.85 ^ clkbuf_1_1_0_clk/A (BUFx24_ASAP7_75t_R)
     2   10.55    9.64   19.88  151.73 ^ clkbuf_1_1_0_clk/Y (BUFx24_ASAP7_75t_R)
                                         clknet_1_1_0_clk (net)
                 10.64    1.34  153.07 ^ delaybuf_35_core_clock/A (BUFx24_ASAP7_75t_R)
     1    3.35    7.27   17.84  170.91 ^ delaybuf_35_core_clock/Y (BUFx24_ASAP7_75t_R)
                                         delaynet_35_core_clock (net)
                  7.29    0.40  171.31 ^ delaybuf_36_core_clock/A (BUFx24_ASAP7_75t_R)
     1    3.35    7.25   16.80  188.12 ^ delaybuf_36_core_clock/Y (BUFx24_ASAP7_75t_R)
                                         delaynet_36_core_clock (net)
                  7.28    0.41  188.52 ^ delaybuf_37_core_clock/A (BUFx24_ASAP7_75t_R)
     1    3.39    7.27   16.81  205.33 ^ delaybuf_37_core_clock/Y (BUFx24_ASAP7_75t_R)
                                         delaynet_37_core_clock (net)
                  7.30    0.43  205.76 ^ delaybuf_38_core_clock/A (BUFx24_ASAP7_75t_R)
     1    3.35    7.25   16.81  222.56 ^ delaybuf_38_core_clock/Y (BUFx24_ASAP7_75t_R)
                                         delaynet_38_core_clock (net)
                  7.28    0.41  222.97 ^ delaybuf_39_core_clock/A (BUFx24_ASAP7_75t_R)
     1    3.35    7.25   16.80  239.77 ^ delaybuf_39_core_clock/Y (BUFx24_ASAP7_75t_R)
                                         delaynet_39_core_clock (net)
                  7.27    0.40  240.17 ^ clkbuf_2_2_0_clk/A (BUFx24_ASAP7_75t_R)
     1    9.09    8.77   17.35  257.52 ^ clkbuf_2_2_0_clk/Y (BUFx24_ASAP7_75t_R)
                                         clknet_2_2_0_clk (net)
                 16.88    4.74  262.26 ^ clkbuf_2_2_1_clk/A (BUFx24_ASAP7_75t_R)
     2    8.78    9.41   20.58  282.84 ^ clkbuf_2_2_1_clk/Y (BUFx24_ASAP7_75t_R)
                                         clknet_2_2_1_clk (net)
                  9.94    1.08  283.92 ^ clkbuf_3_4_0_clk/A (BUFx24_ASAP7_75t_R)
     1    8.49    8.68   18.15  302.07 ^ clkbuf_3_4_0_clk/Y (BUFx24_ASAP7_75t_R)
                                         clknet_3_4_0_clk (net)
                 15.27    4.21  306.28 ^ clkbuf_leaf_9_clk/A (BUFx24_ASAP7_75t_R)
     1    2.55    6.99   19.08  325.36 ^ clkbuf_leaf_9_clk/Y (BUFx24_ASAP7_75t_R)
                                         clknet_leaf_9_clk (net)
                  6.99    0.14  325.50 ^ _788081_/CLK (ICGx1_ASAP7_75t_R)
     1    3.10   21.25   16.57  342.06 ^ _788081_/GCLK (ICGx1_ASAP7_75t_R)
                                         _474442_ (net)
                 21.26    0.28  342.35 ^ clkbuf_0__474442_/A (BUFx24_ASAP7_75t_R)
     2   15.46   11.92   22.54  364.88 ^ clkbuf_0__474442_/Y (BUFx24_ASAP7_75t_R)
                                         clknet_0__474442_ (net)
                 16.76    3.91  368.79 ^ clkbuf_1_1_0__474442_/A (BUFx24_ASAP7_75t_R)
     1    9.45    8.93   20.24  389.03 ^ clkbuf_1_1_0__474442_/Y (BUFx24_ASAP7_75t_R)
                                         clknet_1_1_0__474442_ (net)
                 17.96    5.08  394.11 ^ clkbuf_1_1_1__474442_/A (BUFx24_ASAP7_75t_R)
     2   13.73    9.62   20.73  414.84 ^ clkbuf_1_1_1__474442_/Y (BUFx24_ASAP7_75t_R)
                                         clknet_1_1_1__474442_ (net)
                 23.16    6.46  421.30 ^ clkbuf_2_3_0__474442_/A (BUFx24_ASAP7_75t_R)
     2   11.77    9.42   22.04  443.34 ^ clkbuf_2_3_0__474442_/Y (BUFx24_ASAP7_75t_R)
                                         clknet_2_3_0__474442_ (net)
                 22.04    6.24  449.59 ^ clkbuf_3_7_0__474442_/A (BUFx24_ASAP7_75t_R)
     2   11.56    9.35   21.76  471.35 ^ clkbuf_3_7_0__474442_/Y (BUFx24_ASAP7_75t_R)
                                         clknet_3_7_0__474442_ (net)
                 21.69    6.15  477.49 ^ clkbuf_4_14_0__474442_/A (BUFx24_ASAP7_75t_R)
     2   10.59    9.26   21.65  499.14 ^ clkbuf_4_14_0__474442_/Y (BUFx24_ASAP7_75t_R)
                                         clknet_4_14_0__474442_ (net)
                 18.60    5.14  504.27 ^ clkbuf_5_28_0__474442_/A (BUFx24_ASAP7_75t_R)
     6   31.95   14.20   22.14  526.42 ^ clkbuf_5_28_0__474442_/Y (BUFx24_ASAP7_75t_R)
                                         clknet_5_28_0__474442_ (net)
                 59.59   18.21  544.62 ^ clkbuf_leaf_51__474442_/A (BUFx24_ASAP7_75t_R)
     7   12.92   12.64   30.52  575.14 ^ clkbuf_leaf_51__474442_/Y (BUFx24_ASAP7_75t_R)
                                         clknet_leaf_51__474442_ (net)
                 12.91    0.92  576.06 ^ ce_d2[0]$_DFFE_PN0P_/CLK (DFFASRHQNx1_ASAP7_75t_R)
     1    1.47   19.22   42.91  618.97 v ce_d2[0]$_DFFE_PN0P_/QN (DFFASRHQNx1_ASAP7_75t_R)
                                         _000658_ (net)
                 19.22    0.07  619.04 v place80462/A (BUFx10_ASAP7_75t_R)
     3   13.36   11.75   21.18  640.21 v place80462/Y (BUFx10_ASAP7_75t_R)
                                         net80029 (net)
                 31.61    9.29  649.50 v rebuffer88082/A (BUFx6f_ASAP7_75t_R)
     2   14.69   14.02   21.75  671.25 v rebuffer88082/Y (BUFx6f_ASAP7_75t_R)
                                         net87649 (net)
                 44.37   13.11  684.36 v place80460/A (BUFx12f_ASAP7_75t_R)
     2   11.27    9.30   21.95  706.31 v place80460/Y (BUFx12f_ASAP7_75t_R)
                                         net80027 (net)
                 25.41    7.32  713.63 v rebuffer88071/A (BUFx12f_ASAP7_75t_R)
     1   14.75    8.54   18.65  732.28 v rebuffer88071/Y (BUFx12f_ASAP7_75t_R)
                                         net87638 (net)
                 41.98   12.87  745.15 v place80459/A (BUFx12f_ASAP7_75t_R)
     2    4.70    7.20   20.95  766.10 v place80459/Y (BUFx12f_ASAP7_75t_R)
                                         net80026 (net)
                  8.46    1.50  767.60 v place80458/A (BUFx6f_ASAP7_75t_R)
     6   27.15   18.09   16.44  784.03 v place80458/Y (BUFx6f_ASAP7_75t_R)
                                         net80025 (net)
                114.00   35.90  819.94 v place80457/A (BUFx12f_ASAP7_75t_R)
     2   19.27   11.88   31.90  851.84 v place80457/Y (BUFx12f_ASAP7_75t_R)
                                         net80024 (net)
                 66.63   20.54  872.38 v place80456/A (BUFx12f_ASAP7_75t_R)
     2    8.78    9.83   25.33  897.70 v place80456/Y (BUFx12f_ASAP7_75t_R)
                                         net80023 (net)
                 18.13    4.78  902.48 v rebuffer88058/A (BUFx3_ASAP7_75t_R)
     4    3.36    9.47   18.22  920.70 v rebuffer88058/Y (BUFx3_ASAP7_75t_R)
                                         net87625 (net)
                  9.50    0.27  920.97 v rebuffer88057/A (BUFx3_ASAP7_75t_R)
     4    3.10    8.64   15.38  936.35 v rebuffer88057/Y (BUFx3_ASAP7_75t_R)
                                         net87624 (net)
                  8.67    0.24  936.59 v _704733_/A (OR2x2_ASAP7_75t_R)
     4    5.64   19.12   23.52  960.11 v _704733_/Y (OR2x2_ASAP7_75t_R)
                                         _446779_ (net)
                 19.21    0.74  960.85 v _704836_/B (NOR2x1_ASAP7_75t_R)
     1    2.10   23.03   13.71  974.56 ^ _704836_/Y (NOR2x1_ASAP7_75t_R)
                                         _115694_ (net)
                 23.03    0.07  974.63 ^ _805222_/A (FAx1_ASAP7_75t_R)
     1    0.82   22.37   32.38 1007.01 v _805222_/SN (FAx1_ASAP7_75t_R)
                                         _115696_ (net)
                 22.37    0.04 1007.05 v _552179_/A (INVx1_ASAP7_75t_R)
     1    2.14   18.33   14.25 1021.30 ^ _552179_/Y (INVx1_ASAP7_75t_R)
                                         _115622_ (net)
                 18.33    0.09 1021.39 ^ _805209_/A (FAx1_ASAP7_75t_R)
     1    0.81   21.46   31.28 1052.66 v _805209_/SN (FAx1_ASAP7_75t_R)
                                         _115625_ (net)
                 21.46    0.03 1052.70 v _729232_/A (INVx1_ASAP7_75t_R)
     1    2.38   19.34   14.80 1067.50 ^ _729232_/Y (INVx1_ASAP7_75t_R)
                                         _115335_ (net)
                 19.34    0.11 1067.61 ^ _805157_/B (FAx1_ASAP7_75t_R)
     1    0.80   21.15   31.12 1098.74 v _805157_/SN (FAx1_ASAP7_75t_R)
                                         _115339_ (net)
                 21.15    0.03 1098.77 v _557276_/A (INVx1_ASAP7_75t_R)
     1    1.70   15.63   12.60 1111.37 ^ _557276_/Y (INVx1_ASAP7_75t_R)
                                         _114964_ (net)
                 15.63    0.06 1111.43 ^ _805085_/CI (FAx1_ASAP7_75t_R)
     1    0.86   22.27   31.08 1142.50 v _805085_/SN (FAx1_ASAP7_75t_R)
                                         _114968_ (net)
                 22.27    0.04 1142.55 v _557111_/A (INVx1_ASAP7_75t_R)
     1    2.26   18.93   14.59 1157.13 ^ _557111_/Y (INVx1_ASAP7_75t_R)
                                         _114887_ (net)
                 18.94    0.13 1157.26 ^ _805070_/A (FAx1_ASAP7_75t_R)
     1    0.80   21.44   31.31 1188.57 v _805070_/SN (FAx1_ASAP7_75t_R)
                                         _114890_ (net)
                 21.44    0.03 1188.61 v _557078_/A (INVx1_ASAP7_75t_R)
     1    2.38   19.31   14.78 1203.39 ^ _557078_/Y (INVx1_ASAP7_75t_R)
                                         _114792_ (net)
                 19.31    0.11 1203.50 ^ _805054_/B (FAx1_ASAP7_75t_R)
     1    0.82   19.96   16.69 1220.19 v _805054_/CON (FAx1_ASAP7_75t_R)
                                         _114794_ (net)
     1    0.86   27.84   13.42 1233.61 ^ _805054_/SN (FAx1_ASAP7_75t_R)
                                         _114795_ (net)
                 27.84    0.04 1233.65 ^ _557101_/A (INVx1_ASAP7_75t_R)
     1    1.24   12.68   10.41 1244.06 v _557101_/Y (INVx1_ASAP7_75t_R)
                                         _114797_ (net)
                 12.68    0.06 1244.12 v _850495_/A (HAxp5_ASAP7_75t_R)
     2    1.45   22.39   15.18 1259.31 ^ _850495_/CON (HAxp5_ASAP7_75t_R)
                                         _337312_ (net)
     1    0.81   17.29   10.39 1269.70 v _850495_/SN (HAxp5_ASAP7_75t_R)
                                         _337313_ (net)
                 17.29    0.03 1269.74 v place66766/A (BUFx3_ASAP7_75t_R)
     3    2.13    7.23   16.78 1286.52 v place66766/Y (BUFx3_ASAP7_75t_R)
                                         net66333 (net)
                  7.23    0.07 1286.59 v _501514_/A1 (OA21x2_ASAP7_75t_R)
     1    0.74    6.24   16.25 1302.84 v _501514_/Y (OA21x2_ASAP7_75t_R)
                                         _412429_ (net)
                  6.24    0.03 1302.87 v _501515_/A2 (OA21x2_ASAP7_75t_R)
     2    1.62    8.53   17.51 1320.38 v _501515_/Y (OA21x2_ASAP7_75t_R)
                                         _412430_ (net)
                  8.53    0.08 1320.47 v _501516_/A2 (OA21x2_ASAP7_75t_R)
     1    0.83    6.85   16.83 1337.30 v _501516_/Y (OA21x2_ASAP7_75t_R)
                                         _412431_ (net)
                  6.85    0.04 1337.34 v _501517_/A2 (OA21x2_ASAP7_75t_R)
     2    1.74    9.24   17.88 1355.22 v _501517_/Y (OA21x2_ASAP7_75t_R)
                                         _412432_ (net)
                  9.25    0.09 1355.31 v _501518_/A2 (OA21x2_ASAP7_75t_R)
     1    0.87    6.55   17.11 1372.41 v _501518_/Y (OA21x2_ASAP7_75t_R)
                                         _412433_ (net)
                  6.56    0.05 1372.46 v _501519_/A2 (OA21x2_ASAP7_75t_R)
     2    1.60    9.15   17.57 1390.03 v _501519_/Y (OA21x2_ASAP7_75t_R)
                                         _412434_ (net)
                  9.15    0.09 1390.11 v _501522_/A1 (OA21x2_ASAP7_75t_R)
     2    1.75    8.91   18.37 1408.49 v _501522_/Y (OA21x2_ASAP7_75t_R)
                                         _412437_ (net)
                  8.91    0.11 1408.59 v _501525_/A1 (OA21x2_ASAP7_75t_R)
     2    1.87    9.26   18.51 1427.10 v _501525_/Y (OA21x2_ASAP7_75t_R)
                                         _412440_ (net)
                  9.27    0.13 1427.23 v _501526_/A2 (OA21x2_ASAP7_75t_R)
     1    0.77    7.26   16.95 1444.18 v _501526_/Y (OA21x2_ASAP7_75t_R)
                                         _412441_ (net)
                  7.26    0.03 1444.21 v _501527_/A2 (OA21x2_ASAP7_75t_R)
     1    1.02    7.55   16.79 1461.00 v _501527_/Y (OA21x2_ASAP7_75t_R)
                                         _412442_ (net)
                  7.55    0.04 1461.05 v _501528_/B (XNOR2x2_ASAP7_75t_R)
     1    0.74    6.74   19.92 1480.96 ^ _501528_/Y (XNOR2x2_ASAP7_75t_R)
                                         G_LANE[9].G_PAIR[0].pprod[18] (net)
                  6.74    0.03 1481.00 ^ pair_q[225][18]$_DFFE_PP_/D (DFFHQNx1_ASAP7_75t_R)
                               1481.00   data arrival time

                       1000.00 1000.00   clock core_clock (rise edge)
                          0.00 1000.00   clock source latency
     1   17.89    0.00    0.00 1000.00 ^ clk (in)
                                         clk (net)
                 51.76   16.33 1016.33 ^ wire88053/A (BUFx16f_ASAP7_75t_R)
     2   22.58   12.23   25.23 1041.55 ^ wire88053/Y (BUFx16f_ASAP7_75t_R)
                                         net87620 (net)
                 74.17   23.12 1064.67 ^ wire88052/A (BUFx6f_ASAP7_75t_R)
     1   12.41   16.29   25.68 1090.35 ^ wire88052/Y (BUFx6f_ASAP7_75t_R)
                                         net87619 (net)
                 33.44    9.14 1099.49 ^ clkbuf_0_clk/A (BUFx24_ASAP7_75t_R)
     2    9.66   10.16   24.85 1124.34 ^ clkbuf_0_clk/Y (BUFx24_ASAP7_75t_R)
                                         clknet_0_clk (net)
                 13.43    3.16 1127.50 ^ clkbuf_1_1_0_clk/A (BUFx24_ASAP7_75t_R)
     2    9.35    9.25   19.40 1146.90 ^ clkbuf_1_1_0_clk/Y (BUFx24_ASAP7_75t_R)
                                         clknet_1_1_0_clk (net)
                 14.07    3.61 1150.51 ^ clkbuf_2_3_0_clk/A (BUFx24_ASAP7_75t_R)
     1    8.49    8.74   19.39 1169.89 ^ clkbuf_2_3_0_clk/Y (BUFx24_ASAP7_75t_R)
                                         clknet_2_3_0_clk (net)
                 15.63    4.35 1174.24 ^ clkbuf_2_3_1_clk/A (BUFx24_ASAP7_75t_R)
     2    9.60    9.40   20.14 1194.39 ^ clkbuf_2_3_1_clk/Y (BUFx24_ASAP7_75t_R)
                                         clknet_2_3_1_clk (net)
                 13.96    3.57 1197.96 ^ clkbuf_3_6_0_clk/A (BUFx24_ASAP7_75t_R)
     2    9.75    9.59   19.71 1217.67 ^ clkbuf_3_6_0_clk/Y (BUFx24_ASAP7_75t_R)
                                         clknet_3_6_0_clk (net)
                 12.78    2.92 1220.59 ^ clkbuf_leaf_7_clk/A (BUFx24_ASAP7_75t_R)
     3   11.35   10.34   19.79 1240.38 ^ clkbuf_leaf_7_clk/Y (BUFx24_ASAP7_75t_R)
                                         clknet_leaf_7_clk (net)
                 11.23    1.45 1241.83 ^ _788064_/CLK (ICGx1_ASAP7_75t_R)
     1    2.41   17.15   15.67 1257.50 ^ _788064_/GCLK (ICGx1_ASAP7_75t_R)
                                         _474425_ (net)
                 17.15    0.19 1257.69 ^ clkbuf_0__474425_/A (BUFx24_ASAP7_75t_R)
     2   14.30   11.39   21.25 1278.94 ^ clkbuf_0__474425_/Y (BUFx24_ASAP7_75t_R)
                                         clknet_0__474425_ (net)
                 15.25    3.36 1282.31 ^ clkbuf_1_1_0__474425_/A (BUFx24_ASAP7_75t_R)
     1    8.52    8.76   19.74 1302.05 ^ clkbuf_1_1_0__474425_/Y (BUFx24_ASAP7_75t_R)
                                         clknet_1_1_0__474425_ (net)
                 15.70    4.37 1306.42 ^ clkbuf_1_1_1__474425_/A (BUFx24_ASAP7_75t_R)
     2    9.75    9.05   19.92 1326.34 ^ clkbuf_1_1_1__474425_/Y (BUFx24_ASAP7_75t_R)
                                         clknet_1_1_1__474425_ (net)
                 16.20    4.35 1330.69 ^ clkbuf_2_3_0__474425_/A (BUFx24_ASAP7_75t_R)
     1    8.49    8.76   20.02 1350.71 ^ clkbuf_2_3_0__474425_/Y (BUFx24_ASAP7_75t_R)
                                         clknet_2_3_0__474425_ (net)
                 15.63    4.35 1355.06 ^ clkbuf_2_3_1__474425_/A (BUFx24_ASAP7_75t_R)
     1    8.67    8.79   19.86 1374.92 ^ clkbuf_2_3_1__474425_/Y (BUFx24_ASAP7_75t_R)
                                         clknet_2_3_1__474425_ (net)
                 16.12    4.51 1379.43 ^ clkbuf_2_3_2__474425_/A (BUFx24_ASAP7_75t_R)
     2   14.27   11.37   20.97 1400.40 ^ clkbuf_2_3_2__474425_/Y (BUFx24_ASAP7_75t_R)
                                         clknet_2_3_2__474425_ (net)
                 15.23    3.38 1403.78 ^ clkbuf_3_7_0__474425_/A (BUFx24_ASAP7_75t_R)
     2   11.79   10.15   20.20 1423.98 ^ clkbuf_3_7_0__474425_/Y (BUFx24_ASAP7_75t_R)
                                         clknet_3_7_0__474425_ (net)
                 16.45    4.27 1428.25 ^ clkbuf_4_15_0__474425_/A (BUFx24_ASAP7_75t_R)
     2   11.71    9.46   20.24 1448.49 ^ clkbuf_4_15_0__474425_/Y (BUFx24_ASAP7_75t_R)
                                         clknet_4_15_0__474425_ (net)
                 19.28    5.25 1453.75 ^ clkbuf_5_30_0__474425_/A (BUFx24_ASAP7_75t_R)
     2   11.15   10.07   21.51 1475.26 ^ clkbuf_5_30_0__474425_/Y (BUFx24_ASAP7_75t_R)
                                         clknet_5_30_0__474425_ (net)
                 10.46    0.89 1476.15 ^ clkbuf_6_60_0__474425_/A (BUFx24_ASAP7_75t_R)
    10   40.87   24.59   22.51 1498.66 ^ clkbuf_6_60_0__474425_/Y (BUFx24_ASAP7_75t_R)
                                         clknet_6_60_0__474425_ (net)
                 26.26    3.38 1502.03 ^ clkbuf_leaf_266__474425_/A (BUFx24_ASAP7_75t_R)
    18   12.92   11.46   23.82 1525.85 ^ clkbuf_leaf_266__474425_/Y (BUFx24_ASAP7_75t_R)
                                         clknet_leaf_266__474425_ (net)
                 11.76    0.92 1526.77 ^ pair_q[225][18]$_DFFE_PP_/CLK (DFFHQNx1_ASAP7_75t_R)
                       -150.00 1376.77   clock uncertainty
                          4.83 1381.60   clock reconvergence pessimism
                         -5.54 1376.06   library setup time
                               1376.06   data required time
-----------------------------------------------------------------------------
                               1376.06   data required time
                               -1481.00   data arrival time
-----------------------------------------------------------------------------
                               -104.94   slack (VIOLATED)


Startpoint: out_pix_data[144]$_DFFE_PN0P_
            (rising edge-triggered flip-flop clocked by core_clock)
Endpoint: out_pix_data[144] (output port clocked by vclk_core_clock)
Path Group: vclk_core_clock
Path Type: max

Fanout     Cap    Slew   Delay    Time   Description
-----------------------------------------------------------------------------
                          0.00    0.00   clock core_clock (rise edge)
                          0.00    0.00   clock source latency
     1   18.55    0.00    0.00    0.00 ^ clk (in)
                                         clk (net)
                 55.20   17.41   17.41 ^ wire88053/A (BUFx16f_ASAP7_75t_R)
     2   23.46   12.52   25.84   43.26 ^ wire88053/Y (BUFx16f_ASAP7_75t_R)
                                         net87620 (net)
                 75.91   23.68   66.93 ^ wire88052/A (BUFx6f_ASAP7_75t_R)
     1   13.01   16.80   25.92   92.86 ^ wire88052/Y (BUFx6f_ASAP7_75t_R)
                                         net87619 (net)
                 35.75    9.86  102.72 ^ clkbuf_0_clk/A (BUFx24_ASAP7_75t_R)
     2   10.86   10.63   25.58  128.30 ^ clkbuf_0_clk/Y (BUFx24_ASAP7_75t_R)
                                         clknet_0_clk (net)
                 14.64    3.55  131.85 ^ clkbuf_1_1_0_clk/A (BUFx24_ASAP7_75t_R)
     2   10.55    9.64   19.88  151.73 ^ clkbuf_1_1_0_clk/Y (BUFx24_ASAP7_75t_R)
                                         clknet_1_1_0_clk (net)
                 15.48    4.04  155.77 ^ clkbuf_2_3_0_clk/A (BUFx24_ASAP7_75t_R)
     1    9.09    8.86   19.83  175.60 ^ clkbuf_2_3_0_clk/Y (BUFx24_ASAP7_75t_R)
                                         clknet_2_3_0_clk (net)
                 16.94    4.75  180.35 ^ clkbuf_2_3_1_clk/A (BUFx24_ASAP7_75t_R)
     2   10.80    9.77   20.67  201.03 ^ clkbuf_2_3_1_clk/Y (BUFx24_ASAP7_75t_R)
                                         clknet_2_3_1_clk (net)
                 10.03    0.68  201.70 ^ delaybuf_17_core_clock/A (BUFx24_ASAP7_75t_R)
     1    3.02    7.13   17.61  219.31 ^ delaybuf_17_core_clock/Y (BUFx24_ASAP7_75t_R)
                                         delaynet_17_core_clock (net)
                  7.13    0.25  219.56 ^ delaybuf_18_core_clock/A (BUFx24_ASAP7_75t_R)
     1    2.98    7.10   16.70  236.26 ^ delaybuf_18_core_clock/Y (BUFx24_ASAP7_75t_R)
                                         delaynet_18_core_clock (net)
                  7.10    0.23  236.49 ^ delaybuf_19_core_clock/A (BUFx24_ASAP7_75t_R)
     1    3.02    7.11   16.70  253.19 ^ delaybuf_19_core_clock/Y (BUFx24_ASAP7_75t_R)
                                         delaynet_19_core_clock (net)
                  7.12    0.25  253.43 ^ delaybuf_20_core_clock/A (BUFx24_ASAP7_75t_R)
     1    3.03    7.12   16.70  270.14 ^ delaybuf_20_core_clock/Y (BUFx24_ASAP7_75t_R)
                                         delaynet_20_core_clock (net)
                  7.12    0.25  270.39 ^ delaybuf_21_core_clock/A (BUFx24_ASAP7_75t_R)
     1    2.98    7.10   16.70  287.08 ^ delaybuf_21_core_clock/Y (BUFx24_ASAP7_75t_R)
                                         delaynet_21_core_clock (net)
                  7.10    0.23  287.31 ^ delaybuf_22_core_clock/A (BUFx24_ASAP7_75t_R)
     1    3.02    7.11   16.70  304.01 ^ delaybuf_22_core_clock/Y (BUFx24_ASAP7_75t_R)
                                         delaynet_22_core_clock (net)
                  7.12    0.25  304.25 ^ delaybuf_23_core_clock/A (BUFx24_ASAP7_75t_R)
     1    3.02    7.11   16.70  320.96 ^ delaybuf_23_core_clock/Y (BUFx24_ASAP7_75t_R)
                                         delaynet_23_core_clock (net)
                  7.12    0.25  321.20 ^ delaybuf_24_core_clock/A (BUFx24_ASAP7_75t_R)
     1    3.02    7.11   16.70  337.90 ^ delaybuf_24_core_clock/Y (BUFx24_ASAP7_75t_R)
                                         delaynet_24_core_clock (net)
                  7.12    0.24  338.15 ^ clkbuf_3_7_0_clk/A (BUFx24_ASAP7_75t_R)
     2   19.18   11.01   18.35  356.50 ^ clkbuf_3_7_0_clk/Y (BUFx24_ASAP7_75t_R)
                                         clknet_3_7_0_clk (net)
                 47.08   14.45  370.95 ^ clkbuf_leaf_8_clk/A (BUFx24_ASAP7_75t_R)
     2    6.08    9.56   27.23  398.18 ^ clkbuf_leaf_8_clk/Y (BUFx24_ASAP7_75t_R)
                                         clknet_leaf_8_clk (net)
                  9.57    0.31  398.48 ^ _788066_/CLK (ICGx1_ASAP7_75t_R)
     1    2.76   19.15   16.36  414.85 ^ _788066_/GCLK (ICGx1_ASAP7_75t_R)
                                         _474427_ (net)
                 19.15    0.13  414.98 ^ clkbuf_0__474427_/A (BUFx24_ASAP7_75t_R)
     2   15.42   11.85   21.97  436.95 ^ clkbuf_0__474427_/Y (BUFx24_ASAP7_75t_R)
                                         clknet_0__474427_ (net)
                 16.71    3.90  440.85 ^ clkbuf_1_0_0__474427_/A (BUFx24_ASAP7_75t_R)
     2   10.88    9.14   20.26  461.11 ^ clkbuf_1_0_0__474427_/Y (BUFx24_ASAP7_75t_R)
                                         clknet_1_0_0__474427_ (net)
                 19.76    5.54  466.65 ^ clkbuf_2_0_0__474427_/A (BUFx24_ASAP7_75t_R)
     2   13.62   10.95   21.58  488.23 ^ clkbuf_2_0_0__474427_/Y (BUFx24_ASAP7_75t_R)
                                         clknet_2_0_0__474427_ (net)
                 19.50    5.18  493.41 ^ clkbuf_3_0_0__474427_/A (BUFx24_ASAP7_75t_R)
     2    8.95    9.10   21.06  514.48 ^ clkbuf_3_0_0__474427_/Y (BUFx24_ASAP7_75t_R)
                                         clknet_3_0_0__474427_ (net)
                 13.25    3.21  517.69 ^ clkbuf_4_0__f__474427_/A (BUFx24_ASAP7_75t_R)
    16   18.30   12.15   19.81  537.50 ^ clkbuf_4_0__f__474427_/Y (BUFx24_ASAP7_75t_R)
                                         clknet_4_0__leaf__474427_ (net)
                 30.22    8.76  546.26 ^ out_pix_data[144]$_DFFE_PN0P_/CLK (DFFASRHQNx1_ASAP7_75t_R)
     1   23.32  156.20   97.42  643.67 ^ out_pix_data[144]$_DFFE_PN0P_/QN (DFFASRHQNx1_ASAP7_75t_R)
                                         _012890_ (net)
                194.39   39.48  683.16 ^ _769420_/A (INVx1_ASAP7_75t_R)
     1    5.14   65.53   44.32  727.48 v _769420_/Y (INVx1_ASAP7_75t_R)
                                         net17562 (net)
                 65.75    2.14  729.62 v place72657/A (BUFx3_ASAP7_75t_R)
     1   27.10   39.11   38.54  768.16 v place72657/Y (BUFx3_ASAP7_75t_R)
                                         net72224 (net)
                151.42   46.01  814.17 v wire60107/A (BUFx10_ASAP7_75t_R)
     1   16.18   16.66   46.24  860.41 v wire60107/Y (BUFx10_ASAP7_75t_R)
                                         out_pix_data[144] (net)
                 54.10   16.16  876.58 v out_pix_data[144] (out)
                                876.58   data arrival time

                  0.00 1000.00 1000.00   clock vclk_core_clock (rise edge)
                        800.00 1800.00   clock network delay (ideal)
                          0.00 1800.00   clock reconvergence pessimism
                       -200.00 1600.00   output external delay
                               1600.00   data required time
-----------------------------------------------------------------------------
                               1600.00   data required time
                               -876.58   data arrival time
-----------------------------------------------------------------------------
                                723.42   slack (MET)


Startpoint: out_v_q$_DFFE_PN0P_
            (rising edge-triggered flip-flop clocked by core_clock)
Endpoint: mem_we[34] (output port clocked by vclk_mem)
Path Group: vclk_mem
Path Type: max

Fanout     Cap    Slew   Delay    Time   Description
-----------------------------------------------------------------------------
                          0.00    0.00   clock core_clock (rise edge)
                          0.00    0.00   clock source latency
     1   18.55    0.00    0.00    0.00 ^ clk (in)
                                         clk (net)
                 55.20   17.41   17.41 ^ wire88053/A (BUFx16f_ASAP7_75t_R)
     2   23.46   12.52   25.84   43.26 ^ wire88053/Y (BUFx16f_ASAP7_75t_R)
                                         net87620 (net)
                 75.91   23.68   66.93 ^ wire88052/A (BUFx6f_ASAP7_75t_R)
     1   13.01   16.80   25.92   92.86 ^ wire88052/Y (BUFx6f_ASAP7_75t_R)
                                         net87619 (net)
                 35.75    9.86  102.72 ^ clkbuf_0_clk/A (BUFx24_ASAP7_75t_R)
     2   10.86   10.63   25.58  128.30 ^ clkbuf_0_clk/Y (BUFx24_ASAP7_75t_R)
                                         clknet_0_clk (net)
                 14.64    3.55  131.85 ^ clkbuf_1_1_0_clk/A (BUFx24_ASAP7_75t_R)
     2   10.55    9.64   19.88  151.73 ^ clkbuf_1_1_0_clk/Y (BUFx24_ASAP7_75t_R)
                                         clknet_1_1_0_clk (net)
                 15.48    4.04  155.77 ^ clkbuf_2_3_0_clk/A (BUFx24_ASAP7_75t_R)
     1    9.09    8.86   19.83  175.60 ^ clkbuf_2_3_0_clk/Y (BUFx24_ASAP7_75t_R)
                                         clknet_2_3_0_clk (net)
                 16.94    4.75  180.35 ^ clkbuf_2_3_1_clk/A (BUFx24_ASAP7_75t_R)
     2   10.80    9.77   20.67  201.03 ^ clkbuf_2_3_1_clk/Y (BUFx24_ASAP7_75t_R)
                                         clknet_2_3_1_clk (net)
                 15.27    3.98  205.01 ^ clkbuf_3_6_0_clk/A (BUFx24_ASAP7_75t_R)
     2   10.96   10.01   20.23  225.24 ^ clkbuf_3_6_0_clk/Y (BUFx24_ASAP7_75t_R)
                                         clknet_3_6_0_clk (net)
                 11.08    1.44  226.69 ^ delaybuf_16_core_clock/A (BUFx24_ASAP7_75t_R)
     1    4.13    7.59   18.08  244.77 ^ delaybuf_16_core_clock/Y (BUFx24_ASAP7_75t_R)
                                         delaynet_16_core_clock (net)
                  7.77    0.84  245.61 ^ clkbuf_leaf_6_clk/A (BUFx24_ASAP7_75t_R)
     2   10.84    9.75   17.98  263.59 ^ clkbuf_leaf_6_clk/Y (BUFx24_ASAP7_75t_R)
                                         clknet_leaf_6_clk (net)
                  9.80    0.32  263.91 ^ delaybuf_0_core_clock/A (BUFx24_ASAP7_75t_R)
     1    2.96    7.10   17.53  281.44 ^ delaybuf_0_core_clock/Y (BUFx24_ASAP7_75t_R)
                                         delaynet_0_core_clock (net)
                  7.10    0.22  281.66 ^ delaybuf_1_core_clock/A (BUFx24_ASAP7_75t_R)
     1    2.97    7.09   16.69  298.34 ^ delaybuf_1_core_clock/Y (BUFx24_ASAP7_75t_R)
                                         delaynet_1_core_clock (net)
                  7.09    0.22  298.57 ^ delaybuf_2_core_clock/A (BUFx24_ASAP7_75t_R)
     1    3.00    7.10   16.69  315.25 ^ delaybuf_2_core_clock/Y (BUFx24_ASAP7_75t_R)
                                         delaynet_2_core_clock (net)
                  7.11    0.24  315.49 ^ delaybuf_3_core_clock/A (BUFx24_ASAP7_75t_R)
     1    2.96    7.09   16.69  332.18 ^ delaybuf_3_core_clock/Y (BUFx24_ASAP7_75t_R)
                                         delaynet_3_core_clock (net)
                  7.09    0.22  332.40 ^ delaybuf_4_core_clock/A (BUFx24_ASAP7_75t_R)
     1    2.96    7.09   16.68  349.08 ^ delaybuf_4_core_clock/Y (BUFx24_ASAP7_75t_R)
                                         delaynet_4_core_clock (net)
                  7.09    0.22  349.30 ^ delaybuf_5_core_clock/A (BUFx24_ASAP7_75t_R)
     1    2.97    7.09   16.68  365.98 ^ delaybuf_5_core_clock/Y (BUFx24_ASAP7_75t_R)
                                         delaynet_5_core_clock (net)
                  7.09    0.22  366.20 ^ delaybuf_6_core_clock/A (BUFx24_ASAP7_75t_R)
     1    2.96    7.09   16.68  382.89 ^ delaybuf_6_core_clock/Y (BUFx24_ASAP7_75t_R)
                                         delaynet_6_core_clock (net)
                  7.09    0.22  383.10 ^ delaybuf_7_core_clock/A (BUFx24_ASAP7_75t_R)
     1    2.96    7.09   16.68  399.79 ^ delaybuf_7_core_clock/Y (BUFx24_ASAP7_75t_R)
                                         delaynet_7_core_clock (net)
                  7.09    0.22  400.00 ^ delaybuf_8_core_clock/A (BUFx24_ASAP7_75t_R)
     1    2.96    7.09   16.68  416.69 ^ delaybuf_8_core_clock/Y (BUFx24_ASAP7_75t_R)
                                         delaynet_8_core_clock (net)
                  7.09    0.22  416.90 ^ delaybuf_9_core_clock/A (BUFx24_ASAP7_75t_R)
     1    3.09    7.14   16.70  433.61 ^ delaybuf_9_core_clock/Y (BUFx24_ASAP7_75t_R)
                                         delaynet_9_core_clock (net)
                  7.15    0.28  433.88 ^ delaybuf_10_core_clock/A (BUFx24_ASAP7_75t_R)
     1    2.96    7.09   16.70  450.58 ^ delaybuf_10_core_clock/Y (BUFx24_ASAP7_75t_R)
                                         delaynet_10_core_clock (net)
                  7.09    0.22  450.80 ^ delaybuf_11_core_clock/A (BUFx24_ASAP7_75t_R)
     1    2.96    7.09   16.68  467.48 ^ delaybuf_11_core_clock/Y (BUFx24_ASAP7_75t_R)
                                         delaynet_11_core_clock (net)
                  7.09    0.22  467.70 ^ delaybuf_12_core_clock/A (BUFx24_ASAP7_75t_R)
     1    2.96    7.09   16.68  484.38 ^ delaybuf_12_core_clock/Y (BUFx24_ASAP7_75t_R)
                                         delaynet_12_core_clock (net)
                  7.09    0.22  484.60 ^ delaybuf_13_core_clock/A (BUFx24_ASAP7_75t_R)
     1    2.97    7.09   16.68  501.29 ^ delaybuf_13_core_clock/Y (BUFx24_ASAP7_75t_R)
                                         delaynet_13_core_clock (net)
                  7.09    0.22  501.51 ^ delaybuf_14_core_clock/A (BUFx24_ASAP7_75t_R)
     1    3.00    7.10   16.69  518.20 ^ delaybuf_14_core_clock/Y (BUFx24_ASAP7_75t_R)
                                         delaynet_14_core_clock (net)
                  7.11    0.24  518.43 ^ delaybuf_15_core_clock/A (BUFx24_ASAP7_75t_R)
     2    5.24    8.00   17.09  535.52 ^ delaybuf_15_core_clock/Y (BUFx24_ASAP7_75t_R)
                                         delaynet_15_core_clock (net)
                  8.02    0.39  535.91 ^ _788056_/CLK (ICGx1_ASAP7_75t_R)
     1    0.82    7.45   10.62  546.53 ^ _788056_/GCLK (ICGx1_ASAP7_75t_R)
                                         _474417_ (net)
                  7.46    0.05  546.58 ^ out_v_q$_DFFE_PN0P_/CLK (DFFASRHQNx1_ASAP7_75t_R)
     2    2.20   23.42   44.26  590.84 ^ out_v_q$_DFFE_PN0P_/QN (DFFASRHQNx1_ASAP7_75t_R)
                                         _400185_ (net)
                 23.43    0.08  590.92 ^ hold96686/A (BUFx2_ASAP7_75t_R)
     1    0.70    5.97   16.56  607.48 ^ hold96686/Y (BUFx2_ASAP7_75t_R)
                                         net96254 (net)
                  5.97    0.03  607.51 ^ hold102183/A (BUFx2_ASAP7_75t_R)
     2    1.42    7.46   13.09  620.60 ^ hold102183/Y (BUFx2_ASAP7_75t_R)
                                         net101751 (net)
                  7.46    0.05  620.65 ^ _786183_/A (INVx1_ASAP7_75t_R)
     4   24.37  135.89   48.82  669.46 v _786183_/Y (INVx1_ASAP7_75t_R)
                                         net17673 (net)
                136.38    5.04  674.50 v _870944_/A (HAxp5_ASAP7_75t_R)
     2    2.81   61.53   50.61  725.12 ^ _870944_/CON (HAxp5_ASAP7_75t_R)
                                         _400189_ (net)
                 61.55    0.53  725.64 ^ place71771/A (BUFx3_ASAP7_75t_R)
     3   23.20   46.01   34.39  760.03 ^ place71771/Y (BUFx3_ASAP7_75t_R)
                                         net71338 (net)
                112.87   32.63  792.66 ^ _762175_/B (OAI21x1_ASAP7_75t_R)
     7   22.47  131.31   76.13  868.79 v _762175_/Y (OAI21x1_ASAP7_75t_R)
                                         _468936_ (net)
                137.65   15.52  884.30 v place71661/A (BUFx3_ASAP7_75t_R)
     4   24.76   51.03   43.08  927.39 v place71661/Y (BUFx3_ASAP7_75t_R)
                                         net71228 (net)
                121.76   36.75  964.14 v place71660/A (BUFx3_ASAP7_75t_R)
     2   31.62   42.13   45.79 1009.93 v place71660/Y (BUFx3_ASAP7_75t_R)
                                         net71227 (net)
                200.51   61.67 1071.60 v place71659/A (BUFx3_ASAP7_75t_R)
     9   24.84   54.18   51.48 1123.07 v place71659/Y (BUFx3_ASAP7_75t_R)
                                         net71226 (net)
                 92.53   25.46 1148.53 v place71658/A (BUFx3_ASAP7_75t_R)
    40   55.60  114.16   41.87 1190.40 v place71658/Y (BUFx3_ASAP7_75t_R)
                                         net71225 (net)
                196.51   57.45 1247.85 v _762194_/B (NOR2x1_ASAP7_75t_R)
     1    1.57   39.67   27.50 1275.35 ^ _762194_/Y (NOR2x1_ASAP7_75t_R)
                                         net17491 (net)
                 39.67    0.20 1275.55 ^ output17924/A (BUFx2_ASAP7_75t_R)
     1    1.84    9.73   21.36 1296.91 ^ output17924/Y (BUFx2_ASAP7_75t_R)
                                         mem_we[34] (net)
                  9.77    0.30 1297.20 ^ mem_we[34] (out)
                               1297.20   data arrival time

                  0.00 1000.00 1000.00   clock vclk_mem (rise edge)
                        800.00 1800.00   clock network delay (ideal)
                          0.00 1800.00   clock reconvergence pessimism
                       -100.00 1700.00   output external delay
                               1700.00   data required time
-----------------------------------------------------------------------------
                               1700.00   data required time
                               -1297.20   data arrival time
-----------------------------------------------------------------------------
                                402.79   slack (MET)



==========================================================================
cts final report_checks -unconstrained
--------------------------------------------------------------------------
Startpoint: ce_d2[0]$_DFFE_PN0P_
            (rising edge-triggered flip-flop clocked by core_clock)
Endpoint: pair_q[225][18]$_DFFE_PP_
          (rising edge-triggered flip-flop clocked by core_clock)
Path Group: core_clock
Path Type: max

Fanout     Cap    Slew   Delay    Time   Description
-----------------------------------------------------------------------------
                          0.00    0.00   clock core_clock (rise edge)
                          0.00    0.00   clock source latency
     1   18.55    0.00    0.00    0.00 ^ clk (in)
                                         clk (net)
                 55.20   17.41   17.41 ^ wire88053/A (BUFx16f_ASAP7_75t_R)
     2   23.46   12.52   25.84   43.26 ^ wire88053/Y (BUFx16f_ASAP7_75t_R)
                                         net87620 (net)
                 75.91   23.68   66.93 ^ wire88052/A (BUFx6f_ASAP7_75t_R)
     1   13.01   16.80   25.92   92.86 ^ wire88052/Y (BUFx6f_ASAP7_75t_R)
                                         net87619 (net)
                 35.75    9.86  102.72 ^ clkbuf_0_clk/A (BUFx24_ASAP7_75t_R)
     2   10.86   10.63   25.58  128.30 ^ clkbuf_0_clk/Y (BUFx24_ASAP7_75t_R)
                                         clknet_0_clk (net)
                 14.64    3.55  131.85 ^ clkbuf_1_1_0_clk/A (BUFx24_ASAP7_75t_R)
     2   10.55    9.64   19.88  151.73 ^ clkbuf_1_1_0_clk/Y (BUFx24_ASAP7_75t_R)
                                         clknet_1_1_0_clk (net)
                 10.64    1.34  153.07 ^ delaybuf_35_core_clock/A (BUFx24_ASAP7_75t_R)
     1    3.35    7.27   17.84  170.91 ^ delaybuf_35_core_clock/Y (BUFx24_ASAP7_75t_R)
                                         delaynet_35_core_clock (net)
                  7.29    0.40  171.31 ^ delaybuf_36_core_clock/A (BUFx24_ASAP7_75t_R)
     1    3.35    7.25   16.80  188.12 ^ delaybuf_36_core_clock/Y (BUFx24_ASAP7_75t_R)
                                         delaynet_36_core_clock (net)
                  7.28    0.41  188.52 ^ delaybuf_37_core_clock/A (BUFx24_ASAP7_75t_R)
     1    3.39    7.27   16.81  205.33 ^ delaybuf_37_core_clock/Y (BUFx24_ASAP7_75t_R)
                                         delaynet_37_core_clock (net)
                  7.30    0.43  205.76 ^ delaybuf_38_core_clock/A (BUFx24_ASAP7_75t_R)
     1    3.35    7.25   16.81  222.56 ^ delaybuf_38_core_clock/Y (BUFx24_ASAP7_75t_R)
                                         delaynet_38_core_clock (net)
                  7.28    0.41  222.97 ^ delaybuf_39_core_clock/A (BUFx24_ASAP7_75t_R)
     1    3.35    7.25   16.80  239.77 ^ delaybuf_39_core_clock/Y (BUFx24_ASAP7_75t_R)
                                         delaynet_39_core_clock (net)
                  7.27    0.40  240.17 ^ clkbuf_2_2_0_clk/A (BUFx24_ASAP7_75t_R)
     1    9.09    8.77   17.35  257.52 ^ clkbuf_2_2_0_clk/Y (BUFx24_ASAP7_75t_R)
                                         clknet_2_2_0_clk (net)
                 16.88    4.74  262.26 ^ clkbuf_2_2_1_clk/A (BUFx24_ASAP7_75t_R)
     2    8.78    9.41   20.58  282.84 ^ clkbuf_2_2_1_clk/Y (BUFx24_ASAP7_75t_R)
                                         clknet_2_2_1_clk (net)
                  9.94    1.08  283.92 ^ clkbuf_3_4_0_clk/A (BUFx24_ASAP7_75t_R)
     1    8.49    8.68   18.15  302.07 ^ clkbuf_3_4_0_clk/Y (BUFx24_ASAP7_75t_R)
                                         clknet_3_4_0_clk (net)
                 15.27    4.21  306.28 ^ clkbuf_leaf_9_clk/A (BUFx24_ASAP7_75t_R)
     1    2.55    6.99   19.08  325.36 ^ clkbuf_leaf_9_clk/Y (BUFx24_ASAP7_75t_R)
                                         clknet_leaf_9_clk (net)
                  6.99    0.14  325.50 ^ _788081_/CLK (ICGx1_ASAP7_75t_R)
     1    3.10   21.25   16.57  342.06 ^ _788081_/GCLK (ICGx1_ASAP7_75t_R)
                                         _474442_ (net)
                 21.26    0.28  342.35 ^ clkbuf_0__474442_/A (BUFx24_ASAP7_75t_R)
     2   15.46   11.92   22.54  364.88 ^ clkbuf_0__474442_/Y (BUFx24_ASAP7_75t_R)
                                         clknet_0__474442_ (net)
                 16.76    3.91  368.79 ^ clkbuf_1_1_0__474442_/A (BUFx24_ASAP7_75t_R)
     1    9.45    8.93   20.24  389.03 ^ clkbuf_1_1_0__474442_/Y (BUFx24_ASAP7_75t_R)
                                         clknet_1_1_0__474442_ (net)
                 17.96    5.08  394.11 ^ clkbuf_1_1_1__474442_/A (BUFx24_ASAP7_75t_R)
     2   13.73    9.62   20.73  414.84 ^ clkbuf_1_1_1__474442_/Y (BUFx24_ASAP7_75t_R)
                                         clknet_1_1_1__474442_ (net)
                 23.16    6.46  421.30 ^ clkbuf_2_3_0__474442_/A (BUFx24_ASAP7_75t_R)
     2   11.77    9.42   22.04  443.34 ^ clkbuf_2_3_0__474442_/Y (BUFx24_ASAP7_75t_R)
                                         clknet_2_3_0__474442_ (net)
                 22.04    6.24  449.59 ^ clkbuf_3_7_0__474442_/A (BUFx24_ASAP7_75t_R)
     2   11.56    9.35   21.76  471.35 ^ clkbuf_3_7_0__474442_/Y (BUFx24_ASAP7_75t_R)
                                         clknet_3_7_0__474442_ (net)
                 21.69    6.15  477.49 ^ clkbuf_4_14_0__474442_/A (BUFx24_ASAP7_75t_R)
     2   10.59    9.26   21.65  499.14 ^ clkbuf_4_14_0__474442_/Y (BUFx24_ASAP7_75t_R)
                                         clknet_4_14_0__474442_ (net)
                 18.60    5.14  504.27 ^ clkbuf_5_28_0__474442_/A (BUFx24_ASAP7_75t_R)
     6   31.95   14.20   22.14  526.42 ^ clkbuf_5_28_0__474442_/Y (BUFx24_ASAP7_75t_R)
                                         clknet_5_28_0__474442_ (net)
                 59.59   18.21  544.62 ^ clkbuf_leaf_51__474442_/A (BUFx24_ASAP7_75t_R)
     7   12.92   12.64   30.52  575.14 ^ clkbuf_leaf_51__474442_/Y (BUFx24_ASAP7_75t_R)
                                         clknet_leaf_51__474442_ (net)
                 12.91    0.92  576.06 ^ ce_d2[0]$_DFFE_PN0P_/CLK (DFFASRHQNx1_ASAP7_75t_R)
     1    1.47   19.22   42.91  618.97 v ce_d2[0]$_DFFE_PN0P_/QN (DFFASRHQNx1_ASAP7_75t_R)
                                         _000658_ (net)
                 19.22    0.07  619.04 v place80462/A (BUFx10_ASAP7_75t_R)
     3   13.36   11.75   21.18  640.21 v place80462/Y (BUFx10_ASAP7_75t_R)
                                         net80029 (net)
                 31.61    9.29  649.50 v rebuffer88082/A (BUFx6f_ASAP7_75t_R)
     2   14.69   14.02   21.75  671.25 v rebuffer88082/Y (BUFx6f_ASAP7_75t_R)
                                         net87649 (net)
                 44.37   13.11  684.36 v place80460/A (BUFx12f_ASAP7_75t_R)
     2   11.27    9.30   21.95  706.31 v place80460/Y (BUFx12f_ASAP7_75t_R)
                                         net80027 (net)
                 25.41    7.32  713.63 v rebuffer88071/A (BUFx12f_ASAP7_75t_R)
     1   14.75    8.54   18.65  732.28 v rebuffer88071/Y (BUFx12f_ASAP7_75t_R)
                                         net87638 (net)
                 41.98   12.87  745.15 v place80459/A (BUFx12f_ASAP7_75t_R)
     2    4.70    7.20   20.95  766.10 v place80459/Y (BUFx12f_ASAP7_75t_R)
                                         net80026 (net)
                  8.46    1.50  767.60 v place80458/A (BUFx6f_ASAP7_75t_R)
     6   27.15   18.09   16.44  784.03 v place80458/Y (BUFx6f_ASAP7_75t_R)
                                         net80025 (net)
                114.00   35.90  819.94 v place80457/A (BUFx12f_ASAP7_75t_R)
     2   19.27   11.88   31.90  851.84 v place80457/Y (BUFx12f_ASAP7_75t_R)
                                         net80024 (net)
                 66.63   20.54  872.38 v place80456/A (BUFx12f_ASAP7_75t_R)
     2    8.78    9.83   25.33  897.70 v place80456/Y (BUFx12f_ASAP7_75t_R)
                                         net80023 (net)
                 18.13    4.78  902.48 v rebuffer88058/A (BUFx3_ASAP7_75t_R)
     4    3.36    9.47   18.22  920.70 v rebuffer88058/Y (BUFx3_ASAP7_75t_R)
                                         net87625 (net)
                  9.50    0.27  920.97 v rebuffer88057/A (BUFx3_ASAP7_75t_R)
     4    3.10    8.64   15.38  936.35 v rebuffer88057/Y (BUFx3_ASAP7_75t_R)
                                         net87624 (net)
                  8.67    0.24  936.59 v _704733_/A (OR2x2_ASAP7_75t_R)
     4    5.64   19.12   23.52  960.11 v _704733_/Y (OR2x2_ASAP7_75t_R)
                                         _446779_ (net)
                 19.21    0.74  960.85 v _704836_/B (NOR2x1_ASAP7_75t_R)
     1    2.10   23.03   13.71  974.56 ^ _704836_/Y (NOR2x1_ASAP7_75t_R)
                                         _115694_ (net)
                 23.03    0.07  974.63 ^ _805222_/A (FAx1_ASAP7_75t_R)
     1    0.82   22.37   32.38 1007.01 v _805222_/SN (FAx1_ASAP7_75t_R)
                                         _115696_ (net)
                 22.37    0.04 1007.05 v _552179_/A (INVx1_ASAP7_75t_R)
     1    2.14   18.33   14.25 1021.30 ^ _552179_/Y (INVx1_ASAP7_75t_R)
                                         _115622_ (net)
                 18.33    0.09 1021.39 ^ _805209_/A (FAx1_ASAP7_75t_R)
     1    0.81   21.46   31.28 1052.66 v _805209_/SN (FAx1_ASAP7_75t_R)
                                         _115625_ (net)
                 21.46    0.03 1052.70 v _729232_/A (INVx1_ASAP7_75t_R)
     1    2.38   19.34   14.80 1067.50 ^ _729232_/Y (INVx1_ASAP7_75t_R)
                                         _115335_ (net)
                 19.34    0.11 1067.61 ^ _805157_/B (FAx1_ASAP7_75t_R)
     1    0.80   21.15   31.12 1098.74 v _805157_/SN (FAx1_ASAP7_75t_R)
                                         _115339_ (net)
                 21.15    0.03 1098.77 v _557276_/A (INVx1_ASAP7_75t_R)
     1    1.70   15.63   12.60 1111.37 ^ _557276_/Y (INVx1_ASAP7_75t_R)
                                         _114964_ (net)
                 15.63    0.06 1111.43 ^ _805085_/CI (FAx1_ASAP7_75t_R)
     1    0.86   22.27   31.08 1142.50 v _805085_/SN (FAx1_ASAP7_75t_R)
                                         _114968_ (net)
                 22.27    0.04 1142.55 v _557111_/A (INVx1_ASAP7_75t_R)
     1    2.26   18.93   14.59 1157.13 ^ _557111_/Y (INVx1_ASAP7_75t_R)
                                         _114887_ (net)
                 18.94    0.13 1157.26 ^ _805070_/A (FAx1_ASAP7_75t_R)
     1    0.80   21.44   31.31 1188.57 v _805070_/SN (FAx1_ASAP7_75t_R)
                                         _114890_ (net)
                 21.44    0.03 1188.61 v _557078_/A (INVx1_ASAP7_75t_R)
     1    2.38   19.31   14.78 1203.39 ^ _557078_/Y (INVx1_ASAP7_75t_R)
                                         _114792_ (net)
                 19.31    0.11 1203.50 ^ _805054_/B (FAx1_ASAP7_75t_R)
     1    0.82   19.96   16.69 1220.19 v _805054_/CON (FAx1_ASAP7_75t_R)
                                         _114794_ (net)
     1    0.86   27.84   13.42 1233.61 ^ _805054_/SN (FAx1_ASAP7_75t_R)
                                         _114795_ (net)
                 27.84    0.04 1233.65 ^ _557101_/A (INVx1_ASAP7_75t_R)
     1    1.24   12.68   10.41 1244.06 v _557101_/Y (INVx1_ASAP7_75t_R)
                                         _114797_ (net)
                 12.68    0.06 1244.12 v _850495_/A (HAxp5_ASAP7_75t_R)
     2    1.45   22.39   15.18 1259.31 ^ _850495_/CON (HAxp5_ASAP7_75t_R)
                                         _337312_ (net)
     1    0.81   17.29   10.39 1269.70 v _850495_/SN (HAxp5_ASAP7_75t_R)
                                         _337313_ (net)
                 17.29    0.03 1269.74 v place66766/A (BUFx3_ASAP7_75t_R)
     3    2.13    7.23   16.78 1286.52 v place66766/Y (BUFx3_ASAP7_75t_R)
                                         net66333 (net)
                  7.23    0.07 1286.59 v _501514_/A1 (OA21x2_ASAP7_75t_R)
     1    0.74    6.24   16.25 1302.84 v _501514_/Y (OA21x2_ASAP7_75t_R)
                                         _412429_ (net)
                  6.24    0.03 1302.87 v _501515_/A2 (OA21x2_ASAP7_75t_R)
     2    1.62    8.53   17.51 1320.38 v _501515_/Y (OA21x2_ASAP7_75t_R)
                                         _412430_ (net)
                  8.53    0.08 1320.47 v _501516_/A2 (OA21x2_ASAP7_75t_R)
     1    0.83    6.85   16.83 1337.30 v _501516_/Y (OA21x2_ASAP7_75t_R)
                                         _412431_ (net)
                  6.85    0.04 1337.34 v _501517_/A2 (OA21x2_ASAP7_75t_R)
     2    1.74    9.24   17.88 1355.22 v _501517_/Y (OA21x2_ASAP7_75t_R)
                                         _412432_ (net)
                  9.25    0.09 1355.31 v _501518_/A2 (OA21x2_ASAP7_75t_R)
     1    0.87    6.55   17.11 1372.41 v _501518_/Y (OA21x2_ASAP7_75t_R)
                                         _412433_ (net)
                  6.56    0.05 1372.46 v _501519_/A2 (OA21x2_ASAP7_75t_R)
     2    1.60    9.15   17.57 1390.03 v _501519_/Y (OA21x2_ASAP7_75t_R)
                                         _412434_ (net)
                  9.15    0.09 1390.11 v _501522_/A1 (OA21x2_ASAP7_75t_R)
     2    1.75    8.91   18.37 1408.49 v _501522_/Y (OA21x2_ASAP7_75t_R)
                                         _412437_ (net)
                  8.91    0.11 1408.59 v _501525_/A1 (OA21x2_ASAP7_75t_R)
     2    1.87    9.26   18.51 1427.10 v _501525_/Y (OA21x2_ASAP7_75t_R)
                                         _412440_ (net)
                  9.27    0.13 1427.23 v _501526_/A2 (OA21x2_ASAP7_75t_R)
     1    0.77    7.26   16.95 1444.18 v _501526_/Y (OA21x2_ASAP7_75t_R)
                                         _412441_ (net)
                  7.26    0.03 1444.21 v _501527_/A2 (OA21x2_ASAP7_75t_R)
     1    1.02    7.55   16.79 1461.00 v _501527_/Y (OA21x2_ASAP7_75t_R)
                                         _412442_ (net)
                  7.55    0.04 1461.05 v _501528_/B (XNOR2x2_ASAP7_75t_R)
     1    0.74    6.74   19.92 1480.96 ^ _501528_/Y (XNOR2x2_ASAP7_75t_R)
                                         G_LANE[9].G_PAIR[0].pprod[18] (net)
                  6.74    0.03 1481.00 ^ pair_q[225][18]$_DFFE_PP_/D (DFFHQNx1_ASAP7_75t_R)
                               1481.00   data arrival time

                       1000.00 1000.00   clock core_clock (rise edge)
                          0.00 1000.00   clock source latency
     1   17.89    0.00    0.00 1000.00 ^ clk (in)
                                         clk (net)
                 51.76   16.33 1016.33 ^ wire88053/A (BUFx16f_ASAP7_75t_R)
     2   22.58   12.23   25.23 1041.55 ^ wire88053/Y (BUFx16f_ASAP7_75t_R)
                                         net87620 (net)
                 74.17   23.12 1064.67 ^ wire88052/A (BUFx6f_ASAP7_75t_R)
     1   12.41   16.29   25.68 1090.35 ^ wire88052/Y (BUFx6f_ASAP7_75t_R)
                                         net87619 (net)
                 33.44    9.14 1099.49 ^ clkbuf_0_clk/A (BUFx24_ASAP7_75t_R)
     2    9.66   10.16   24.85 1124.34 ^ clkbuf_0_clk/Y (BUFx24_ASAP7_75t_R)
                                         clknet_0_clk (net)
                 13.43    3.16 1127.50 ^ clkbuf_1_1_0_clk/A (BUFx24_ASAP7_75t_R)
     2    9.35    9.25   19.40 1146.90 ^ clkbuf_1_1_0_clk/Y (BUFx24_ASAP7_75t_R)
                                         clknet_1_1_0_clk (net)
                 14.07    3.61 1150.51 ^ clkbuf_2_3_0_clk/A (BUFx24_ASAP7_75t_R)
     1    8.49    8.74   19.39 1169.89 ^ clkbuf_2_3_0_clk/Y (BUFx24_ASAP7_75t_R)
                                         clknet_2_3_0_clk (net)
                 15.63    4.35 1174.24 ^ clkbuf_2_3_1_clk/A (BUFx24_ASAP7_75t_R)
     2    9.60    9.40   20.14 1194.39 ^ clkbuf_2_3_1_clk/Y (BUFx24_ASAP7_75t_R)
                                         clknet_2_3_1_clk (net)
                 13.96    3.57 1197.96 ^ clkbuf_3_6_0_clk/A (BUFx24_ASAP7_75t_R)
     2    9.75    9.59   19.71 1217.67 ^ clkbuf_3_6_0_clk/Y (BUFx24_ASAP7_75t_R)
                                         clknet_3_6_0_clk (net)
                 12.78    2.92 1220.59 ^ clkbuf_leaf_7_clk/A (BUFx24_ASAP7_75t_R)
     3   11.35   10.34   19.79 1240.38 ^ clkbuf_leaf_7_clk/Y (BUFx24_ASAP7_75t_R)
                                         clknet_leaf_7_clk (net)
                 11.23    1.45 1241.83 ^ _788064_/CLK (ICGx1_ASAP7_75t_R)
     1    2.41   17.15   15.67 1257.50 ^ _788064_/GCLK (ICGx1_ASAP7_75t_R)
                                         _474425_ (net)
                 17.15    0.19 1257.69 ^ clkbuf_0__474425_/A (BUFx24_ASAP7_75t_R)
     2   14.30   11.39   21.25 1278.94 ^ clkbuf_0__474425_/Y (BUFx24_ASAP7_75t_R)
                                         clknet_0__474425_ (net)
                 15.25    3.36 1282.31 ^ clkbuf_1_1_0__474425_/A (BUFx24_ASAP7_75t_R)
     1    8.52    8.76   19.74 1302.05 ^ clkbuf_1_1_0__474425_/Y (BUFx24_ASAP7_75t_R)
                                         clknet_1_1_0__474425_ (net)
                 15.70    4.37 1306.42 ^ clkbuf_1_1_1__474425_/A (BUFx24_ASAP7_75t_R)
     2    9.75    9.05   19.92 1326.34 ^ clkbuf_1_1_1__474425_/Y (BUFx24_ASAP7_75t_R)
                                         clknet_1_1_1__474425_ (net)
                 16.20    4.35 1330.69 ^ clkbuf_2_3_0__474425_/A (BUFx24_ASAP7_75t_R)
     1    8.49    8.76   20.02 1350.71 ^ clkbuf_2_3_0__474425_/Y (BUFx24_ASAP7_75t_R)
                                         clknet_2_3_0__474425_ (net)
                 15.63    4.35 1355.06 ^ clkbuf_2_3_1__474425_/A (BUFx24_ASAP7_75t_R)
     1    8.67    8.79   19.86 1374.92 ^ clkbuf_2_3_1__474425_/Y (BUFx24_ASAP7_75t_R)
                                         clknet_2_3_1__474425_ (net)
                 16.12    4.51 1379.43 ^ clkbuf_2_3_2__474425_/A (BUFx24_ASAP7_75t_R)
     2   14.27   11.37   20.97 1400.40 ^ clkbuf_2_3_2__474425_/Y (BUFx24_ASAP7_75t_R)
                                         clknet_2_3_2__474425_ (net)
                 15.23    3.38 1403.78 ^ clkbuf_3_7_0__474425_/A (BUFx24_ASAP7_75t_R)
     2   11.79   10.15   20.20 1423.98 ^ clkbuf_3_7_0__474425_/Y (BUFx24_ASAP7_75t_R)
                                         clknet_3_7_0__474425_ (net)
                 16.45    4.27 1428.25 ^ clkbuf_4_15_0__474425_/A (BUFx24_ASAP7_75t_R)
     2   11.71    9.46   20.24 1448.49 ^ clkbuf_4_15_0__474425_/Y (BUFx24_ASAP7_75t_R)
                                         clknet_4_15_0__474425_ (net)
                 19.28    5.25 1453.75 ^ clkbuf_5_30_0__474425_/A (BUFx24_ASAP7_75t_R)
     2   11.15   10.07   21.51 1475.26 ^ clkbuf_5_30_0__474425_/Y (BUFx24_ASAP7_75t_R)
                                         clknet_5_30_0__474425_ (net)
                 10.46    0.89 1476.15 ^ clkbuf_6_60_0__474425_/A (BUFx24_ASAP7_75t_R)
    10   40.87   24.59   22.51 1498.66 ^ clkbuf_6_60_0__474425_/Y (BUFx24_ASAP7_75t_R)
                                         clknet_6_60_0__474425_ (net)
                 26.26    3.38 1502.03 ^ clkbuf_leaf_266__474425_/A (BUFx24_ASAP7_75t_R)
    18   12.92   11.46   23.82 1525.85 ^ clkbuf_leaf_266__474425_/Y (BUFx24_ASAP7_75t_R)
                                         clknet_leaf_266__474425_ (net)
                 11.76    0.92 1526.77 ^ pair_q[225][18]$_DFFE_PP_/CLK (DFFHQNx1_ASAP7_75t_R)
                       -150.00 1376.77   clock uncertainty
                          4.83 1381.60   clock reconvergence pessimism
                         -5.54 1376.06   library setup time
                               1376.06   data required time
-----------------------------------------------------------------------------
                               1376.06   data required time
                               -1481.00   data arrival time
-----------------------------------------------------------------------------
                               -104.94   slack (VIOLATED)


Startpoint: out_pix_data[144]$_DFFE_PN0P_
            (rising edge-triggered flip-flop clocked by core_clock)
Endpoint: out_pix_data[144] (output port clocked by vclk_core_clock)
Path Group: vclk_core_clock
Path Type: max

Fanout     Cap    Slew   Delay    Time   Description
-----------------------------------------------------------------------------
                          0.00    0.00   clock core_clock (rise edge)
                          0.00    0.00   clock source latency
     1   18.55    0.00    0.00    0.00 ^ clk (in)
                                         clk (net)
                 55.20   17.41   17.41 ^ wire88053/A (BUFx16f_ASAP7_75t_R)
     2   23.46   12.52   25.84   43.26 ^ wire88053/Y (BUFx16f_ASAP7_75t_R)
                                         net87620 (net)
                 75.91   23.68   66.93 ^ wire88052/A (BUFx6f_ASAP7_75t_R)
     1   13.01   16.80   25.92   92.86 ^ wire88052/Y (BUFx6f_ASAP7_75t_R)
                                         net87619 (net)
                 35.75    9.86  102.72 ^ clkbuf_0_clk/A (BUFx24_ASAP7_75t_R)
     2   10.86   10.63   25.58  128.30 ^ clkbuf_0_clk/Y (BUFx24_ASAP7_75t_R)
                                         clknet_0_clk (net)
                 14.64    3.55  131.85 ^ clkbuf_1_1_0_clk/A (BUFx24_ASAP7_75t_R)
     2   10.55    9.64   19.88  151.73 ^ clkbuf_1_1_0_clk/Y (BUFx24_ASAP7_75t_R)
                                         clknet_1_1_0_clk (net)
                 15.48    4.04  155.77 ^ clkbuf_2_3_0_clk/A (BUFx24_ASAP7_75t_R)
     1    9.09    8.86   19.83  175.60 ^ clkbuf_2_3_0_clk/Y (BUFx24_ASAP7_75t_R)
                                         clknet_2_3_0_clk (net)
                 16.94    4.75  180.35 ^ clkbuf_2_3_1_clk/A (BUFx24_ASAP7_75t_R)
     2   10.80    9.77   20.67  201.03 ^ clkbuf_2_3_1_clk/Y (BUFx24_ASAP7_75t_R)
                                         clknet_2_3_1_clk (net)
                 10.03    0.68  201.70 ^ delaybuf_17_core_clock/A (BUFx24_ASAP7_75t_R)
     1    3.02    7.13   17.61  219.31 ^ delaybuf_17_core_clock/Y (BUFx24_ASAP7_75t_R)
                                         delaynet_17_core_clock (net)
                  7.13    0.25  219.56 ^ delaybuf_18_core_clock/A (BUFx24_ASAP7_75t_R)
     1    2.98    7.10   16.70  236.26 ^ delaybuf_18_core_clock/Y (BUFx24_ASAP7_75t_R)
                                         delaynet_18_core_clock (net)
                  7.10    0.23  236.49 ^ delaybuf_19_core_clock/A (BUFx24_ASAP7_75t_R)
     1    3.02    7.11   16.70  253.19 ^ delaybuf_19_core_clock/Y (BUFx24_ASAP7_75t_R)
                                         delaynet_19_core_clock (net)
                  7.12    0.25  253.43 ^ delaybuf_20_core_clock/A (BUFx24_ASAP7_75t_R)
     1    3.03    7.12   16.70  270.14 ^ delaybuf_20_core_clock/Y (BUFx24_ASAP7_75t_R)
                                         delaynet_20_core_clock (net)
                  7.12    0.25  270.39 ^ delaybuf_21_core_clock/A (BUFx24_ASAP7_75t_R)
     1    2.98    7.10   16.70  287.08 ^ delaybuf_21_core_clock/Y (BUFx24_ASAP7_75t_R)
                                         delaynet_21_core_clock (net)
                  7.10    0.23  287.31 ^ delaybuf_22_core_clock/A (BUFx24_ASAP7_75t_R)
     1    3.02    7.11   16.70  304.01 ^ delaybuf_22_core_clock/Y (BUFx24_ASAP7_75t_R)
                                         delaynet_22_core_clock (net)
                  7.12    0.25  304.25 ^ delaybuf_23_core_clock/A (BUFx24_ASAP7_75t_R)
     1    3.02    7.11   16.70  320.96 ^ delaybuf_23_core_clock/Y (BUFx24_ASAP7_75t_R)
                                         delaynet_23_core_clock (net)
                  7.12    0.25  321.20 ^ delaybuf_24_core_clock/A (BUFx24_ASAP7_75t_R)
     1    3.02    7.11   16.70  337.90 ^ delaybuf_24_core_clock/Y (BUFx24_ASAP7_75t_R)
                                         delaynet_24_core_clock (net)
                  7.12    0.24  338.15 ^ clkbuf_3_7_0_clk/A (BUFx24_ASAP7_75t_R)
     2   19.18   11.01   18.35  356.50 ^ clkbuf_3_7_0_clk/Y (BUFx24_ASAP7_75t_R)
                                         clknet_3_7_0_clk (net)
                 47.08   14.45  370.95 ^ clkbuf_leaf_8_clk/A (BUFx24_ASAP7_75t_R)
     2    6.08    9.56   27.23  398.18 ^ clkbuf_leaf_8_clk/Y (BUFx24_ASAP7_75t_R)
                                         clknet_leaf_8_clk (net)
                  9.57    0.31  398.48 ^ _788066_/CLK (ICGx1_ASAP7_75t_R)
     1    2.76   19.15   16.36  414.85 ^ _788066_/GCLK (ICGx1_ASAP7_75t_R)
                                         _474427_ (net)
                 19.15    0.13  414.98 ^ clkbuf_0__474427_/A (BUFx24_ASAP7_75t_R)
     2   15.42   11.85   21.97  436.95 ^ clkbuf_0__474427_/Y (BUFx24_ASAP7_75t_R)
                                         clknet_0__474427_ (net)
                 16.71    3.90  440.85 ^ clkbuf_1_0_0__474427_/A (BUFx24_ASAP7_75t_R)
     2   10.88    9.14   20.26  461.11 ^ clkbuf_1_0_0__474427_/Y (BUFx24_ASAP7_75t_R)
                                         clknet_1_0_0__474427_ (net)
                 19.76    5.54  466.65 ^ clkbuf_2_0_0__474427_/A (BUFx24_ASAP7_75t_R)
     2   13.62   10.95   21.58  488.23 ^ clkbuf_2_0_0__474427_/Y (BUFx24_ASAP7_75t_R)
                                         clknet_2_0_0__474427_ (net)
                 19.50    5.18  493.41 ^ clkbuf_3_0_0__474427_/A (BUFx24_ASAP7_75t_R)
     2    8.95    9.10   21.06  514.48 ^ clkbuf_3_0_0__474427_/Y (BUFx24_ASAP7_75t_R)
                                         clknet_3_0_0__474427_ (net)
                 13.25    3.21  517.69 ^ clkbuf_4_0__f__474427_/A (BUFx24_ASAP7_75t_R)
    16   18.30   12.15   19.81  537.50 ^ clkbuf_4_0__f__474427_/Y (BUFx24_ASAP7_75t_R)
                                         clknet_4_0__leaf__474427_ (net)
                 30.22    8.76  546.26 ^ out_pix_data[144]$_DFFE_PN0P_/CLK (DFFASRHQNx1_ASAP7_75t_R)
     1   23.32  156.20   97.42  643.67 ^ out_pix_data[144]$_DFFE_PN0P_/QN (DFFASRHQNx1_ASAP7_75t_R)
                                         _012890_ (net)
                194.39   39.48  683.16 ^ _769420_/A (INVx1_ASAP7_75t_R)
     1    5.14   65.53   44.32  727.48 v _769420_/Y (INVx1_ASAP7_75t_R)
                                         net17562 (net)
                 65.75    2.14  729.62 v place72657/A (BUFx3_ASAP7_75t_R)
     1   27.10   39.11   38.54  768.16 v place72657/Y (BUFx3_ASAP7_75t_R)
                                         net72224 (net)
                151.42   46.01  814.17 v wire60107/A (BUFx10_ASAP7_75t_R)
     1   16.18   16.66   46.24  860.41 v wire60107/Y (BUFx10_ASAP7_75t_R)
                                         out_pix_data[144] (net)
                 54.10   16.16  876.58 v out_pix_data[144] (out)
                                876.58   data arrival time

                  0.00 1000.00 1000.00   clock vclk_core_clock (rise edge)
                        800.00 1800.00   clock network delay (ideal)
                          0.00 1800.00   clock reconvergence pessimism
                       -200.00 1600.00   output external delay
                               1600.00   data required time
-----------------------------------------------------------------------------
                               1600.00   data required time
                               -876.58   data arrival time
-----------------------------------------------------------------------------
                                723.42   slack (MET)


Startpoint: out_v_q$_DFFE_PN0P_
            (rising edge-triggered flip-flop clocked by core_clock)
Endpoint: mem_we[34] (output port clocked by vclk_mem)
Path Group: vclk_mem
Path Type: max

Fanout     Cap    Slew   Delay    Time   Description
-----------------------------------------------------------------------------
                          0.00    0.00   clock core_clock (rise edge)
                          0.00    0.00   clock source latency
     1   18.55    0.00    0.00    0.00 ^ clk (in)
                                         clk (net)
                 55.20   17.41   17.41 ^ wire88053/A (BUFx16f_ASAP7_75t_R)
     2   23.46   12.52   25.84   43.26 ^ wire88053/Y (BUFx16f_ASAP7_75t_R)
                                         net87620 (net)
                 75.91   23.68   66.93 ^ wire88052/A (BUFx6f_ASAP7_75t_R)
     1   13.01   16.80   25.92   92.86 ^ wire88052/Y (BUFx6f_ASAP7_75t_R)
                                         net87619 (net)
                 35.75    9.86  102.72 ^ clkbuf_0_clk/A (BUFx24_ASAP7_75t_R)
     2   10.86   10.63   25.58  128.30 ^ clkbuf_0_clk/Y (BUFx24_ASAP7_75t_R)
                                         clknet_0_clk (net)
                 14.64    3.55  131.85 ^ clkbuf_1_1_0_clk/A (BUFx24_ASAP7_75t_R)
     2   10.55    9.64   19.88  151.73 ^ clkbuf_1_1_0_clk/Y (BUFx24_ASAP7_75t_R)
                                         clknet_1_1_0_clk (net)
                 15.48    4.04  155.77 ^ clkbuf_2_3_0_clk/A (BUFx24_ASAP7_75t_R)
     1    9.09    8.86   19.83  175.60 ^ clkbuf_2_3_0_clk/Y (BUFx24_ASAP7_75t_R)
                                         clknet_2_3_0_clk (net)
                 16.94    4.75  180.35 ^ clkbuf_2_3_1_clk/A (BUFx24_ASAP7_75t_R)
     2   10.80    9.77   20.67  201.03 ^ clkbuf_2_3_1_clk/Y (BUFx24_ASAP7_75t_R)
                                         clknet_2_3_1_clk (net)
                 15.27    3.98  205.01 ^ clkbuf_3_6_0_clk/A (BUFx24_ASAP7_75t_R)
     2   10.96   10.01   20.23  225.24 ^ clkbuf_3_6_0_clk/Y (BUFx24_ASAP7_75t_R)
                                         clknet_3_6_0_clk (net)
                 11.08    1.44  226.69 ^ delaybuf_16_core_clock/A (BUFx24_ASAP7_75t_R)
     1    4.13    7.59   18.08  244.77 ^ delaybuf_16_core_clock/Y (BUFx24_ASAP7_75t_R)
                                         delaynet_16_core_clock (net)
                  7.77    0.84  245.61 ^ clkbuf_leaf_6_clk/A (BUFx24_ASAP7_75t_R)
     2   10.84    9.75   17.98  263.59 ^ clkbuf_leaf_6_clk/Y (BUFx24_ASAP7_75t_R)
                                         clknet_leaf_6_clk (net)
                  9.80    0.32  263.91 ^ delaybuf_0_core_clock/A (BUFx24_ASAP7_75t_R)
     1    2.96    7.10   17.53  281.44 ^ delaybuf_0_core_clock/Y (BUFx24_ASAP7_75t_R)
                                         delaynet_0_core_clock (net)
                  7.10    0.22  281.66 ^ delaybuf_1_core_clock/A (BUFx24_ASAP7_75t_R)
     1    2.97    7.09   16.69  298.34 ^ delaybuf_1_core_clock/Y (BUFx24_ASAP7_75t_R)
                                         delaynet_1_core_clock (net)
                  7.09    0.22  298.57 ^ delaybuf_2_core_clock/A (BUFx24_ASAP7_75t_R)
     1    3.00    7.10   16.69  315.25 ^ delaybuf_2_core_clock/Y (BUFx24_ASAP7_75t_R)
                                         delaynet_2_core_clock (net)
                  7.11    0.24  315.49 ^ delaybuf_3_core_clock/A (BUFx24_ASAP7_75t_R)
     1    2.96    7.09   16.69  332.18 ^ delaybuf_3_core_clock/Y (BUFx24_ASAP7_75t_R)
                                         delaynet_3_core_clock (net)
                  7.09    0.22  332.40 ^ delaybuf_4_core_clock/A (BUFx24_ASAP7_75t_R)
     1    2.96    7.09   16.68  349.08 ^ delaybuf_4_core_clock/Y (BUFx24_ASAP7_75t_R)
                                         delaynet_4_core_clock (net)
                  7.09    0.22  349.30 ^ delaybuf_5_core_clock/A (BUFx24_ASAP7_75t_R)
     1    2.97    7.09   16.68  365.98 ^ delaybuf_5_core_clock/Y (BUFx24_ASAP7_75t_R)
                                         delaynet_5_core_clock (net)
                  7.09    0.22  366.20 ^ delaybuf_6_core_clock/A (BUFx24_ASAP7_75t_R)
     1    2.96    7.09   16.68  382.89 ^ delaybuf_6_core_clock/Y (BUFx24_ASAP7_75t_R)
                                         delaynet_6_core_clock (net)
                  7.09    0.22  383.10 ^ delaybuf_7_core_clock/A (BUFx24_ASAP7_75t_R)
     1    2.96    7.09   16.68  399.79 ^ delaybuf_7_core_clock/Y (BUFx24_ASAP7_75t_R)
                                         delaynet_7_core_clock (net)
                  7.09    0.22  400.00 ^ delaybuf_8_core_clock/A (BUFx24_ASAP7_75t_R)
     1    2.96    7.09   16.68  416.69 ^ delaybuf_8_core_clock/Y (BUFx24_ASAP7_75t_R)
                                         delaynet_8_core_clock (net)
                  7.09    0.22  416.90 ^ delaybuf_9_core_clock/A (BUFx24_ASAP7_75t_R)
     1    3.09    7.14   16.70  433.61 ^ delaybuf_9_core_clock/Y (BUFx24_ASAP7_75t_R)
                                         delaynet_9_core_clock (net)
                  7.15    0.28  433.88 ^ delaybuf_10_core_clock/A (BUFx24_ASAP7_75t_R)
     1    2.96    7.09   16.70  450.58 ^ delaybuf_10_core_clock/Y (BUFx24_ASAP7_75t_R)
                                         delaynet_10_core_clock (net)
                  7.09    0.22  450.80 ^ delaybuf_11_core_clock/A (BUFx24_ASAP7_75t_R)
     1    2.96    7.09   16.68  467.48 ^ delaybuf_11_core_clock/Y (BUFx24_ASAP7_75t_R)
                                         delaynet_11_core_clock (net)
                  7.09    0.22  467.70 ^ delaybuf_12_core_clock/A (BUFx24_ASAP7_75t_R)
     1    2.96    7.09   16.68  484.38 ^ delaybuf_12_core_clock/Y (BUFx24_ASAP7_75t_R)
                                         delaynet_12_core_clock (net)
                  7.09    0.22  484.60 ^ delaybuf_13_core_clock/A (BUFx24_ASAP7_75t_R)
     1    2.97    7.09   16.68  501.29 ^ delaybuf_13_core_clock/Y (BUFx24_ASAP7_75t_R)
                                         delaynet_13_core_clock (net)
                  7.09    0.22  501.51 ^ delaybuf_14_core_clock/A (BUFx24_ASAP7_75t_R)
     1    3.00    7.10   16.69  518.20 ^ delaybuf_14_core_clock/Y (BUFx24_ASAP7_75t_R)
                                         delaynet_14_core_clock (net)
                  7.11    0.24  518.43 ^ delaybuf_15_core_clock/A (BUFx24_ASAP7_75t_R)
     2    5.24    8.00   17.09  535.52 ^ delaybuf_15_core_clock/Y (BUFx24_ASAP7_75t_R)
                                         delaynet_15_core_clock (net)
                  8.02    0.39  535.91 ^ _788056_/CLK (ICGx1_ASAP7_75t_R)
     1    0.82    7.45   10.62  546.53 ^ _788056_/GCLK (ICGx1_ASAP7_75t_R)
                                         _474417_ (net)
                  7.46    0.05  546.58 ^ out_v_q$_DFFE_PN0P_/CLK (DFFASRHQNx1_ASAP7_75t_R)
     2    2.20   23.42   44.26  590.84 ^ out_v_q$_DFFE_PN0P_/QN (DFFASRHQNx1_ASAP7_75t_R)
                                         _400185_ (net)
                 23.43    0.08  590.92 ^ hold96686/A (BUFx2_ASAP7_75t_R)
     1    0.70    5.97   16.56  607.48 ^ hold96686/Y (BUFx2_ASAP7_75t_R)
                                         net96254 (net)
                  5.97    0.03  607.51 ^ hold102183/A (BUFx2_ASAP7_75t_R)
     2    1.42    7.46   13.09  620.60 ^ hold102183/Y (BUFx2_ASAP7_75t_R)
                                         net101751 (net)
                  7.46    0.05  620.65 ^ _786183_/A (INVx1_ASAP7_75t_R)
     4   24.37  135.89   48.82  669.46 v _786183_/Y (INVx1_ASAP7_75t_R)
                                         net17673 (net)
                136.38    5.04  674.50 v _870944_/A (HAxp5_ASAP7_75t_R)
     2    2.81   61.53   50.61  725.12 ^ _870944_/CON (HAxp5_ASAP7_75t_R)
                                         _400189_ (net)
                 61.55    0.53  725.64 ^ place71771/A (BUFx3_ASAP7_75t_R)
     3   23.20   46.01   34.39  760.03 ^ place71771/Y (BUFx3_ASAP7_75t_R)
                                         net71338 (net)
                112.87   32.63  792.66 ^ _762175_/B (OAI21x1_ASAP7_75t_R)
     7   22.47  131.31   76.13  868.79 v _762175_/Y (OAI21x1_ASAP7_75t_R)
                                         _468936_ (net)
                137.65   15.52  884.30 v place71661/A (BUFx3_ASAP7_75t_R)
     4   24.76   51.03   43.08  927.39 v place71661/Y (BUFx3_ASAP7_75t_R)
                                         net71228 (net)
                121.76   36.75  964.14 v place71660/A (BUFx3_ASAP7_75t_R)
     2   31.62   42.13   45.79 1009.93 v place71660/Y (BUFx3_ASAP7_75t_R)
                                         net71227 (net)
                200.51   61.67 1071.60 v place71659/A (BUFx3_ASAP7_75t_R)
     9   24.84   54.18   51.48 1123.07 v place71659/Y (BUFx3_ASAP7_75t_R)
                                         net71226 (net)
                 92.53   25.46 1148.53 v place71658/A (BUFx3_ASAP7_75t_R)
    40   55.60  114.16   41.87 1190.40 v place71658/Y (BUFx3_ASAP7_75t_R)
                                         net71225 (net)
                196.51   57.45 1247.85 v _762194_/B (NOR2x1_ASAP7_75t_R)
     1    1.57   39.67   27.50 1275.35 ^ _762194_/Y (NOR2x1_ASAP7_75t_R)
                                         net17491 (net)
                 39.67    0.20 1275.55 ^ output17924/A (BUFx2_ASAP7_75t_R)
     1    1.84    9.73   21.36 1296.91 ^ output17924/Y (BUFx2_ASAP7_75t_R)
                                         mem_we[34] (net)
                  9.77    0.30 1297.20 ^ mem_we[34] (out)
                               1297.20   data arrival time

                  0.00 1000.00 1000.00   clock vclk_mem (rise edge)
                        800.00 1800.00   clock network delay (ideal)
                          0.00 1800.00   clock reconvergence pessimism
                       -100.00 1700.00   output external delay
                               1700.00   data required time
-----------------------------------------------------------------------------
                               1700.00   data required time
                               -1297.20   data arrival time
-----------------------------------------------------------------------------
                                402.79   slack (MET)



==========================================================================
cts final report_check_types -max_slew -max_cap -max_fanout -violators
--------------------------------------------------------------------------
max slew

Pin                                    Limit    Slew   Slack
------------------------------------------------------------
_788074_/ENA                          320.00  620.51 -300.51 (VIOLATED)
clone_1__788080_/ENA                  320.00  497.36 -177.36 (VIOLATED)
clone_1__788069_/ENA                  320.00  399.51  -79.51 (VIOLATED)
place78192/A                          320.00  321.68   -1.68 (VIOLATED)
place78190/A                          320.00  320.49   -0.49 (VIOLATED)


==========================================================================
cts final max_slew_check_slack
--------------------------------------------------------------------------
-300.5144348144531

==========================================================================
cts final max_slew_check_limit
--------------------------------------------------------------------------
320.0

==========================================================================
cts final max_slew_check_slack_limit
--------------------------------------------------------------------------
-0.9391

==========================================================================
cts final max_fanout_check_slack
--------------------------------------------------------------------------
1.0000000150474662e+30

==========================================================================
cts final max_fanout_check_limit
--------------------------------------------------------------------------
1.0000000150474662e+30

==========================================================================
cts final max_capacitance_check_slack
--------------------------------------------------------------------------
1.6841657161712646

==========================================================================
cts final max_capacitance_check_limit
--------------------------------------------------------------------------
23.040000915527344

==========================================================================
cts final max_capacitance_check_slack_limit
--------------------------------------------------------------------------
0.0731

==========================================================================
cts final max_slew_violation_count
--------------------------------------------------------------------------
max slew violation count 5

==========================================================================
cts final max_fanout_violation_count
--------------------------------------------------------------------------
max fanout violation count 0

==========================================================================
cts final max_cap_violation_count
--------------------------------------------------------------------------
max cap violation count 0

==========================================================================
cts final setup_violation_count
--------------------------------------------------------------------------
setup violation count 813

==========================================================================
cts final hold_violation_count
--------------------------------------------------------------------------
hold violation count 2313

==========================================================================
cts final report_checks -path_delay max reg to reg
--------------------------------------------------------------------------
Startpoint: ce_d2[0]$_DFFE_PN0P_
            (rising edge-triggered flip-flop clocked by core_clock)
Endpoint: pair_q[225][18]$_DFFE_PP_
          (rising edge-triggered flip-flop clocked by core_clock)
Path Group: core_clock
Path Type: max

  Delay    Time   Description
---------------------------------------------------------
   0.00    0.00   clock core_clock (rise edge)
   0.00    0.00   clock source latency
   0.00    0.00 ^ clk (in)
  43.26   43.26 ^ wire88053/Y (BUFx16f_ASAP7_75t_R)
  49.60   92.86 ^ wire88052/Y (BUFx6f_ASAP7_75t_R)
  35.44  128.30 ^ clkbuf_0_clk/Y (BUFx24_ASAP7_75t_R)
  23.43  151.73 ^ clkbuf_1_1_0_clk/Y (BUFx24_ASAP7_75t_R)
  19.18  170.91 ^ delaybuf_35_core_clock/Y (BUFx24_ASAP7_75t_R)
  17.21  188.12 ^ delaybuf_36_core_clock/Y (BUFx24_ASAP7_75t_R)
  17.21  205.33 ^ delaybuf_37_core_clock/Y (BUFx24_ASAP7_75t_R)
  17.23  222.56 ^ delaybuf_38_core_clock/Y (BUFx24_ASAP7_75t_R)
  17.21  239.77 ^ delaybuf_39_core_clock/Y (BUFx24_ASAP7_75t_R)
  17.75  257.52 ^ clkbuf_2_2_0_clk/Y (BUFx24_ASAP7_75t_R)
  25.32  282.84 ^ clkbuf_2_2_1_clk/Y (BUFx24_ASAP7_75t_R)
  19.23  302.07 ^ clkbuf_3_4_0_clk/Y (BUFx24_ASAP7_75t_R)
  23.29  325.36 ^ clkbuf_leaf_9_clk/Y (BUFx24_ASAP7_75t_R)
  16.71  342.06 ^ _788081_/GCLK (ICGx1_ASAP7_75t_R)
  22.82  364.88 ^ clkbuf_0__474442_/Y (BUFx24_ASAP7_75t_R)
  24.14  389.03 ^ clkbuf_1_1_0__474442_/Y (BUFx24_ASAP7_75t_R)
  25.81  414.84 ^ clkbuf_1_1_1__474442_/Y (BUFx24_ASAP7_75t_R)
  28.50  443.34 ^ clkbuf_2_3_0__474442_/Y (BUFx24_ASAP7_75t_R)
  28.00  471.35 ^ clkbuf_3_7_0__474442_/Y (BUFx24_ASAP7_75t_R)
  27.79  499.14 ^ clkbuf_4_14_0__474442_/Y (BUFx24_ASAP7_75t_R)
  27.28  526.42 ^ clkbuf_5_28_0__474442_/Y (BUFx24_ASAP7_75t_R)
  48.72  575.14 ^ clkbuf_leaf_51__474442_/Y (BUFx24_ASAP7_75t_R)
   0.92  576.06 ^ ce_d2[0]$_DFFE_PN0P_/CLK (DFFASRHQNx1_ASAP7_75t_R)
  42.91  618.97 v ce_d2[0]$_DFFE_PN0P_/QN (DFFASRHQNx1_ASAP7_75t_R)
  21.25  640.21 v place80462/Y (BUFx10_ASAP7_75t_R)
  31.04  671.25 v rebuffer88082/Y (BUFx6f_ASAP7_75t_R)
  35.06  706.31 v place80460/Y (BUFx12f_ASAP7_75t_R)
  25.97  732.28 v rebuffer88071/Y (BUFx12f_ASAP7_75t_R)
  33.82  766.10 v place80459/Y (BUFx12f_ASAP7_75t_R)
  17.93  784.03 v place80458/Y (BUFx6f_ASAP7_75t_R)
  67.81  851.84 v place80457/Y (BUFx12f_ASAP7_75t_R)
  45.86  897.70 v place80456/Y (BUFx12f_ASAP7_75t_R)
  22.99  920.70 v rebuffer88058/Y (BUFx3_ASAP7_75t_R)
  15.65  936.35 v rebuffer88057/Y (BUFx3_ASAP7_75t_R)
  23.76  960.11 v _704733_/Y (OR2x2_ASAP7_75t_R)
  14.45  974.56 ^ _704836_/Y (NOR2x1_ASAP7_75t_R)
  32.46 1007.01 v _805222_/SN (FAx1_ASAP7_75t_R)
  14.29 1021.30 ^ _552179_/Y (INVx1_ASAP7_75t_R)
  31.37 1052.66 v _805209_/SN (FAx1_ASAP7_75t_R)
  14.84 1067.50 ^ _729232_/Y (INVx1_ASAP7_75t_R)
  31.24 1098.74 v _805157_/SN (FAx1_ASAP7_75t_R)
  12.63 1111.37 ^ _557276_/Y (INVx1_ASAP7_75t_R)
  31.14 1142.50 v _805085_/SN (FAx1_ASAP7_75t_R)
  14.63 1157.13 ^ _557111_/Y (INVx1_ASAP7_75t_R)
  31.44 1188.57 v _805070_/SN (FAx1_ASAP7_75t_R)
  14.82 1203.39 ^ _557078_/Y (INVx1_ASAP7_75t_R)
  16.80 1220.19 v _805054_/CON (FAx1_ASAP7_75t_R)
  13.42 1233.61 ^ _805054_/SN (FAx1_ASAP7_75t_R)
  10.45 1244.06 v _557101_/Y (INVx1_ASAP7_75t_R)
  15.25 1259.31 ^ _850495_/CON (HAxp5_ASAP7_75t_R)
  10.39 1269.70 v _850495_/SN (HAxp5_ASAP7_75t_R)
  16.82 1286.52 v place66766/Y (BUFx3_ASAP7_75t_R)
  16.32 1302.84 v _501514_/Y (OA21x2_ASAP7_75t_R)
  17.54 1320.38 v _501515_/Y (OA21x2_ASAP7_75t_R)
  16.91 1337.30 v _501516_/Y (OA21x2_ASAP7_75t_R)
  17.92 1355.22 v _501517_/Y (OA21x2_ASAP7_75t_R)
  17.20 1372.41 v _501518_/Y (OA21x2_ASAP7_75t_R)
  17.62 1390.03 v _501519_/Y (OA21x2_ASAP7_75t_R)
  18.46 1408.49 v _501522_/Y (OA21x2_ASAP7_75t_R)
  18.62 1427.10 v _501525_/Y (OA21x2_ASAP7_75t_R)
  17.08 1444.18 v _501526_/Y (OA21x2_ASAP7_75t_R)
  16.82 1461.00 v _501527_/Y (OA21x2_ASAP7_75t_R)
  19.96 1480.96 ^ _501528_/Y (XNOR2x2_ASAP7_75t_R)
   0.03 1481.00 ^ pair_q[225][18]$_DFFE_PP_/D (DFFHQNx1_ASAP7_75t_R)
        1481.00   data arrival time

1000.00 1000.00   clock core_clock (rise edge)
   0.00 1000.00   clock source latency
   0.00 1000.00 ^ clk (in)
  41.55 1041.55 ^ wire88053/Y (BUFx16f_ASAP7_75t_R)
  48.79 1090.35 ^ wire88052/Y (BUFx6f_ASAP7_75t_R)
  33.99 1124.34 ^ clkbuf_0_clk/Y (BUFx24_ASAP7_75t_R)
  22.56 1146.90 ^ clkbuf_1_1_0_clk/Y (BUFx24_ASAP7_75t_R)
  22.99 1169.89 ^ clkbuf_2_3_0_clk/Y (BUFx24_ASAP7_75t_R)
  24.50 1194.39 ^ clkbuf_2_3_1_clk/Y (BUFx24_ASAP7_75t_R)
  23.28 1217.67 ^ clkbuf_3_6_0_clk/Y (BUFx24_ASAP7_75t_R)
  22.71 1240.38 ^ clkbuf_leaf_7_clk/Y (BUFx24_ASAP7_75t_R)
  17.12 1257.50 ^ _788064_/GCLK (ICGx1_ASAP7_75t_R)
  21.44 1278.94 ^ clkbuf_0__474425_/Y (BUFx24_ASAP7_75t_R)
  23.10 1302.05 ^ clkbuf_1_1_0__474425_/Y (BUFx24_ASAP7_75t_R)
  24.29 1326.34 ^ clkbuf_1_1_1__474425_/Y (BUFx24_ASAP7_75t_R)
  24.37 1350.71 ^ clkbuf_2_3_0__474425_/Y (BUFx24_ASAP7_75t_R)
  24.21 1374.92 ^ clkbuf_2_3_1__474425_/Y (BUFx24_ASAP7_75t_R)
  25.48 1400.40 ^ clkbuf_2_3_2__474425_/Y (BUFx24_ASAP7_75t_R)
  23.58 1423.98 ^ clkbuf_3_7_0__474425_/Y (BUFx24_ASAP7_75t_R)
  24.51 1448.49 ^ clkbuf_4_15_0__474425_/Y (BUFx24_ASAP7_75t_R)
  26.77 1475.26 ^ clkbuf_5_30_0__474425_/Y (BUFx24_ASAP7_75t_R)
  23.40 1498.66 ^ clkbuf_6_60_0__474425_/Y (BUFx24_ASAP7_75t_R)
  27.20 1525.85 ^ clkbuf_leaf_266__474425_/Y (BUFx24_ASAP7_75t_R)
   0.92 1526.77 ^ pair_q[225][18]$_DFFE_PP_/CLK (DFFHQNx1_ASAP7_75t_R)
-150.00 1376.77   clock uncertainty
   4.83 1381.60   clock reconvergence pessimism
  -5.54 1376.06   library setup time
        1376.06   data required time
---------------------------------------------------------
        1376.06   data required time
        -1481.00   data arrival time
---------------------------------------------------------
        -104.94   slack (VIOLATED)



==========================================================================
cts final report_checks -path_delay min reg to reg
--------------------------------------------------------------------------
Startpoint: ce_cur[2]$_DFFE_PP_
            (rising edge-triggered flip-flop clocked by core_clock)
Endpoint: m_ce[2]$_DFFE_PN0P_
          (rising edge-triggered flip-flop clocked by core_clock)
Path Group: core_clock
Path Type: min

  Delay    Time   Description
---------------------------------------------------------
   0.00    0.00   clock core_clock (rise edge)
   0.00    0.00   clock source latency
   0.00    0.00 ^ clk (in)
  41.55   41.55 ^ wire88053/Y (BUFx16f_ASAP7_75t_R)
  48.79   90.35 ^ wire88052/Y (BUFx6f_ASAP7_75t_R)
  33.99  124.34 ^ clkbuf_0_clk/Y (BUFx24_ASAP7_75t_R)
  18.00  142.34 ^ delaybuf_68_core_clock/Y (BUFx24_ASAP7_75t_R)
  16.89  159.23 ^ delaybuf_69_core_clock/Y (BUFx24_ASAP7_75t_R)
  16.89  176.12 ^ delaybuf_70_core_clock/Y (BUFx24_ASAP7_75t_R)
  16.89  193.01 ^ delaybuf_71_core_clock/Y (BUFx24_ASAP7_75t_R)
  16.90  209.91 ^ delaybuf_72_core_clock/Y (BUFx24_ASAP7_75t_R)
  16.91  226.82 ^ delaybuf_73_core_clock/Y (BUFx24_ASAP7_75t_R)
  16.90  243.71 ^ delaybuf_74_core_clock/Y (BUFx24_ASAP7_75t_R)
  16.92  260.64 ^ delaybuf_75_core_clock/Y (BUFx24_ASAP7_75t_R)
  16.92  277.56 ^ delaybuf_76_core_clock/Y (BUFx24_ASAP7_75t_R)
  17.67  295.23 ^ clkbuf_1_0_0_clk/Y (BUFx24_ASAP7_75t_R)
  23.83  319.06 ^ clkbuf_2_1_0_clk/Y (BUFx24_ASAP7_75t_R)
  24.97  344.03 ^ clkbuf_2_1_1_clk/Y (BUFx24_ASAP7_75t_R)
  23.51  367.54 ^ clkbuf_3_3_0_clk/Y (BUFx24_ASAP7_75t_R)
  27.72  395.26 ^ clkbuf_leaf_5_clk/Y (BUFx24_ASAP7_75t_R)
  15.74  411.01 ^ _788076_/GCLK (ICGx1_ASAP7_75t_R)
  20.69  431.70 ^ clkbuf_0__474437_/Y (BUFx24_ASAP7_75t_R)
  24.37  456.07 ^ clkbuf_1_1_0__474437_/Y (BUFx24_ASAP7_75t_R)
  28.71  484.78 ^ clkbuf_2_2__f__474437_/Y (BUFx24_ASAP7_75t_R)
  36.56  521.34 ^ clkbuf_leaf_1__474437_/Y (BUFx24_ASAP7_75t_R)
   1.09  522.43 ^ ce_cur[2]$_DFFE_PP_/CLK (DFFHQNx1_ASAP7_75t_R)
  34.78  557.21 ^ ce_cur[2]$_DFFE_PP_/QN (DFFHQNx1_ASAP7_75t_R)
  13.17  570.38 ^ hold112545/Y (BUFx2_ASAP7_75t_R)
  11.32  581.69 ^ hold88654/Y (BUFx2_ASAP7_75t_R)
  11.95  593.65 ^ hold112546/Y (BUFx2_ASAP7_75t_R)
   7.19  600.83 v _762457_/Y (NOR2x1_ASAP7_75t_R)
  13.01  613.84 v hold112547/Y (BUFx2_ASAP7_75t_R)
  11.88  625.72 v hold88655/Y (BUFx2_ASAP7_75t_R)
  12.04  637.76 v hold112548/Y (BUFx2_ASAP7_75t_R)
   0.02  637.78 v m_ce[2]$_DFFE_PN0P_/D (DFFASRHQNx1_ASAP7_75t_R)
         637.78   data arrival time

   0.00    0.00   clock core_clock (rise edge)
   0.00    0.00   clock source latency
   0.00    0.00 ^ clk (in)
  43.26   43.26 ^ wire88053/Y (BUFx16f_ASAP7_75t_R)
  49.60   92.86 ^ wire88052/Y (BUFx6f_ASAP7_75t_R)
  35.44  128.30 ^ clkbuf_0_clk/Y (BUFx24_ASAP7_75t_R)
  23.43  151.73 ^ clkbuf_1_1_0_clk/Y (BUFx24_ASAP7_75t_R)
  19.18  170.91 ^ delaybuf_35_core_clock/Y (BUFx24_ASAP7_75t_R)
  17.21  188.12 ^ delaybuf_36_core_clock/Y (BUFx24_ASAP7_75t_R)
  17.21  205.33 ^ delaybuf_37_core_clock/Y (BUFx24_ASAP7_75t_R)
  17.23  222.56 ^ delaybuf_38_core_clock/Y (BUFx24_ASAP7_75t_R)
  17.21  239.77 ^ delaybuf_39_core_clock/Y (BUFx24_ASAP7_75t_R)
  17.75  257.52 ^ clkbuf_2_2_0_clk/Y (BUFx24_ASAP7_75t_R)
  25.32  282.84 ^ clkbuf_2_2_1_clk/Y (BUFx24_ASAP7_75t_R)
  19.23  302.07 ^ clkbuf_3_4_0_clk/Y (BUFx24_ASAP7_75t_R)
  23.29  325.36 ^ clkbuf_leaf_9_clk/Y (BUFx24_ASAP7_75t_R)
  16.71  342.06 ^ _788081_/GCLK (ICGx1_ASAP7_75t_R)
  22.82  364.88 ^ clkbuf_0__474442_/Y (BUFx24_ASAP7_75t_R)
  24.14  389.03 ^ clkbuf_1_1_0__474442_/Y (BUFx24_ASAP7_75t_R)
  25.81  414.84 ^ clkbuf_1_1_1__474442_/Y (BUFx24_ASAP7_75t_R)
  28.50  443.34 ^ clkbuf_2_3_0__474442_/Y (BUFx24_ASAP7_75t_R)
  28.00  471.35 ^ clkbuf_3_7_0__474442_/Y (BUFx24_ASAP7_75t_R)
  27.79  499.14 ^ clkbuf_4_14_0__474442_/Y (BUFx24_ASAP7_75t_R)
  27.28  526.42 ^ clkbuf_5_28_0__474442_/Y (BUFx24_ASAP7_75t_R)
  51.66  578.08 ^ clkbuf_leaf_49__474442_/Y (BUFx24_ASAP7_75t_R)
   2.63  580.72 ^ m_ce[2]$_DFFE_PN0P_/CLK (DFFASRHQNx1_ASAP7_75t_R)
 150.00  730.72   clock uncertainty
  -3.96  726.76   clock reconvergence pessimism
  13.85  740.61   library hold time
         740.61   data required time
---------------------------------------------------------
         740.61   data required time
        -637.78   data arrival time
---------------------------------------------------------
        -102.82   slack (VIOLATED)



==========================================================================
cts final critical path target clock latency max path
--------------------------------------------------------------------------
552.3595

==========================================================================
cts final critical path target clock latency min path
--------------------------------------------------------------------------
593.5387

==========================================================================
cts final critical path source clock latency min path
--------------------------------------------------------------------------
800.0000

==========================================================================
cts final critical path delay
--------------------------------------------------------------------------
1480.9960

==========================================================================
cts final critical path slack
--------------------------------------------------------------------------
-104.9351

==========================================================================
cts final slack div critical path delay
--------------------------------------------------------------------------
-7.085441

==========================================================================
cts final report_power
--------------------------------------------------------------------------
Group                  Internal  Switching    Leakage      Total
                          Power      Power      Power      Power (Watts)
----------------------------------------------------------------
Sequential             4.85e-03   3.46e-04   3.41e-06   5.20e-03   7.7%
Combinational          2.35e-02   3.04e-02   3.29e-05   5.40e-02  79.4%
Clock                  6.03e-03   2.80e-03   1.66e-06   8.83e-03  13.0%
Macro                  0.00e+00   0.00e+00   0.00e+00   0.00e+00   0.0%
Pad                    0.00e+00   0.00e+00   0.00e+00   0.00e+00   0.0%
----------------------------------------------------------------
Total                  3.44e-02   3.35e-02   3.80e-05   6.80e-02 100.0%
                          50.6%      49.3%       0.1%
