
==========================================================================
finish report_tns
--------------------------------------------------------------------------
tns max -2045.86

==========================================================================
finish report_wns
--------------------------------------------------------------------------
wns max -50.35

==========================================================================
finish report_worst_slack
--------------------------------------------------------------------------
worst slack max -50.35

==========================================================================
finish report_clock_min_period
--------------------------------------------------------------------------
core_clock period_min = 1050.35 fmax = 952.06
vclk_core_clock period_min = 0.00 fmax = inf
vclk_mem period_min = 0.00 fmax = inf

==========================================================================
finish report_clock_skew
--------------------------------------------------------------------------
Clock core_clock
 517.71 source latency icnt[0]$_DFF_PN0_/CLK ^
-202.63 target latency _788064_/CLK ^
 150.00 clock uncertainty
  -1.27 CRPR
--------------
 463.80 setup skew

Clock vclk_core_clock
No launch/capture paths found.

Clock vclk_mem
No launch/capture paths found.


==========================================================================
finish report_checks -path_delay min
--------------------------------------------------------------------------
Startpoint: pair_q[339][0]$_DFFE_PP_
            (rising edge-triggered flip-flop clocked by core_clock)
Endpoint: part_q[67][0]$_DFFE_PP_
          (rising edge-triggered flip-flop clocked by core_clock)
Path Group: core_clock
Path Type: min

Fanout     Cap    Slew   Delay    Time   Description
-----------------------------------------------------------------------------
                          0.00    0.00   clock core_clock (rise edge)
                          0.00    0.00   clock source latency
     1   14.02    0.00    0.00    0.00 ^ clk (in)
                                         clk (net)
                 26.43    8.34    8.34 ^ wire88053/A (BUFx16f_ASAP7_75t_R)
     2   20.00   11.00   19.53   27.86 ^ wire88053/Y (BUFx16f_ASAP7_75t_R)
                                         net87620 (net)
                 52.69   16.37   44.23 ^ wire88052/A (BUFx6f_ASAP7_75t_R)
     1    9.21   15.46   21.94   66.17 ^ wire88052/Y (BUFx6f_ASAP7_75t_R)
                                         net87619 (net)
                 22.94    5.58   71.75 ^ clkbuf_0_clk/A (BUFx24_ASAP7_75t_R)
     2    7.97    9.22   22.00   93.75 ^ clkbuf_0_clk/Y (BUFx24_ASAP7_75t_R)
                                         clknet_0_clk (net)
                 11.07    2.20   95.95 ^ clkbuf_1_1_0_clk/A (BUFx24_ASAP7_75t_R)
     2    7.48    8.74   18.49  114.44 ^ clkbuf_1_1_0_clk/Y (BUFx24_ASAP7_75t_R)
                                         clknet_1_1_0_clk (net)
                 11.22    2.47  116.91 ^ clkbuf_2_3_0_clk/A (BUFx24_ASAP7_75t_R)
     1    6.44    8.26   18.31  135.22 ^ clkbuf_2_3_0_clk/Y (BUFx24_ASAP7_75t_R)
                                         clknet_2_3_0_clk (net)
                 11.57    2.85  138.08 ^ clkbuf_2_3_1_clk/A (BUFx24_ASAP7_75t_R)
     2    8.31    8.95   18.71  156.78 ^ clkbuf_2_3_1_clk/Y (BUFx24_ASAP7_75t_R)
                                         clknet_2_3_1_clk (net)
                 12.49    2.99  159.77 ^ clkbuf_3_6_0_clk/A (BUFx24_ASAP7_75t_R)
     2    9.57    9.47   19.20  178.97 ^ clkbuf_3_6_0_clk/Y (BUFx24_ASAP7_75t_R)
                                         clknet_3_6_0_clk (net)
                 12.46    2.72  181.69 ^ clkbuf_leaf_7_clk/A (BUFx24_ASAP7_75t_R)
     3    9.59    9.70   19.30  200.99 ^ clkbuf_leaf_7_clk/Y (BUFx24_ASAP7_75t_R)
                                         clknet_leaf_7_clk (net)
                 10.88    1.65  202.63 ^ _788064_/CLK (ICGx1_ASAP7_75t_R)
     1    2.34   16.87   15.30  217.93 ^ _788064_/GCLK (ICGx1_ASAP7_75t_R)
                                         _474425_ (net)
                 16.90    0.44  218.37 ^ clkbuf_0__474425_/A (BUFx24_ASAP7_75t_R)
     2   12.26   10.90   20.87  239.24 ^ clkbuf_0__474425_/Y (BUFx24_ASAP7_75t_R)
                                         clknet_0__474425_ (net)
                 13.94    2.96  242.20 ^ clkbuf_1_0_0__474425_/A (BUFx24_ASAP7_75t_R)
     1    8.51    8.76   19.29  261.49 ^ clkbuf_1_0_0__474425_/Y (BUFx24_ASAP7_75t_R)
                                         clknet_1_0_0__474425_ (net)
                 14.57    3.86  265.35 ^ clkbuf_1_0_1__474425_/A (BUFx24_ASAP7_75t_R)
     2   12.35   10.72   19.92  285.27 ^ clkbuf_1_0_1__474425_/Y (BUFx24_ASAP7_75t_R)
                                         clknet_1_0_1__474425_ (net)
                 16.93    4.30  289.56 ^ clkbuf_2_0_0__474425_/A (BUFx24_ASAP7_75t_R)
     1    7.41    8.63   20.12  309.69 ^ clkbuf_2_0_0__474425_/Y (BUFx24_ASAP7_75t_R)
                                         clknet_2_0_0__474425_ (net)
                 12.73    3.23  312.92 ^ clkbuf_2_0_1__474425_/A (BUFx24_ASAP7_75t_R)
     1    6.58    8.30   18.78  331.70 ^ clkbuf_2_0_1__474425_/Y (BUFx24_ASAP7_75t_R)
                                         clknet_2_0_1__474425_ (net)
                 11.93    3.02  334.71 ^ clkbuf_2_0_2__474425_/A (BUFx24_ASAP7_75t_R)
     2   14.38   11.74   19.55  354.26 ^ clkbuf_2_0_2__474425_/Y (BUFx24_ASAP7_75t_R)
                                         clknet_2_0_2__474425_ (net)
                 14.18    2.61  356.88 ^ clkbuf_3_1_0__474425_/A (BUFx24_ASAP7_75t_R)
     2    8.55    9.07   19.52  376.39 ^ clkbuf_3_1_0__474425_/Y (BUFx24_ASAP7_75t_R)
                                         clknet_3_1_0__474425_ (net)
                 12.57    2.97  379.37 ^ clkbuf_4_2_0__474425_/A (BUFx24_ASAP7_75t_R)
     2   13.35   10.77   19.15  398.52 ^ clkbuf_4_2_0__474425_/Y (BUFx24_ASAP7_75t_R)
                                         clknet_4_2_0__474425_ (net)
                 19.40    5.07  403.59 ^ clkbuf_5_5_0__474425_/A (BUFx24_ASAP7_75t_R)
     2    8.29    8.86   20.90  424.50 ^ clkbuf_5_5_0__474425_/Y (BUFx24_ASAP7_75t_R)
                                         clknet_5_5_0__474425_ (net)
                 13.35    3.34  427.83 ^ clkbuf_6_10_0__474425_/A (BUFx24_ASAP7_75t_R)
    12   41.18   16.56   19.72  447.55 ^ clkbuf_6_10_0__474425_/Y (BUFx24_ASAP7_75t_R)
                                         clknet_6_10_0__474425_ (net)
                 91.54   28.70  476.25 ^ clkbuf_leaf_521__474425_/A (BUFx24_ASAP7_75t_R)
    15   10.93   12.91   34.58  510.83 ^ clkbuf_leaf_521__474425_/Y (BUFx24_ASAP7_75t_R)
                                         clknet_leaf_521__474425_ (net)
                 14.86    2.54  513.37 ^ pair_q[339][0]$_DFFE_PP_/CLK (DFFHQNx1_ASAP7_75t_R)
     1    0.54   11.14   35.73  549.10 ^ pair_q[339][0]$_DFFE_PP_/QN (DFFHQNx1_ASAP7_75t_R)
                                         _019009_ (net)
                 11.14    0.04  549.14 ^ hold111441/A (BUFx2_ASAP7_75t_R)
     1    0.68    5.42   13.46  562.60 ^ hold111441/Y (BUFx2_ASAP7_75t_R)
                                         net111009 (net)
                  5.42    0.07  562.67 ^ _784628_/A (INVx1_ASAP7_75t_R)
     1    0.51    4.36    4.28  566.95 v _784628_/Y (INVx1_ASAP7_75t_R)
                                         pair_q[339][0] (net)
                  4.36    0.02  566.97 v hold111442/A (BUFx2_ASAP7_75t_R)
     1    1.07    6.03   12.59  579.56 v hold111442/Y (BUFx2_ASAP7_75t_R)
                                         net111010 (net)
                  6.04    0.09  579.66 v _865741_/A (HAxp5_ASAP7_75t_R)
     1    0.57    8.43    9.36  589.02 ^ _865741_/SN (HAxp5_ASAP7_75t_R)
                                         _386254_ (net)
                  8.43    0.05  589.07 ^ _569596_/A (INVx1_ASAP7_75t_R)
     1    5.80   33.43   15.16  604.23 v _569596_/Y (INVx1_ASAP7_75t_R)
                                         G_LANE[13].G_PART[2].psum5[0] (net)
                 38.02    6.41  610.64 v part_q[67][0]$_DFFE_PP_/D (DFFHQNx1_ASAP7_75t_R)
                                610.64   data arrival time

                          0.00    0.00   clock core_clock (rise edge)
                          0.00    0.00   clock source latency
     1   14.68    0.00    0.00    0.00 ^ clk (in)
                                         clk (net)
                 28.65    9.04    9.04 ^ wire88053/A (BUFx16f_ASAP7_75t_R)
     2   20.88   11.49   20.10   29.14 ^ wire88053/Y (BUFx16f_ASAP7_75t_R)
                                         net87620 (net)
                 54.35   16.88   46.02 ^ wire88052/A (BUFx6f_ASAP7_75t_R)
     1    9.81   16.30   22.20   68.22 ^ wire88052/Y (BUFx6f_ASAP7_75t_R)
                                         net87619 (net)
                 24.77    6.14   74.36 ^ clkbuf_0_clk/A (BUFx24_ASAP7_75t_R)
     2    9.17    9.69   22.61   96.97 ^ clkbuf_0_clk/Y (BUFx24_ASAP7_75t_R)
                                         clknet_0_clk (net)
                 12.13    2.55   99.51 ^ clkbuf_1_1_0_clk/A (BUFx24_ASAP7_75t_R)
     2    8.68    9.11   18.94  118.45 ^ clkbuf_1_1_0_clk/Y (BUFx24_ASAP7_75t_R)
                                         clknet_1_1_0_clk (net)
                 12.39    2.86  121.31 ^ clkbuf_2_3_0_clk/A (BUFx24_ASAP7_75t_R)
     1    7.04    8.40   18.70  140.01 ^ clkbuf_2_3_0_clk/Y (BUFx24_ASAP7_75t_R)
                                         clknet_2_3_0_clk (net)
                 12.51    3.19  143.20 ^ clkbuf_2_3_1_clk/A (BUFx24_ASAP7_75t_R)
     2    9.51    9.32   19.12  162.32 ^ clkbuf_2_3_1_clk/Y (BUFx24_ASAP7_75t_R)
                                         clknet_2_3_1_clk (net)
                 13.72    3.38  165.70 ^ clkbuf_3_6_0_clk/A (BUFx24_ASAP7_75t_R)
     2   10.77   10.11   19.69  185.39 ^ clkbuf_3_6_0_clk/Y (BUFx24_ASAP7_75t_R)
                                         clknet_3_6_0_clk (net)
                 11.70    1.89  187.28 ^ delaybuf_16_core_clock/A (BUFx24_ASAP7_75t_R)
     1    3.74    7.44   18.18  205.46 ^ delaybuf_16_core_clock/Y (BUFx24_ASAP7_75t_R)
                                         delaynet_16_core_clock (net)
                  7.70    0.95  206.41 ^ clkbuf_leaf_6_clk/A (BUFx24_ASAP7_75t_R)
     2   10.67    9.75   17.83  224.24 ^ clkbuf_leaf_6_clk/Y (BUFx24_ASAP7_75t_R)
                                         clknet_leaf_6_clk (net)
                 14.24    3.47  227.70 ^ _788067_/CLK (ICGx1_ASAP7_75t_R)
     1    3.00   20.98   17.54  245.25 ^ _788067_/GCLK (ICGx1_ASAP7_75t_R)
                                         _474428_ (net)
                 21.03    0.54  245.79 ^ clkbuf_0__474428_/A (BUFx24_ASAP7_75t_R)
     2   13.72   11.62   22.09  267.88 ^ clkbuf_0__474428_/Y (BUFx24_ASAP7_75t_R)
                                         clknet_0__474428_ (net)
                 15.74    3.56  271.44 ^ clkbuf_1_0_0__474428_/A (BUFx24_ASAP7_75t_R)
     1   11.27    9.49   20.00  291.43 ^ clkbuf_1_0_0__474428_/Y (BUFx24_ASAP7_75t_R)
                                         clknet_1_0_0__474428_ (net)
                 18.56    5.02  296.46 ^ clkbuf_1_0_1__474428_/A (BUFx24_ASAP7_75t_R)
     2   13.65   11.68   21.46  317.92 ^ clkbuf_1_0_1__474428_/Y (BUFx24_ASAP7_75t_R)
                                         clknet_1_0_1__474428_ (net)
                 15.00    3.20  321.12 ^ clkbuf_2_0_0__474428_/A (BUFx24_ASAP7_75t_R)
     1   11.92    8.95   19.57  340.69 ^ clkbuf_2_0_0__474428_/Y (BUFx24_ASAP7_75t_R)
                                         clknet_2_0_0__474428_ (net)
                 21.94    6.14  346.83 ^ clkbuf_2_0_1__474428_/A (BUFx24_ASAP7_75t_R)
     2   10.66    9.64   21.75  368.58 ^ clkbuf_2_0_1__474428_/Y (BUFx24_ASAP7_75t_R)
                                         clknet_2_0_1__474428_ (net)
                 15.88    4.04  372.62 ^ clkbuf_3_1_0__474428_/A (BUFx24_ASAP7_75t_R)
     2    9.66    9.09   19.95  392.57 ^ clkbuf_3_1_0__474428_/Y (BUFx24_ASAP7_75t_R)
                                         clknet_3_1_0__474428_ (net)
                 15.44    4.03  396.60 ^ clkbuf_4_2_0__474428_/A (BUFx24_ASAP7_75t_R)
     1    7.76    8.48   19.60  416.20 ^ clkbuf_4_2_0__474428_/Y (BUFx24_ASAP7_75t_R)
                                         clknet_4_2_0__474428_ (net)
                 14.49    3.89  420.09 ^ clkbuf_4_2_1__474428_/A (BUFx24_ASAP7_75t_R)
     4   15.40   12.46   20.33  440.41 ^ clkbuf_4_2_1__474428_/Y (BUFx24_ASAP7_75t_R)
                                         clknet_4_2_1__474428_ (net)
                 17.47    4.10  444.52 ^ clkbuf_6_11_0__474428_/A (BUFx24_ASAP7_75t_R)
     2   21.46   13.76   21.92  466.44 ^ clkbuf_6_11_0__474428_/Y (BUFx24_ASAP7_75t_R)
                                         clknet_6_11_0__474428_ (net)
                 27.10    7.41  473.85 ^ clkbuf_leaf_156__474428_/A (BUFx24_ASAP7_75t_R)
     5    5.48    8.53   22.71  496.55 ^ clkbuf_leaf_156__474428_/Y (BUFx24_ASAP7_75t_R)
                                         clknet_leaf_156__474428_ (net)
                  8.76    0.89  497.45 ^ part_q[67][0]$_DFFE_PP_/CLK (DFFHQNx1_ASAP7_75t_R)
                        150.00  647.45   clock uncertainty
                         -6.42  641.03   clock reconvergence pessimism
                          7.38  648.41   library hold time
                                648.41   data required time
-----------------------------------------------------------------------------
                                648.41   data required time
                               -610.64   data arrival time
-----------------------------------------------------------------------------
                                -37.77   slack (VIOLATED)


Startpoint: out_pix_data[116]$_DFFE_PN0P_
            (rising edge-triggered flip-flop clocked by core_clock)
Endpoint: out_pix_data[116] (output port clocked by vclk_core_clock)
Path Group: vclk_core_clock
Path Type: min

Fanout     Cap    Slew   Delay    Time   Description
-----------------------------------------------------------------------------
                          0.00    0.00   clock core_clock (rise edge)
                          0.00    0.00   clock source latency
     1   14.02    0.00    0.00    0.00 ^ clk (in)
                                         clk (net)
                 26.43    8.34    8.34 ^ wire88053/A (BUFx16f_ASAP7_75t_R)
     2   20.00   11.00   19.53   27.86 ^ wire88053/Y (BUFx16f_ASAP7_75t_R)
                                         net87620 (net)
                 52.69   16.37   44.23 ^ wire88052/A (BUFx6f_ASAP7_75t_R)
     1    9.21   15.46   21.94   66.17 ^ wire88052/Y (BUFx6f_ASAP7_75t_R)
                                         net87619 (net)
                 22.94    5.58   71.75 ^ clkbuf_0_clk/A (BUFx24_ASAP7_75t_R)
     2    7.97    9.22   22.00   93.75 ^ clkbuf_0_clk/Y (BUFx24_ASAP7_75t_R)
                                         clknet_0_clk (net)
                 11.07    2.20   95.95 ^ clkbuf_1_1_0_clk/A (BUFx24_ASAP7_75t_R)
     2    7.48    8.74   18.49  114.44 ^ clkbuf_1_1_0_clk/Y (BUFx24_ASAP7_75t_R)
                                         clknet_1_1_0_clk (net)
                 11.22    2.47  116.91 ^ clkbuf_2_3_0_clk/A (BUFx24_ASAP7_75t_R)
     1    6.44    8.26   18.31  135.22 ^ clkbuf_2_3_0_clk/Y (BUFx24_ASAP7_75t_R)
                                         clknet_2_3_0_clk (net)
                 11.57    2.85  138.08 ^ clkbuf_2_3_1_clk/A (BUFx24_ASAP7_75t_R)
     2    8.31    8.95   18.71  156.78 ^ clkbuf_2_3_1_clk/Y (BUFx24_ASAP7_75t_R)
                                         clknet_2_3_1_clk (net)
                  9.73    1.19  157.97 ^ delaybuf_17_core_clock/A (BUFx24_ASAP7_75t_R)
     1    2.33    6.85   17.38  175.35 ^ delaybuf_17_core_clock/Y (BUFx24_ASAP7_75t_R)
                                         delaynet_17_core_clock (net)
                  6.88    0.48  175.82 ^ delaybuf_18_core_clock/A (BUFx24_ASAP7_75t_R)
     1    2.21    6.78   16.48  192.30 ^ delaybuf_18_core_clock/Y (BUFx24_ASAP7_75t_R)
                                         delaynet_18_core_clock (net)
                  6.79    0.29  192.59 ^ delaybuf_19_core_clock/A (BUFx24_ASAP7_75t_R)
     1    2.39    6.86   16.47  209.06 ^ delaybuf_19_core_clock/Y (BUFx24_ASAP7_75t_R)
                                         delaynet_19_core_clock (net)
                  6.90    0.49  209.55 ^ delaybuf_20_core_clock/A (BUFx24_ASAP7_75t_R)
     1    2.26    6.81   16.49  226.04 ^ delaybuf_20_core_clock/Y (BUFx24_ASAP7_75t_R)
                                         delaynet_20_core_clock (net)
                  6.83    0.39  226.43 ^ delaybuf_21_core_clock/A (BUFx24_ASAP7_75t_R)
     1    2.25    6.80   16.46  242.88 ^ delaybuf_21_core_clock/Y (BUFx24_ASAP7_75t_R)
                                         delaynet_21_core_clock (net)
                  6.83    0.44  243.33 ^ delaybuf_22_core_clock/A (BUFx24_ASAP7_75t_R)
     1    2.25    6.80   16.46  259.78 ^ delaybuf_22_core_clock/Y (BUFx24_ASAP7_75t_R)
                                         delaynet_22_core_clock (net)
                  6.83    0.44  260.23 ^ delaybuf_23_core_clock/A (BUFx24_ASAP7_75t_R)
     1    2.23    6.79   16.46  276.69 ^ delaybuf_23_core_clock/Y (BUFx24_ASAP7_75t_R)
                                         delaynet_23_core_clock (net)
                  6.80    0.30  276.99 ^ delaybuf_24_core_clock/A (BUFx24_ASAP7_75t_R)
     1    2.24    6.80   16.45  293.44 ^ delaybuf_24_core_clock/Y (BUFx24_ASAP7_75t_R)
                                         delaynet_24_core_clock (net)
                  6.82    0.38  293.83 ^ clkbuf_3_7_0_clk/A (BUFx24_ASAP7_75t_R)
     2   15.29   10.03   17.61  311.44 ^ clkbuf_3_7_0_clk/Y (BUFx24_ASAP7_75t_R)
                                         clknet_3_7_0_clk (net)
                 29.09    8.55  319.99 ^ clkbuf_leaf_8_clk/A (BUFx24_ASAP7_75t_R)
     2    4.16    8.09   23.00  342.99 ^ clkbuf_leaf_8_clk/Y (BUFx24_ASAP7_75t_R)
                                         clknet_leaf_8_clk (net)
                  8.10    0.29  343.28 ^ _788066_/CLK (ICGx1_ASAP7_75t_R)
     1    2.11   15.24   14.17  357.45 ^ _788066_/GCLK (ICGx1_ASAP7_75t_R)
                                         _474427_ (net)
                 15.25    0.26  357.71 ^ clkbuf_0__474427_/A (BUFx24_ASAP7_75t_R)
     2   11.04   10.10   20.24  377.95 ^ clkbuf_0__474427_/Y (BUFx24_ASAP7_75t_R)
                                         clknet_0__474427_ (net)
                 12.50    2.39  380.34 ^ clkbuf_1_1_0__474427_/A (BUFx24_ASAP7_75t_R)
     2    7.67    8.62   18.81  399.15 ^ clkbuf_1_1_0__474427_/Y (BUFx24_ASAP7_75t_R)
                                         clknet_1_1_0__474427_ (net)
                 12.50    3.07  402.22 ^ clkbuf_2_3_0__474427_/A (BUFx24_ASAP7_75t_R)
     2    9.91    8.50   18.72  420.94 ^ clkbuf_2_3_0__474427_/Y (BUFx24_ASAP7_75t_R)
                                         clknet_2_3_0__474427_ (net)
                 23.00    6.72  427.66 ^ clkbuf_3_7_0__474427_/A (BUFx24_ASAP7_75t_R)
     2    6.87    8.80   21.81  449.47 ^ clkbuf_3_7_0__474427_/Y (BUFx24_ASAP7_75t_R)
                                         clknet_3_7_0__474427_ (net)
                 10.26    1.89  451.36 ^ clkbuf_4_15__f__474427_/A (BUFx24_ASAP7_75t_R)
    13   12.41   11.01   19.05  470.41 ^ clkbuf_4_15__f__474427_/Y (BUFx24_ASAP7_75t_R)
                                         clknet_4_15__leaf__474427_ (net)
                 12.77    2.24  472.65 ^ out_pix_data[116]$_DFFE_PN0P_/CLK (DFFASRHQNx1_ASAP7_75t_R)
     1    0.74   13.25   39.30  511.95 ^ out_pix_data[116]$_DFFE_PN0P_/QN (DFFASRHQNx1_ASAP7_75t_R)
                                         _012918_ (net)
                 13.25    0.07  512.02 ^ _769448_/A (INVx1_ASAP7_75t_R)
     1    0.50    6.08    5.71  517.74 v _769448_/Y (INVx1_ASAP7_75t_R)
                                         net17531 (net)
                  6.08    0.02  517.76 v output17964/A (BUFx2_ASAP7_75t_R)
     1   16.10   49.42   19.68  537.44 v output17964/Y (BUFx2_ASAP7_75t_R)
                                         out_pix_data[116] (net)
                104.93   31.89  569.33 v out_pix_data[116] (out)
                                569.33   data arrival time

                  0.00    0.00    0.00   clock vclk_core_clock (rise edge)
                        800.00  800.00   clock network delay (ideal)
                          0.00  800.00   clock reconvergence pessimism
                       -500.00  300.00   output external delay
                                300.00   data required time
-----------------------------------------------------------------------------
                                300.00   data required time
                               -569.33   data arrival time
-----------------------------------------------------------------------------
                                269.33   slack (MET)


Startpoint: m_1h[24]$_DFFE_PN0P_
            (rising edge-triggered flip-flop clocked by core_clock)
Endpoint: mem_ce[24] (output port clocked by vclk_mem)
Path Group: vclk_mem
Path Type: min

Fanout     Cap    Slew   Delay    Time   Description
-----------------------------------------------------------------------------
                          0.00    0.00   clock core_clock (rise edge)
                          0.00    0.00   clock source latency
     1   14.02    0.00    0.00    0.00 ^ clk (in)
                                         clk (net)
                 26.43    8.34    8.34 ^ wire88053/A (BUFx16f_ASAP7_75t_R)
     2   20.00   11.00   19.53   27.86 ^ wire88053/Y (BUFx16f_ASAP7_75t_R)
                                         net87620 (net)
                 52.69   16.37   44.23 ^ wire88052/A (BUFx6f_ASAP7_75t_R)
     1    9.21   15.46   21.94   66.17 ^ wire88052/Y (BUFx6f_ASAP7_75t_R)
                                         net87619 (net)
                 22.94    5.58   71.75 ^ clkbuf_0_clk/A (BUFx24_ASAP7_75t_R)
     2    7.97    9.22   22.00   93.75 ^ clkbuf_0_clk/Y (BUFx24_ASAP7_75t_R)
                                         clknet_0_clk (net)
                 11.07    2.20   95.95 ^ clkbuf_1_1_0_clk/A (BUFx24_ASAP7_75t_R)
     2    7.48    8.74   18.49  114.44 ^ clkbuf_1_1_0_clk/Y (BUFx24_ASAP7_75t_R)
                                         clknet_1_1_0_clk (net)
                  9.53    1.26  115.70 ^ delaybuf_35_core_clock/A (BUFx24_ASAP7_75t_R)
     1    2.53    6.93   17.35  133.05 ^ delaybuf_35_core_clock/Y (BUFx24_ASAP7_75t_R)
                                         delaynet_35_core_clock (net)
                  6.98    0.55  133.60 ^ delaybuf_36_core_clock/A (BUFx24_ASAP7_75t_R)
     1    2.53    6.92   16.55  150.15 ^ delaybuf_36_core_clock/Y (BUFx24_ASAP7_75t_R)
                                         delaynet_36_core_clock (net)
                  6.98    0.58  150.73 ^ delaybuf_37_core_clock/A (BUFx24_ASAP7_75t_R)
     1    2.62    6.96   16.56  167.30 ^ delaybuf_37_core_clock/Y (BUFx24_ASAP7_75t_R)
                                         delaynet_37_core_clock (net)
                  7.02    0.60  167.90 ^ delaybuf_38_core_clock/A (BUFx24_ASAP7_75t_R)
     1    2.60    6.95   16.58  184.48 ^ delaybuf_38_core_clock/Y (BUFx24_ASAP7_75t_R)
                                         delaynet_38_core_clock (net)
                  7.00    0.56  185.04 ^ delaybuf_39_core_clock/A (BUFx24_ASAP7_75t_R)
     1    2.59    6.95   16.57  201.61 ^ delaybuf_39_core_clock/Y (BUFx24_ASAP7_75t_R)
                                         delaynet_39_core_clock (net)
                  7.00    0.58  202.18 ^ clkbuf_2_2_0_clk/A (BUFx24_ASAP7_75t_R)
     1    6.19    8.15   16.99  219.18 ^ clkbuf_2_2_0_clk/Y (BUFx24_ASAP7_75t_R)
                                         clknet_2_2_0_clk (net)
                 11.35    2.81  221.99 ^ clkbuf_2_2_1_clk/A (BUFx24_ASAP7_75t_R)
     2    6.57    8.51   18.53  240.51 ^ clkbuf_2_2_1_clk/Y (BUFx24_ASAP7_75t_R)
                                         clknet_2_2_1_clk (net)
                  9.16    1.24  241.76 ^ clkbuf_3_4_0_clk/A (BUFx24_ASAP7_75t_R)
     1    6.13    8.18   17.68  259.44 ^ clkbuf_3_4_0_clk/Y (BUFx24_ASAP7_75t_R)
                                         clknet_3_4_0_clk (net)
                 10.88    2.59  262.03 ^ clkbuf_leaf_9_clk/A (BUFx24_ASAP7_75t_R)
     1    1.66    6.57   17.62  279.65 ^ clkbuf_leaf_9_clk/Y (BUFx24_ASAP7_75t_R)
                                         clknet_leaf_9_clk (net)
                  6.57    0.13  279.78 ^ _788081_/CLK (ICGx1_ASAP7_75t_R)
     1    2.35   16.88   14.35  294.13 ^ _788081_/GCLK (ICGx1_ASAP7_75t_R)
                                         _474442_ (net)
                 16.91    0.48  294.61 ^ clkbuf_0__474442_/A (BUFx24_ASAP7_75t_R)
     2   11.43   10.47   20.77  315.38 ^ clkbuf_0__474442_/Y (BUFx24_ASAP7_75t_R)
                                         clknet_0__474442_ (net)
                 13.43    2.85  318.23 ^ clkbuf_1_1_0__474442_/A (BUFx24_ASAP7_75t_R)
     1    6.66    8.34   18.99  337.22 ^ clkbuf_1_1_0__474442_/Y (BUFx24_ASAP7_75t_R)
                                         clknet_1_1_0__474442_ (net)
                 12.06    3.05  340.28 ^ clkbuf_1_1_1__474442_/A (BUFx24_ASAP7_75t_R)
     2   11.49    9.56   18.91  359.19 ^ clkbuf_1_1_1__474442_/Y (BUFx24_ASAP7_75t_R)
                                         clknet_1_1_1__474442_ (net)
                 18.25    4.88  364.06 ^ clkbuf_2_2_0__474442_/A (BUFx24_ASAP7_75t_R)
     2   10.09    9.33   20.72  384.79 ^ clkbuf_2_2_0__474442_/Y (BUFx24_ASAP7_75t_R)
                                         clknet_2_2_0__474442_ (net)
                 15.70    4.08  388.87 ^ clkbuf_3_4_0__474442_/A (BUFx24_ASAP7_75t_R)
     2    9.19    9.05   19.90  408.76 ^ clkbuf_3_4_0__474442_/Y (BUFx24_ASAP7_75t_R)
                                         clknet_3_4_0__474442_ (net)
                 14.65    3.79  412.55 ^ clkbuf_4_8_0__474442_/A (BUFx24_ASAP7_75t_R)
     2    8.06    8.75   19.49  432.04 ^ clkbuf_4_8_0__474442_/Y (BUFx24_ASAP7_75t_R)
                                         clknet_4_8_0__474442_ (net)
                 12.65    3.07  435.11 ^ clkbuf_5_17_0__474442_/A (BUFx24_ASAP7_75t_R)
     3   10.09    9.93   19.40  454.51 ^ clkbuf_5_17_0__474442_/Y (BUFx24_ASAP7_75t_R)
                                         clknet_5_17_0__474442_ (net)
                 11.05    1.60  456.11 ^ clkbuf_leaf_45__474442_/A (BUFx24_ASAP7_75t_R)
    20   11.78   10.74   19.28  475.40 ^ clkbuf_leaf_45__474442_/Y (BUFx24_ASAP7_75t_R)
                                         clknet_leaf_45__474442_ (net)
                 11.43    1.33  476.73 ^ m_1h[24]$_DFFE_PN0P_/CLK (DFFASRHQNx1_ASAP7_75t_R)
     2    4.02   35.51   51.61  528.33 ^ m_1h[24]$_DFFE_PN0P_/QN (DFFASRHQNx1_ASAP7_75t_R)
                                         _013272_ (net)
                 35.67    1.31  529.65 ^ _762258_/A1 (AOI21x1_ASAP7_75t_R)
     1    0.58   11.08   10.90  540.54 v _762258_/Y (AOI21x1_ASAP7_75t_R)
                                         net9591 (net)
                 11.08    0.07  540.61 v output10024/A (BUFx2_ASAP7_75t_R)
     1   15.54   48.62   22.56  563.18 v output10024/Y (BUFx2_ASAP7_75t_R)
                                         mem_ce[24] (net)
                 76.42   20.94  584.12 v mem_ce[24] (out)
                                584.12   data arrival time

                  0.00    0.00    0.00   clock vclk_mem (rise edge)
                        800.00  800.00   clock network delay (ideal)
                          0.00  800.00   clock reconvergence pessimism
                       -500.00  300.00   output external delay
                                300.00   data required time
-----------------------------------------------------------------------------
                                300.00   data required time
                               -584.12   data arrival time
-----------------------------------------------------------------------------
                                284.12   slack (MET)



==========================================================================
finish report_checks -path_delay max
--------------------------------------------------------------------------
Startpoint: ymod_f[3]$_DFFE_PN0P_
            (rising edge-triggered flip-flop clocked by core_clock)
Endpoint: c_fut[103]$_DFF_P_
          (rising edge-triggered flip-flop clocked by core_clock)
Path Group: core_clock
Path Type: max

Fanout     Cap    Slew   Delay    Time   Description
-----------------------------------------------------------------------------
                          0.00    0.00   clock core_clock (rise edge)
                          0.00    0.00   clock source latency
     1   14.68    0.00    0.00    0.00 ^ clk (in)
                                         clk (net)
                 28.65    9.04    9.04 ^ wire88053/A (BUFx16f_ASAP7_75t_R)
     2   20.88   11.49   20.10   29.14 ^ wire88053/Y (BUFx16f_ASAP7_75t_R)
                                         net87620 (net)
                 54.35   16.88   46.02 ^ wire88052/A (BUFx6f_ASAP7_75t_R)
     1    9.81   16.30   22.20   68.22 ^ wire88052/Y (BUFx6f_ASAP7_75t_R)
                                         net87619 (net)
                 24.77    6.14   74.36 ^ clkbuf_0_clk/A (BUFx24_ASAP7_75t_R)
     2    9.17    9.69   22.61   96.97 ^ clkbuf_0_clk/Y (BUFx24_ASAP7_75t_R)
                                         clknet_0_clk (net)
                 10.36    1.16   98.13 ^ delaybuf_68_core_clock/A (BUFx24_ASAP7_75t_R)
     1    3.10    7.17   17.70  115.82 ^ delaybuf_68_core_clock/Y (BUFx24_ASAP7_75t_R)
                                         delaynet_68_core_clock (net)
                  7.25    0.66  116.48 ^ delaybuf_69_core_clock/A (BUFx24_ASAP7_75t_R)
     1    3.07    7.14   16.72  133.20 ^ delaybuf_69_core_clock/Y (BUFx24_ASAP7_75t_R)
                                         delaynet_69_core_clock (net)
                  7.22    0.66  133.87 ^ delaybuf_70_core_clock/A (BUFx24_ASAP7_75t_R)
     1    3.03    7.13   16.71  150.57 ^ delaybuf_70_core_clock/Y (BUFx24_ASAP7_75t_R)
                                         delaynet_70_core_clock (net)
                  7.21    0.67  151.24 ^ delaybuf_71_core_clock/A (BUFx24_ASAP7_75t_R)
     1    3.08    7.15   16.71  167.96 ^ delaybuf_71_core_clock/Y (BUFx24_ASAP7_75t_R)
                                         delaynet_71_core_clock (net)
                  7.23    0.66  168.62 ^ delaybuf_72_core_clock/A (BUFx24_ASAP7_75t_R)
     1    3.08    7.15   16.72  185.34 ^ delaybuf_72_core_clock/Y (BUFx24_ASAP7_75t_R)
                                         delaynet_72_core_clock (net)
                  7.21    0.63  185.96 ^ delaybuf_73_core_clock/A (BUFx24_ASAP7_75t_R)
     1    3.03    7.13   16.71  202.67 ^ delaybuf_73_core_clock/Y (BUFx24_ASAP7_75t_R)
                                         delaynet_73_core_clock (net)
                  7.19    0.58  203.25 ^ delaybuf_74_core_clock/A (BUFx24_ASAP7_75t_R)
     1    3.14    7.17   16.72  219.97 ^ delaybuf_74_core_clock/Y (BUFx24_ASAP7_75t_R)
                                         delaynet_74_core_clock (net)
                  7.23    0.59  220.57 ^ delaybuf_75_core_clock/A (BUFx24_ASAP7_75t_R)
     1    3.07    7.14   16.72  237.29 ^ delaybuf_75_core_clock/Y (BUFx24_ASAP7_75t_R)
                                         delaynet_75_core_clock (net)
                  7.21    0.60  237.89 ^ delaybuf_76_core_clock/A (BUFx24_ASAP7_75t_R)
     1    3.09    7.15   16.71  254.60 ^ delaybuf_76_core_clock/Y (BUFx24_ASAP7_75t_R)
                                         delaynet_76_core_clock (net)
                  7.21    0.62  255.22 ^ clkbuf_1_0_0_clk/A (BUFx24_ASAP7_75t_R)
     2    9.75    9.32   17.46  272.68 ^ clkbuf_1_0_0_clk/Y (BUFx24_ASAP7_75t_R)
                                         clknet_1_0_0_clk (net)
                 14.27    3.56  276.24 ^ clkbuf_2_1_0_clk/A (BUFx24_ASAP7_75t_R)
     1    7.58    8.55   19.31  295.54 ^ clkbuf_2_1_0_clk/Y (BUFx24_ASAP7_75t_R)
                                         clknet_2_1_0_clk (net)
                 13.38    3.49  299.03 ^ clkbuf_2_1_1_clk/A (BUFx24_ASAP7_75t_R)
     2    9.22    9.24   19.34  318.37 ^ clkbuf_2_1_1_clk/Y (BUFx24_ASAP7_75t_R)
                                         clknet_2_1_1_clk (net)
                 13.29    3.21  321.57 ^ clkbuf_3_3_0_clk/A (BUFx24_ASAP7_75t_R)
     2   18.94   13.12   19.83  341.41 ^ clkbuf_3_3_0_clk/Y (BUFx24_ASAP7_75t_R)
                                         clknet_3_3_0_clk (net)
                 18.90    4.20  345.61 ^ delaybuf_43_core_clock/A (BUFx24_ASAP7_75t_R)
     1    6.79    8.60   20.71  366.32 ^ delaybuf_43_core_clock/Y (BUFx24_ASAP7_75t_R)
                                         delaynet_43_core_clock (net)
                 10.61    2.21  368.53 ^ delaybuf_44_core_clock/A (BUFx24_ASAP7_75t_R)
     1    5.58    8.08   18.10  386.63 ^ delaybuf_44_core_clock/Y (BUFx24_ASAP7_75t_R)
                                         delaynet_44_core_clock (net)
                  9.44    1.83  388.46 ^ clkbuf_leaf_1_clk/A (BUFx24_ASAP7_75t_R)
     2    9.38    9.47   18.32  406.78 ^ clkbuf_leaf_1_clk/Y (BUFx24_ASAP7_75t_R)
                                         clknet_leaf_1_clk (net)
                 10.17    1.13  407.91 ^ delaybuf_42_core_clock/A (BUFx24_ASAP7_75t_R)
     2    6.55    8.50   18.19  426.10 ^ delaybuf_42_core_clock/Y (BUFx24_ASAP7_75t_R)
                                         delaynet_42_core_clock (net)
                  9.00    1.11  427.21 ^ delaybuf_41_core_clock/A (BUFx24_ASAP7_75t_R)
     2    9.87    9.63   18.23  445.44 ^ delaybuf_41_core_clock/Y (BUFx24_ASAP7_75t_R)
                                         delaynet_41_core_clock (net)
                 12.22    2.53  447.97 ^ _788075_/CLK (ICGx1_ASAP7_75t_R)
     1    2.77   19.32   16.71  464.68 ^ _788075_/GCLK (ICGx1_ASAP7_75t_R)
                                         _474436_ (net)
                 19.34    0.35  465.03 ^ clkbuf_0__474436_/A (BUFx24_ASAP7_75t_R)
     2    9.18    9.58   21.26  486.29 ^ clkbuf_0__474436_/Y (BUFx24_ASAP7_75t_R)
                                         clknet_0__474436_ (net)
                 10.79    1.65  487.94 ^ clkbuf_1_1__f__474436_/A (BUFx24_ASAP7_75t_R)
    12   12.45    9.82   18.68  506.62 ^ clkbuf_1_1__f__474436_/Y (BUFx24_ASAP7_75t_R)
                                         clknet_1_1__leaf__474436_ (net)
                 14.60    3.30  509.92 ^ ymod_f[3]$_DFFE_PN0P_/CLK (DFFASRHQNx1_ASAP7_75t_R)
     2    3.62   32.55   51.35  561.27 ^ ymod_f[3]$_DFFE_PN0P_/QN (DFFASRHQNx1_ASAP7_75t_R)
                                         _315944_ (net)
                 32.59    0.60  561.88 ^ place76172/A (BUFx6f_ASAP7_75t_R)
     1   14.75   21.08   20.15  582.03 ^ place76172/Y (BUFx6f_ASAP7_75t_R)
                                         net75739 (net)
                 33.29    8.65  590.68 ^ _844244_/B (HAxp5_ASAP7_75t_R)
     1    0.94   23.83   16.47  607.15 v _844244_/CON (HAxp5_ASAP7_75t_R)
                                         _315945_ (net)
     1    0.71   20.47   10.21  617.36 ^ _844244_/SN (HAxp5_ASAP7_75t_R)
                                         _315946_ (net)
                 20.47    0.03  617.38 ^ _634220_/A (INVx1_ASAP7_75t_R)
     1    1.14   10.78    9.02  626.41 v _634220_/Y (INVx1_ASAP7_75t_R)
                                         _315948_ (net)
                 10.78    0.09  626.50 v _860673_/A (HAxp5_ASAP7_75t_R)
     3    3.09   36.46   20.88  647.38 ^ _860673_/CON (HAxp5_ASAP7_75t_R)
                                         _371454_ (net)
     2    2.12   39.15   18.56  665.94 v _860673_/SN (HAxp5_ASAP7_75t_R)
                                         _371455_ (net)
                 39.15    0.17  666.11 v place71335/A (BUFx6f_ASAP7_75t_R)
     6    7.38   11.41   22.85  688.96 v place71335/Y (BUFx6f_ASAP7_75t_R)
                                         net70902 (net)
                 11.63    0.86  689.81 v _479107_/B (OR3x1_ASAP7_75t_R)
     2    2.05   16.23   24.91  714.72 v _479107_/Y (OR3x1_ASAP7_75t_R)
                                         _406409_ (net)
                 16.24    0.19  714.91 v _479110_/A1 (AO21x1_ASAP7_75t_R)
     3    2.27   15.09   21.84  736.76 v _479110_/Y (AO21x1_ASAP7_75t_R)
                                         _406412_ (net)
                 15.10    0.19  736.94 v _479137_/A1 (AOI221x1_ASAP7_75t_R)
     4    3.10   34.77   21.19  758.14 ^ _479137_/Y (AOI221x1_ASAP7_75t_R)
                                         _406439_ (net)
                 34.80    0.59  758.73 ^ place69859/A (BUFx3_ASAP7_75t_R)
     5    3.75   11.67   20.94  779.67 ^ place69859/Y (BUFx3_ASAP7_75t_R)
                                         net69426 (net)
                 11.69    0.22  779.89 ^ _479146_/A1 (OA31x2_ASAP7_75t_R)
     3    3.36   15.92   26.18  806.07 ^ _479146_/Y (OA31x2_ASAP7_75t_R)
                                         _406448_ (net)
                 16.00    0.61  806.68 ^ _479147_/B (XNOR2x2_ASAP7_75t_R)
     3    4.90   17.90   32.32  839.00 v _479147_/Y (XNOR2x2_ASAP7_75t_R)
                                         _406449_ (net)
                 17.92    0.28  839.28 v place69274/A (BUFx6f_ASAP7_75t_R)
     6    7.91   11.81   17.45  856.73 v place69274/Y (BUFx6f_ASAP7_75t_R)
                                         net68841 (net)
                 13.67    2.44  859.17 v place69272/A (BUFx6f_ASAP7_75t_R)
    13   12.27   15.14   18.33  877.51 v place69272/Y (BUFx6f_ASAP7_75t_R)
                                         net68839 (net)
                 15.29    0.90  878.40 v _752564_/C (OA211x2_ASAP7_75t_R)
     1    0.73    9.33   28.96  907.37 v _752564_/Y (OA211x2_ASAP7_75t_R)
                                         _460963_ (net)
                  9.33    0.06  907.43 v _752565_/D (OR4x1_ASAP7_75t_R)
     2    6.38   40.07   42.17  949.60 v _752565_/Y (OR4x1_ASAP7_75t_R)
                                         _460964_ (net)
                 40.36    1.97  951.57 v _753391_/C1 (AO222x2_ASAP7_75t_R)
     1    1.02    9.97   37.20  988.77 v _753391_/Y (AO222x2_ASAP7_75t_R)
                                         _461769_ (net)
                  9.98    0.16  988.93 v _753392_/C (AO221x1_ASAP7_75t_R)
     2    2.46   18.15   27.57 1016.50 v _753392_/Y (AO221x1_ASAP7_75t_R)
                                         _461770_ (net)
                 18.17    0.27 1016.76 v _760506_/A2 (OA21x2_ASAP7_75t_R)
     1    3.03   12.66   23.12 1039.88 v _760506_/Y (OA21x2_ASAP7_75t_R)
                                         cv3[97] (net)
                 12.80    0.73 1040.61 v place67216/A (BUFx6f_ASAP7_75t_R)
     2   22.60   26.56   16.42 1057.03 v place67216/Y (BUFx6f_ASAP7_75t_R)
                                         net66783 (net)
                 52.11   15.33 1072.36 v _798774_/CI (FAx1_ASAP7_75t_R)
     1    3.21   68.29   70.42 1142.78 v _798774_/SN (FAx1_ASAP7_75t_R)
                                         _079952_ (net)
                 68.31    0.71 1143.49 v place67080/A (BUFx3_ASAP7_75t_R)
     1    0.77    7.14   25.17 1168.66 v place67080/Y (BUFx3_ASAP7_75t_R)
                                         net66647 (net)
                  7.14    0.06 1168.72 v _577758_/A (INVx1_ASAP7_75t_R)
     1    1.12    9.00    6.89 1175.61 ^ _577758_/Y (INVx1_ASAP7_75t_R)
                                         _079954_ (net)
                  9.00    0.04 1175.65 ^ _857294_/A (HAxp5_ASAP7_75t_R)
     2    1.44   22.76   12.63 1188.28 v _857294_/CON (HAxp5_ASAP7_75t_R)
                                         _360563_ (net)
                 22.77    0.07 1188.36 v _477079_/A (INVx1_ASAP7_75t_R)
     1    1.76   16.41   13.08 1201.44 ^ _477079_/Y (INVx1_ASAP7_75t_R)
                                         _080786_ (net)
                 16.42    0.14 1201.57 ^ _798927_/CI (FAx1_ASAP7_75t_R)
     2    1.53   27.45   17.80 1219.37 v _798927_/CON (FAx1_ASAP7_75t_R)
                                         _080787_ (net)
                 27.45    0.08 1219.45 v _484705_/A2 (OA21x2_ASAP7_75t_R)
     1    0.72    6.71   21.79 1241.24 v _484705_/Y (OA21x2_ASAP7_75t_R)
                                         _409203_ (net)
                  6.72    0.06 1241.29 v _484706_/A2 (OA21x2_ASAP7_75t_R)
     2    1.43    8.35   17.33 1258.63 v _484706_/Y (OA21x2_ASAP7_75t_R)
                                         _409204_ (net)
                  8.35    0.07 1258.69 v _544475_/A2 (OA21x2_ASAP7_75t_R)
     1    4.44   17.15   21.91 1280.60 v _544475_/Y (OA21x2_ASAP7_75t_R)
                                         _419589_ (net)
                 17.43    1.21 1281.81 v _544476_/A2 (OA21x2_ASAP7_75t_R)
     1    1.15    8.07   19.99 1301.80 v _544476_/Y (OA21x2_ASAP7_75t_R)
                                         _419590_ (net)
                  8.08    0.11 1301.91 v _544477_/B (XNOR2x2_ASAP7_75t_R)
     1    1.11    8.20   20.63 1322.55 ^ _544477_/Y (XNOR2x2_ASAP7_75t_R)
                                         _419591_ (net)
                  8.20    0.09 1322.64 ^ _544478_/B (XNOR2x2_ASAP7_75t_R)
     1    1.24    8.46   20.86 1343.50 ^ _544478_/Y (XNOR2x2_ASAP7_75t_R)
                                         _419592_ (net)
                  8.47    0.12 1343.62 ^ _544479_/B (XNOR2x2_ASAP7_75t_R)
     1    1.12    9.22   24.80 1368.42 v _544479_/Y (XNOR2x2_ASAP7_75t_R)
                                         _419593_ (net)
                  9.22    0.09 1368.51 v _544480_/B (XOR2x2_ASAP7_75t_R)
     1    2.03   11.79   26.08 1394.59 ^ _544480_/Y (XOR2x2_ASAP7_75t_R)
                                         c_nxt[103] (net)
                 11.84    0.39 1394.98 ^ c_fut[103]$_DFF_P_/D (DFFHQNx1_ASAP7_75t_R)
                               1394.98   data arrival time

                       1000.00 1000.00   clock core_clock (rise edge)
                          0.00 1000.00   clock source latency
     1   14.02    0.00    0.00 1000.00 ^ clk (in)
                                         clk (net)
                 26.43    8.34 1008.34 ^ wire88053/A (BUFx16f_ASAP7_75t_R)
     2   20.00   11.00   19.53 1027.86 ^ wire88053/Y (BUFx16f_ASAP7_75t_R)
                                         net87620 (net)
                 15.63    2.90 1030.76 ^ delaybuf_77_core_clock/A (BUFx24_ASAP7_75t_R)
     1    2.39    6.95   19.14 1049.91 ^ delaybuf_77_core_clock/Y (BUFx24_ASAP7_75t_R)
                                         delaynet_77_core_clock (net)
                  6.98    0.47 1050.38 ^ delaybuf_78_core_clock/A (BUFx24_ASAP7_75t_R)
     1    2.02    6.71   16.48 1066.86 ^ delaybuf_78_core_clock/Y (BUFx24_ASAP7_75t_R)
                                         delaynet_78_core_clock (net)
                  6.71    0.07 1066.94 ^ delaybuf_79_core_clock/A (BUFx24_ASAP7_75t_R)
     1    2.27    6.80   16.43 1083.37 ^ delaybuf_79_core_clock/Y (BUFx24_ASAP7_75t_R)
                                         delaynet_79_core_clock (net)
                  6.81    0.28 1083.65 ^ delaybuf_80_core_clock/A (BUFx24_ASAP7_75t_R)
     1    2.04    6.70   16.43 1100.08 ^ delaybuf_80_core_clock/Y (BUFx24_ASAP7_75t_R)
                                         delaynet_80_core_clock (net)
                  6.70    0.08 1100.16 ^ delaybuf_81_core_clock/A (BUFx24_ASAP7_75t_R)
     1    2.16    6.76   16.41 1116.58 ^ delaybuf_81_core_clock/Y (BUFx24_ASAP7_75t_R)
                                         delaynet_81_core_clock (net)
                  6.76    0.22 1116.79 ^ delaybuf_82_core_clock/A (BUFx24_ASAP7_75t_R)
     1    2.17    6.76   16.43 1133.23 ^ delaybuf_82_core_clock/Y (BUFx24_ASAP7_75t_R)
                                         delaynet_82_core_clock (net)
                  6.77    0.23 1133.46 ^ delaybuf_83_core_clock/A (BUFx24_ASAP7_75t_R)
     1    2.04    6.70   16.42 1149.88 ^ delaybuf_83_core_clock/Y (BUFx24_ASAP7_75t_R)
                                         delaynet_83_core_clock (net)
                  6.70    0.08 1149.96 ^ delaybuf_84_core_clock/A (BUFx24_ASAP7_75t_R)
     1    2.19    6.77   16.41 1166.37 ^ delaybuf_84_core_clock/Y (BUFx24_ASAP7_75t_R)
                                         delaynet_84_core_clock (net)
                  6.79    0.34 1166.71 ^ delaybuf_85_core_clock/A (BUFx24_ASAP7_75t_R)
     1    2.09    6.73   16.43 1183.14 ^ delaybuf_85_core_clock/Y (BUFx24_ASAP7_75t_R)
                                         delaynet_85_core_clock (net)
                  6.74    0.25 1183.39 ^ delaybuf_86_core_clock/A (BUFx24_ASAP7_75t_R)
     1    2.12    6.74   16.42 1199.81 ^ delaybuf_86_core_clock/Y (BUFx24_ASAP7_75t_R)
                                         delaynet_86_core_clock (net)
                  6.74    0.20 1200.01 ^ delaybuf_87_core_clock/A (BUFx24_ASAP7_75t_R)
     1    2.18    6.76   16.43 1216.44 ^ delaybuf_87_core_clock/Y (BUFx24_ASAP7_75t_R)
                                         delaynet_87_core_clock (net)
                  6.77    0.24 1216.68 ^ delaybuf_88_core_clock/A (BUFx24_ASAP7_75t_R)
     1    2.12    6.74   16.43 1233.11 ^ delaybuf_88_core_clock/Y (BUFx24_ASAP7_75t_R)
                                         delaynet_88_core_clock (net)
                  6.74    0.20 1233.31 ^ delaybuf_89_core_clock/A (BUFx24_ASAP7_75t_R)
     1    2.12    6.74   16.42 1249.73 ^ delaybuf_89_core_clock/Y (BUFx24_ASAP7_75t_R)
                                         delaynet_89_core_clock (net)
                  6.75    0.27 1250.00 ^ delaybuf_90_core_clock/A (BUFx24_ASAP7_75t_R)
     1    2.13    6.74   16.42 1266.42 ^ delaybuf_90_core_clock/Y (BUFx24_ASAP7_75t_R)
                                         delaynet_90_core_clock (net)
                  6.75    0.21 1266.63 ^ delaybuf_91_core_clock/A (BUFx24_ASAP7_75t_R)
     1    2.30    6.82   16.45 1283.08 ^ delaybuf_91_core_clock/Y (BUFx24_ASAP7_75t_R)
                                         delaynet_91_core_clock (net)
                  6.83    0.33 1283.41 ^ delaybuf_92_core_clock/A (BUFx24_ASAP7_75t_R)
     1    2.54    6.92   16.51 1299.92 ^ delaybuf_92_core_clock/Y (BUFx24_ASAP7_75t_R)
                                         delaynet_92_core_clock (net)
                  6.97    0.52 1300.44 ^ delaybuf_93_core_clock/A (BUFx24_ASAP7_75t_R)
     1    2.31    6.82   16.51 1316.96 ^ delaybuf_93_core_clock/Y (BUFx24_ASAP7_75t_R)
                                         delaynet_93_core_clock (net)
                  6.85    0.42 1317.37 ^ delaybuf_94_core_clock/A (BUFx24_ASAP7_75t_R)
     1    2.27    6.81   16.47 1333.84 ^ delaybuf_94_core_clock/Y (BUFx24_ASAP7_75t_R)
                                         delaynet_94_core_clock (net)
                  6.82    0.35 1334.20 ^ delaybuf_95_core_clock/A (BUFx24_ASAP7_75t_R)
     1    2.28    6.81   16.47 1350.66 ^ delaybuf_95_core_clock/Y (BUFx24_ASAP7_75t_R)
                                         delaynet_95_core_clock (net)
                  6.83    0.37 1351.04 ^ delaybuf_96_core_clock/A (BUFx24_ASAP7_75t_R)
     1    2.07    6.72   16.44 1367.48 ^ delaybuf_96_core_clock/Y (BUFx24_ASAP7_75t_R)
                                         delaynet_96_core_clock (net)
                  6.72    0.17 1367.65 ^ delaybuf_97_core_clock/A (BUFx24_ASAP7_75t_R)
     1    2.07    6.72   16.41 1384.05 ^ delaybuf_97_core_clock/Y (BUFx24_ASAP7_75t_R)
                                         delaynet_97_core_clock (net)
                  6.72    0.16 1384.22 ^ clkbuf_regs_0_core_clock/A (BUFx24_ASAP7_75t_R)
     1    2.38    6.86   16.45 1400.66 ^ clkbuf_regs_0_core_clock/Y (BUFx24_ASAP7_75t_R)
                                         clk_regs (net)
                  6.89    0.46 1401.12 ^ clkbuf_0_clk_regs/A (BUFx24_ASAP7_75t_R)
     2   11.64   10.40   17.57 1418.69 ^ clkbuf_0_clk_regs/Y (BUFx24_ASAP7_75t_R)
                                         clknet_0_clk_regs (net)
                 14.71    3.44 1422.13 ^ clkbuf_1_1_0_clk_regs/A (BUFx24_ASAP7_75t_R)
     2   10.76    9.88   19.80 1441.93 ^ clkbuf_1_1_0_clk_regs/Y (BUFx24_ASAP7_75t_R)
                                         clknet_1_1_0_clk_regs (net)
                 14.68    3.55 1445.48 ^ clkbuf_2_3__f_clk_regs/A (BUFx24_ASAP7_75t_R)
     9   33.18   21.34   21.73 1467.21 ^ clkbuf_2_3__f_clk_regs/Y (BUFx24_ASAP7_75t_R)
                                         clknet_2_3__leaf_clk_regs (net)
                 29.90    6.89 1474.10 ^ clkbuf_leaf_11_clk_regs/A (BUFx24_ASAP7_75t_R)
    16   12.70   11.58   24.52 1498.62 ^ clkbuf_leaf_11_clk_regs/Y (BUFx24_ASAP7_75t_R)
                                         clknet_leaf_11_clk_regs (net)
                 12.38    1.49 1500.11 ^ c_fut[103]$_DFF_P_/CLK (DFFHQNx1_ASAP7_75t_R)
                       -150.00 1350.11   clock uncertainty
                          1.27 1351.38   clock reconvergence pessimism
                         -6.75 1344.63   library setup time
                               1344.63   data required time
-----------------------------------------------------------------------------
                               1344.63   data required time
                               -1394.98   data arrival time
-----------------------------------------------------------------------------
                                -50.35   slack (VIOLATED)


Startpoint: out_pix_data[144]$_DFFE_PN0P_
            (rising edge-triggered flip-flop clocked by core_clock)
Endpoint: out_pix_data[144] (output port clocked by vclk_core_clock)
Path Group: vclk_core_clock
Path Type: max

Fanout     Cap    Slew   Delay    Time   Description
-----------------------------------------------------------------------------
                          0.00    0.00   clock core_clock (rise edge)
                          0.00    0.00   clock source latency
     1   14.68    0.00    0.00    0.00 ^ clk (in)
                                         clk (net)
                 28.65    9.04    9.04 ^ wire88053/A (BUFx16f_ASAP7_75t_R)
     2   20.88   11.49   20.10   29.14 ^ wire88053/Y (BUFx16f_ASAP7_75t_R)
                                         net87620 (net)
                 54.35   16.88   46.02 ^ wire88052/A (BUFx6f_ASAP7_75t_R)
     1    9.81   16.30   22.20   68.22 ^ wire88052/Y (BUFx6f_ASAP7_75t_R)
                                         net87619 (net)
                 24.77    6.14   74.36 ^ clkbuf_0_clk/A (BUFx24_ASAP7_75t_R)
     2    9.17    9.69   22.61   96.97 ^ clkbuf_0_clk/Y (BUFx24_ASAP7_75t_R)
                                         clknet_0_clk (net)
                 12.13    2.55   99.51 ^ clkbuf_1_1_0_clk/A (BUFx24_ASAP7_75t_R)
     2    8.68    9.11   18.94  118.45 ^ clkbuf_1_1_0_clk/Y (BUFx24_ASAP7_75t_R)
                                         clknet_1_1_0_clk (net)
                 12.39    2.86  121.31 ^ clkbuf_2_3_0_clk/A (BUFx24_ASAP7_75t_R)
     1    7.04    8.40   18.70  140.01 ^ clkbuf_2_3_0_clk/Y (BUFx24_ASAP7_75t_R)
                                         clknet_2_3_0_clk (net)
                 12.51    3.19  143.20 ^ clkbuf_2_3_1_clk/A (BUFx24_ASAP7_75t_R)
     2    9.51    9.32   19.12  162.32 ^ clkbuf_2_3_1_clk/Y (BUFx24_ASAP7_75t_R)
                                         clknet_2_3_1_clk (net)
                 10.43    1.38  163.70 ^ delaybuf_17_core_clock/A (BUFx24_ASAP7_75t_R)
     1    2.93    7.10   17.69  181.39 ^ delaybuf_17_core_clock/Y (BUFx24_ASAP7_75t_R)
                                         delaynet_17_core_clock (net)
                  7.16    0.61  181.99 ^ delaybuf_18_core_clock/A (BUFx24_ASAP7_75t_R)
     1    2.81    7.03   16.67  198.66 ^ delaybuf_18_core_clock/Y (BUFx24_ASAP7_75t_R)
                                         delaynet_18_core_clock (net)
                  7.05    0.38  199.04 ^ delaybuf_19_core_clock/A (BUFx24_ASAP7_75t_R)
     1    2.99    7.11   16.65  215.69 ^ delaybuf_19_core_clock/Y (BUFx24_ASAP7_75t_R)
                                         delaynet_19_core_clock (net)
                  7.17    0.62  216.31 ^ delaybuf_20_core_clock/A (BUFx24_ASAP7_75t_R)
     1    2.86    7.06   16.67  232.98 ^ delaybuf_20_core_clock/Y (BUFx24_ASAP7_75t_R)
                                         delaynet_20_core_clock (net)
                  7.10    0.50  233.48 ^ delaybuf_21_core_clock/A (BUFx24_ASAP7_75t_R)
     1    2.85    7.05   16.64  250.12 ^ delaybuf_21_core_clock/Y (BUFx24_ASAP7_75t_R)
                                         delaynet_21_core_clock (net)
                  7.11    0.56  250.68 ^ delaybuf_22_core_clock/A (BUFx24_ASAP7_75t_R)
     1    2.85    7.05   16.64  267.33 ^ delaybuf_22_core_clock/Y (BUFx24_ASAP7_75t_R)
                                         delaynet_22_core_clock (net)
                  7.11    0.56  267.89 ^ delaybuf_23_core_clock/A (BUFx24_ASAP7_75t_R)
     1    2.83    7.04   16.65  284.54 ^ delaybuf_23_core_clock/Y (BUFx24_ASAP7_75t_R)
                                         delaynet_23_core_clock (net)
                  7.06    0.39  284.93 ^ delaybuf_24_core_clock/A (BUFx24_ASAP7_75t_R)
     1    2.84    7.05   16.63  301.57 ^ delaybuf_24_core_clock/Y (BUFx24_ASAP7_75t_R)
                                         delaynet_24_core_clock (net)
                  7.09    0.49  302.06 ^ clkbuf_3_7_0_clk/A (BUFx24_ASAP7_75t_R)
     2   16.49   10.34   17.82  319.88 ^ clkbuf_3_7_0_clk/Y (BUFx24_ASAP7_75t_R)
                                         clknet_3_7_0_clk (net)
                 31.07    9.17  329.05 ^ clkbuf_leaf_8_clk/A (BUFx24_ASAP7_75t_R)
     2    5.57    8.73   23.72  352.77 ^ clkbuf_leaf_8_clk/Y (BUFx24_ASAP7_75t_R)
                                         clknet_leaf_8_clk (net)
                  8.75    0.41  353.18 ^ _788066_/CLK (ICGx1_ASAP7_75t_R)
     1    2.71   18.88   15.91  369.09 ^ _788066_/GCLK (ICGx1_ASAP7_75t_R)
                                         _474427_ (net)
                 18.90    0.34  369.44 ^ clkbuf_0__474427_/A (BUFx24_ASAP7_75t_R)
     2   12.24   10.84   21.43  390.87 ^ clkbuf_0__474427_/Y (BUFx24_ASAP7_75t_R)
                                         clknet_0__474427_ (net)
                 14.19    3.09  393.96 ^ clkbuf_1_0_0__474427_/A (BUFx24_ASAP7_75t_R)
     2    9.33    8.94   19.39  413.35 ^ clkbuf_1_0_0__474427_/Y (BUFx24_ASAP7_75t_R)
                                         clknet_1_0_0__474427_ (net)
                 15.42    4.06  417.41 ^ clkbuf_2_0_0__474427_/A (BUFx24_ASAP7_75t_R)
     2   11.80   10.39   20.12  437.54 ^ clkbuf_2_0_0__474427_/Y (BUFx24_ASAP7_75t_R)
                                         clknet_2_0_0__474427_ (net)
                 16.32    4.12  441.66 ^ clkbuf_3_0_0__474427_/A (BUFx24_ASAP7_75t_R)
     2    9.33    9.33   20.18  461.84 ^ clkbuf_3_0_0__474427_/Y (BUFx24_ASAP7_75t_R)
                                         clknet_3_0_0__474427_ (net)
                 12.97    2.97  464.82 ^ clkbuf_4_0__f__474427_/A (BUFx24_ASAP7_75t_R)
    16   16.73   12.38   19.64  484.46 ^ clkbuf_4_0__f__474427_/Y (BUFx24_ASAP7_75t_R)
                                         clknet_4_0__leaf__474427_ (net)
                 24.17    6.61  491.07 ^ out_pix_data[144]$_DFFE_PN0P_/CLK (DFFASRHQNx1_ASAP7_75t_R)
     1   17.38  125.66   73.71  564.78 ^ out_pix_data[144]$_DFFE_PN0P_/QN (DFFASRHQNx1_ASAP7_75t_R)
                                         _012890_ (net)
                174.38   41.77  606.55 ^ _769420_/A (INVx1_ASAP7_75t_R)
     1    5.12   63.63   42.18  648.74 v _769420_/Y (INVx1_ASAP7_75t_R)
                                         net17562 (net)
                 64.06    3.01  651.74 v place72657/A (BUFx3_ASAP7_75t_R)
     1   24.64   33.61   30.33  682.07 v place72657/Y (BUFx3_ASAP7_75t_R)
                                         net72224 (net)
                202.91   63.89  745.97 v wire60107/A (BUFx10_ASAP7_75t_R)
     1   15.53   16.27   49.55  795.51 v wire60107/Y (BUFx10_ASAP7_75t_R)
                                         out_pix_data[144] (net)
                 74.04   22.69  818.21 v out_pix_data[144] (out)
                                818.21   data arrival time

                  0.00 1000.00 1000.00   clock vclk_core_clock (rise edge)
                        800.00 1800.00   clock network delay (ideal)
                          0.00 1800.00   clock reconvergence pessimism
                       -200.00 1600.00   output external delay
                               1600.00   data required time
-----------------------------------------------------------------------------
                               1600.00   data required time
                               -818.21   data arrival time
-----------------------------------------------------------------------------
                                781.79   slack (MET)


Startpoint: in_data_q[35]$_DFFE_PN0P_
            (rising edge-triggered flip-flop clocked by core_clock)
Endpoint: mem_wdata[835] (output port clocked by vclk_mem)
Path Group: vclk_mem
Path Type: max

Fanout     Cap    Slew   Delay    Time   Description
-----------------------------------------------------------------------------
                          0.00    0.00   clock core_clock (rise edge)
                          0.00    0.00   clock source latency
     1   14.68    0.00    0.00    0.00 ^ clk (in)
                                         clk (net)
                 28.65    9.04    9.04 ^ wire88053/A (BUFx16f_ASAP7_75t_R)
     2   20.88   11.49   20.10   29.14 ^ wire88053/Y (BUFx16f_ASAP7_75t_R)
                                         net87620 (net)
                 54.35   16.88   46.02 ^ wire88052/A (BUFx6f_ASAP7_75t_R)
     1    9.81   16.30   22.20   68.22 ^ wire88052/Y (BUFx6f_ASAP7_75t_R)
                                         net87619 (net)
                 24.77    6.14   74.36 ^ clkbuf_0_clk/A (BUFx24_ASAP7_75t_R)
     2    9.17    9.69   22.61   96.97 ^ clkbuf_0_clk/Y (BUFx24_ASAP7_75t_R)
                                         clknet_0_clk (net)
                 10.36    1.16   98.13 ^ delaybuf_68_core_clock/A (BUFx24_ASAP7_75t_R)
     1    3.10    7.17   17.70  115.82 ^ delaybuf_68_core_clock/Y (BUFx24_ASAP7_75t_R)
                                         delaynet_68_core_clock (net)
                  7.25    0.66  116.48 ^ delaybuf_69_core_clock/A (BUFx24_ASAP7_75t_R)
     1    3.07    7.14   16.72  133.20 ^ delaybuf_69_core_clock/Y (BUFx24_ASAP7_75t_R)
                                         delaynet_69_core_clock (net)
                  7.22    0.66  133.87 ^ delaybuf_70_core_clock/A (BUFx24_ASAP7_75t_R)
     1    3.03    7.13   16.71  150.57 ^ delaybuf_70_core_clock/Y (BUFx24_ASAP7_75t_R)
                                         delaynet_70_core_clock (net)
                  7.21    0.67  151.24 ^ delaybuf_71_core_clock/A (BUFx24_ASAP7_75t_R)
     1    3.08    7.15   16.71  167.96 ^ delaybuf_71_core_clock/Y (BUFx24_ASAP7_75t_R)
                                         delaynet_71_core_clock (net)
                  7.23    0.66  168.62 ^ delaybuf_72_core_clock/A (BUFx24_ASAP7_75t_R)
     1    3.08    7.15   16.72  185.34 ^ delaybuf_72_core_clock/Y (BUFx24_ASAP7_75t_R)
                                         delaynet_72_core_clock (net)
                  7.21    0.63  185.96 ^ delaybuf_73_core_clock/A (BUFx24_ASAP7_75t_R)
     1    3.03    7.13   16.71  202.67 ^ delaybuf_73_core_clock/Y (BUFx24_ASAP7_75t_R)
                                         delaynet_73_core_clock (net)
                  7.19    0.58  203.25 ^ delaybuf_74_core_clock/A (BUFx24_ASAP7_75t_R)
     1    3.14    7.17   16.72  219.97 ^ delaybuf_74_core_clock/Y (BUFx24_ASAP7_75t_R)
                                         delaynet_74_core_clock (net)
                  7.23    0.59  220.57 ^ delaybuf_75_core_clock/A (BUFx24_ASAP7_75t_R)
     1    3.07    7.14   16.72  237.29 ^ delaybuf_75_core_clock/Y (BUFx24_ASAP7_75t_R)
                                         delaynet_75_core_clock (net)
                  7.21    0.60  237.89 ^ delaybuf_76_core_clock/A (BUFx24_ASAP7_75t_R)
     1    3.09    7.15   16.71  254.60 ^ delaybuf_76_core_clock/Y (BUFx24_ASAP7_75t_R)
                                         delaynet_76_core_clock (net)
                  7.21    0.62  255.22 ^ clkbuf_1_0_0_clk/A (BUFx24_ASAP7_75t_R)
     2    9.75    9.32   17.46  272.68 ^ clkbuf_1_0_0_clk/Y (BUFx24_ASAP7_75t_R)
                                         clknet_1_0_0_clk (net)
                 11.73    2.22  274.90 ^ delaybuf_65_core_clock/A (BUFx24_ASAP7_75t_R)
     1    3.63    7.40   18.18  293.08 ^ delaybuf_65_core_clock/Y (BUFx24_ASAP7_75t_R)
                                         delaynet_65_core_clock (net)
                  7.65    0.93  294.01 ^ delaybuf_66_core_clock/A (BUFx24_ASAP7_75t_R)
     1    3.60    7.36   16.92  310.93 ^ delaybuf_66_core_clock/Y (BUFx24_ASAP7_75t_R)
                                         delaynet_66_core_clock (net)
                  7.61    0.94  311.87 ^ delaybuf_67_core_clock/A (BUFx24_ASAP7_75t_R)
     1    3.92    7.48   16.96  328.83 ^ delaybuf_67_core_clock/Y (BUFx24_ASAP7_75t_R)
                                         delaynet_67_core_clock (net)
                  7.87    1.08  329.91 ^ clkbuf_2_0_0_clk/A (BUFx24_ASAP7_75t_R)
     1    7.67    8.56   17.43  347.34 ^ clkbuf_2_0_0_clk/Y (BUFx24_ASAP7_75t_R)
                                         clknet_2_0_0_clk (net)
                 13.03    3.36  350.70 ^ clkbuf_2_0_1_clk/A (BUFx24_ASAP7_75t_R)
     2    9.38    9.29   19.22  369.92 ^ clkbuf_2_0_1_clk/Y (BUFx24_ASAP7_75t_R)
                                         clknet_2_0_1_clk (net)
                 13.60    3.31  373.23 ^ clkbuf_3_0_0_clk/A (BUFx24_ASAP7_75t_R)
     2   12.93   10.12   19.47  392.70 ^ clkbuf_3_0_0_clk/Y (BUFx24_ASAP7_75t_R)
                                         clknet_3_0_0_clk (net)
                 21.85    6.10  398.80 ^ clkbuf_leaf_11_clk/A (BUFx24_ASAP7_75t_R)
     2    5.17    8.19   21.36  420.16 ^ clkbuf_leaf_11_clk/Y (BUFx24_ASAP7_75t_R)
                                         clknet_leaf_11_clk (net)
                  8.23    0.52  420.68 ^ _788071_/CLK (ICGx1_ASAP7_75t_R)
     1    2.80   19.42   16.06  436.74 ^ _788071_/GCLK (ICGx1_ASAP7_75t_R)
                                         _474432_ (net)
                 19.43    0.31  437.05 ^ clkbuf_0__474432_/A (BUFx24_ASAP7_75t_R)
     8   28.48   19.17   23.07  460.12 ^ clkbuf_0__474432_/Y (BUFx24_ASAP7_75t_R)
                                         clknet_0__474432_ (net)
                 25.87    5.81  465.93 ^ clkbuf_3_5_0__474432_/A (BUFx24_ASAP7_75t_R)
     2    6.14    8.71   22.47  488.40 ^ clkbuf_3_5_0__474432_/Y (BUFx24_ASAP7_75t_R)
                                         clknet_3_5_0__474432_ (net)
                  9.25    1.20  489.60 ^ clkbuf_4_11__f__474432_/A (BUFx24_ASAP7_75t_R)
     9    8.50    9.21   18.23  507.83 ^ clkbuf_4_11__f__474432_/Y (BUFx24_ASAP7_75t_R)
                                         clknet_4_11__leaf__474432_ (net)
                  9.51    0.75  508.59 ^ in_data_q[35]$_DFFE_PN0P_/CLK (DFFASRHQNx1_ASAP7_75t_R)
     2   17.86  110.53   79.24  587.82 v in_data_q[35]$_DFFE_PN0P_/QN (DFFASRHQNx1_ASAP7_75t_R)
                                         _001939_ (net)
                110.57    1.50  589.33 v place78711/A (BUFx3_ASAP7_75t_R)
     4   24.26   38.81   36.54  625.86 v place78711/Y (BUFx3_ASAP7_75t_R)
                                         net78278 (net)
                192.45   60.68  686.55 v place78710/A (BUFx3_ASAP7_75t_R)
     9   34.44   57.21   48.71  735.25 v place78710/Y (BUFx3_ASAP7_75t_R)
                                         net78277 (net)
                247.06   77.69  812.94 v place78709/A (BUFx3_ASAP7_75t_R)
     8   36.40   61.73   54.52  867.46 v place78709/Y (BUFx3_ASAP7_75t_R)
                                         net78276 (net)
                267.11   84.53  951.99 v place78708/A (BUFx3_ASAP7_75t_R)
     3   37.24   34.88   54.20 1006.19 v place78708/Y (BUFx3_ASAP7_75t_R)
                                         net78275 (net)
                385.02  122.32 1128.51 v place78707/A (BUFx3_ASAP7_75t_R)
     8   27.43   58.13   64.44 1192.95 v place78707/Y (BUFx3_ASAP7_75t_R)
                                         net78274 (net)
                164.99   50.73 1243.68 v place78706/A (BUFx3_ASAP7_75t_R)
     1   24.11   42.30   42.67 1286.35 v place78706/Y (BUFx3_ASAP7_75t_R)
                                         net78273 (net)
                190.85   60.37 1346.71 v _745696_/B (NOR2x1_ASAP7_75t_R)
     1    0.93   32.43   21.73 1368.44 ^ _745696_/Y (NOR2x1_ASAP7_75t_R)
                                         net17280 (net)
                 32.43    0.11 1368.55 ^ output17713/A (BUFx2_ASAP7_75t_R)
     1    1.79    9.45   19.87 1388.43 ^ output17713/Y (BUFx2_ASAP7_75t_R)
                                         mem_wdata[835] (net)
                  9.49    0.35 1388.78 ^ mem_wdata[835] (out)
                               1388.78   data arrival time

                  0.00 1000.00 1000.00   clock vclk_mem (rise edge)
                        800.00 1800.00   clock network delay (ideal)
                          0.00 1800.00   clock reconvergence pessimism
                       -100.00 1700.00   output external delay
                               1700.00   data required time
-----------------------------------------------------------------------------
                               1700.00   data required time
                               -1388.78   data arrival time
-----------------------------------------------------------------------------
                                311.22   slack (MET)



==========================================================================
finish report_checks -unconstrained
--------------------------------------------------------------------------
Startpoint: ymod_f[3]$_DFFE_PN0P_
            (rising edge-triggered flip-flop clocked by core_clock)
Endpoint: c_fut[103]$_DFF_P_
          (rising edge-triggered flip-flop clocked by core_clock)
Path Group: core_clock
Path Type: max

Fanout     Cap    Slew   Delay    Time   Description
-----------------------------------------------------------------------------
                          0.00    0.00   clock core_clock (rise edge)
                          0.00    0.00   clock source latency
     1   14.68    0.00    0.00    0.00 ^ clk (in)
                                         clk (net)
                 28.65    9.04    9.04 ^ wire88053/A (BUFx16f_ASAP7_75t_R)
     2   20.88   11.49   20.10   29.14 ^ wire88053/Y (BUFx16f_ASAP7_75t_R)
                                         net87620 (net)
                 54.35   16.88   46.02 ^ wire88052/A (BUFx6f_ASAP7_75t_R)
     1    9.81   16.30   22.20   68.22 ^ wire88052/Y (BUFx6f_ASAP7_75t_R)
                                         net87619 (net)
                 24.77    6.14   74.36 ^ clkbuf_0_clk/A (BUFx24_ASAP7_75t_R)
     2    9.17    9.69   22.61   96.97 ^ clkbuf_0_clk/Y (BUFx24_ASAP7_75t_R)
                                         clknet_0_clk (net)
                 10.36    1.16   98.13 ^ delaybuf_68_core_clock/A (BUFx24_ASAP7_75t_R)
     1    3.10    7.17   17.70  115.82 ^ delaybuf_68_core_clock/Y (BUFx24_ASAP7_75t_R)
                                         delaynet_68_core_clock (net)
                  7.25    0.66  116.48 ^ delaybuf_69_core_clock/A (BUFx24_ASAP7_75t_R)
     1    3.07    7.14   16.72  133.20 ^ delaybuf_69_core_clock/Y (BUFx24_ASAP7_75t_R)
                                         delaynet_69_core_clock (net)
                  7.22    0.66  133.87 ^ delaybuf_70_core_clock/A (BUFx24_ASAP7_75t_R)
     1    3.03    7.13   16.71  150.57 ^ delaybuf_70_core_clock/Y (BUFx24_ASAP7_75t_R)
                                         delaynet_70_core_clock (net)
                  7.21    0.67  151.24 ^ delaybuf_71_core_clock/A (BUFx24_ASAP7_75t_R)
     1    3.08    7.15   16.71  167.96 ^ delaybuf_71_core_clock/Y (BUFx24_ASAP7_75t_R)
                                         delaynet_71_core_clock (net)
                  7.23    0.66  168.62 ^ delaybuf_72_core_clock/A (BUFx24_ASAP7_75t_R)
     1    3.08    7.15   16.72  185.34 ^ delaybuf_72_core_clock/Y (BUFx24_ASAP7_75t_R)
                                         delaynet_72_core_clock (net)
                  7.21    0.63  185.96 ^ delaybuf_73_core_clock/A (BUFx24_ASAP7_75t_R)
     1    3.03    7.13   16.71  202.67 ^ delaybuf_73_core_clock/Y (BUFx24_ASAP7_75t_R)
                                         delaynet_73_core_clock (net)
                  7.19    0.58  203.25 ^ delaybuf_74_core_clock/A (BUFx24_ASAP7_75t_R)
     1    3.14    7.17   16.72  219.97 ^ delaybuf_74_core_clock/Y (BUFx24_ASAP7_75t_R)
                                         delaynet_74_core_clock (net)
                  7.23    0.59  220.57 ^ delaybuf_75_core_clock/A (BUFx24_ASAP7_75t_R)
     1    3.07    7.14   16.72  237.29 ^ delaybuf_75_core_clock/Y (BUFx24_ASAP7_75t_R)
                                         delaynet_75_core_clock (net)
                  7.21    0.60  237.89 ^ delaybuf_76_core_clock/A (BUFx24_ASAP7_75t_R)
     1    3.09    7.15   16.71  254.60 ^ delaybuf_76_core_clock/Y (BUFx24_ASAP7_75t_R)
                                         delaynet_76_core_clock (net)
                  7.21    0.62  255.22 ^ clkbuf_1_0_0_clk/A (BUFx24_ASAP7_75t_R)
     2    9.75    9.32   17.46  272.68 ^ clkbuf_1_0_0_clk/Y (BUFx24_ASAP7_75t_R)
                                         clknet_1_0_0_clk (net)
                 14.27    3.56  276.24 ^ clkbuf_2_1_0_clk/A (BUFx24_ASAP7_75t_R)
     1    7.58    8.55   19.31  295.54 ^ clkbuf_2_1_0_clk/Y (BUFx24_ASAP7_75t_R)
                                         clknet_2_1_0_clk (net)
                 13.38    3.49  299.03 ^ clkbuf_2_1_1_clk/A (BUFx24_ASAP7_75t_R)
     2    9.22    9.24   19.34  318.37 ^ clkbuf_2_1_1_clk/Y (BUFx24_ASAP7_75t_R)
                                         clknet_2_1_1_clk (net)
                 13.29    3.21  321.57 ^ clkbuf_3_3_0_clk/A (BUFx24_ASAP7_75t_R)
     2   18.94   13.12   19.83  341.41 ^ clkbuf_3_3_0_clk/Y (BUFx24_ASAP7_75t_R)
                                         clknet_3_3_0_clk (net)
                 18.90    4.20  345.61 ^ delaybuf_43_core_clock/A (BUFx24_ASAP7_75t_R)
     1    6.79    8.60   20.71  366.32 ^ delaybuf_43_core_clock/Y (BUFx24_ASAP7_75t_R)
                                         delaynet_43_core_clock (net)
                 10.61    2.21  368.53 ^ delaybuf_44_core_clock/A (BUFx24_ASAP7_75t_R)
     1    5.58    8.08   18.10  386.63 ^ delaybuf_44_core_clock/Y (BUFx24_ASAP7_75t_R)
                                         delaynet_44_core_clock (net)
                  9.44    1.83  388.46 ^ clkbuf_leaf_1_clk/A (BUFx24_ASAP7_75t_R)
     2    9.38    9.47   18.32  406.78 ^ clkbuf_leaf_1_clk/Y (BUFx24_ASAP7_75t_R)
                                         clknet_leaf_1_clk (net)
                 10.17    1.13  407.91 ^ delaybuf_42_core_clock/A (BUFx24_ASAP7_75t_R)
     2    6.55    8.50   18.19  426.10 ^ delaybuf_42_core_clock/Y (BUFx24_ASAP7_75t_R)
                                         delaynet_42_core_clock (net)
                  9.00    1.11  427.21 ^ delaybuf_41_core_clock/A (BUFx24_ASAP7_75t_R)
     2    9.87    9.63   18.23  445.44 ^ delaybuf_41_core_clock/Y (BUFx24_ASAP7_75t_R)
                                         delaynet_41_core_clock (net)
                 12.22    2.53  447.97 ^ _788075_/CLK (ICGx1_ASAP7_75t_R)
     1    2.77   19.32   16.71  464.68 ^ _788075_/GCLK (ICGx1_ASAP7_75t_R)
                                         _474436_ (net)
                 19.34    0.35  465.03 ^ clkbuf_0__474436_/A (BUFx24_ASAP7_75t_R)
     2    9.18    9.58   21.26  486.29 ^ clkbuf_0__474436_/Y (BUFx24_ASAP7_75t_R)
                                         clknet_0__474436_ (net)
                 10.79    1.65  487.94 ^ clkbuf_1_1__f__474436_/A (BUFx24_ASAP7_75t_R)
    12   12.45    9.82   18.68  506.62 ^ clkbuf_1_1__f__474436_/Y (BUFx24_ASAP7_75t_R)
                                         clknet_1_1__leaf__474436_ (net)
                 14.60    3.30  509.92 ^ ymod_f[3]$_DFFE_PN0P_/CLK (DFFASRHQNx1_ASAP7_75t_R)
     2    3.62   32.55   51.35  561.27 ^ ymod_f[3]$_DFFE_PN0P_/QN (DFFASRHQNx1_ASAP7_75t_R)
                                         _315944_ (net)
                 32.59    0.60  561.88 ^ place76172/A (BUFx6f_ASAP7_75t_R)
     1   14.75   21.08   20.15  582.03 ^ place76172/Y (BUFx6f_ASAP7_75t_R)
                                         net75739 (net)
                 33.29    8.65  590.68 ^ _844244_/B (HAxp5_ASAP7_75t_R)
     1    0.94   23.83   16.47  607.15 v _844244_/CON (HAxp5_ASAP7_75t_R)
                                         _315945_ (net)
     1    0.71   20.47   10.21  617.36 ^ _844244_/SN (HAxp5_ASAP7_75t_R)
                                         _315946_ (net)
                 20.47    0.03  617.38 ^ _634220_/A (INVx1_ASAP7_75t_R)
     1    1.14   10.78    9.02  626.41 v _634220_/Y (INVx1_ASAP7_75t_R)
                                         _315948_ (net)
                 10.78    0.09  626.50 v _860673_/A (HAxp5_ASAP7_75t_R)
     3    3.09   36.46   20.88  647.38 ^ _860673_/CON (HAxp5_ASAP7_75t_R)
                                         _371454_ (net)
     2    2.12   39.15   18.56  665.94 v _860673_/SN (HAxp5_ASAP7_75t_R)
                                         _371455_ (net)
                 39.15    0.17  666.11 v place71335/A (BUFx6f_ASAP7_75t_R)
     6    7.38   11.41   22.85  688.96 v place71335/Y (BUFx6f_ASAP7_75t_R)
                                         net70902 (net)
                 11.63    0.86  689.81 v _479107_/B (OR3x1_ASAP7_75t_R)
     2    2.05   16.23   24.91  714.72 v _479107_/Y (OR3x1_ASAP7_75t_R)
                                         _406409_ (net)
                 16.24    0.19  714.91 v _479110_/A1 (AO21x1_ASAP7_75t_R)
     3    2.27   15.09   21.84  736.76 v _479110_/Y (AO21x1_ASAP7_75t_R)
                                         _406412_ (net)
                 15.10    0.19  736.94 v _479137_/A1 (AOI221x1_ASAP7_75t_R)
     4    3.10   34.77   21.19  758.14 ^ _479137_/Y (AOI221x1_ASAP7_75t_R)
                                         _406439_ (net)
                 34.80    0.59  758.73 ^ place69859/A (BUFx3_ASAP7_75t_R)
     5    3.75   11.67   20.94  779.67 ^ place69859/Y (BUFx3_ASAP7_75t_R)
                                         net69426 (net)
                 11.69    0.22  779.89 ^ _479146_/A1 (OA31x2_ASAP7_75t_R)
     3    3.36   15.92   26.18  806.07 ^ _479146_/Y (OA31x2_ASAP7_75t_R)
                                         _406448_ (net)
                 16.00    0.61  806.68 ^ _479147_/B (XNOR2x2_ASAP7_75t_R)
     3    4.90   17.90   32.32  839.00 v _479147_/Y (XNOR2x2_ASAP7_75t_R)
                                         _406449_ (net)
                 17.92    0.28  839.28 v place69274/A (BUFx6f_ASAP7_75t_R)
     6    7.91   11.81   17.45  856.73 v place69274/Y (BUFx6f_ASAP7_75t_R)
                                         net68841 (net)
                 13.67    2.44  859.17 v place69272/A (BUFx6f_ASAP7_75t_R)
    13   12.27   15.14   18.33  877.51 v place69272/Y (BUFx6f_ASAP7_75t_R)
                                         net68839 (net)
                 15.29    0.90  878.40 v _752564_/C (OA211x2_ASAP7_75t_R)
     1    0.73    9.33   28.96  907.37 v _752564_/Y (OA211x2_ASAP7_75t_R)
                                         _460963_ (net)
                  9.33    0.06  907.43 v _752565_/D (OR4x1_ASAP7_75t_R)
     2    6.38   40.07   42.17  949.60 v _752565_/Y (OR4x1_ASAP7_75t_R)
                                         _460964_ (net)
                 40.36    1.97  951.57 v _753391_/C1 (AO222x2_ASAP7_75t_R)
     1    1.02    9.97   37.20  988.77 v _753391_/Y (AO222x2_ASAP7_75t_R)
                                         _461769_ (net)
                  9.98    0.16  988.93 v _753392_/C (AO221x1_ASAP7_75t_R)
     2    2.46   18.15   27.57 1016.50 v _753392_/Y (AO221x1_ASAP7_75t_R)
                                         _461770_ (net)
                 18.17    0.27 1016.76 v _760506_/A2 (OA21x2_ASAP7_75t_R)
     1    3.03   12.66   23.12 1039.88 v _760506_/Y (OA21x2_ASAP7_75t_R)
                                         cv3[97] (net)
                 12.80    0.73 1040.61 v place67216/A (BUFx6f_ASAP7_75t_R)
     2   22.60   26.56   16.42 1057.03 v place67216/Y (BUFx6f_ASAP7_75t_R)
                                         net66783 (net)
                 52.11   15.33 1072.36 v _798774_/CI (FAx1_ASAP7_75t_R)
     1    3.21   68.29   70.42 1142.78 v _798774_/SN (FAx1_ASAP7_75t_R)
                                         _079952_ (net)
                 68.31    0.71 1143.49 v place67080/A (BUFx3_ASAP7_75t_R)
     1    0.77    7.14   25.17 1168.66 v place67080/Y (BUFx3_ASAP7_75t_R)
                                         net66647 (net)
                  7.14    0.06 1168.72 v _577758_/A (INVx1_ASAP7_75t_R)
     1    1.12    9.00    6.89 1175.61 ^ _577758_/Y (INVx1_ASAP7_75t_R)
                                         _079954_ (net)
                  9.00    0.04 1175.65 ^ _857294_/A (HAxp5_ASAP7_75t_R)
     2    1.44   22.76   12.63 1188.28 v _857294_/CON (HAxp5_ASAP7_75t_R)
                                         _360563_ (net)
                 22.77    0.07 1188.36 v _477079_/A (INVx1_ASAP7_75t_R)
     1    1.76   16.41   13.08 1201.44 ^ _477079_/Y (INVx1_ASAP7_75t_R)
                                         _080786_ (net)
                 16.42    0.14 1201.57 ^ _798927_/CI (FAx1_ASAP7_75t_R)
     2    1.53   27.45   17.80 1219.37 v _798927_/CON (FAx1_ASAP7_75t_R)
                                         _080787_ (net)
                 27.45    0.08 1219.45 v _484705_/A2 (OA21x2_ASAP7_75t_R)
     1    0.72    6.71   21.79 1241.24 v _484705_/Y (OA21x2_ASAP7_75t_R)
                                         _409203_ (net)
                  6.72    0.06 1241.29 v _484706_/A2 (OA21x2_ASAP7_75t_R)
     2    1.43    8.35   17.33 1258.63 v _484706_/Y (OA21x2_ASAP7_75t_R)
                                         _409204_ (net)
                  8.35    0.07 1258.69 v _544475_/A2 (OA21x2_ASAP7_75t_R)
     1    4.44   17.15   21.91 1280.60 v _544475_/Y (OA21x2_ASAP7_75t_R)
                                         _419589_ (net)
                 17.43    1.21 1281.81 v _544476_/A2 (OA21x2_ASAP7_75t_R)
     1    1.15    8.07   19.99 1301.80 v _544476_/Y (OA21x2_ASAP7_75t_R)
                                         _419590_ (net)
                  8.08    0.11 1301.91 v _544477_/B (XNOR2x2_ASAP7_75t_R)
     1    1.11    8.20   20.63 1322.55 ^ _544477_/Y (XNOR2x2_ASAP7_75t_R)
                                         _419591_ (net)
                  8.20    0.09 1322.64 ^ _544478_/B (XNOR2x2_ASAP7_75t_R)
     1    1.24    8.46   20.86 1343.50 ^ _544478_/Y (XNOR2x2_ASAP7_75t_R)
                                         _419592_ (net)
                  8.47    0.12 1343.62 ^ _544479_/B (XNOR2x2_ASAP7_75t_R)
     1    1.12    9.22   24.80 1368.42 v _544479_/Y (XNOR2x2_ASAP7_75t_R)
                                         _419593_ (net)
                  9.22    0.09 1368.51 v _544480_/B (XOR2x2_ASAP7_75t_R)
     1    2.03   11.79   26.08 1394.59 ^ _544480_/Y (XOR2x2_ASAP7_75t_R)
                                         c_nxt[103] (net)
                 11.84    0.39 1394.98 ^ c_fut[103]$_DFF_P_/D (DFFHQNx1_ASAP7_75t_R)
                               1394.98   data arrival time

                       1000.00 1000.00   clock core_clock (rise edge)
                          0.00 1000.00   clock source latency
     1   14.02    0.00    0.00 1000.00 ^ clk (in)
                                         clk (net)
                 26.43    8.34 1008.34 ^ wire88053/A (BUFx16f_ASAP7_75t_R)
     2   20.00   11.00   19.53 1027.86 ^ wire88053/Y (BUFx16f_ASAP7_75t_R)
                                         net87620 (net)
                 15.63    2.90 1030.76 ^ delaybuf_77_core_clock/A (BUFx24_ASAP7_75t_R)
     1    2.39    6.95   19.14 1049.91 ^ delaybuf_77_core_clock/Y (BUFx24_ASAP7_75t_R)
                                         delaynet_77_core_clock (net)
                  6.98    0.47 1050.38 ^ delaybuf_78_core_clock/A (BUFx24_ASAP7_75t_R)
     1    2.02    6.71   16.48 1066.86 ^ delaybuf_78_core_clock/Y (BUFx24_ASAP7_75t_R)
                                         delaynet_78_core_clock (net)
                  6.71    0.07 1066.94 ^ delaybuf_79_core_clock/A (BUFx24_ASAP7_75t_R)
     1    2.27    6.80   16.43 1083.37 ^ delaybuf_79_core_clock/Y (BUFx24_ASAP7_75t_R)
                                         delaynet_79_core_clock (net)
                  6.81    0.28 1083.65 ^ delaybuf_80_core_clock/A (BUFx24_ASAP7_75t_R)
     1    2.04    6.70   16.43 1100.08 ^ delaybuf_80_core_clock/Y (BUFx24_ASAP7_75t_R)
                                         delaynet_80_core_clock (net)
                  6.70    0.08 1100.16 ^ delaybuf_81_core_clock/A (BUFx24_ASAP7_75t_R)
     1    2.16    6.76   16.41 1116.58 ^ delaybuf_81_core_clock/Y (BUFx24_ASAP7_75t_R)
                                         delaynet_81_core_clock (net)
                  6.76    0.22 1116.79 ^ delaybuf_82_core_clock/A (BUFx24_ASAP7_75t_R)
     1    2.17    6.76   16.43 1133.23 ^ delaybuf_82_core_clock/Y (BUFx24_ASAP7_75t_R)
                                         delaynet_82_core_clock (net)
                  6.77    0.23 1133.46 ^ delaybuf_83_core_clock/A (BUFx24_ASAP7_75t_R)
     1    2.04    6.70   16.42 1149.88 ^ delaybuf_83_core_clock/Y (BUFx24_ASAP7_75t_R)
                                         delaynet_83_core_clock (net)
                  6.70    0.08 1149.96 ^ delaybuf_84_core_clock/A (BUFx24_ASAP7_75t_R)
     1    2.19    6.77   16.41 1166.37 ^ delaybuf_84_core_clock/Y (BUFx24_ASAP7_75t_R)
                                         delaynet_84_core_clock (net)
                  6.79    0.34 1166.71 ^ delaybuf_85_core_clock/A (BUFx24_ASAP7_75t_R)
     1    2.09    6.73   16.43 1183.14 ^ delaybuf_85_core_clock/Y (BUFx24_ASAP7_75t_R)
                                         delaynet_85_core_clock (net)
                  6.74    0.25 1183.39 ^ delaybuf_86_core_clock/A (BUFx24_ASAP7_75t_R)
     1    2.12    6.74   16.42 1199.81 ^ delaybuf_86_core_clock/Y (BUFx24_ASAP7_75t_R)
                                         delaynet_86_core_clock (net)
                  6.74    0.20 1200.01 ^ delaybuf_87_core_clock/A (BUFx24_ASAP7_75t_R)
     1    2.18    6.76   16.43 1216.44 ^ delaybuf_87_core_clock/Y (BUFx24_ASAP7_75t_R)
                                         delaynet_87_core_clock (net)
                  6.77    0.24 1216.68 ^ delaybuf_88_core_clock/A (BUFx24_ASAP7_75t_R)
     1    2.12    6.74   16.43 1233.11 ^ delaybuf_88_core_clock/Y (BUFx24_ASAP7_75t_R)
                                         delaynet_88_core_clock (net)
                  6.74    0.20 1233.31 ^ delaybuf_89_core_clock/A (BUFx24_ASAP7_75t_R)
     1    2.12    6.74   16.42 1249.73 ^ delaybuf_89_core_clock/Y (BUFx24_ASAP7_75t_R)
                                         delaynet_89_core_clock (net)
                  6.75    0.27 1250.00 ^ delaybuf_90_core_clock/A (BUFx24_ASAP7_75t_R)
     1    2.13    6.74   16.42 1266.42 ^ delaybuf_90_core_clock/Y (BUFx24_ASAP7_75t_R)
                                         delaynet_90_core_clock (net)
                  6.75    0.21 1266.63 ^ delaybuf_91_core_clock/A (BUFx24_ASAP7_75t_R)
     1    2.30    6.82   16.45 1283.08 ^ delaybuf_91_core_clock/Y (BUFx24_ASAP7_75t_R)
                                         delaynet_91_core_clock (net)
                  6.83    0.33 1283.41 ^ delaybuf_92_core_clock/A (BUFx24_ASAP7_75t_R)
     1    2.54    6.92   16.51 1299.92 ^ delaybuf_92_core_clock/Y (BUFx24_ASAP7_75t_R)
                                         delaynet_92_core_clock (net)
                  6.97    0.52 1300.44 ^ delaybuf_93_core_clock/A (BUFx24_ASAP7_75t_R)
     1    2.31    6.82   16.51 1316.96 ^ delaybuf_93_core_clock/Y (BUFx24_ASAP7_75t_R)
                                         delaynet_93_core_clock (net)
                  6.85    0.42 1317.37 ^ delaybuf_94_core_clock/A (BUFx24_ASAP7_75t_R)
     1    2.27    6.81   16.47 1333.84 ^ delaybuf_94_core_clock/Y (BUFx24_ASAP7_75t_R)
                                         delaynet_94_core_clock (net)
                  6.82    0.35 1334.20 ^ delaybuf_95_core_clock/A (BUFx24_ASAP7_75t_R)
     1    2.28    6.81   16.47 1350.66 ^ delaybuf_95_core_clock/Y (BUFx24_ASAP7_75t_R)
                                         delaynet_95_core_clock (net)
                  6.83    0.37 1351.04 ^ delaybuf_96_core_clock/A (BUFx24_ASAP7_75t_R)
     1    2.07    6.72   16.44 1367.48 ^ delaybuf_96_core_clock/Y (BUFx24_ASAP7_75t_R)
                                         delaynet_96_core_clock (net)
                  6.72    0.17 1367.65 ^ delaybuf_97_core_clock/A (BUFx24_ASAP7_75t_R)
     1    2.07    6.72   16.41 1384.05 ^ delaybuf_97_core_clock/Y (BUFx24_ASAP7_75t_R)
                                         delaynet_97_core_clock (net)
                  6.72    0.16 1384.22 ^ clkbuf_regs_0_core_clock/A (BUFx24_ASAP7_75t_R)
     1    2.38    6.86   16.45 1400.66 ^ clkbuf_regs_0_core_clock/Y (BUFx24_ASAP7_75t_R)
                                         clk_regs (net)
                  6.89    0.46 1401.12 ^ clkbuf_0_clk_regs/A (BUFx24_ASAP7_75t_R)
     2   11.64   10.40   17.57 1418.69 ^ clkbuf_0_clk_regs/Y (BUFx24_ASAP7_75t_R)
                                         clknet_0_clk_regs (net)
                 14.71    3.44 1422.13 ^ clkbuf_1_1_0_clk_regs/A (BUFx24_ASAP7_75t_R)
     2   10.76    9.88   19.80 1441.93 ^ clkbuf_1_1_0_clk_regs/Y (BUFx24_ASAP7_75t_R)
                                         clknet_1_1_0_clk_regs (net)
                 14.68    3.55 1445.48 ^ clkbuf_2_3__f_clk_regs/A (BUFx24_ASAP7_75t_R)
     9   33.18   21.34   21.73 1467.21 ^ clkbuf_2_3__f_clk_regs/Y (BUFx24_ASAP7_75t_R)
                                         clknet_2_3__leaf_clk_regs (net)
                 29.90    6.89 1474.10 ^ clkbuf_leaf_11_clk_regs/A (BUFx24_ASAP7_75t_R)
    16   12.70   11.58   24.52 1498.62 ^ clkbuf_leaf_11_clk_regs/Y (BUFx24_ASAP7_75t_R)
                                         clknet_leaf_11_clk_regs (net)
                 12.38    1.49 1500.11 ^ c_fut[103]$_DFF_P_/CLK (DFFHQNx1_ASAP7_75t_R)
                       -150.00 1350.11   clock uncertainty
                          1.27 1351.38   clock reconvergence pessimism
                         -6.75 1344.63   library setup time
                               1344.63   data required time
-----------------------------------------------------------------------------
                               1344.63   data required time
                               -1394.98   data arrival time
-----------------------------------------------------------------------------
                                -50.35   slack (VIOLATED)


Startpoint: out_pix_data[144]$_DFFE_PN0P_
            (rising edge-triggered flip-flop clocked by core_clock)
Endpoint: out_pix_data[144] (output port clocked by vclk_core_clock)
Path Group: vclk_core_clock
Path Type: max

Fanout     Cap    Slew   Delay    Time   Description
-----------------------------------------------------------------------------
                          0.00    0.00   clock core_clock (rise edge)
                          0.00    0.00   clock source latency
     1   14.68    0.00    0.00    0.00 ^ clk (in)
                                         clk (net)
                 28.65    9.04    9.04 ^ wire88053/A (BUFx16f_ASAP7_75t_R)
     2   20.88   11.49   20.10   29.14 ^ wire88053/Y (BUFx16f_ASAP7_75t_R)
                                         net87620 (net)
                 54.35   16.88   46.02 ^ wire88052/A (BUFx6f_ASAP7_75t_R)
     1    9.81   16.30   22.20   68.22 ^ wire88052/Y (BUFx6f_ASAP7_75t_R)
                                         net87619 (net)
                 24.77    6.14   74.36 ^ clkbuf_0_clk/A (BUFx24_ASAP7_75t_R)
     2    9.17    9.69   22.61   96.97 ^ clkbuf_0_clk/Y (BUFx24_ASAP7_75t_R)
                                         clknet_0_clk (net)
                 12.13    2.55   99.51 ^ clkbuf_1_1_0_clk/A (BUFx24_ASAP7_75t_R)
     2    8.68    9.11   18.94  118.45 ^ clkbuf_1_1_0_clk/Y (BUFx24_ASAP7_75t_R)
                                         clknet_1_1_0_clk (net)
                 12.39    2.86  121.31 ^ clkbuf_2_3_0_clk/A (BUFx24_ASAP7_75t_R)
     1    7.04    8.40   18.70  140.01 ^ clkbuf_2_3_0_clk/Y (BUFx24_ASAP7_75t_R)
                                         clknet_2_3_0_clk (net)
                 12.51    3.19  143.20 ^ clkbuf_2_3_1_clk/A (BUFx24_ASAP7_75t_R)
     2    9.51    9.32   19.12  162.32 ^ clkbuf_2_3_1_clk/Y (BUFx24_ASAP7_75t_R)
                                         clknet_2_3_1_clk (net)
                 10.43    1.38  163.70 ^ delaybuf_17_core_clock/A (BUFx24_ASAP7_75t_R)
     1    2.93    7.10   17.69  181.39 ^ delaybuf_17_core_clock/Y (BUFx24_ASAP7_75t_R)
                                         delaynet_17_core_clock (net)
                  7.16    0.61  181.99 ^ delaybuf_18_core_clock/A (BUFx24_ASAP7_75t_R)
     1    2.81    7.03   16.67  198.66 ^ delaybuf_18_core_clock/Y (BUFx24_ASAP7_75t_R)
                                         delaynet_18_core_clock (net)
                  7.05    0.38  199.04 ^ delaybuf_19_core_clock/A (BUFx24_ASAP7_75t_R)
     1    2.99    7.11   16.65  215.69 ^ delaybuf_19_core_clock/Y (BUFx24_ASAP7_75t_R)
                                         delaynet_19_core_clock (net)
                  7.17    0.62  216.31 ^ delaybuf_20_core_clock/A (BUFx24_ASAP7_75t_R)
     1    2.86    7.06   16.67  232.98 ^ delaybuf_20_core_clock/Y (BUFx24_ASAP7_75t_R)
                                         delaynet_20_core_clock (net)
                  7.10    0.50  233.48 ^ delaybuf_21_core_clock/A (BUFx24_ASAP7_75t_R)
     1    2.85    7.05   16.64  250.12 ^ delaybuf_21_core_clock/Y (BUFx24_ASAP7_75t_R)
                                         delaynet_21_core_clock (net)
                  7.11    0.56  250.68 ^ delaybuf_22_core_clock/A (BUFx24_ASAP7_75t_R)
     1    2.85    7.05   16.64  267.33 ^ delaybuf_22_core_clock/Y (BUFx24_ASAP7_75t_R)
                                         delaynet_22_core_clock (net)
                  7.11    0.56  267.89 ^ delaybuf_23_core_clock/A (BUFx24_ASAP7_75t_R)
     1    2.83    7.04   16.65  284.54 ^ delaybuf_23_core_clock/Y (BUFx24_ASAP7_75t_R)
                                         delaynet_23_core_clock (net)
                  7.06    0.39  284.93 ^ delaybuf_24_core_clock/A (BUFx24_ASAP7_75t_R)
     1    2.84    7.05   16.63  301.57 ^ delaybuf_24_core_clock/Y (BUFx24_ASAP7_75t_R)
                                         delaynet_24_core_clock (net)
                  7.09    0.49  302.06 ^ clkbuf_3_7_0_clk/A (BUFx24_ASAP7_75t_R)
     2   16.49   10.34   17.82  319.88 ^ clkbuf_3_7_0_clk/Y (BUFx24_ASAP7_75t_R)
                                         clknet_3_7_0_clk (net)
                 31.07    9.17  329.05 ^ clkbuf_leaf_8_clk/A (BUFx24_ASAP7_75t_R)
     2    5.57    8.73   23.72  352.77 ^ clkbuf_leaf_8_clk/Y (BUFx24_ASAP7_75t_R)
                                         clknet_leaf_8_clk (net)
                  8.75    0.41  353.18 ^ _788066_/CLK (ICGx1_ASAP7_75t_R)
     1    2.71   18.88   15.91  369.09 ^ _788066_/GCLK (ICGx1_ASAP7_75t_R)
                                         _474427_ (net)
                 18.90    0.34  369.44 ^ clkbuf_0__474427_/A (BUFx24_ASAP7_75t_R)
     2   12.24   10.84   21.43  390.87 ^ clkbuf_0__474427_/Y (BUFx24_ASAP7_75t_R)
                                         clknet_0__474427_ (net)
                 14.19    3.09  393.96 ^ clkbuf_1_0_0__474427_/A (BUFx24_ASAP7_75t_R)
     2    9.33    8.94   19.39  413.35 ^ clkbuf_1_0_0__474427_/Y (BUFx24_ASAP7_75t_R)
                                         clknet_1_0_0__474427_ (net)
                 15.42    4.06  417.41 ^ clkbuf_2_0_0__474427_/A (BUFx24_ASAP7_75t_R)
     2   11.80   10.39   20.12  437.54 ^ clkbuf_2_0_0__474427_/Y (BUFx24_ASAP7_75t_R)
                                         clknet_2_0_0__474427_ (net)
                 16.32    4.12  441.66 ^ clkbuf_3_0_0__474427_/A (BUFx24_ASAP7_75t_R)
     2    9.33    9.33   20.18  461.84 ^ clkbuf_3_0_0__474427_/Y (BUFx24_ASAP7_75t_R)
                                         clknet_3_0_0__474427_ (net)
                 12.97    2.97  464.82 ^ clkbuf_4_0__f__474427_/A (BUFx24_ASAP7_75t_R)
    16   16.73   12.38   19.64  484.46 ^ clkbuf_4_0__f__474427_/Y (BUFx24_ASAP7_75t_R)
                                         clknet_4_0__leaf__474427_ (net)
                 24.17    6.61  491.07 ^ out_pix_data[144]$_DFFE_PN0P_/CLK (DFFASRHQNx1_ASAP7_75t_R)
     1   17.38  125.66   73.71  564.78 ^ out_pix_data[144]$_DFFE_PN0P_/QN (DFFASRHQNx1_ASAP7_75t_R)
                                         _012890_ (net)
                174.38   41.77  606.55 ^ _769420_/A (INVx1_ASAP7_75t_R)
     1    5.12   63.63   42.18  648.74 v _769420_/Y (INVx1_ASAP7_75t_R)
                                         net17562 (net)
                 64.06    3.01  651.74 v place72657/A (BUFx3_ASAP7_75t_R)
     1   24.64   33.61   30.33  682.07 v place72657/Y (BUFx3_ASAP7_75t_R)
                                         net72224 (net)
                202.91   63.89  745.97 v wire60107/A (BUFx10_ASAP7_75t_R)
     1   15.53   16.27   49.55  795.51 v wire60107/Y (BUFx10_ASAP7_75t_R)
                                         out_pix_data[144] (net)
                 74.04   22.69  818.21 v out_pix_data[144] (out)
                                818.21   data arrival time

                  0.00 1000.00 1000.00   clock vclk_core_clock (rise edge)
                        800.00 1800.00   clock network delay (ideal)
                          0.00 1800.00   clock reconvergence pessimism
                       -200.00 1600.00   output external delay
                               1600.00   data required time
-----------------------------------------------------------------------------
                               1600.00   data required time
                               -818.21   data arrival time
-----------------------------------------------------------------------------
                                781.79   slack (MET)


Startpoint: in_data_q[35]$_DFFE_PN0P_
            (rising edge-triggered flip-flop clocked by core_clock)
Endpoint: mem_wdata[835] (output port clocked by vclk_mem)
Path Group: vclk_mem
Path Type: max

Fanout     Cap    Slew   Delay    Time   Description
-----------------------------------------------------------------------------
                          0.00    0.00   clock core_clock (rise edge)
                          0.00    0.00   clock source latency
     1   14.68    0.00    0.00    0.00 ^ clk (in)
                                         clk (net)
                 28.65    9.04    9.04 ^ wire88053/A (BUFx16f_ASAP7_75t_R)
     2   20.88   11.49   20.10   29.14 ^ wire88053/Y (BUFx16f_ASAP7_75t_R)
                                         net87620 (net)
                 54.35   16.88   46.02 ^ wire88052/A (BUFx6f_ASAP7_75t_R)
     1    9.81   16.30   22.20   68.22 ^ wire88052/Y (BUFx6f_ASAP7_75t_R)
                                         net87619 (net)
                 24.77    6.14   74.36 ^ clkbuf_0_clk/A (BUFx24_ASAP7_75t_R)
     2    9.17    9.69   22.61   96.97 ^ clkbuf_0_clk/Y (BUFx24_ASAP7_75t_R)
                                         clknet_0_clk (net)
                 10.36    1.16   98.13 ^ delaybuf_68_core_clock/A (BUFx24_ASAP7_75t_R)
     1    3.10    7.17   17.70  115.82 ^ delaybuf_68_core_clock/Y (BUFx24_ASAP7_75t_R)
                                         delaynet_68_core_clock (net)
                  7.25    0.66  116.48 ^ delaybuf_69_core_clock/A (BUFx24_ASAP7_75t_R)
     1    3.07    7.14   16.72  133.20 ^ delaybuf_69_core_clock/Y (BUFx24_ASAP7_75t_R)
                                         delaynet_69_core_clock (net)
                  7.22    0.66  133.87 ^ delaybuf_70_core_clock/A (BUFx24_ASAP7_75t_R)
     1    3.03    7.13   16.71  150.57 ^ delaybuf_70_core_clock/Y (BUFx24_ASAP7_75t_R)
                                         delaynet_70_core_clock (net)
                  7.21    0.67  151.24 ^ delaybuf_71_core_clock/A (BUFx24_ASAP7_75t_R)
     1    3.08    7.15   16.71  167.96 ^ delaybuf_71_core_clock/Y (BUFx24_ASAP7_75t_R)
                                         delaynet_71_core_clock (net)
                  7.23    0.66  168.62 ^ delaybuf_72_core_clock/A (BUFx24_ASAP7_75t_R)
     1    3.08    7.15   16.72  185.34 ^ delaybuf_72_core_clock/Y (BUFx24_ASAP7_75t_R)
                                         delaynet_72_core_clock (net)
                  7.21    0.63  185.96 ^ delaybuf_73_core_clock/A (BUFx24_ASAP7_75t_R)
     1    3.03    7.13   16.71  202.67 ^ delaybuf_73_core_clock/Y (BUFx24_ASAP7_75t_R)
                                         delaynet_73_core_clock (net)
                  7.19    0.58  203.25 ^ delaybuf_74_core_clock/A (BUFx24_ASAP7_75t_R)
     1    3.14    7.17   16.72  219.97 ^ delaybuf_74_core_clock/Y (BUFx24_ASAP7_75t_R)
                                         delaynet_74_core_clock (net)
                  7.23    0.59  220.57 ^ delaybuf_75_core_clock/A (BUFx24_ASAP7_75t_R)
     1    3.07    7.14   16.72  237.29 ^ delaybuf_75_core_clock/Y (BUFx24_ASAP7_75t_R)
                                         delaynet_75_core_clock (net)
                  7.21    0.60  237.89 ^ delaybuf_76_core_clock/A (BUFx24_ASAP7_75t_R)
     1    3.09    7.15   16.71  254.60 ^ delaybuf_76_core_clock/Y (BUFx24_ASAP7_75t_R)
                                         delaynet_76_core_clock (net)
                  7.21    0.62  255.22 ^ clkbuf_1_0_0_clk/A (BUFx24_ASAP7_75t_R)
     2    9.75    9.32   17.46  272.68 ^ clkbuf_1_0_0_clk/Y (BUFx24_ASAP7_75t_R)
                                         clknet_1_0_0_clk (net)
                 11.73    2.22  274.90 ^ delaybuf_65_core_clock/A (BUFx24_ASAP7_75t_R)
     1    3.63    7.40   18.18  293.08 ^ delaybuf_65_core_clock/Y (BUFx24_ASAP7_75t_R)
                                         delaynet_65_core_clock (net)
                  7.65    0.93  294.01 ^ delaybuf_66_core_clock/A (BUFx24_ASAP7_75t_R)
     1    3.60    7.36   16.92  310.93 ^ delaybuf_66_core_clock/Y (BUFx24_ASAP7_75t_R)
                                         delaynet_66_core_clock (net)
                  7.61    0.94  311.87 ^ delaybuf_67_core_clock/A (BUFx24_ASAP7_75t_R)
     1    3.92    7.48   16.96  328.83 ^ delaybuf_67_core_clock/Y (BUFx24_ASAP7_75t_R)
                                         delaynet_67_core_clock (net)
                  7.87    1.08  329.91 ^ clkbuf_2_0_0_clk/A (BUFx24_ASAP7_75t_R)
     1    7.67    8.56   17.43  347.34 ^ clkbuf_2_0_0_clk/Y (BUFx24_ASAP7_75t_R)
                                         clknet_2_0_0_clk (net)
                 13.03    3.36  350.70 ^ clkbuf_2_0_1_clk/A (BUFx24_ASAP7_75t_R)
     2    9.38    9.29   19.22  369.92 ^ clkbuf_2_0_1_clk/Y (BUFx24_ASAP7_75t_R)
                                         clknet_2_0_1_clk (net)
                 13.60    3.31  373.23 ^ clkbuf_3_0_0_clk/A (BUFx24_ASAP7_75t_R)
     2   12.93   10.12   19.47  392.70 ^ clkbuf_3_0_0_clk/Y (BUFx24_ASAP7_75t_R)
                                         clknet_3_0_0_clk (net)
                 21.85    6.10  398.80 ^ clkbuf_leaf_11_clk/A (BUFx24_ASAP7_75t_R)
     2    5.17    8.19   21.36  420.16 ^ clkbuf_leaf_11_clk/Y (BUFx24_ASAP7_75t_R)
                                         clknet_leaf_11_clk (net)
                  8.23    0.52  420.68 ^ _788071_/CLK (ICGx1_ASAP7_75t_R)
     1    2.80   19.42   16.06  436.74 ^ _788071_/GCLK (ICGx1_ASAP7_75t_R)
                                         _474432_ (net)
                 19.43    0.31  437.05 ^ clkbuf_0__474432_/A (BUFx24_ASAP7_75t_R)
     8   28.48   19.17   23.07  460.12 ^ clkbuf_0__474432_/Y (BUFx24_ASAP7_75t_R)
                                         clknet_0__474432_ (net)
                 25.87    5.81  465.93 ^ clkbuf_3_5_0__474432_/A (BUFx24_ASAP7_75t_R)
     2    6.14    8.71   22.47  488.40 ^ clkbuf_3_5_0__474432_/Y (BUFx24_ASAP7_75t_R)
                                         clknet_3_5_0__474432_ (net)
                  9.25    1.20  489.60 ^ clkbuf_4_11__f__474432_/A (BUFx24_ASAP7_75t_R)
     9    8.50    9.21   18.23  507.83 ^ clkbuf_4_11__f__474432_/Y (BUFx24_ASAP7_75t_R)
                                         clknet_4_11__leaf__474432_ (net)
                  9.51    0.75  508.59 ^ in_data_q[35]$_DFFE_PN0P_/CLK (DFFASRHQNx1_ASAP7_75t_R)
     2   17.86  110.53   79.24  587.82 v in_data_q[35]$_DFFE_PN0P_/QN (DFFASRHQNx1_ASAP7_75t_R)
                                         _001939_ (net)
                110.57    1.50  589.33 v place78711/A (BUFx3_ASAP7_75t_R)
     4   24.26   38.81   36.54  625.86 v place78711/Y (BUFx3_ASAP7_75t_R)
                                         net78278 (net)
                192.45   60.68  686.55 v place78710/A (BUFx3_ASAP7_75t_R)
     9   34.44   57.21   48.71  735.25 v place78710/Y (BUFx3_ASAP7_75t_R)
                                         net78277 (net)
                247.06   77.69  812.94 v place78709/A (BUFx3_ASAP7_75t_R)
     8   36.40   61.73   54.52  867.46 v place78709/Y (BUFx3_ASAP7_75t_R)
                                         net78276 (net)
                267.11   84.53  951.99 v place78708/A (BUFx3_ASAP7_75t_R)
     3   37.24   34.88   54.20 1006.19 v place78708/Y (BUFx3_ASAP7_75t_R)
                                         net78275 (net)
                385.02  122.32 1128.51 v place78707/A (BUFx3_ASAP7_75t_R)
     8   27.43   58.13   64.44 1192.95 v place78707/Y (BUFx3_ASAP7_75t_R)
                                         net78274 (net)
                164.99   50.73 1243.68 v place78706/A (BUFx3_ASAP7_75t_R)
     1   24.11   42.30   42.67 1286.35 v place78706/Y (BUFx3_ASAP7_75t_R)
                                         net78273 (net)
                190.85   60.37 1346.71 v _745696_/B (NOR2x1_ASAP7_75t_R)
     1    0.93   32.43   21.73 1368.44 ^ _745696_/Y (NOR2x1_ASAP7_75t_R)
                                         net17280 (net)
                 32.43    0.11 1368.55 ^ output17713/A (BUFx2_ASAP7_75t_R)
     1    1.79    9.45   19.87 1388.43 ^ output17713/Y (BUFx2_ASAP7_75t_R)
                                         mem_wdata[835] (net)
                  9.49    0.35 1388.78 ^ mem_wdata[835] (out)
                               1388.78   data arrival time

                  0.00 1000.00 1000.00   clock vclk_mem (rise edge)
                        800.00 1800.00   clock network delay (ideal)
                          0.00 1800.00   clock reconvergence pessimism
                       -100.00 1700.00   output external delay
                               1700.00   data required time
-----------------------------------------------------------------------------
                               1700.00   data required time
                               -1388.78   data arrival time
-----------------------------------------------------------------------------
                                311.22   slack (MET)



==========================================================================
finish report_check_types -max_slew -max_cap -max_fanout -violators
--------------------------------------------------------------------------
max slew

Pin                                    Limit    Slew   Slack
------------------------------------------------------------
place79677/A                          320.00  503.98 -183.98 (VIOLATED)
place78749/A                          320.00  486.10 -166.10 (VIOLATED)
_739172_/B                            320.00  482.95 -162.95 (VIOLATED)
place78650/A                          320.00  442.38 -122.38 (VIOLATED)
_745537_/B                            320.00  442.23 -122.23 (VIOLATED)
_737474_/A                            320.00  441.79 -121.79 (VIOLATED)
_745714_/B                            320.00  440.80 -120.80 (VIOLATED)
place77893/A                          320.00  439.03 -119.03 (VIOLATED)
place78867/A                          320.00  438.57 -118.57 (VIOLATED)
place78734/A                          320.00  434.15 -114.15 (VIOLATED)
place78179/A                          320.00  433.47 -113.47 (VIOLATED)
_738645_/B                            320.00  431.01 -111.01 (VIOLATED)
_739170_/B                            320.00  428.45 -108.45 (VIOLATED)
_620037_/A                            320.00  424.50 -104.50 (VIOLATED)
place79200/A                          320.00  424.47 -104.47 (VIOLATED)
_740110_/B                            320.00  424.41 -104.41 (VIOLATED)
_737786_/B                            320.00  424.16 -104.16 (VIOLATED)
_620038_/A                            320.00  423.88 -103.88 (VIOLATED)
_737282_/B                            320.00  423.83 -103.83 (VIOLATED)
_620039_/A                            320.00  422.96 -102.96 (VIOLATED)
_737609_/B                            320.00  422.74 -102.74 (VIOLATED)
_620040_/A                            320.00  421.92 -101.92 (VIOLATED)
_620041_/A                            320.00  420.43 -100.43 (VIOLATED)
place78158/A                          320.00  419.84  -99.84 (VIOLATED)
_620042_/A                            320.00  418.52  -98.52 (VIOLATED)
_737758_/B                            320.00  417.81  -97.81 (VIOLATED)
place78969/A                          320.00  417.67  -97.67 (VIOLATED)
_737963_/B                            320.00  417.66  -97.66 (VIOLATED)
_739335_/B                            320.00  416.71  -96.71 (VIOLATED)
_741137_/B                            320.00  416.37  -96.37 (VIOLATED)
place78578/A                          320.00  416.07  -96.07 (VIOLATED)
_620043_/A                            320.00  415.73  -95.73 (VIOLATED)
place78299/A                          320.00  415.49  -95.49 (VIOLATED)
_737220_/A                            320.00  414.71  -94.71 (VIOLATED)
_620044_/A                            320.00  413.42  -93.42 (VIOLATED)
_742382_/B                            320.00  412.86  -92.86 (VIOLATED)
_738140_/B                            320.00  412.23  -92.23 (VIOLATED)
_737298_/A                            320.00  412.13  -92.13 (VIOLATED)
place78554/A                          320.00  411.82  -91.82 (VIOLATED)
_739084_/B                            320.00  411.44  -91.44 (VIOLATED)
_762206_/A                            320.00  409.22  -89.22 (VIOLATED)
_620036_/A                            320.00  407.17  -87.17 (VIOLATED)
_739689_/B                            320.00  407.07  -87.07 (VIOLATED)
place78542/A                          320.00  405.42  -85.42 (VIOLATED)
place78335/A                          320.00  405.21  -85.21 (VIOLATED)
_745523_/B                            320.00  404.31  -84.31 (VIOLATED)
_620045_/A                            320.00  403.43  -83.43 (VIOLATED)
place78449/A                          320.00  403.15  -83.15 (VIOLATED)
place78591/A                          320.00  403.04  -83.04 (VIOLATED)
_745700_/B                            320.00  402.86  -82.86 (VIOLATED)
_737783_/B                            320.00  401.85  -81.85 (VIOLATED)
_737270_/B                            320.00  401.83  -81.83 (VIOLATED)
_657975_/A                            320.00  401.51  -81.51 (VIOLATED)
_657976_/A                            320.00  401.46  -81.46 (VIOLATED)
place78566/A                          320.00  401.41  -81.41 (VIOLATED)
_657977_/A                            320.00  401.28  -81.28 (VIOLATED)
_737807_/B                            320.00  401.17  -81.17 (VIOLATED)
place78120/A                          320.00  401.07  -81.07 (VIOLATED)
place78529/A                          320.00  400.84  -80.84 (VIOLATED)
_739888_/B                            320.00  400.83  -80.83 (VIOLATED)
_657984_/A                            320.00  400.76  -80.76 (VIOLATED)
_657983_/A                            320.00  400.49  -80.49 (VIOLATED)
_762200_/A                            320.00  400.24  -80.24 (VIOLATED)
_657978_/A                            320.00  400.23  -80.23 (VIOLATED)
_737606_/B                            320.00  400.12  -80.12 (VIOLATED)
_737578_/B                            320.00  399.85  -79.85 (VIOLATED)
_657982_/A                            320.00  399.66  -79.66 (VIOLATED)
_737630_/B                            320.00  399.42  -79.42 (VIOLATED)
place79314/A                          320.00  399.35  -79.35 (VIOLATED)
_745540_/B                            320.00  398.96  -78.96 (VIOLATED)
_657979_/A                            320.00  398.95  -78.95 (VIOLATED)
_657981_/A                            320.00  398.91  -78.91 (VIOLATED)
_657980_/A                            320.00  398.42  -78.42 (VIOLATED)
_745717_/B                            320.00  398.28  -78.28 (VIOLATED)
_742441_/B                            320.00  398.17  -78.17 (VIOLATED)
_737960_/B                            320.00  398.04  -78.04 (VIOLATED)
_737360_/B                            320.00  397.22  -77.22 (VIOLATED)
place78205/A                          320.00  396.93  -76.93 (VIOLATED)
place79079/A                          320.00  395.24  -75.24 (VIOLATED)
_738137_/B                            320.00  395.12  -75.12 (VIOLATED)
_739784_/B                            320.00  395.09  -75.09 (VIOLATED)
in_data_q[34]$_DFFE_PN0P_/RESETN      320.00  394.92  -74.92 (VIOLATED)
in_data_q[150]$_DFFE_PN0P_/RESETN     320.00  394.78  -74.78 (VIOLATED)
_746186_/B                            320.00  394.62  -74.62 (VIOLATED)
_608978_/A                            320.00  394.39  -74.39 (VIOLATED)
in_data_q[21]$_DFFE_PN0P_/RESETN      320.00  394.21  -74.21 (VIOLATED)
_738831_/B                            320.00  394.02  -74.02 (VIOLATED)
_608979_/A                            320.00  393.89  -73.89 (VIOLATED)
_608981_/A                            320.00  393.88  -73.88 (VIOLATED)
_738477_/B                            320.00  393.80  -73.80 (VIOLATED)
_738671_/B                            320.00  393.73  -73.73 (VIOLATED)
_608980_/A                            320.00  393.19  -73.19 (VIOLATED)
in_data_q[40]$_DFFE_PN0P_/RESETN      320.00  393.08  -73.08 (VIOLATED)
in_data_q[44]$_DFFE_PN0P_/RESETN      320.00  392.70  -72.70 (VIOLATED)
place87944/A                          320.00  392.46  -72.46 (VIOLATED)
in_data_q[45]$_DFFE_PN0P_/RESETN      320.00  392.45  -72.45 (VIOLATED)
in_data_q[157]$_DFFE_PN0P_/RESETN     320.00  392.32  -72.32 (VIOLATED)
in_data_q[33]$_DFFE_PN0P_/RESETN      320.00  392.03  -72.03 (VIOLATED)
_738491_/B                            320.00  391.85  -71.85 (VIOLATED)
_742391_/B                            320.00  391.31  -71.31 (VIOLATED)
_745621_/B                            320.00  391.00  -71.00 (VIOLATED)
place78707/A                          320.00  390.17  -70.17 (VIOLATED)
in_data_q[36]$_DFFE_PN0P_/RESETN      320.00  389.75  -69.75 (VIOLATED)
_738161_/B                            320.00  389.71  -69.71 (VIOLATED)
_738300_/B                            320.00  389.63  -69.63 (VIOLATED)
place78892/A                          320.00  389.37  -69.37 (VIOLATED)
_737307_/B                            320.00  388.96  -68.96 (VIOLATED)
_738314_/B                            320.00  388.92  -68.92 (VIOLATED)
in_data_q[37]$_DFFE_PN0P_/RESETN      320.00  388.26  -68.26 (VIOLATED)
_608982_/A                            320.00  388.21  -68.21 (VIOLATED)
_739166_/B                            320.00  387.01  -67.01 (VIOLATED)
_740349_/A                            320.00  386.04  -66.04 (VIOLATED)
_740337_/A                            320.00  385.95  -65.95 (VIOLATED)
_740390_/A                            320.00  385.60  -65.60 (VIOLATED)
in_data_q[159]$_DFFE_PN0P_/RESETN     320.00  385.58  -65.58 (VIOLATED)
_737295_/B                            320.00  385.42  -65.42 (VIOLATED)
_740340_/A                            320.00  385.16  -65.16 (VIOLATED)
_740344_/A                            320.00  385.02  -65.02 (VIOLATED)
place79090/A                          320.00  384.42  -64.42 (VIOLATED)
in_data_q[154]$_DFFE_PN0P_/RESETN     320.00  384.38  -64.38 (VIOLATED)
place79267/A                          320.00  384.15  -64.15 (VIOLATED)
_738564_/B                            320.00  384.01  -64.01 (VIOLATED)
place79234/A                          320.00  383.92  -63.92 (VIOLATED)
_740154_/B                            320.00  383.58  -63.58 (VIOLATED)
_740343_/A                            320.00  383.46  -63.46 (VIOLATED)
place79598/A                          320.00  382.96  -62.96 (VIOLATED)
_740382_/A                            320.00  382.77  -62.77 (VIOLATED)
_745613_/B                            320.00  382.77  -62.77 (VIOLATED)
_608983_/A                            320.00  382.67  -62.67 (VIOLATED)
_741406_/B                            320.00  382.54  -62.54 (VIOLATED)
place78558/A                          320.00  382.28  -62.28 (VIOLATED)
in_data_q[35]$_DFFE_PN0P_/RESETN      320.00  382.05  -62.05 (VIOLATED)
_639272_/A                            320.00  381.88  -61.88 (VIOLATED)
place78976/A                          320.00  381.86  -61.86 (VIOLATED)
_740108_/B                            320.00  381.86  -61.86 (VIOLATED)
_737303_/B                            320.00  381.83  -61.83 (VIOLATED)
_742434_/B                            320.00  381.43  -61.43 (VIOLATED)
_737946_/B                            320.00  381.42  -61.42 (VIOLATED)
place79002/A                          320.00  381.25  -61.25 (VIOLATED)
_739420_/B                            320.00  381.18  -61.18 (VIOLATED)
_639270_/A                            320.00  380.97  -60.97 (VIOLATED)
_743472_/A                            320.00  380.65  -60.65 (VIOLATED)
_743479_/A                            320.00  380.65  -60.65 (VIOLATED)
_743500_/A                            320.00  380.65  -60.65 (VIOLATED)
_639271_/A                            320.00  380.54  -60.54 (VIOLATED)
_737311_/B                            320.00  380.53  -60.53 (VIOLATED)
_743490_/A                            320.00  380.49  -60.49 (VIOLATED)
_743467_/A                            320.00  380.35  -60.35 (VIOLATED)
_743503_/A                            320.00  380.14  -60.14 (VIOLATED)
_743494_/A                            320.00  378.80  -58.80 (VIOLATED)
in_data_q[57]$_DFFE_PN0P_/RESETN      320.00  378.19  -58.19 (VIOLATED)
_743501_/A                            320.00  377.89  -57.89 (VIOLATED)
_737291_/B                            320.00  377.86  -57.86 (VIOLATED)
_743482_/A                            320.00  377.86  -57.86 (VIOLATED)
_740341_/A                            320.00  377.64  -57.64 (VIOLATED)
_740339_/A                            320.00  377.61  -57.61 (VIOLATED)
_740385_/A                            320.00  377.61  -57.61 (VIOLATED)
_739128_/B                            320.00  377.60  -57.60 (VIOLATED)
_740716_/B                            320.00  377.40  -57.40 (VIOLATED)
place78193/A                          320.00  376.65  -56.65 (VIOLATED)
_740383_/A                            320.00  376.45  -56.45 (VIOLATED)
_737984_/B                            320.00  376.15  -56.15 (VIOLATED)
_639273_/A                            320.00  376.12  -56.12 (VIOLATED)
_745350_/A                            320.00  375.92  -55.92 (VIOLATED)
_745221_/A                            320.00  375.82  -55.82 (VIOLATED)
place78209/A                          320.00  375.78  -55.78 (VIOLATED)
_788002_/A                            320.00  375.54  -55.54 (VIOLATED)
_745379_/A                            320.00  375.49  -55.49 (VIOLATED)
in_data_q[155]$_DFFE_PN0P_/RESETN     320.00  375.46  -55.46 (VIOLATED)
_743196_/B                            320.00  375.28  -55.28 (VIOLATED)
_737466_/A                            320.00  375.20  -55.20 (VIOLATED)
_745277_/A                            320.00  375.10  -55.10 (VIOLATED)
_639274_/A                            320.00  375.07  -55.07 (VIOLATED)
_745538_/B                            320.00  375.02  -55.02 (VIOLATED)
_745236_/A                            320.00  375.00  -55.00 (VIOLATED)
_745357_/A                            320.00  374.98  -54.98 (VIOLATED)
_745284_/A                            320.00  374.95  -54.95 (VIOLATED)
_608984_/A                            320.00  374.81  -54.81 (VIOLATED)
_745263_/A                            320.00  374.70  -54.70 (VIOLATED)
place78376/A                          320.00  374.57  -54.57 (VIOLATED)
_743465_/A                            320.00  374.53  -54.53 (VIOLATED)
_740384_/A                            320.00  374.48  -54.48 (VIOLATED)
_745244_/A                            320.00  374.46  -54.46 (VIOLATED)
_745269_/A                            320.00  374.44  -54.44 (VIOLATED)
_740362_/B                            320.00  374.43  -54.43 (VIOLATED)
_745524_/B                            320.00  374.41  -54.41 (VIOLATED)
_745715_/B                            320.00  373.93  -53.93 (VIOLATED)
_745591_/B                            320.00  373.91  -53.91 (VIOLATED)
in_data_q[58]$_DFFE_PN0P_/RESETN      320.00  373.42  -53.42 (VIOLATED)
_743492_/A                            320.00  373.26  -53.26 (VIOLATED)
_745701_/B                            320.00  373.20  -53.20 (VIOLATED)
place78386/A                          320.00  373.20  -53.20 (VIOLATED)
_743478_/A                            320.00  373.13  -53.13 (VIOLATED)
_745245_/A                            320.00  372.84  -52.84 (VIOLATED)
place78246/A                          320.00  372.75  -52.75 (VIOLATED)
_742151_/B                            320.00  372.46  -52.46 (VIOLATED)
_745545_/B                            320.00  372.40  -52.40 (VIOLATED)
_745599_/B                            320.00  372.33  -52.33 (VIOLATED)
_740355_/A                            320.00  372.33  -52.33 (VIOLATED)
_745303_/A                            320.00  372.12  -52.12 (VIOLATED)
_745722_/B                            320.00  371.72  -51.72 (VIOLATED)
_745287_/A                            320.00  371.49  -51.49 (VIOLATED)
_739254_/B                            320.00  371.29  -51.29 (VIOLATED)
in_data_q[153]$_DFFE_PN0P_/RESETN     320.00  371.25  -51.25 (VIOLATED)
_737808_/B                            320.00  371.20  -51.20 (VIOLATED)
place79560/A                          320.00  371.16  -51.16 (VIOLATED)
_743249_/B                            320.00  370.76  -50.76 (VIOLATED)
place77694/A                          320.00  370.53  -50.53 (VIOLATED)
_737631_/B                            320.00  370.31  -50.31 (VIOLATED)
_745295_/A                            320.00  370.23  -50.23 (VIOLATED)
_737217_/B                            320.00  370.08  -50.08 (VIOLATED)
in_data_q[55]$_DFFE_PN0P_/RESETN      320.00  370.02  -50.02 (VIOLATED)
_743468_/A                            320.00  369.90  -49.90 (VIOLATED)
_745255_/A                            320.00  369.89  -49.89 (VIOLATED)
_745256_/A                            320.00  369.85  -49.85 (VIOLATED)
in_data_q[30]$_DFFE_PN0P_/RESETN      320.00  369.66  -49.66 (VIOLATED)
in_data_q[59]$_DFFE_PN0P_/RESETN      320.00  369.51  -49.51 (VIOLATED)
_737302_/A                            320.00  369.50  -49.50 (VIOLATED)
place79588/A                          320.00  369.41  -49.41 (VIOLATED)
place78132/A                          320.00  369.38  -49.38 (VIOLATED)
_743498_/A                            320.00  369.33  -49.33 (VIOLATED)
_743477_/A                            320.00  369.23  -49.23 (VIOLATED)
_738668_/B                            320.00  369.02  -49.02 (VIOLATED)
_745259_/A                            320.00  369.02  -49.02 (VIOLATED)
_745222_/A                            320.00  368.98  -48.98 (VIOLATED)
_743495_/A                            320.00  368.96  -48.96 (VIOLATED)
in_data_q[156]$_DFFE_PN0P_/RESETN     320.00  368.92  -48.92 (VIOLATED)
_737364_/B                            320.00  368.90  -48.90 (VIOLATED)
_743487_/A                            320.00  368.80  -48.80 (VIOLATED)
_745926_/B                            320.00  368.69  -48.69 (VIOLATED)
_739538_/B                            320.00  368.44  -48.44 (VIOLATED)
_739883_/B                            320.00  368.32  -48.32 (VIOLATED)
_742284_/B                            320.00  368.28  -48.28 (VIOLATED)
_740354_/A                            320.00  368.14  -48.14 (VIOLATED)
_746077_/B                            320.00  367.98  -47.98 (VIOLATED)
place78572/A                          320.00  367.87  -47.87 (VIOLATED)
_742107_/B                            320.00  367.74  -47.74 (VIOLATED)
_745301_/A                            320.00  367.46  -47.46 (VIOLATED)
_745229_/A                            320.00  367.44  -47.44 (VIOLATED)
place79086/A                          320.00  367.25  -47.25 (VIOLATED)
_743488_/A                            320.00  366.95  -46.95 (VIOLATED)
place78143/A                          320.00  366.75  -46.75 (VIOLATED)
place78587/A                          320.00  366.71  -46.71 (VIOLATED)
_745224_/A                            320.00  366.67  -46.67 (VIOLATED)
_745372_/A                            320.00  366.55  -46.55 (VIOLATED)
place78155/A                          320.00  366.49  -46.49 (VIOLATED)
_745281_/A                            320.00  366.41  -46.41 (VIOLATED)
_745246_/A                            320.00  366.18  -46.18 (VIOLATED)
_745554_/B                            320.00  366.18  -46.18 (VIOLATED)
_745380_/A                            320.00  366.08  -46.08 (VIOLATED)
_745267_/A                            320.00  365.94  -45.94 (VIOLATED)
_745270_/A                            320.00  365.92  -45.92 (VIOLATED)
place78131/A                          320.00  365.88  -45.88 (VIOLATED)
_745274_/A                            320.00  365.84  -45.84 (VIOLATED)
_742421_/B                            320.00  365.82  -45.82 (VIOLATED)
_745298_/A                            320.00  365.80  -45.80 (VIOLATED)
_745266_/A                            320.00  365.51  -45.51 (VIOLATED)
_745586_/B                            320.00  364.95  -44.95 (VIOLATED)
in_data_q[52]$_DFFE_PN0P_/RESETN      320.00  364.87  -44.87 (VIOLATED)
_740353_/A                            320.00  364.75  -44.75 (VIOLATED)
_740386_/A                            320.00  364.63  -44.63 (VIOLATED)
_745539_/B                            320.00  364.62  -44.62 (VIOLATED)
_739863_/B                            320.00  364.48  -44.48 (VIOLATED)
_738845_/B                            320.00  364.40  -44.40 (VIOLATED)
_743491_/A                            320.00  364.32  -44.32 (VIOLATED)
_737579_/B                            320.00  364.32  -44.32 (VIOLATED)
_740387_/A                            320.00  364.21  -44.21 (VIOLATED)
_745731_/B                            320.00  363.96  -43.96 (VIOLATED)
in_data_q[158]$_DFFE_PN0P_/RESETN     320.00  363.59  -43.59 (VIOLATED)
place78332/A                          320.00  363.51  -43.51 (VIOLATED)
place78419/A                          320.00  363.51  -43.51 (VIOLATED)
_745716_/B                            320.00  363.43  -43.43 (VIOLATED)
_745355_/A                            320.00  363.41  -43.41 (VIOLATED)
_743474_/A                            320.00  363.26  -43.26 (VIOLATED)
_741408_/B                            320.00  362.98  -42.98 (VIOLATED)
_608985_/A                            320.00  362.96  -42.96 (VIOLATED)
in_data_q[53]$_DFFE_PN0P_/RESETN      320.00  362.83  -42.83 (VIOLATED)
place78766/A                          320.00  362.58  -42.58 (VIOLATED)
_639275_/A                            320.00  362.24  -42.24 (VIOLATED)
_737285_/A                            320.00  361.80  -41.80 (VIOLATED)
place78118/A                          320.00  361.55  -41.55 (VIOLATED)
place78633/A                          320.00  361.32  -41.32 (VIOLATED)
place78522/A                          320.00  361.05  -41.05 (VIOLATED)
_742461_/B                            320.00  360.88  -40.88 (VIOLATED)
_739134_/B                            320.00  360.79  -40.79 (VIOLATED)
_740185_/B                            320.00  359.61  -39.61 (VIOLATED)
_739345_/B                            320.00  359.39  -39.39 (VIOLATED)
_745290_/A                            320.00  359.33  -39.33 (VIOLATED)
_740388_/A                            320.00  359.24  -39.24 (VIOLATED)
_739886_/B                            320.00  359.21  -39.21 (VIOLATED)
_639276_/A                            320.00  359.15  -39.15 (VIOLATED)
place78434/A                          320.00  358.94  -38.94 (VIOLATED)
_745278_/A                            320.00  358.69  -38.69 (VIOLATED)
_740718_/B                            320.00  358.61  -38.61 (VIOLATED)
_745543_/B                            320.00  357.92  -37.92 (VIOLATED)
_737299_/B                            320.00  357.67  -37.67 (VIOLATED)
_744165_/A                            320.00  357.65  -37.65 (VIOLATED)
_764116_/A                            320.00  357.56  -37.56 (VIOLATED)
_608986_/A                            320.00  357.55  -37.55 (VIOLATED)
_744170_/A                            320.00  357.53  -37.53 (VIOLATED)
_764117_/A1                           320.00  357.40  -37.40 (VIOLATED)
_744167_/A                            320.00  357.38  -37.38 (VIOLATED)
_743473_/A                            320.00  357.30  -37.30 (VIOLATED)
_764119_/A1                           320.00  357.26  -37.26 (VIOLATED)
_764118_/A                            320.00  357.22  -37.22 (VIOLATED)
_744162_/A                            320.00  357.20  -37.20 (VIOLATED)
_763263_/A1                           320.00  357.01  -37.01 (VIOLATED)
_763262_/A                            320.00  356.97  -36.97 (VIOLATED)
_639279_/A                            320.00  356.93  -36.93 (VIOLATED)
_742328_/B                            320.00  356.77  -36.77 (VIOLATED)
_763286_/A                            320.00  356.24  -36.24 (VIOLATED)
_739361_/B                            320.00  356.23  -36.23 (VIOLATED)
_764112_/A                            320.00  356.15  -36.15 (VIOLATED)
_764113_/A1                           320.00  356.03  -36.03 (VIOLATED)
_762182_/A                            320.00  355.96  -35.96 (VIOLATED)
_763287_/A1                           320.00  355.94  -35.94 (VIOLATED)
_763290_/A1                           320.00  355.92  -35.92 (VIOLATED)
_745720_/B                            320.00  355.72  -35.72 (VIOLATED)
_744164_/A                            320.00  355.70  -35.70 (VIOLATED)
_743489_/A                            320.00  355.19  -35.19 (VIOLATED)
_763289_/A                            320.00  354.71  -34.71 (VIOLATED)
_745877_/B                            320.00  354.44  -34.44 (VIOLATED)
_744272_/A                            320.00  354.20  -34.20 (VIOLATED)
_745553_/B                            320.00  354.11  -34.11 (VIOLATED)
_745258_/A                            320.00  353.73  -33.73 (VIOLATED)
_608987_/A                            320.00  353.73  -33.73 (VIOLATED)
_740381_/A                            320.00  353.67  -33.67 (VIOLATED)
_745611_/B                            320.00  353.65  -33.65 (VIOLATED)
in_data_q[54]$_DFFE_PN0P_/RESETN      320.00  353.58  -33.58 (VIOLATED)
_763826_/A1                           320.00  353.28  -33.28 (VIOLATED)
_622221_/A                            320.00  353.25  -33.25 (VIOLATED)
_763825_/A                            320.00  353.24  -33.24 (VIOLATED)
_744169_/A                            320.00  353.11  -33.11 (VIOLATED)
_639277_/A                            320.00  353.05  -33.05 (VIOLATED)
place77707/A                          320.00  352.92  -32.92 (VIOLATED)
_738162_/B                            320.00  352.88  -32.88 (VIOLATED)
_763821_/A1                           320.00  352.87  -32.87 (VIOLATED)
_737769_/B                            320.00  352.72  -32.72 (VIOLATED)
_622222_/A                            320.00  352.68  -32.68 (VIOLATED)
_745251_/A                            320.00  352.61  -32.61 (VIOLATED)
_763820_/A                            320.00  352.61  -32.61 (VIOLATED)
_745261_/A                            320.00  352.59  -32.59 (VIOLATED)
_745230_/A                            320.00  352.30  -32.30 (VIOLATED)
_745253_/A                            320.00  352.29  -32.29 (VIOLATED)
_622223_/A                            320.00  352.26  -32.26 (VIOLATED)
in_data_q[152]$_DFFE_PN0P_/RESETN     320.00  352.06  -32.06 (VIOLATED)
_742703_/A                            320.00  352.02  -32.02 (VIOLATED)
_745568_/B                            320.00  352.00  -32.00 (VIOLATED)
_763819_/A1                           320.00  351.96  -31.96 (VIOLATED)
_742698_/A                            320.00  351.93  -31.93 (VIOLATED)
_764105_/A                            320.00  351.88  -31.88 (VIOLATED)
_742706_/A                            320.00  351.76  -31.76 (VIOLATED)
_745730_/B                            320.00  351.75  -31.75 (VIOLATED)
_763282_/A                            320.00  351.74  -31.74 (VIOLATED)
in_data_q[51]$_DFFE_PN0P_/RESETN      320.00  351.69  -31.69 (VIOLATED)
place78152/A                          320.00  351.66  -31.66 (VIOLATED)
_739608_/B                            320.00  351.64  -31.64 (VIOLATED)
_764106_/A1                           320.00  351.53  -31.53 (VIOLATED)
_744168_/A                            320.00  351.45  -31.45 (VIOLATED)
_763818_/A                            320.00  351.44  -31.44 (VIOLATED)
_764786_/B                            320.00  351.31  -31.31 (VIOLATED)
place79730/A                          320.00  351.29  -31.29 (VIOLATED)
place78543/A                          320.00  351.28  -31.28 (VIOLATED)
_622224_/A                            320.00  351.27  -31.27 (VIOLATED)
in_data_q[56]$_DFFE_PN0P_/RESETN      320.00  350.98  -30.98 (VIOLATED)
_622230_/A                            320.00  350.92  -30.92 (VIOLATED)
_763283_/A1                           320.00  350.71  -30.71 (VIOLATED)
_622229_/A                            320.00  350.52  -30.52 (VIOLATED)
_740348_/A                            320.00  350.41  -30.41 (VIOLATED)
_622228_/A                            320.00  350.31  -30.31 (VIOLATED)
_737846_/A                            320.00  350.31  -30.31 (VIOLATED)
_745745_/B                            320.00  350.09  -30.09 (VIOLATED)
_743471_/A                            320.00  349.93  -29.93 (VIOLATED)
_622227_/A                            320.00  349.93  -29.93 (VIOLATED)
_740346_/A                            320.00  349.91  -29.91 (VIOLATED)
_740342_/A                            320.00  349.79  -29.79 (VIOLATED)
_622225_/A                            320.00  349.77  -29.77 (VIOLATED)
_639278_/A                            320.00  349.50  -29.50 (VIOLATED)
_763279_/A                            320.00  349.40  -29.40 (VIOLATED)
_763280_/A1                           320.00  349.32  -29.32 (VIOLATED)
_737844_/A                            320.00  349.26  -29.26 (VIOLATED)
_763808_/A                            320.00  349.22  -29.22 (VIOLATED)
_738692_/B                            320.00  348.99  -28.99 (VIOLATED)
place78618/A                          320.00  348.93  -28.93 (VIOLATED)
_740389_/A                            320.00  348.92  -28.92 (VIOLATED)
_743633_/A                            320.00  348.91  -28.91 (VIOLATED)
_740338_/A                            320.00  348.89  -28.89 (VIOLATED)
in_data_q[50]$_DFFE_PN0P_/RESETN      320.00  348.87  -28.87 (VIOLATED)
_763809_/A                            320.00  348.86  -28.86 (VIOLATED)
_743639_/A                            320.00  348.80  -28.80 (VIOLATED)
_745242_/A                            320.00  348.74  -28.74 (VIOLATED)
_622226_/A                            320.00  348.58  -28.58 (VIOLATED)
_740345_/A                            320.00  348.42  -28.42 (VIOLATED)
_743638_/A                            320.00  348.41  -28.41 (VIOLATED)
_740350_/A                            320.00  348.36  -28.36 (VIOLATED)
_744163_/A                            320.00  348.25  -28.25 (VIOLATED)
_736871_/B                            320.00  348.23  -28.23 (VIOLATED)
_743634_/A                            320.00  347.98  -27.98 (VIOLATED)
_737985_/B                            320.00  347.98  -27.98 (VIOLATED)
_743632_/A                            320.00  347.94  -27.94 (VIOLATED)
_763804_/A1                           320.00  347.93  -27.93 (VIOLATED)
_763802_/A                            320.00  347.84  -27.84 (VIOLATED)
_763800_/A1                           320.00  347.76  -27.76 (VIOLATED)
_743635_/A                            320.00  347.66  -27.66 (VIOLATED)
_763790_/A                            320.00  347.61  -27.61 (VIOLATED)
_766131_/C                            320.00  347.61  -27.61 (VIOLATED)
_763791_/A1                           320.00  347.56  -27.56 (VIOLATED)
place79223/A                          320.00  347.56  -27.56 (VIOLATED)
_763799_/A                            320.00  347.48  -27.48 (VIOLATED)
_763793_/A                            320.00  347.40  -27.40 (VIOLATED)
_740352_/A                            320.00  347.24  -27.24 (VIOLATED)
_744279_/A                            320.00  347.07  -27.07 (VIOLATED)
_740357_/A                            320.00  346.75  -26.75 (VIOLATED)
_743191_/B                            320.00  346.71  -26.71 (VIOLATED)
_763794_/A1                           320.00  346.65  -26.65 (VIOLATED)
coef_q[116]$_DFFE_PN0P_/RESETN        320.00  346.57  -26.57 (VIOLATED)
coef_q[57]$_DFFE_PN0P_/RESETN         320.00  346.56  -26.56 (VIOLATED)
_743476_/A                            320.00  346.41  -26.41 (VIOLATED)
coef_q[122]$_DFFE_PN0P_/RESETN        320.00  346.35  -26.35 (VIOLATED)
_764191_/A1                           320.00  346.29  -26.29 (VIOLATED)
_743637_/A                            320.00  346.18  -26.18 (VIOLATED)
_765547_/C                            320.00  346.14  -26.14 (VIOLATED)
coef_q[83]$_DFFE_PN0P_/RESETN         320.00  346.12  -26.12 (VIOLATED)
_745292_/A                            320.00  346.09  -26.09 (VIOLATED)
_739535_/B                            320.00  346.08  -26.08 (VIOLATED)
coef_q[67]$_DFFE_PN0P_/RESETN         320.00  345.94  -25.94 (VIOLATED)
place79220/A                          320.00  345.86  -25.86 (VIOLATED)
_740364_/B                            320.00  345.79  -25.79 (VIOLATED)
coef_q[33]$_DFFE_PN0P_/RESETN         320.00  345.73  -25.73 (VIOLATED)
_737323_/B                            320.00  345.72  -25.72 (VIOLATED)
place77651/A                          320.00  345.70  -25.70 (VIOLATED)
_763784_/A                            320.00  345.62  -25.62 (VIOLATED)
_737954_/A                            320.00  345.61  -25.61 (VIOLATED)
_671559_/A                            320.00  345.54  -25.54 (VIOLATED)
_763785_/A1                           320.00  345.52  -25.52 (VIOLATED)
place79098/A                          320.00  345.48  -25.48 (VIOLATED)
_743483_/A                            320.00  345.48  -25.48 (VIOLATED)
_737592_/B                            320.00  345.39  -25.39 (VIOLATED)
place79289/A                          320.00  345.38  -25.38 (VIOLATED)
_763788_/A1                           320.00  345.37  -25.37 (VIOLATED)
_737675_/B                            320.00  345.36  -25.36 (VIOLATED)
coef_q[74]$_DFFE_PN0P_/RESETN         320.00  345.29  -25.29 (VIOLATED)
_743484_/A                            320.00  345.28  -25.28 (VIOLATED)
_745300_/A                            320.00  345.28  -25.28 (VIOLATED)
_745280_/A                            320.00  345.26  -25.26 (VIOLATED)
_745302_/A                            320.00  345.24  -25.24 (VIOLATED)
_744277_/A                            320.00  345.21  -25.21 (VIOLATED)
_745286_/A                            320.00  345.20  -25.20 (VIOLATED)
_745294_/A                            320.00  345.16  -25.16 (VIOLATED)
_671558_/A                            320.00  345.15  -25.15 (VIOLATED)
_745247_/A                            320.00  345.15  -25.15 (VIOLATED)
coef_q[90]$_DFFE_PN0P_/RESETN         320.00  345.06  -25.06 (VIOLATED)
_739358_/B                            320.00  344.89  -24.89 (VIOLATED)
_743480_/A                            320.00  344.84  -24.84 (VIOLATED)
coef_q[114]$_DFFE_PN0P_/RESETN        320.00  344.80  -24.80 (VIOLATED)
_744273_/A                            320.00  344.78  -24.78 (VIOLATED)
_763787_/A                            320.00  344.76  -24.76 (VIOLATED)
_739866_/B                            320.00  344.75  -24.75 (VIOLATED)
place78438/A                          320.00  344.69  -24.69 (VIOLATED)
_671557_/A                            320.00  344.44  -24.44 (VIOLATED)
_745527_/B                            320.00  344.37  -24.37 (VIOLATED)
coef_q[120]$_DFFE_PN0P_/RESETN        320.00  344.36  -24.36 (VIOLATED)
_743636_/A                            320.00  344.28  -24.28 (VIOLATED)
_764188_/A1                           320.00  344.08  -24.08 (VIOLATED)
_744281_/A                            320.00  343.97  -23.97 (VIOLATED)
_745529_/A                            320.00  343.92  -23.92 (VIOLATED)
_743481_/A                            320.00  343.89  -23.89 (VIOLATED)
_745532_/A                            320.00  343.87  -23.87 (VIOLATED)
coef_q[162]$_DFFE_PN0P_/RESETN        320.00  343.84  -23.84 (VIOLATED)
_745528_/B                            320.00  343.74  -23.74 (VIOLATED)
_671556_/A                            320.00  343.74  -23.74 (VIOLATED)
_744280_/A                            320.00  343.72  -23.72 (VIOLATED)
_745535_/A                            320.00  343.70  -23.70 (VIOLATED)
_745530_/A                            320.00  343.68  -23.68 (VIOLATED)
_762225_/A                            320.00  343.67  -23.67 (VIOLATED)
_744278_/A                            320.00  343.39  -23.39 (VIOLATED)
place78841/A                          320.00  343.33  -23.33 (VIOLATED)
_742422_/B                            320.00  343.28  -23.28 (VIOLATED)
coef_q[64]$_DFFE_PN0P_/RESETN         320.00  343.18  -23.18 (VIOLATED)
_737498_/B                            320.00  343.05  -23.05 (VIOLATED)
_744274_/A                            320.00  342.98  -22.98 (VIOLATED)
place79430/A                          320.00  342.90  -22.90 (VIOLATED)
_743631_/A                            320.00  342.82  -22.82 (VIOLATED)
place79653/A                          320.00  342.76  -22.76 (VIOLATED)
_745553_/A                            320.00  342.76  -22.76 (VIOLATED)
_742292_/B                            320.00  342.66  -22.66 (VIOLATED)
coef_q[138]$_DFFE_PN0P_/RESETN        320.00  342.65  -22.65 (VIOLATED)
_745551_/B                            320.00  342.59  -22.59 (VIOLATED)
_745704_/B                            320.00  342.46  -22.46 (VIOLATED)
_671555_/A                            320.00  342.36  -22.36 (VIOLATED)
_745705_/B                            320.00  342.16  -22.16 (VIOLATED)
_768923_/A                            320.00  342.10  -22.10 (VIOLATED)
coef_q[38]$_DFFE_PN0P_/RESETN         320.00  342.02  -22.02 (VIOLATED)
_745606_/B                            320.00  341.99  -21.99 (VIOLATED)
_737963_/A                            320.00  341.89  -21.89 (VIOLATED)
_745554_/A                            320.00  341.65  -21.65 (VIOLATED)
coef_q[15]$_DFFE_PN0P_/RESETN         320.00  341.58  -21.58 (VIOLATED)
_745551_/A                            320.00  341.50  -21.50 (VIOLATED)
_737960_/A                            320.00  341.48  -21.48 (VIOLATED)
_745552_/A                            320.00  341.45  -21.45 (VIOLATED)
_745585_/B                            320.00  341.36  -21.36 (VIOLATED)
_745728_/B                            320.00  341.34  -21.34 (VIOLATED)
_745549_/A                            320.00  341.34  -21.34 (VIOLATED)
_745531_/A                            320.00  341.32  -21.32 (VIOLATED)
_764187_/A                            320.00  341.27  -21.27 (VIOLATED)
_741454_/B                            320.00  341.07  -21.07 (VIOLATED)
_745534_/A                            320.00  341.06  -21.06 (VIOLATED)
_744276_/A                            320.00  341.05  -21.05 (VIOLATED)
place78278/A                          320.00  340.98  -20.98 (VIOLATED)
_737962_/A                            320.00  340.91  -20.91 (VIOLATED)
_745533_/A                            320.00  340.90  -20.90 (VIOLATED)
coef_q[146]$_DFFE_PN0P_/RESETN        320.00  340.90  -20.90 (VIOLATED)
_745556_/A                            320.00  340.81  -20.81 (VIOLATED)
_762192_/A                            320.00  340.74  -20.74 (VIOLATED)
_745526_/A                            320.00  340.67  -20.67 (VIOLATED)
_764190_/A                            320.00  340.58  -20.58 (VIOLATED)
place78124/A                          320.00  340.51  -20.51 (VIOLATED)
_671554_/A                            320.00  340.41  -20.41 (VIOLATED)
_741613_/B                            320.00  340.28  -20.28 (VIOLATED)
coef_q[47]$_DFFE_PN0P_/RESETN         320.00  340.12  -20.12 (VIOLATED)
place79195/A                          320.00  339.95  -19.95 (VIOLATED)
place78605/A                          320.00  339.88  -19.88 (VIOLATED)
_737961_/A                            320.00  339.85  -19.85 (VIOLATED)
_743754_/A                            320.00  339.75  -19.75 (VIOLATED)
out_pix_data[59]$_DFFE_PN0P_/RESETN   320.00  339.54  -19.54 (VIOLATED)
place87959/A                          320.00  339.49  -19.49 (VIOLATED)
_745550_/A                            320.00  339.36  -19.36 (VIOLATED)
_626599_/A                            320.00  339.35  -19.35 (VIOLATED)
out_pix_data[55]$_DFFE_PN0P_/RESETN   320.00  339.25  -19.25 (VIOLATED)
out_pix_data[53]$_DFFE_PN0P_/RESETN   320.00  339.18  -19.18 (VIOLATED)
_742433_/B                            320.00  339.03  -19.03 (VIOLATED)
coef_q[8]$_DFFE_PN0P_/RESETN          320.00  339.02  -19.02 (VIOLATED)
_671553_/A                            320.00  338.87  -18.87 (VIOLATED)
out_pix_data[51]$_DFFE_PN0P_/RESETN   320.00  338.59  -18.59 (VIOLATED)
_742430_/B                            320.00  338.42  -18.42 (VIOLATED)
place78859/A                          320.00  338.35  -18.35 (VIOLATED)
_743755_/A                            320.00  338.35  -18.35 (VIOLATED)
_745548_/A                            320.00  338.31  -18.31 (VIOLATED)
_763750_/A1                           320.00  338.07  -18.07 (VIOLATED)
place78468/A                          320.00  337.95  -17.95 (VIOLATED)
place79055/A                          320.00  337.89  -17.89 (VIOLATED)
_737955_/A                            320.00  337.87  -17.87 (VIOLATED)
out_pix_data[54]$_DFFE_PN0P_/RESETN   320.00  337.84  -17.84 (VIOLATED)
_745524_/A                            320.00  337.61  -17.61 (VIOLATED)
_741178_/B                            320.00  337.59  -17.59 (VIOLATED)
_745540_/A                            320.00  337.59  -17.59 (VIOLATED)
_745517_/A                            320.00  337.53  -17.53 (VIOLATED)
_746154_/B                            320.00  337.48  -17.48 (VIOLATED)
_745537_/A                            320.00  337.42  -17.42 (VIOLATED)
_764633_/A                            320.00  337.39  -17.39 (VIOLATED)
_764770_/A                            320.00  337.37  -17.37 (VIOLATED)
_745557_/A                            320.00  337.32  -17.32 (VIOLATED)
_741942_/B                            320.00  337.31  -17.31 (VIOLATED)
_766170_/C                            320.00  337.23  -17.23 (VIOLATED)
_745523_/A                            320.00  337.19  -17.19 (VIOLATED)
_744166_/A                            320.00  337.16  -17.16 (VIOLATED)
_763284_/A1                           320.00  337.15  -17.15 (VIOLATED)
_763857_/A                            320.00  337.11  -17.11 (VIOLATED)
_745528_/A                            320.00  337.10  -17.10 (VIOLATED)
_764108_/C                            320.00  337.08  -17.08 (VIOLATED)
_745555_/A                            320.00  337.05  -17.05 (VIOLATED)
_764823_/A                            320.00  336.98  -16.98 (VIOLATED)
_763856_/A1                           320.00  336.95  -16.95 (VIOLATED)
out_pix_data[52]$_DFFE_PN0P_/RESETN   320.00  336.94  -16.94 (VIOLATED)
_763380_/A                            320.00  336.94  -16.94 (VIOLATED)
_763749_/A                            320.00  336.92  -16.92 (VIOLATED)
_745223_/A                            320.00  336.91  -16.91 (VIOLATED)
place79034/A                          320.00  336.89  -16.89 (VIOLATED)
_745352_/A                            320.00  336.88  -16.88 (VIOLATED)
_745543_/A                            320.00  336.75  -16.75 (VIOLATED)
_764415_/A1                           320.00  336.64  -16.64 (VIOLATED)
_745250_/A                            320.00  336.62  -16.62 (VIOLATED)
_745539_/A                            320.00  336.55  -16.55 (VIOLATED)
_743752_/A                            320.00  336.54  -16.54 (VIOLATED)
_764824_/A1                           320.00  336.52  -16.52 (VIOLATED)
_745657_/B                            320.00  336.50  -16.50 (VIOLATED)
_739778_/B                            320.00  336.44  -16.44 (VIOLATED)
coef_q[183]$_DFFE_PN0P_/RESETN        320.00  336.43  -16.43 (VIOLATED)
coef_q[69]$_DFFE_PN0P_/RESETN         320.00  336.43  -16.43 (VIOLATED)
_764417_/A1                           320.00  336.43  -16.43 (VIOLATED)
out_pix_data[56]$_DFFE_PN0P_/RESETN   320.00  336.41  -16.41 (VIOLATED)
_671552_/A                            320.00  336.36  -16.36 (VIOLATED)
_745248_/A                            320.00  336.29  -16.29 (VIOLATED)
_745544_/A                            320.00  336.24  -16.24 (VIOLATED)
_745546_/A                            320.00  336.24  -16.24 (VIOLATED)
_766336_/C                            320.00  336.21  -16.21 (VIOLATED)
_742469_/B                            320.00  336.17  -16.17 (VIOLATED)
place79006/A                          320.00  336.16  -16.16 (VIOLATED)
_763773_/C                            320.00  336.11  -16.11 (VIOLATED)
_740598_/B                            320.00  336.09  -16.09 (VIOLATED)
_764441_/A1                           320.00  335.92  -15.92 (VIOLATED)
place79031/A                          320.00  335.88  -15.88 (VIOLATED)
_764439_/A1                           320.00  335.86  -15.86 (VIOLATED)
_745534_/B                            320.00  335.81  -15.81 (VIOLATED)
_764835_/A1                           320.00  335.71  -15.71 (VIOLATED)
_745538_/A                            320.00  335.68  -15.68 (VIOLATED)
_764432_/A1                           320.00  335.64  -15.64 (VIOLATED)
_764434_/A1                           320.00  335.63  -15.63 (VIOLATED)
_763770_/C                            320.00  335.62  -15.62 (VIOLATED)
place77657/A                          320.00  335.61  -15.61 (VIOLATED)
_737957_/A                            320.00  335.60  -15.60 (VIOLATED)
place79692/A                          320.00  335.60  -15.60 (VIOLATED)
_742321_/B                            320.00  335.57  -15.57 (VIOLATED)
_763860_/A1                           320.00  335.48  -15.48 (VIOLATED)
_764111_/C                            320.00  335.43  -15.43 (VIOLATED)
_763290_/C                            320.00  335.43  -15.43 (VIOLATED)
_745542_/A                            320.00  335.37  -15.37 (VIOLATED)
_763273_/C                            320.00  335.36  -15.36 (VIOLATED)
_743753_/A                            320.00  335.35  -15.35 (VIOLATED)
_763753_/C                            320.00  335.26  -15.26 (VIOLATED)
_745521_/A                            320.00  335.26  -15.26 (VIOLATED)
_740539_/B                            320.00  335.20  -15.20 (VIOLATED)
_763859_/A                            320.00  335.17  -15.17 (VIOLATED)
coef_q[52]$_DFFE_PN0P_/RESETN         320.00  335.09  -15.09 (VIOLATED)
_764122_/C                            320.00  334.98  -14.98 (VIOLATED)
_766339_/C                            320.00  334.93  -14.93 (VIOLATED)
_743496_/A                            320.00  334.85  -14.85 (VIOLATED)
_764119_/C                            320.00  334.72  -14.72 (VIOLATED)
_739836_/B                            320.00  334.68  -14.68 (VIOLATED)
_745516_/A                            320.00  334.67  -14.67 (VIOLATED)
_764827_/A1                           320.00  334.64  -14.64 (VIOLATED)
_763871_/A                            320.00  334.62  -14.62 (VIOLATED)
_763383_/A                            320.00  334.61  -14.61 (VIOLATED)
_745541_/A                            320.00  334.60  -14.60 (VIOLATED)
place79091/A                          320.00  334.58  -14.58 (VIOLATED)
_737958_/A                            320.00  334.54  -14.54 (VIOLATED)
_763873_/A                            320.00  334.46  -14.46 (VIOLATED)
_763872_/A1                           320.00  334.45  -14.45 (VIOLATED)
coef_q[56]$_DFFE_PN0P_/RESETN         320.00  334.43  -14.43 (VIOLATED)
_737959_/A                            320.00  334.42  -14.42 (VIOLATED)
_737956_/A                            320.00  334.36  -14.36 (VIOLATED)
_658114_/A                            320.00  334.35  -14.35 (VIOLATED)
_658115_/A                            320.00  334.35  -14.35 (VIOLATED)
place79217/A                          320.00  334.35  -14.35 (VIOLATED)
_745522_/A                            320.00  334.34  -14.34 (VIOLATED)
_763760_/A                            320.00  334.33  -14.33 (VIOLATED)
_764201_/A                            320.00  334.08  -14.08 (VIOLATED)
_764202_/A1                           320.00  334.04  -14.04 (VIOLATED)
_764205_/A1                           320.00  334.03  -14.03 (VIOLATED)
_764204_/A                            320.00  334.02  -14.02 (VIOLATED)
_745711_/B                            320.00  333.97  -13.97 (VIOLATED)
_658116_/A                            320.00  333.92  -13.92 (VIOLATED)
_737979_/A                            320.00  333.84  -13.84 (VIOLATED)
_741816_/B                            320.00  333.82  -13.82 (VIOLATED)
_763869_/A                            320.00  333.77  -13.77 (VIOLATED)
_765573_/A                            320.00  333.75  -13.75 (VIOLATED)
coef_q[31]$_DFFE_PN0P_/RESETN         320.00  333.69  -13.69 (VIOLATED)
_763762_/A1                           320.00  333.64  -13.64 (VIOLATED)
place78359/A                          320.00  333.55  -13.55 (VIOLATED)
_737978_/A                            320.00  333.52  -13.52 (VIOLATED)
place78640/A                          320.00  333.48  -13.48 (VIOLATED)
_737977_/A                            320.00  333.47  -13.47 (VIOLATED)
_765583_/C                            320.00  333.40  -13.40 (VIOLATED)
_658117_/A                            320.00  333.35  -13.35 (VIOLATED)
_763763_/A                            320.00  333.31  -13.31 (VIOLATED)
out_pix_data[58]$_DFFE_PN0P_/RESETN   320.00  333.30  -13.30 (VIOLATED)
_737981_/A                            320.00  333.05  -13.05 (VIOLATED)
_763381_/A1                           320.00  332.98  -12.98 (VIOLATED)
_742144_/B                            320.00  332.87  -12.87 (VIOLATED)
_671551_/A                            320.00  332.78  -12.78 (VIOLATED)
_764832_/A                            320.00  332.76  -12.76 (VIOLATED)
_658118_/A                            320.00  332.76  -12.76 (VIOLATED)
_737983_/A                            320.00  332.72  -12.72 (VIOLATED)
_764833_/A1                           320.00  332.71  -12.71 (VIOLATED)
_737980_/A                            320.00  332.60  -12.60 (VIOLATED)
_763266_/C                            320.00  332.60  -12.60 (VIOLATED)
_745600_/B                            320.00  332.58  -12.58 (VIOLATED)
place79285/A                          320.00  332.55  -12.55 (VIOLATED)
_737976_/A                            320.00  332.23  -12.23 (VIOLATED)
_658119_/A                            320.00  332.15  -12.15 (VIOLATED)
place79010/A                          320.00  332.14  -12.14 (VIOLATED)
_741411_/B                            320.00  332.12  -12.12 (VIOLATED)
_671550_/A                            320.00  331.86  -11.86 (VIOLATED)
_738677_/B                            320.00  331.82  -11.82 (VIOLATED)
coef_q[23]$_DFFE_PN0P_/RESETN         320.00  331.77  -11.77 (VIOLATED)
_763384_/A1                           320.00  331.75  -11.75 (VIOLATED)
_658120_/A                            320.00  331.52  -11.52 (VIOLATED)
_765508_/A                            320.00  331.49  -11.49 (VIOLATED)
_763753_/A1                           320.00  331.40  -11.40 (VIOLATED)
_743469_/A                            320.00  331.37  -11.37 (VIOLATED)
_763752_/A                            320.00  331.36  -11.36 (VIOLATED)
_745527_/A                            320.00  331.35  -11.35 (VIOLATED)
coef_q[86]$_DFFE_PN0P_/RESETN         320.00  331.32  -11.32 (VIOLATED)
_739775_/B                            320.00  331.31  -11.31 (VIOLATED)
coef_q[88]$_DFFE_PN0P_/RESETN         320.00  331.26  -11.26 (VIOLATED)
_768924_/A                            320.00  331.25  -11.25 (VIOLATED)
_765535_/A                            320.00  331.24  -11.24 (VIOLATED)
_745518_/A                            320.00  331.23  -11.23 (VIOLATED)
_744275_/A                            320.00  331.21  -11.21 (VIOLATED)
coef_q[125]$_DFFE_PN0P_/RESETN        320.00  331.11  -11.11 (VIOLATED)
coef_q[185]$_DFFE_PN0P_/RESETN        320.00  331.06  -11.06 (VIOLATED)
coef_q[54]$_DFFE_PN0P_/RESETN         320.00  331.04  -11.04 (VIOLATED)
_765509_/A1                           320.00  331.00  -11.00 (VIOLATED)
_745515_/A                            320.00  330.93  -10.93 (VIOLATED)
_745655_/B                            320.00  330.78  -10.78 (VIOLATED)
place87946/A                          320.00  330.74  -10.74 (VIOLATED)
coef_q[66]$_DFFE_PN0P_/RESETN         320.00  330.57  -10.57 (VIOLATED)
_745632_/B                            320.00  330.56  -10.56 (VIOLATED)
place78772/A                          320.00  330.49  -10.49 (VIOLATED)
_764781_/A1                           320.00  330.45  -10.45 (VIOLATED)
_626598_/A                            320.00  330.27  -10.27 (VIOLATED)
place79331/A                          320.00  330.25  -10.25 (VIOLATED)
oskid_d[67]$_DFFE_PN0P_/RESETN        320.00  330.22  -10.22 (VIOLATED)
out_pix_data[138]$_DFFE_PN0P_/RESETN  320.00  330.14  -10.14 (VIOLATED)
_745520_/A                            320.00  330.09  -10.09 (VIOLATED)
_745519_/A                            320.00  330.04  -10.04 (VIOLATED)
_739774_/B                            320.00  329.99   -9.99 (VIOLATED)
_763388_/A1                           320.00  329.92   -9.92 (VIOLATED)
oskid_d[66]$_DFFE_PN0P_/RESETN        320.00  329.91   -9.91 (VIOLATED)
_768879_/A                            320.00  329.88   -9.88 (VIOLATED)
_763387_/A                            320.00  329.88   -9.88 (VIOLATED)
_763769_/A                            320.00  329.84   -9.84 (VIOLATED)
_764196_/A                            320.00  329.82   -9.82 (VIOLATED)
_764197_/A1                           320.00  329.71   -9.71 (VIOLATED)
coef_q[55]$_DFFE_PN0P_/RESETN         320.00  329.66   -9.66 (VIOLATED)
_763770_/A1                           320.00  329.63   -9.63 (VIOLATED)
_764194_/A                            320.00  329.59   -9.59 (VIOLATED)
_764195_/A1                           320.00  329.58   -9.58 (VIOLATED)
place79265/A                          320.00  329.53   -9.53 (VIOLATED)
_763767_/A1                           320.00  329.49   -9.49 (VIOLATED)
_763766_/A                            320.00  329.44   -9.44 (VIOLATED)
_743744_/A                            320.00  329.41   -9.41 (VIOLATED)
_745878_/B                            320.00  329.37   -9.37 (VIOLATED)
place78322/A                          320.00  329.36   -9.36 (VIOLATED)
coef_q[152]$_DFFE_PN0P_/RESETN        320.00  329.30   -9.30 (VIOLATED)
_740091_/B                            320.00  329.14   -9.14 (VIOLATED)
_745620_/B                            320.00  329.11   -9.11 (VIOLATED)
coef_q[50]$_DFFE_PN0P_/RESETN         320.00  329.09   -9.09 (VIOLATED)
_745583_/B                            320.00  329.03   -9.03 (VIOLATED)
_745273_/A                            320.00  328.73   -8.73 (VIOLATED)
_788007_/A                            320.00  328.70   -8.70 (VIOLATED)
_744423_/A                            320.00  328.68   -8.68 (VIOLATED)
_763391_/A1                           320.00  328.67   -8.67 (VIOLATED)
_744381_/A                            320.00  328.66   -8.66 (VIOLATED)
_744442_/A                            320.00  328.63   -8.63 (VIOLATED)
_763772_/A                            320.00  328.62   -8.62 (VIOLATED)
_744388_/A                            320.00  328.62   -8.62 (VIOLATED)
_744506_/A                            320.00  328.61   -8.61 (VIOLATED)
_744389_/A                            320.00  328.60   -8.60 (VIOLATED)
_744440_/A                            320.00  328.57   -8.57 (VIOLATED)
_763773_/A1                           320.00  328.52   -8.52 (VIOLATED)
place77784/A                          320.00  328.40   -8.40 (VIOLATED)
_744424_/A                            320.00  328.36   -8.36 (VIOLATED)
_744425_/A                            320.00  328.35   -8.35 (VIOLATED)
_763390_/A                            320.00  328.34   -8.34 (VIOLATED)
_744384_/A                            320.00  328.26   -8.26 (VIOLATED)
_658121_/A                            320.00  328.24   -8.24 (VIOLATED)
_744420_/A                            320.00  328.14   -8.14 (VIOLATED)
_744387_/A                            320.00  328.11   -8.11 (VIOLATED)
coef_q[161]$_DFFE_PN0P_/RESETN        320.00  328.07   -8.07 (VIOLATED)
oskid_d[62]$_DFFE_PN0P_/RESETN        320.00  328.06   -8.06 (VIOLATED)
_744419_/A                            320.00  328.06   -8.06 (VIOLATED)
_744386_/A                            320.00  328.04   -8.04 (VIOLATED)
_744422_/A                            320.00  327.99   -7.99 (VIOLATED)
_765509_/C                            320.00  327.94   -7.94 (VIOLATED)
_745623_/B                            320.00  327.90   -7.90 (VIOLATED)
_737319_/B                            320.00  327.66   -7.66 (VIOLATED)
_741639_/B                            320.00  327.57   -7.57 (VIOLATED)
coef_q[20]$_DFFE_PN0P_/RESETN         320.00  327.36   -7.36 (VIOLATED)
_740721_/B                            320.00  327.35   -7.35 (VIOLATED)
_633461_/A                            320.00  327.21   -7.21 (VIOLATED)
_658123_/A                            320.00  327.01   -7.01 (VIOLATED)
_738029_/B                            320.00  327.00   -7.00 (VIOLATED)
_633462_/A                            320.00  326.99   -6.99 (VIOLATED)
place79004/A                          320.00  326.97   -6.97 (VIOLATED)
_658122_/A                            320.00  326.97   -6.97 (VIOLATED)
_737982_/A                            320.00  326.94   -6.94 (VIOLATED)
_743742_/A                            320.00  326.89   -6.89 (VIOLATED)
coef_q[18]$_DFFE_PN0P_/RESETN         320.00  326.82   -6.82 (VIOLATED)
_763774_/A                            320.00  326.77   -6.77 (VIOLATED)
_743750_/A                            320.00  326.76   -6.76 (VIOLATED)
_765519_/C                            320.00  326.67   -6.67 (VIOLATED)
_763775_/A1                           320.00  326.64   -6.64 (VIOLATED)
_633463_/A                            320.00  326.30   -6.30 (VIOLATED)
_764775_/A1                           320.00  326.30   -6.30 (VIOLATED)
_740187_/B                            320.00  326.26   -6.26 (VIOLATED)
oskid_d[61]$_DFFE_PN0P_/RESETN        320.00  325.99   -5.99 (VIOLATED)
_743743_/A                            320.00  325.98   -5.98 (VIOLATED)
_744378_/A                            320.00  325.93   -5.93 (VIOLATED)
out_pix_data[66]$_DFFE_PN0P_/RESETN   320.00  325.86   -5.86 (VIOLATED)
_739864_/B                            320.00  325.65   -5.65 (VIOLATED)
_741345_/A                            320.00  325.55   -5.55 (VIOLATED)
_633464_/A                            320.00  325.48   -5.48 (VIOLATED)
_743957_/B                            320.00  325.43   -5.43 (VIOLATED)
_763807_/C                            320.00  325.31   -5.31 (VIOLATED)
_763323_/C                            320.00  325.24   -5.24 (VIOLATED)
_744421_/A                            320.00  325.18   -5.18 (VIOLATED)
_612411_/A                            320.00  325.17   -5.17 (VIOLATED)
_764151_/C                            320.00  325.16   -5.16 (VIOLATED)
_612414_/A                            320.00  325.12   -5.12 (VIOLATED)
_743741_/A                            320.00  325.11   -5.11 (VIOLATED)
_745541_/B                            320.00  325.07   -5.07 (VIOLATED)
_766373_/C                            320.00  324.95   -4.95 (VIOLATED)
_739737_/A                            320.00  324.92   -4.92 (VIOLATED)
_763340_/C                            320.00  324.87   -4.87 (VIOLATED)
_739744_/A                            320.00  324.84   -4.84 (VIOLATED)
_763794_/C                            320.00  324.71   -4.71 (VIOLATED)
_739732_/A                            320.00  324.69   -4.69 (VIOLATED)
place78695/A                          320.00  324.69   -4.69 (VIOLATED)
_743485_/A                            320.00  324.63   -4.63 (VIOLATED)
_612417_/A                            320.00  324.61   -4.61 (VIOLATED)
_739746_/A                            320.00  324.51   -4.51 (VIOLATED)
_769123_/A                            320.00  324.43   -4.43 (VIOLATED)
_764633_/B                            320.00  324.27   -4.27 (VIOLATED)
_764162_/C                            320.00  324.25   -4.25 (VIOLATED)
_739734_/A                            320.00  324.22   -4.22 (VIOLATED)
_612420_/A                            320.00  324.13   -4.13 (VIOLATED)
place78703/A                          320.00  323.96   -3.96 (VIOLATED)
_626597_/A                            320.00  323.96   -3.96 (VIOLATED)
_764159_/C                            320.00  323.81   -3.81 (VIOLATED)
oskid_d[68]$_DFFE_PN0P_/RESETN        320.00  323.67   -3.67 (VIOLATED)
_739733_/A                            320.00  323.57   -3.57 (VIOLATED)
_626590_/A                            320.00  323.47   -3.47 (VIOLATED)
_739739_/A                            320.00  323.41   -3.41 (VIOLATED)
_740010_/B                            320.00  323.36   -3.36 (VIOLATED)
_763788_/C                            320.00  323.35   -3.35 (VIOLATED)
_744320_/A                            320.00  323.34   -3.34 (VIOLATED)
_743749_/A                            320.00  323.24   -3.24 (VIOLATED)
_738693_/B                            320.00  323.23   -3.23 (VIOLATED)
_739164_/B                            320.00  323.18   -3.18 (VIOLATED)
_626591_/A                            320.00  323.18   -3.18 (VIOLATED)
_741340_/A                            320.00  323.08   -3.08 (VIOLATED)
place78128/A                          320.00  323.06   -3.06 (VIOLATED)
_739747_/A                            320.00  323.03   -3.03 (VIOLATED)
_745718_/B                            320.00  323.02   -3.02 (VIOLATED)
_763348_/C                            320.00  322.99   -2.99 (VIOLATED)
_739745_/A                            320.00  322.96   -2.96 (VIOLATED)
_633465_/A                            320.00  322.94   -2.94 (VIOLATED)
_739714_/A                            320.00  322.88   -2.88 (VIOLATED)
_739712_/A                            320.00  322.86   -2.86 (VIOLATED)
_744259_/A                            320.00  322.69   -2.69 (VIOLATED)
_739735_/A                            320.00  322.61   -2.61 (VIOLATED)
_741172_/B                            320.00  322.55   -2.55 (VIOLATED)
_765548_/A1                           320.00  322.51   -2.51 (VIOLATED)
_746512_/B                            320.00  322.49   -2.49 (VIOLATED)
_741341_/A                            320.00  322.45   -2.45 (VIOLATED)
_626592_/A                            320.00  322.37   -2.37 (VIOLATED)
_612423_/A                            320.00  322.36   -2.36 (VIOLATED)
_765543_/A1                           320.00  322.34   -2.34 (VIOLATED)
_737994_/A                            320.00  322.29   -2.29 (VIOLATED)
_737315_/B                            320.00  322.28   -2.28 (VIOLATED)
_737992_/A                            320.00  322.22   -2.22 (VIOLATED)
_633466_/A                            320.00  322.22   -2.22 (VIOLATED)
_483589_/A                            320.00  322.21   -2.21 (VIOLATED)
coef_q[72]$_DFFE_PN0P_/RESETN         320.00  322.17   -2.17 (VIOLATED)
_737941_/A                            320.00  322.14   -2.14 (VIOLATED)
_737984_/A                            320.00  322.09   -2.09 (VIOLATED)
_737985_/A                            320.00  322.07   -2.07 (VIOLATED)
_744438_/A                            320.00  322.03   -2.03 (VIOLATED)
place78282/A                          320.00  321.78   -1.78 (VIOLATED)
place79161/A                          320.00  321.77   -1.77 (VIOLATED)
_739791_/B                            320.00  321.76   -1.76 (VIOLATED)
_739834_/B                            320.00  321.67   -1.67 (VIOLATED)
place78559/A                          320.00  321.57   -1.57 (VIOLATED)
place79670/A                          320.00  321.55   -1.55 (VIOLATED)
_739455_/B                            320.00  321.55   -1.55 (VIOLATED)
_661933_/B                            320.00  321.53   -1.53 (VIOLATED)
_744443_/A                            320.00  321.52   -1.52 (VIOLATED)
_737971_/A                            320.00  321.51   -1.51 (VIOLATED)
_745279_/A                            320.00  321.48   -1.48 (VIOLATED)
_745618_/B                            320.00  321.28   -1.28 (VIOLATED)
oskid_d[69]$_DFFE_PN0P_/RESETN        320.00  321.27   -1.27 (VIOLATED)
_739715_/A                            320.00  321.26   -1.26 (VIOLATED)
_739719_/A                            320.00  321.24   -1.24 (VIOLATED)
_626593_/A                            320.00  321.23   -1.23 (VIOLATED)
_745950_/B                            320.00  321.17   -1.17 (VIOLATED)
_737858_/A                            320.00  321.04   -1.04 (VIOLATED)
_741339_/A                            320.00  320.97   -0.97 (VIOLATED)
_763399_/A                            320.00  320.95   -0.95 (VIOLATED)
_737988_/A                            320.00  320.85   -0.85 (VIOLATED)
_737967_/A                            320.00  320.78   -0.78 (VIOLATED)
_738010_/A                            320.00  320.71   -0.71 (VIOLATED)
_738013_/A                            320.00  320.66   -0.66 (VIOLATED)
place78421/A                          320.00  320.52   -0.52 (VIOLATED)
_766370_/A1                           320.00  320.46   -0.46 (VIOLATED)
_788012_/A                            320.00  320.42   -0.42 (VIOLATED)
_738012_/A                            320.00  320.38   -0.38 (VIOLATED)
_739723_/A                            320.00  320.34   -0.34 (VIOLATED)
place79113/A                          320.00  320.28   -0.28 (VIOLATED)
_738383_/B                            320.00  320.20   -0.20 (VIOLATED)
_612435_/A                            320.00  320.16   -0.16 (VIOLATED)

max capacitance

Pin                                    Limit     Cap   Slack
------------------------------------------------------------
_762246_/Y                             23.04   25.25   -2.21 (VIOLATED)


==========================================================================
finish max_slew_check_slack
--------------------------------------------------------------------------
-183.97979736328125

==========================================================================
finish max_slew_check_limit
--------------------------------------------------------------------------
320.0

==========================================================================
finish max_slew_check_slack_limit
--------------------------------------------------------------------------
-0.5749

==========================================================================
finish max_fanout_check_slack
--------------------------------------------------------------------------
1.0000000150474662e+30

==========================================================================
finish max_fanout_check_limit
--------------------------------------------------------------------------
1.0000000150474662e+30

==========================================================================
finish max_capacitance_check_slack
--------------------------------------------------------------------------
-2.208451986312866

==========================================================================
finish max_capacitance_check_limit
--------------------------------------------------------------------------
23.040000915527344

==========================================================================
finish max_capacitance_check_slack_limit
--------------------------------------------------------------------------
-0.0959

==========================================================================
finish max_slew_violation_count
--------------------------------------------------------------------------
max slew violation count 881

==========================================================================
finish max_fanout_violation_count
--------------------------------------------------------------------------
max fanout violation count 0

==========================================================================
finish max_cap_violation_count
--------------------------------------------------------------------------
max cap violation count 1

==========================================================================
finish setup_violation_count
--------------------------------------------------------------------------
setup violation count 140

==========================================================================
finish hold_violation_count
--------------------------------------------------------------------------
hold violation count 1601

==========================================================================
finish report_checks -path_delay max reg to reg
--------------------------------------------------------------------------
Startpoint: ymod_f[3]$_DFFE_PN0P_
            (rising edge-triggered flip-flop clocked by core_clock)
Endpoint: c_fut[103]$_DFF_P_
          (rising edge-triggered flip-flop clocked by core_clock)
Path Group: core_clock
Path Type: max

  Delay    Time   Description
---------------------------------------------------------
   0.00    0.00   clock core_clock (rise edge)
   0.00    0.00   clock source latency
   0.00    0.00 ^ clk (in)
  29.14   29.14 ^ wire88053/Y (BUFx16f_ASAP7_75t_R)
  39.08   68.22 ^ wire88052/Y (BUFx6f_ASAP7_75t_R)
  28.74   96.97 ^ clkbuf_0_clk/Y (BUFx24_ASAP7_75t_R)
  18.86  115.82 ^ delaybuf_68_core_clock/Y (BUFx24_ASAP7_75t_R)
  17.38  133.20 ^ delaybuf_69_core_clock/Y (BUFx24_ASAP7_75t_R)
  17.37  150.57 ^ delaybuf_70_core_clock/Y (BUFx24_ASAP7_75t_R)
  17.38  167.96 ^ delaybuf_71_core_clock/Y (BUFx24_ASAP7_75t_R)
  17.38  185.34 ^ delaybuf_72_core_clock/Y (BUFx24_ASAP7_75t_R)
  17.34  202.67 ^ delaybuf_73_core_clock/Y (BUFx24_ASAP7_75t_R)
  17.30  219.97 ^ delaybuf_74_core_clock/Y (BUFx24_ASAP7_75t_R)
  17.31  237.29 ^ delaybuf_75_core_clock/Y (BUFx24_ASAP7_75t_R)
  17.31  254.60 ^ delaybuf_76_core_clock/Y (BUFx24_ASAP7_75t_R)
  18.08  272.68 ^ clkbuf_1_0_0_clk/Y (BUFx24_ASAP7_75t_R)
  22.87  295.54 ^ clkbuf_2_1_0_clk/Y (BUFx24_ASAP7_75t_R)
  22.82  318.37 ^ clkbuf_2_1_1_clk/Y (BUFx24_ASAP7_75t_R)
  23.04  341.41 ^ clkbuf_3_3_0_clk/Y (BUFx24_ASAP7_75t_R)
  24.91  366.32 ^ delaybuf_43_core_clock/Y (BUFx24_ASAP7_75t_R)
  20.31  386.63 ^ delaybuf_44_core_clock/Y (BUFx24_ASAP7_75t_R)
  20.15  406.78 ^ clkbuf_leaf_1_clk/Y (BUFx24_ASAP7_75t_R)
  19.32  426.10 ^ delaybuf_42_core_clock/Y (BUFx24_ASAP7_75t_R)
  19.34  445.44 ^ delaybuf_41_core_clock/Y (BUFx24_ASAP7_75t_R)
  19.24  464.68 ^ _788075_/GCLK (ICGx1_ASAP7_75t_R)
  21.61  486.29 ^ clkbuf_0__474436_/Y (BUFx24_ASAP7_75t_R)
  20.33  506.62 ^ clkbuf_1_1__f__474436_/Y (BUFx24_ASAP7_75t_R)
   3.30  509.92 ^ ymod_f[3]$_DFFE_PN0P_/CLK (DFFASRHQNx1_ASAP7_75t_R)
  51.35  561.27 ^ ymod_f[3]$_DFFE_PN0P_/QN (DFFASRHQNx1_ASAP7_75t_R)
  20.76  582.03 ^ place76172/Y (BUFx6f_ASAP7_75t_R)
  25.12  607.15 v _844244_/CON (HAxp5_ASAP7_75t_R)
  10.21  617.36 ^ _844244_/SN (HAxp5_ASAP7_75t_R)
   9.05  626.41 v _634220_/Y (INVx1_ASAP7_75t_R)
  20.97  647.38 ^ _860673_/CON (HAxp5_ASAP7_75t_R)
  18.56  665.94 v _860673_/SN (HAxp5_ASAP7_75t_R)
  23.01  688.96 v place71335/Y (BUFx6f_ASAP7_75t_R)
  25.77  714.72 v _479107_/Y (OR3x1_ASAP7_75t_R)
  22.03  736.76 v _479110_/Y (AO21x1_ASAP7_75t_R)
  21.38  758.14 ^ _479137_/Y (AOI221x1_ASAP7_75t_R)
  21.53  779.67 ^ place69859/Y (BUFx3_ASAP7_75t_R)
  26.40  806.07 ^ _479146_/Y (OA31x2_ASAP7_75t_R)
  32.93  839.00 v _479147_/Y (XNOR2x2_ASAP7_75t_R)
  17.73  856.73 v place69274/Y (BUFx6f_ASAP7_75t_R)
  20.78  877.51 v place69272/Y (BUFx6f_ASAP7_75t_R)
  29.86  907.37 v _752564_/Y (OA211x2_ASAP7_75t_R)
  42.23  949.60 v _752565_/Y (OR4x1_ASAP7_75t_R)
  39.17  988.77 v _753391_/Y (AO222x2_ASAP7_75t_R)
  27.73 1016.50 v _753392_/Y (AO221x1_ASAP7_75t_R)
  23.39 1039.88 v _760506_/Y (OA21x2_ASAP7_75t_R)
  17.15 1057.03 v place67216/Y (BUFx6f_ASAP7_75t_R)
  85.75 1142.78 v _798774_/SN (FAx1_ASAP7_75t_R)
  25.87 1168.66 v place67080/Y (BUFx3_ASAP7_75t_R)
   6.95 1175.61 ^ _577758_/Y (INVx1_ASAP7_75t_R)
  12.68 1188.28 v _857294_/CON (HAxp5_ASAP7_75t_R)
  13.15 1201.44 ^ _477079_/Y (INVx1_ASAP7_75t_R)
  17.93 1219.37 v _798927_/CON (FAx1_ASAP7_75t_R)
  21.87 1241.24 v _484705_/Y (OA21x2_ASAP7_75t_R)
  17.39 1258.63 v _484706_/Y (OA21x2_ASAP7_75t_R)
  21.98 1280.60 v _544475_/Y (OA21x2_ASAP7_75t_R)
  21.20 1301.80 v _544476_/Y (OA21x2_ASAP7_75t_R)
  20.75 1322.55 ^ _544477_/Y (XNOR2x2_ASAP7_75t_R)
  20.95 1343.50 ^ _544478_/Y (XNOR2x2_ASAP7_75t_R)
  24.92 1368.42 v _544479_/Y (XNOR2x2_ASAP7_75t_R)
  26.17 1394.59 ^ _544480_/Y (XOR2x2_ASAP7_75t_R)
   0.39 1394.98 ^ c_fut[103]$_DFF_P_/D (DFFHQNx1_ASAP7_75t_R)
        1394.98   data arrival time

1000.00 1000.00   clock core_clock (rise edge)
   0.00 1000.00   clock source latency
   0.00 1000.00 ^ clk (in)
  27.86 1027.86 ^ wire88053/Y (BUFx16f_ASAP7_75t_R)
  22.04 1049.91 ^ delaybuf_77_core_clock/Y (BUFx24_ASAP7_75t_R)
  16.96 1066.86 ^ delaybuf_78_core_clock/Y (BUFx24_ASAP7_75t_R)
  16.51 1083.37 ^ delaybuf_79_core_clock/Y (BUFx24_ASAP7_75t_R)
  16.71 1100.08 ^ delaybuf_80_core_clock/Y (BUFx24_ASAP7_75t_R)
  16.49 1116.58 ^ delaybuf_81_core_clock/Y (BUFx24_ASAP7_75t_R)
  16.65 1133.23 ^ delaybuf_82_core_clock/Y (BUFx24_ASAP7_75t_R)
  16.65 1149.88 ^ delaybuf_83_core_clock/Y (BUFx24_ASAP7_75t_R)
  16.49 1166.37 ^ delaybuf_84_core_clock/Y (BUFx24_ASAP7_75t_R)
  16.77 1183.14 ^ delaybuf_85_core_clock/Y (BUFx24_ASAP7_75t_R)
  16.67 1199.81 ^ delaybuf_86_core_clock/Y (BUFx24_ASAP7_75t_R)
  16.63 1216.44 ^ delaybuf_87_core_clock/Y (BUFx24_ASAP7_75t_R)
  16.67 1233.11 ^ delaybuf_88_core_clock/Y (BUFx24_ASAP7_75t_R)
  16.62 1249.73 ^ delaybuf_89_core_clock/Y (BUFx24_ASAP7_75t_R)
  16.69 1266.42 ^ delaybuf_90_core_clock/Y (BUFx24_ASAP7_75t_R)
  16.66 1283.08 ^ delaybuf_91_core_clock/Y (BUFx24_ASAP7_75t_R)
  16.84 1299.92 ^ delaybuf_92_core_clock/Y (BUFx24_ASAP7_75t_R)
  17.04 1316.96 ^ delaybuf_93_core_clock/Y (BUFx24_ASAP7_75t_R)
  16.89 1333.84 ^ delaybuf_94_core_clock/Y (BUFx24_ASAP7_75t_R)
  16.82 1350.66 ^ delaybuf_95_core_clock/Y (BUFx24_ASAP7_75t_R)
  16.81 1367.48 ^ delaybuf_96_core_clock/Y (BUFx24_ASAP7_75t_R)
  16.57 1384.05 ^ delaybuf_97_core_clock/Y (BUFx24_ASAP7_75t_R)
  16.61 1400.66 ^ clkbuf_regs_0_core_clock/Y (BUFx24_ASAP7_75t_R)
  18.03 1418.69 ^ clkbuf_0_clk_regs/Y (BUFx24_ASAP7_75t_R)
  23.24 1441.93 ^ clkbuf_1_1_0_clk_regs/Y (BUFx24_ASAP7_75t_R)
  25.28 1467.21 ^ clkbuf_2_3__f_clk_regs/Y (BUFx24_ASAP7_75t_R)
  31.41 1498.62 ^ clkbuf_leaf_11_clk_regs/Y (BUFx24_ASAP7_75t_R)
   1.49 1500.11 ^ c_fut[103]$_DFF_P_/CLK (DFFHQNx1_ASAP7_75t_R)
-150.00 1350.11   clock uncertainty
   1.27 1351.38   clock reconvergence pessimism
  -6.75 1344.63   library setup time
        1344.63   data required time
---------------------------------------------------------
        1344.63   data required time
        -1394.98   data arrival time
---------------------------------------------------------
         -50.35   slack (VIOLATED)



==========================================================================
finish report_checks -path_delay min reg to reg
--------------------------------------------------------------------------
Startpoint: pair_q[339][0]$_DFFE_PP_
            (rising edge-triggered flip-flop clocked by core_clock)
Endpoint: part_q[67][0]$_DFFE_PP_
          (rising edge-triggered flip-flop clocked by core_clock)
Path Group: core_clock
Path Type: min

  Delay    Time   Description
---------------------------------------------------------
   0.00    0.00   clock core_clock (rise edge)
   0.00    0.00   clock source latency
   0.00    0.00 ^ clk (in)
  27.86   27.86 ^ wire88053/Y (BUFx16f_ASAP7_75t_R)
  38.30   66.17 ^ wire88052/Y (BUFx6f_ASAP7_75t_R)
  27.58   93.75 ^ clkbuf_0_clk/Y (BUFx24_ASAP7_75t_R)
  20.69  114.44 ^ clkbuf_1_1_0_clk/Y (BUFx24_ASAP7_75t_R)
  20.78  135.22 ^ clkbuf_2_3_0_clk/Y (BUFx24_ASAP7_75t_R)
  21.56  156.78 ^ clkbuf_2_3_1_clk/Y (BUFx24_ASAP7_75t_R)
  22.19  178.97 ^ clkbuf_3_6_0_clk/Y (BUFx24_ASAP7_75t_R)
  22.01  200.99 ^ clkbuf_leaf_7_clk/Y (BUFx24_ASAP7_75t_R)
  16.94  217.93 ^ _788064_/GCLK (ICGx1_ASAP7_75t_R)
  21.31  239.24 ^ clkbuf_0__474425_/Y (BUFx24_ASAP7_75t_R)
  22.24  261.49 ^ clkbuf_1_0_0__474425_/Y (BUFx24_ASAP7_75t_R)
  23.78  285.27 ^ clkbuf_1_0_1__474425_/Y (BUFx24_ASAP7_75t_R)
  24.42  309.69 ^ clkbuf_2_0_0__474425_/Y (BUFx24_ASAP7_75t_R)
  22.01  331.70 ^ clkbuf_2_0_1__474425_/Y (BUFx24_ASAP7_75t_R)
  22.57  354.26 ^ clkbuf_2_0_2__474425_/Y (BUFx24_ASAP7_75t_R)
  22.13  376.39 ^ clkbuf_3_1_0__474425_/Y (BUFx24_ASAP7_75t_R)
  22.13  398.52 ^ clkbuf_4_2_0__474425_/Y (BUFx24_ASAP7_75t_R)
  25.98  424.50 ^ clkbuf_5_5_0__474425_/Y (BUFx24_ASAP7_75t_R)
  23.05  447.55 ^ clkbuf_6_10_0__474425_/Y (BUFx24_ASAP7_75t_R)
  63.27  510.83 ^ clkbuf_leaf_521__474425_/Y (BUFx24_ASAP7_75t_R)
   2.54  513.37 ^ pair_q[339][0]$_DFFE_PP_/CLK (DFFHQNx1_ASAP7_75t_R)
  35.73  549.10 ^ pair_q[339][0]$_DFFE_PP_/QN (DFFHQNx1_ASAP7_75t_R)
  13.50  562.60 ^ hold111441/Y (BUFx2_ASAP7_75t_R)
   4.35  566.95 v _784628_/Y (INVx1_ASAP7_75t_R)
  12.62  579.56 v hold111442/Y (BUFx2_ASAP7_75t_R)
   9.46  589.02 ^ _865741_/SN (HAxp5_ASAP7_75t_R)
  15.21  604.23 v _569596_/Y (INVx1_ASAP7_75t_R)
   6.41  610.64 v part_q[67][0]$_DFFE_PP_/D (DFFHQNx1_ASAP7_75t_R)
         610.64   data arrival time

   0.00    0.00   clock core_clock (rise edge)
   0.00    0.00   clock source latency
   0.00    0.00 ^ clk (in)
  29.14   29.14 ^ wire88053/Y (BUFx16f_ASAP7_75t_R)
  39.08   68.22 ^ wire88052/Y (BUFx6f_ASAP7_75t_R)
  28.74   96.97 ^ clkbuf_0_clk/Y (BUFx24_ASAP7_75t_R)
  21.48  118.45 ^ clkbuf_1_1_0_clk/Y (BUFx24_ASAP7_75t_R)
  21.56  140.01 ^ clkbuf_2_3_0_clk/Y (BUFx24_ASAP7_75t_R)
  22.31  162.32 ^ clkbuf_2_3_1_clk/Y (BUFx24_ASAP7_75t_R)
  23.07  185.39 ^ clkbuf_3_6_0_clk/Y (BUFx24_ASAP7_75t_R)
  20.07  205.46 ^ delaybuf_16_core_clock/Y (BUFx24_ASAP7_75t_R)
  18.77  224.24 ^ clkbuf_leaf_6_clk/Y (BUFx24_ASAP7_75t_R)
  21.01  245.25 ^ _788067_/GCLK (ICGx1_ASAP7_75t_R)
  22.63  267.88 ^ clkbuf_0__474428_/Y (BUFx24_ASAP7_75t_R)
  23.56  291.43 ^ clkbuf_1_0_0__474428_/Y (BUFx24_ASAP7_75t_R)
  26.48  317.92 ^ clkbuf_1_0_1__474428_/Y (BUFx24_ASAP7_75t_R)
  22.77  340.69 ^ clkbuf_2_0_0__474428_/Y (BUFx24_ASAP7_75t_R)
  27.89  368.58 ^ clkbuf_2_0_1__474428_/Y (BUFx24_ASAP7_75t_R)
  23.99  392.57 ^ clkbuf_3_1_0__474428_/Y (BUFx24_ASAP7_75t_R)
  23.63  416.20 ^ clkbuf_4_2_0__474428_/Y (BUFx24_ASAP7_75t_R)
  24.22  440.41 ^ clkbuf_4_2_1__474428_/Y (BUFx24_ASAP7_75t_R)
  26.02  466.44 ^ clkbuf_6_11_0__474428_/Y (BUFx24_ASAP7_75t_R)
  30.12  496.55 ^ clkbuf_leaf_156__474428_/Y (BUFx24_ASAP7_75t_R)
   0.89  497.45 ^ part_q[67][0]$_DFFE_PP_/CLK (DFFHQNx1_ASAP7_75t_R)
 150.00  647.45   clock uncertainty
  -6.42  641.03   clock reconvergence pessimism
   7.38  648.41   library hold time
         648.41   data required time
---------------------------------------------------------
         648.41   data required time
        -610.64   data arrival time
---------------------------------------------------------
         -37.77   slack (VIOLATED)



==========================================================================
finish critical path target clock latency max path
--------------------------------------------------------------------------
491.7673

==========================================================================
finish critical path target clock latency min path
--------------------------------------------------------------------------
538.4349

==========================================================================
finish critical path source clock latency min path
--------------------------------------------------------------------------
800.0000

==========================================================================
finish critical path delay
--------------------------------------------------------------------------
1394.9808

==========================================================================
finish critical path slack
--------------------------------------------------------------------------
-50.3494

==========================================================================
finish slack div critical path delay
--------------------------------------------------------------------------
-3.609326

==========================================================================
finish report_power
--------------------------------------------------------------------------
Group                  Internal  Switching    Leakage      Total
                          Power      Power      Power      Power (Watts)
----------------------------------------------------------------
Sequential             4.85e-03   3.66e-04   3.41e-06   5.22e-03   7.3%
Combinational          2.54e-02   3.26e-02   3.35e-05   5.80e-02  80.7%
Clock                  6.03e-03   2.65e-03   1.66e-06   8.68e-03  12.1%
Macro                  0.00e+00   0.00e+00   0.00e+00   0.00e+00   0.0%
Pad                    0.00e+00   0.00e+00   0.00e+00   0.00e+00   0.0%
----------------------------------------------------------------
Total                  3.63e-02   3.56e-02   3.86e-05   7.19e-02 100.0%
                          50.5%      49.5%       0.1%
