Warning 1212: /root/ORFS/flow/platforms/asap7/lib/NLDM/asap7sc7p5t_SIMPLE_RVT_FF_nldm_211120.lib.gz line 9184, timing group from output port.
Warning 1212: /root/ORFS/flow/platforms/asap7/lib/NLDM/asap7sc7p5t_SIMPLE_RVT_FF_nldm_211120.lib.gz line 9217, timing group from output port.
Warning 1212: /root/ORFS/flow/platforms/asap7/lib/NLDM/asap7sc7p5t_SIMPLE_RVT_FF_nldm_211120.lib.gz line 9250, timing group from output port.
Warning 1212: /root/ORFS/flow/platforms/asap7/lib/NLDM/asap7sc7p5t_SIMPLE_RVT_FF_nldm_211120.lib.gz line 9283, timing group from output port.
Warning 1212: /root/ORFS/flow/platforms/asap7/lib/NLDM/asap7sc7p5t_SIMPLE_RVT_FF_nldm_211120.lib.gz line 9316, timing group from output port.
Warning 1212: /root/ORFS/flow/platforms/asap7/lib/NLDM/asap7sc7p5t_SIMPLE_RVT_FF_nldm_211120.lib.gz line 9349, timing group from output port.
Warning 1212: /root/ORFS/flow/platforms/asap7/lib/NLDM/asap7sc7p5t_SIMPLE_RVT_FF_nldm_211120.lib.gz line 9382, timing group from output port.
Warning 1212: /root/ORFS/flow/platforms/asap7/lib/NLDM/asap7sc7p5t_SIMPLE_RVT_FF_nldm_211120.lib.gz line 10518, timing group from output port.
Warning 1212: /root/ORFS/flow/platforms/asap7/lib/NLDM/asap7sc7p5t_SIMPLE_RVT_FF_nldm_211120.lib.gz line 10551, timing group from output port.
Warning 1212: /root/ORFS/flow/platforms/asap7/lib/NLDM/asap7sc7p5t_SIMPLE_RVT_FF_nldm_211120.lib.gz line 10584, timing group from output port.
==== clock_skew_hold ====
Clock core_clock
 410.16 source latency c_d2[224]$_DFFE_PP_/CLK ^
-505.26 target latency pair_q[114][17]$_DFFE_PP_/CLK ^
-150.00 clock uncertainty
  -1.66 CRPR
--------------
-246.76 hold skew

Clock vclk_core_clock
No launch/capture paths found.

Clock vclk_mem
No launch/capture paths found.

==== worst10_min_full ====
Startpoint: ce_cur[36]$_DFFE_PP_
            (rising edge-triggered flip-flop clocked by core_clock)
Endpoint: m_ce[36]$_DFFE_PN0P_
          (rising edge-triggered flip-flop clocked by core_clock)
Path Group: core_clock
Path Type: min

    Cap    Slew   Delay    Time   Description
-----------------------------------------------------------------------
                   0.00    0.00   clock core_clock (rise edge)
                   0.00    0.00   clock source latency
  22.07    0.00    0.00    0.00 ^ clk (in)
                                  clk (net)
          69.54   21.94   21.94 ^ wire153793/A (BUFx24_ASAP7_75t_R)
  30.57   10.79   31.02   52.96 ^ wire153793/Y (BUFx24_ASAP7_75t_R)
                                  net153360 (net)
          96.67   29.44   82.40 ^ delaybuf_0_core_clock/A (BUFx24_ASAP7_75t_R)
   7.85   11.77   34.47  116.87 ^ delaybuf_0_core_clock/Y (BUFx24_ASAP7_75t_R)
                                  delaynet_0_core_clock (net)
          17.20    4.46  121.33 ^ delaybuf_1_core_clock/A (BUFx24_ASAP7_75t_R)
   7.39    8.46   20.11  141.44 ^ delaybuf_1_core_clock/Y (BUFx24_ASAP7_75t_R)
                                  delaynet_1_core_clock (net)
          13.98    3.74  145.17 ^ delaybuf_2_core_clock/A (BUFx24_ASAP7_75t_R)
   5.63    8.08   19.06  164.23 ^ delaybuf_2_core_clock/Y (BUFx24_ASAP7_75t_R)
                                  delaynet_2_core_clock (net)
          10.39    2.38  166.61 ^ clkbuf_regs_0_core_clock/A (BUFx24_ASAP7_75t_R)
   2.66    6.99   17.63  184.24 ^ clkbuf_regs_0_core_clock/Y (BUFx24_ASAP7_75t_R)
                                  clk_regs (net)
           7.05    0.57  184.82 ^ clkbuf_0_clk_regs/A (BUFx24_ASAP7_75t_R)
  12.16   10.76   17.87  202.68 ^ clkbuf_0_clk_regs/Y (BUFx24_ASAP7_75t_R)
                                  clknet_0_clk_regs (net)
          13.30    2.62  205.31 ^ clkbuf_1_0_0_clk_regs/A (BUFx24_ASAP7_75t_R)
   6.43    8.27   18.93  224.24 ^ clkbuf_1_0_0_clk_regs/Y (BUFx24_ASAP7_75t_R)
                                  clknet_1_0_0_clk_regs (net)
          11.68    2.91  227.16 ^ clkbuf_1_0_1_clk_regs/A (BUFx24_ASAP7_75t_R)
   8.46    8.88   18.67  245.83 ^ clkbuf_1_0_1_clk_regs/Y (BUFx24_ASAP7_75t_R)
                                  clknet_1_0_1_clk_regs (net)
          12.77    3.06  248.89 ^ clkbuf_2_0_0_clk_regs/A (BUFx24_ASAP7_75t_R)
   6.63    8.35   18.82  267.71 ^ clkbuf_2_0_0_clk_regs/Y (BUFx24_ASAP7_75t_R)
                                  clknet_2_0_0_clk_regs (net)
          11.59    2.85  270.56 ^ clkbuf_2_0_1_clk_regs/A (BUFx24_ASAP7_75t_R)
   7.83    8.59   18.52  289.08 ^ clkbuf_2_0_1_clk_regs/Y (BUFx24_ASAP7_75t_R)
                                  clknet_2_0_1_clk_regs (net)
          13.10    3.32  292.39 ^ clkbuf_3_1_0_clk_regs/A (BUFx24_ASAP7_75t_R)
   6.27    8.22   18.86  311.25 ^ clkbuf_3_1_0_clk_regs/Y (BUFx24_ASAP7_75t_R)
                                  clknet_3_1_0_clk_regs (net)
          11.52    2.87  314.12 ^ clkbuf_3_1_1_clk_regs/A (BUFx24_ASAP7_75t_R)
  11.60   10.54   19.15  333.27 ^ clkbuf_3_1_1_clk_regs/Y (BUFx24_ASAP7_75t_R)
                                  clknet_3_1_1_clk_regs (net)
          13.24    2.69  335.97 ^ clkbuf_4_2_0_clk_regs/A (BUFx24_ASAP7_75t_R)
   8.03    9.05   19.28  355.25 ^ clkbuf_4_2_0_clk_regs/Y (BUFx24_ASAP7_75t_R)
                                  clknet_4_2_0_clk_regs (net)
           9.65    1.12  356.37 ^ clkbuf_5_5_0_clk_regs/A (BUFx24_ASAP7_75t_R)
  47.34   25.91   21.83  378.19 ^ clkbuf_5_5_0_clk_regs/Y (BUFx24_ASAP7_75t_R)
                                  clknet_5_5_0_clk_regs (net)
          37.70    8.82  387.01 ^ clkbuf_leaf_28_clk_regs/A (BUFx24_ASAP7_75t_R)
  14.47   12.56   26.85  413.86 ^ clkbuf_leaf_28_clk_regs/Y (BUFx24_ASAP7_75t_R)
                                  clknet_leaf_28_clk_regs (net)
          13.59    1.84  415.70 ^ ce_cur[36]$_DFFE_PP_/CLK (DFFHQNx1_ASAP7_75t_R)
   0.89   13.52   37.00  452.70 ^ ce_cur[36]$_DFFE_PP_/QN (DFFHQNx1_ASAP7_75t_R)
                                  _000473_ (net)
          13.52    0.14  452.85 ^ hold168678/A (BUFx2_ASAP7_75t_R)
   2.92   12.06   17.58  470.43 ^ hold168678/Y (BUFx2_ASAP7_75t_R)
                                  net168255 (net)
          12.09    0.31  470.74 ^ _771058_/B2 (OAI22x1_ASAP7_75t_R)
   0.54    6.83    6.46  477.20 v _771058_/Y (OAI22x1_ASAP7_75t_R)
                                  _406846_ (net)
           6.83    0.05  477.25 v hold168679/A (BUFx2_ASAP7_75t_R)
   0.65    5.02   12.77  490.02 v hold168679/Y (BUFx2_ASAP7_75t_R)
                                  net168256 (net)
           5.02    0.06  490.08 v m_ce[36]$_DFFE_PN0P_/D (DFFASRHQNx1_ASAP7_75t_R)
                         490.08   data arrival time

                   0.00    0.00   clock core_clock (rise edge)
                   0.00    0.00   clock source latency
  22.67    0.00    0.00    0.00 ^ clk (in)
                                  clk (net)
          72.91   23.00   23.00 ^ wire153793/A (BUFx24_ASAP7_75t_R)
  31.77   11.03   31.62   54.62 ^ wire153793/Y (BUFx24_ASAP7_75t_R)
                                  net153360 (net)
         100.81   30.72   85.33 ^ delaybuf_0_core_clock/A (BUFx24_ASAP7_75t_R)
   8.45   12.04   34.96  120.29 ^ delaybuf_0_core_clock/Y (BUFx24_ASAP7_75t_R)
                                  delaynet_0_core_clock (net)
          18.51    4.91  125.21 ^ delaybuf_1_core_clock/A (BUFx24_ASAP7_75t_R)
   7.99    8.60   20.52  145.73 ^ delaybuf_1_core_clock/Y (BUFx24_ASAP7_75t_R)
                                  delaynet_1_core_clock (net)
          15.15    4.11  149.83 ^ delaybuf_2_core_clock/A (BUFx24_ASAP7_75t_R)
   6.23    8.25   19.45  169.29 ^ delaybuf_2_core_clock/Y (BUFx24_ASAP7_75t_R)
                                  delaynet_2_core_clock (net)
          11.24    2.71  171.99 ^ clkbuf_regs_0_core_clock/A (BUFx24_ASAP7_75t_R)
   3.26    7.25   17.98  189.97 ^ clkbuf_regs_0_core_clock/Y (BUFx24_ASAP7_75t_R)
                                  clk_regs (net)
           7.36    0.72  190.69 ^ clkbuf_0_clk_regs/A (BUFx24_ASAP7_75t_R)
  13.37   11.33   18.07  208.76 ^ clkbuf_0_clk_regs/Y (BUFx24_ASAP7_75t_R)
                                  clknet_0_clk_regs (net)
          15.46    3.56  212.32 ^ clkbuf_1_1_0_clk_regs/A (BUFx24_ASAP7_75t_R)
   9.36    8.90   19.75  232.07 ^ clkbuf_1_1_0_clk_regs/Y (BUFx24_ASAP7_75t_R)
                                  clknet_1_1_0_clk_regs (net)
          16.83    4.59  236.66 ^ clkbuf_1_1_1_clk_regs/A (BUFx24_ASAP7_75t_R)
  10.78    9.80   20.35  257.01 ^ clkbuf_1_1_1_clk_regs/Y (BUFx24_ASAP7_75t_R)
                                  clknet_1_1_1_clk_regs (net)
          15.74    3.98  260.99 ^ clkbuf_2_2_0_clk_regs/A (BUFx24_ASAP7_75t_R)
   9.68    8.92   19.84  280.83 ^ clkbuf_2_2_0_clk_regs/Y (BUFx24_ASAP7_75t_R)
                                  clknet_2_2_0_clk_regs (net)
          17.82    4.92  285.75 ^ clkbuf_2_2_1_clk_regs/A (BUFx24_ASAP7_75t_R)
  11.10    9.13   20.49  306.24 ^ clkbuf_2_2_1_clk_regs/Y (BUFx24_ASAP7_75t_R)
                                  clknet_2_2_1_clk_regs (net)
          19.55    5.37  311.61 ^ clkbuf_3_5_0_clk_regs/A (BUFx24_ASAP7_75t_R)
   9.55    8.84   20.91  332.52 ^ clkbuf_3_5_0_clk_regs/Y (BUFx24_ASAP7_75t_R)
                                  clknet_3_5_0_clk_regs (net)
          18.38    5.11  337.63 ^ clkbuf_3_5_1_clk_regs/A (BUFx24_ASAP7_75t_R)
  14.40   11.89   21.43  359.06 ^ clkbuf_3_5_1_clk_regs/Y (BUFx24_ASAP7_75t_R)
                                  clknet_3_5_1_clk_regs (net)
          15.84    3.50  362.56 ^ clkbuf_4_11_0_clk_regs/A (BUFx24_ASAP7_75t_R)
  10.90    9.96   20.30  382.86 ^ clkbuf_4_11_0_clk_regs/Y (BUFx24_ASAP7_75t_R)
                                  clknet_4_11_0_clk_regs (net)
          14.46    3.49  386.35 ^ clkbuf_5_22_0_clk_regs/A (BUFx24_ASAP7_75t_R)
  66.84   34.54   25.05  411.40 ^ clkbuf_5_22_0_clk_regs/Y (BUFx24_ASAP7_75t_R)
                                  clknet_5_22_0_clk_regs (net)
          64.01   17.89  429.29 ^ clkbuf_leaf_25_clk_regs/A (BUFx24_ASAP7_75t_R)
  13.70   13.08   31.30  460.59 ^ clkbuf_leaf_25_clk_regs/Y (BUFx24_ASAP7_75t_R)
                                  clknet_leaf_25_clk_regs (net)
          13.20    0.44  461.03 ^ m_ce[36]$_DFFE_PN0P_/CLK (DFFASRHQNx1_ASAP7_75t_R)
                 150.00  611.03   clock uncertainty
                  -6.08  604.95   clock reconvergence pessimism
                  12.69  617.63   library hold time
                         617.63   data required time
-----------------------------------------------------------------------
                         617.63   data required time
                        -490.08   data arrival time
-----------------------------------------------------------------------
                        -127.56   slack (VIOLATED)


Startpoint: c_fut[324]$_DFF_P_
            (rising edge-triggered flip-flop clocked by core_clock)
Endpoint: c_cur[324]$_DFFE_PP_
          (rising edge-triggered flip-flop clocked by core_clock)
Path Group: core_clock
Path Type: min

    Cap    Slew   Delay    Time   Description
-----------------------------------------------------------------------
                   0.00    0.00   clock core_clock (rise edge)
                   0.00    0.00   clock source latency
  22.07    0.00    0.00    0.00 ^ clk (in)
                                  clk (net)
          69.54   21.94   21.94 ^ wire153793/A (BUFx24_ASAP7_75t_R)
  30.57   10.79   31.02   52.96 ^ wire153793/Y (BUFx24_ASAP7_75t_R)
                                  net153360 (net)
          96.67   29.44   82.40 ^ delaybuf_0_core_clock/A (BUFx24_ASAP7_75t_R)
   7.85   11.77   34.47  116.87 ^ delaybuf_0_core_clock/Y (BUFx24_ASAP7_75t_R)
                                  delaynet_0_core_clock (net)
          17.20    4.46  121.33 ^ delaybuf_1_core_clock/A (BUFx24_ASAP7_75t_R)
   7.39    8.46   20.11  141.44 ^ delaybuf_1_core_clock/Y (BUFx24_ASAP7_75t_R)
                                  delaynet_1_core_clock (net)
          13.98    3.74  145.17 ^ delaybuf_2_core_clock/A (BUFx24_ASAP7_75t_R)
   5.63    8.08   19.06  164.23 ^ delaybuf_2_core_clock/Y (BUFx24_ASAP7_75t_R)
                                  delaynet_2_core_clock (net)
          10.39    2.38  166.61 ^ clkbuf_regs_0_core_clock/A (BUFx24_ASAP7_75t_R)
   2.66    6.99   17.63  184.24 ^ clkbuf_regs_0_core_clock/Y (BUFx24_ASAP7_75t_R)
                                  clk_regs (net)
           7.05    0.57  184.82 ^ clkbuf_0_clk_regs/A (BUFx24_ASAP7_75t_R)
  12.16   10.76   17.87  202.68 ^ clkbuf_0_clk_regs/Y (BUFx24_ASAP7_75t_R)
                                  clknet_0_clk_regs (net)
          13.30    2.62  205.31 ^ clkbuf_1_0_0_clk_regs/A (BUFx24_ASAP7_75t_R)
   6.43    8.27   18.93  224.24 ^ clkbuf_1_0_0_clk_regs/Y (BUFx24_ASAP7_75t_R)
                                  clknet_1_0_0_clk_regs (net)
          11.68    2.91  227.16 ^ clkbuf_1_0_1_clk_regs/A (BUFx24_ASAP7_75t_R)
   8.46    8.88   18.67  245.83 ^ clkbuf_1_0_1_clk_regs/Y (BUFx24_ASAP7_75t_R)
                                  clknet_1_0_1_clk_regs (net)
          12.77    3.06  248.89 ^ clkbuf_2_0_0_clk_regs/A (BUFx24_ASAP7_75t_R)
   6.63    8.35   18.82  267.71 ^ clkbuf_2_0_0_clk_regs/Y (BUFx24_ASAP7_75t_R)
                                  clknet_2_0_0_clk_regs (net)
          11.59    2.85  270.56 ^ clkbuf_2_0_1_clk_regs/A (BUFx24_ASAP7_75t_R)
   7.83    8.59   18.52  289.08 ^ clkbuf_2_0_1_clk_regs/Y (BUFx24_ASAP7_75t_R)
                                  clknet_2_0_1_clk_regs (net)
          13.10    3.32  292.39 ^ clkbuf_3_1_0_clk_regs/A (BUFx24_ASAP7_75t_R)
   6.27    8.22   18.86  311.25 ^ clkbuf_3_1_0_clk_regs/Y (BUFx24_ASAP7_75t_R)
                                  clknet_3_1_0_clk_regs (net)
          11.52    2.87  314.12 ^ clkbuf_3_1_1_clk_regs/A (BUFx24_ASAP7_75t_R)
  11.60   10.54   19.15  333.27 ^ clkbuf_3_1_1_clk_regs/Y (BUFx24_ASAP7_75t_R)
                                  clknet_3_1_1_clk_regs (net)
          13.63    2.93  336.20 ^ clkbuf_4_3_0_clk_regs/A (BUFx24_ASAP7_75t_R)
   8.43    8.99   19.31  355.51 ^ clkbuf_4_3_0_clk_regs/Y (BUFx24_ASAP7_75t_R)
                                  clknet_4_3_0_clk_regs (net)
          12.51    2.94  358.45 ^ clkbuf_5_7_0_clk_regs/A (BUFx24_ASAP7_75t_R)
  37.67   23.52   22.62  381.07 ^ clkbuf_5_7_0_clk_regs/Y (BUFx24_ASAP7_75t_R)
                                  clknet_5_7_0_clk_regs (net)
          29.33    6.04  387.11 ^ clkbuf_leaf_348_clk_regs/A (BUFx24_ASAP7_75t_R)
   9.78   10.23   23.99  411.11 ^ clkbuf_leaf_348_clk_regs/Y (BUFx24_ASAP7_75t_R)
                                  clknet_leaf_348_clk_regs (net)
          10.37    0.46  411.57 ^ c_fut[324]$_DFF_P_/CLK (DFFHQNx1_ASAP7_75t_R)
   0.96   13.98   36.48  448.05 ^ c_fut[324]$_DFF_P_/QN (DFFHQNx1_ASAP7_75t_R)
                                  _005192_ (net)
          13.99    0.15  448.20 ^ _767351_/A (AND2x2_ASAP7_75t_R)
   0.96    6.99   15.47  463.67 ^ _767351_/Y (AND2x2_ASAP7_75t_R)
                                  _468434_ (net)
           6.99    0.11  463.78 ^ _767352_/B (AOI21x1_ASAP7_75t_R)
   0.60    5.28    5.28  469.06 v _767352_/Y (AOI21x1_ASAP7_75t_R)
                                  _405986_ (net)
           5.28    0.04  469.11 v c_cur[324]$_DFFE_PP_/D (DFFHQNx1_ASAP7_75t_R)
                         469.11   data arrival time

                   0.00    0.00   clock core_clock (rise edge)
                   0.00    0.00   clock source latency
  22.67    0.00    0.00    0.00 ^ clk (in)
                                  clk (net)
          72.91   23.00   23.00 ^ wire153793/A (BUFx24_ASAP7_75t_R)
  31.77   11.03   31.62   54.62 ^ wire153793/Y (BUFx24_ASAP7_75t_R)
                                  net153360 (net)
         100.81   30.72   85.33 ^ delaybuf_0_core_clock/A (BUFx24_ASAP7_75t_R)
   8.45   12.04   34.96  120.29 ^ delaybuf_0_core_clock/Y (BUFx24_ASAP7_75t_R)
                                  delaynet_0_core_clock (net)
          18.51    4.91  125.21 ^ delaybuf_1_core_clock/A (BUFx24_ASAP7_75t_R)
   7.99    8.60   20.52  145.73 ^ delaybuf_1_core_clock/Y (BUFx24_ASAP7_75t_R)
                                  delaynet_1_core_clock (net)
          15.15    4.11  149.83 ^ delaybuf_2_core_clock/A (BUFx24_ASAP7_75t_R)
   6.23    8.25   19.45  169.29 ^ delaybuf_2_core_clock/Y (BUFx24_ASAP7_75t_R)
                                  delaynet_2_core_clock (net)
          11.24    2.71  171.99 ^ clkbuf_regs_0_core_clock/A (BUFx24_ASAP7_75t_R)
   3.26    7.25   17.98  189.97 ^ clkbuf_regs_0_core_clock/Y (BUFx24_ASAP7_75t_R)
                                  clk_regs (net)
           7.36    0.72  190.69 ^ clkbuf_0_clk_regs/A (BUFx24_ASAP7_75t_R)
  13.37   11.33   18.07  208.76 ^ clkbuf_0_clk_regs/Y (BUFx24_ASAP7_75t_R)
                                  clknet_0_clk_regs (net)
          14.38    2.98  211.74 ^ clkbuf_1_0_0_clk_regs/A (BUFx24_ASAP7_75t_R)
   7.03    8.42   19.30  231.04 ^ clkbuf_1_0_0_clk_regs/Y (BUFx24_ASAP7_75t_R)
                                  clknet_1_0_0_clk_regs (net)
          12.66    3.26  234.30 ^ clkbuf_1_0_1_clk_regs/A (BUFx24_ASAP7_75t_R)
   9.67    9.24   19.05  253.35 ^ clkbuf_1_0_1_clk_regs/Y (BUFx24_ASAP7_75t_R)
                                  clknet_1_0_1_clk_regs (net)
          14.22    3.52  256.87 ^ clkbuf_2_0_0_clk_regs/A (BUFx24_ASAP7_75t_R)
   7.23    8.51   19.29  276.16 ^ clkbuf_2_0_0_clk_regs/Y (BUFx24_ASAP7_75t_R)
                                  clknet_2_0_0_clk_regs (net)
          12.52    3.18  279.35 ^ clkbuf_2_0_1_clk_regs/A (BUFx24_ASAP7_75t_R)
   9.03    8.84   18.87  298.22 ^ clkbuf_2_0_1_clk_regs/Y (BUFx24_ASAP7_75t_R)
                                  clknet_2_0_1_clk_regs (net)
          14.75    3.83  302.05 ^ clkbuf_3_1_0_clk_regs/A (BUFx24_ASAP7_75t_R)
   6.87    8.37   19.39  321.44 ^ clkbuf_3_1_0_clk_regs/Y (BUFx24_ASAP7_75t_R)
                                  clknet_3_1_0_clk_regs (net)
          12.49    3.22  324.66 ^ clkbuf_3_1_1_clk_regs/A (BUFx24_ASAP7_75t_R)
  12.80   11.12   19.55  344.21 ^ clkbuf_3_1_1_clk_regs/Y (BUFx24_ASAP7_75t_R)
                                  clknet_3_1_1_clk_regs (net)
          14.77    3.28  347.49 ^ clkbuf_4_3_0_clk_regs/A (BUFx24_ASAP7_75t_R)
   9.63    9.40   19.76  367.25 ^ clkbuf_4_3_0_clk_regs/Y (BUFx24_ASAP7_75t_R)
                                  clknet_4_3_0_clk_regs (net)
          12.03    2.40  369.64 ^ clkbuf_5_6_0_clk_regs/A (BUFx24_ASAP7_75t_R)
  52.55   26.54   20.34  389.99 ^ clkbuf_5_6_0_clk_regs/Y (BUFx24_ASAP7_75t_R)
                                  clknet_5_6_0_clk_regs (net)
          68.97   20.70  410.69 ^ clkbuf_leaf_349_clk_regs/A (BUFx24_ASAP7_75t_R)
  15.95   14.30   32.54  443.23 ^ clkbuf_leaf_349_clk_regs/Y (BUFx24_ASAP7_75t_R)
                                  clknet_leaf_349_clk_regs (net)
          14.52    0.86  444.09 ^ c_cur[324]$_DFFE_PP_/CLK (DFFHQNx1_ASAP7_75t_R)
                 150.00  594.09   clock uncertainty
                 -11.74  582.35   clock reconvergence pessimism
                  12.29  594.63   library hold time
                         594.63   data required time
-----------------------------------------------------------------------
                         594.63   data required time
                        -469.11   data arrival time
-----------------------------------------------------------------------
                        -125.53   slack (VIOLATED)


Startpoint: c_fut[340]$_DFF_P_
            (rising edge-triggered flip-flop clocked by core_clock)
Endpoint: c_cur[340]$_DFFE_PP_
          (rising edge-triggered flip-flop clocked by core_clock)
Path Group: core_clock
Path Type: min

    Cap    Slew   Delay    Time   Description
-----------------------------------------------------------------------
                   0.00    0.00   clock core_clock (rise edge)
                   0.00    0.00   clock source latency
  22.07    0.00    0.00    0.00 ^ clk (in)
                                  clk (net)
          69.54   21.94   21.94 ^ wire153793/A (BUFx24_ASAP7_75t_R)
  30.57   10.79   31.02   52.96 ^ wire153793/Y (BUFx24_ASAP7_75t_R)
                                  net153360 (net)
          96.67   29.44   82.40 ^ delaybuf_0_core_clock/A (BUFx24_ASAP7_75t_R)
   7.85   11.77   34.47  116.87 ^ delaybuf_0_core_clock/Y (BUFx24_ASAP7_75t_R)
                                  delaynet_0_core_clock (net)
          17.20    4.46  121.33 ^ delaybuf_1_core_clock/A (BUFx24_ASAP7_75t_R)
   7.39    8.46   20.11  141.44 ^ delaybuf_1_core_clock/Y (BUFx24_ASAP7_75t_R)
                                  delaynet_1_core_clock (net)
          13.98    3.74  145.17 ^ delaybuf_2_core_clock/A (BUFx24_ASAP7_75t_R)
   5.63    8.08   19.06  164.23 ^ delaybuf_2_core_clock/Y (BUFx24_ASAP7_75t_R)
                                  delaynet_2_core_clock (net)
          10.39    2.38  166.61 ^ clkbuf_regs_0_core_clock/A (BUFx24_ASAP7_75t_R)
   2.66    6.99   17.63  184.24 ^ clkbuf_regs_0_core_clock/Y (BUFx24_ASAP7_75t_R)
                                  clk_regs (net)
           7.05    0.57  184.82 ^ clkbuf_0_clk_regs/A (BUFx24_ASAP7_75t_R)
  12.16   10.76   17.87  202.68 ^ clkbuf_0_clk_regs/Y (BUFx24_ASAP7_75t_R)
                                  clknet_0_clk_regs (net)
          13.30    2.62  205.31 ^ clkbuf_1_0_0_clk_regs/A (BUFx24_ASAP7_75t_R)
   6.43    8.27   18.93  224.24 ^ clkbuf_1_0_0_clk_regs/Y (BUFx24_ASAP7_75t_R)
                                  clknet_1_0_0_clk_regs (net)
          11.68    2.91  227.16 ^ clkbuf_1_0_1_clk_regs/A (BUFx24_ASAP7_75t_R)
   8.46    8.88   18.67  245.83 ^ clkbuf_1_0_1_clk_regs/Y (BUFx24_ASAP7_75t_R)
                                  clknet_1_0_1_clk_regs (net)
          12.77    3.06  248.89 ^ clkbuf_2_0_0_clk_regs/A (BUFx24_ASAP7_75t_R)
   6.63    8.35   18.82  267.71 ^ clkbuf_2_0_0_clk_regs/Y (BUFx24_ASAP7_75t_R)
                                  clknet_2_0_0_clk_regs (net)
          11.59    2.85  270.56 ^ clkbuf_2_0_1_clk_regs/A (BUFx24_ASAP7_75t_R)
   7.83    8.59   18.52  289.08 ^ clkbuf_2_0_1_clk_regs/Y (BUFx24_ASAP7_75t_R)
                                  clknet_2_0_1_clk_regs (net)
          13.10    3.32  292.39 ^ clkbuf_3_1_0_clk_regs/A (BUFx24_ASAP7_75t_R)
   6.27    8.22   18.86  311.25 ^ clkbuf_3_1_0_clk_regs/Y (BUFx24_ASAP7_75t_R)
                                  clknet_3_1_0_clk_regs (net)
          11.52    2.87  314.12 ^ clkbuf_3_1_1_clk_regs/A (BUFx24_ASAP7_75t_R)
  11.60   10.54   19.15  333.27 ^ clkbuf_3_1_1_clk_regs/Y (BUFx24_ASAP7_75t_R)
                                  clknet_3_1_1_clk_regs (net)
          13.63    2.93  336.20 ^ clkbuf_4_3_0_clk_regs/A (BUFx24_ASAP7_75t_R)
   8.43    8.99   19.31  355.51 ^ clkbuf_4_3_0_clk_regs/Y (BUFx24_ASAP7_75t_R)
                                  clknet_4_3_0_clk_regs (net)
          12.51    2.94  358.45 ^ clkbuf_5_7_0_clk_regs/A (BUFx24_ASAP7_75t_R)
  37.67   23.52   22.62  381.07 ^ clkbuf_5_7_0_clk_regs/Y (BUFx24_ASAP7_75t_R)
                                  clknet_5_7_0_clk_regs (net)
          29.33    6.04  387.11 ^ clkbuf_leaf_348_clk_regs/A (BUFx24_ASAP7_75t_R)
   9.78   10.23   23.99  411.11 ^ clkbuf_leaf_348_clk_regs/Y (BUFx24_ASAP7_75t_R)
                                  clknet_leaf_348_clk_regs (net)
          10.85    1.25  412.35 ^ c_fut[340]$_DFF_P_/CLK (DFFHQNx1_ASAP7_75t_R)
   0.95   13.93   36.56  448.92 ^ c_fut[340]$_DFF_P_/QN (DFFHQNx1_ASAP7_75t_R)
                                  _005176_ (net)
          13.94    0.17  449.09 ^ _767317_/A (AND2x2_ASAP7_75t_R)
   1.06    7.27   15.63  464.71 ^ _767317_/Y (AND2x2_ASAP7_75t_R)
                                  _468416_ (net)
           7.28    0.12  464.83 ^ _767318_/B (AOI21x1_ASAP7_75t_R)
   0.59    5.31    5.32  470.15 v _767318_/Y (AOI21x1_ASAP7_75t_R)
                                  _405970_ (net)
           5.31    0.04  470.20 v c_cur[340]$_DFFE_PP_/D (DFFHQNx1_ASAP7_75t_R)
                         470.20   data arrival time

                   0.00    0.00   clock core_clock (rise edge)
                   0.00    0.00   clock source latency
  22.67    0.00    0.00    0.00 ^ clk (in)
                                  clk (net)
          72.91   23.00   23.00 ^ wire153793/A (BUFx24_ASAP7_75t_R)
  31.77   11.03   31.62   54.62 ^ wire153793/Y (BUFx24_ASAP7_75t_R)
                                  net153360 (net)
         100.81   30.72   85.33 ^ delaybuf_0_core_clock/A (BUFx24_ASAP7_75t_R)
   8.45   12.04   34.96  120.29 ^ delaybuf_0_core_clock/Y (BUFx24_ASAP7_75t_R)
                                  delaynet_0_core_clock (net)
          18.51    4.91  125.21 ^ delaybuf_1_core_clock/A (BUFx24_ASAP7_75t_R)
   7.99    8.60   20.52  145.73 ^ delaybuf_1_core_clock/Y (BUFx24_ASAP7_75t_R)
                                  delaynet_1_core_clock (net)
          15.15    4.11  149.83 ^ delaybuf_2_core_clock/A (BUFx24_ASAP7_75t_R)
   6.23    8.25   19.45  169.29 ^ delaybuf_2_core_clock/Y (BUFx24_ASAP7_75t_R)
                                  delaynet_2_core_clock (net)
          11.24    2.71  171.99 ^ clkbuf_regs_0_core_clock/A (BUFx24_ASAP7_75t_R)
   3.26    7.25   17.98  189.97 ^ clkbuf_regs_0_core_clock/Y (BUFx24_ASAP7_75t_R)
                                  clk_regs (net)
           7.36    0.72  190.69 ^ clkbuf_0_clk_regs/A (BUFx24_ASAP7_75t_R)
  13.37   11.33   18.07  208.76 ^ clkbuf_0_clk_regs/Y (BUFx24_ASAP7_75t_R)
                                  clknet_0_clk_regs (net)
          14.38    2.98  211.74 ^ clkbuf_1_0_0_clk_regs/A (BUFx24_ASAP7_75t_R)
   7.03    8.42   19.30  231.04 ^ clkbuf_1_0_0_clk_regs/Y (BUFx24_ASAP7_75t_R)
                                  clknet_1_0_0_clk_regs (net)
          12.66    3.26  234.30 ^ clkbuf_1_0_1_clk_regs/A (BUFx24_ASAP7_75t_R)
   9.67    9.24   19.05  253.35 ^ clkbuf_1_0_1_clk_regs/Y (BUFx24_ASAP7_75t_R)
                                  clknet_1_0_1_clk_regs (net)
          14.22    3.52  256.87 ^ clkbuf_2_0_0_clk_regs/A (BUFx24_ASAP7_75t_R)
   7.23    8.51   19.29  276.16 ^ clkbuf_2_0_0_clk_regs/Y (BUFx24_ASAP7_75t_R)
                                  clknet_2_0_0_clk_regs (net)
          12.52    3.18  279.35 ^ clkbuf_2_0_1_clk_regs/A (BUFx24_ASAP7_75t_R)
   9.03    8.84   18.87  298.22 ^ clkbuf_2_0_1_clk_regs/Y (BUFx24_ASAP7_75t_R)
                                  clknet_2_0_1_clk_regs (net)
          14.75    3.83  302.05 ^ clkbuf_3_1_0_clk_regs/A (BUFx24_ASAP7_75t_R)
   6.87    8.37   19.39  321.44 ^ clkbuf_3_1_0_clk_regs/Y (BUFx24_ASAP7_75t_R)
                                  clknet_3_1_0_clk_regs (net)
          12.49    3.22  324.66 ^ clkbuf_3_1_1_clk_regs/A (BUFx24_ASAP7_75t_R)
  12.80   11.12   19.55  344.21 ^ clkbuf_3_1_1_clk_regs/Y (BUFx24_ASAP7_75t_R)
                                  clknet_3_1_1_clk_regs (net)
          14.77    3.28  347.49 ^ clkbuf_4_3_0_clk_regs/A (BUFx24_ASAP7_75t_R)
   9.63    9.40   19.76  367.25 ^ clkbuf_4_3_0_clk_regs/Y (BUFx24_ASAP7_75t_R)
                                  clknet_4_3_0_clk_regs (net)
          12.03    2.40  369.64 ^ clkbuf_5_6_0_clk_regs/A (BUFx24_ASAP7_75t_R)
  52.55   26.54   20.34  389.99 ^ clkbuf_5_6_0_clk_regs/Y (BUFx24_ASAP7_75t_R)
                                  clknet_5_6_0_clk_regs (net)
          68.97   20.70  410.69 ^ clkbuf_leaf_349_clk_regs/A (BUFx24_ASAP7_75t_R)
  15.95   14.30   32.54  443.23 ^ clkbuf_leaf_349_clk_regs/Y (BUFx24_ASAP7_75t_R)
                                  clknet_leaf_349_clk_regs (net)
          14.86    1.41  444.64 ^ c_cur[340]$_DFFE_PP_/CLK (DFFHQNx1_ASAP7_75t_R)
                 150.00  594.64   clock uncertainty
                 -11.74  582.90   clock reconvergence pessimism
                  12.37  595.27   library hold time
                         595.27   data required time
-----------------------------------------------------------------------
                         595.27   data required time
                        -470.20   data arrival time
-----------------------------------------------------------------------
                        -125.07   slack (VIOLATED)


Startpoint: c_fut[53]$_DFF_P_
            (rising edge-triggered flip-flop clocked by core_clock)
Endpoint: c_cur[53]$_DFFE_PP_
          (rising edge-triggered flip-flop clocked by core_clock)
Path Group: core_clock
Path Type: min

    Cap    Slew   Delay    Time   Description
-----------------------------------------------------------------------
                   0.00    0.00   clock core_clock (rise edge)
                   0.00    0.00   clock source latency
  22.07    0.00    0.00    0.00 ^ clk (in)
                                  clk (net)
          69.54   21.94   21.94 ^ wire153793/A (BUFx24_ASAP7_75t_R)
  30.57   10.79   31.02   52.96 ^ wire153793/Y (BUFx24_ASAP7_75t_R)
                                  net153360 (net)
          96.67   29.44   82.40 ^ delaybuf_0_core_clock/A (BUFx24_ASAP7_75t_R)
   7.85   11.77   34.47  116.87 ^ delaybuf_0_core_clock/Y (BUFx24_ASAP7_75t_R)
                                  delaynet_0_core_clock (net)
          17.20    4.46  121.33 ^ delaybuf_1_core_clock/A (BUFx24_ASAP7_75t_R)
   7.39    8.46   20.11  141.44 ^ delaybuf_1_core_clock/Y (BUFx24_ASAP7_75t_R)
                                  delaynet_1_core_clock (net)
          13.98    3.74  145.17 ^ delaybuf_2_core_clock/A (BUFx24_ASAP7_75t_R)
   5.63    8.08   19.06  164.23 ^ delaybuf_2_core_clock/Y (BUFx24_ASAP7_75t_R)
                                  delaynet_2_core_clock (net)
          10.39    2.38  166.61 ^ clkbuf_regs_0_core_clock/A (BUFx24_ASAP7_75t_R)
   2.66    6.99   17.63  184.24 ^ clkbuf_regs_0_core_clock/Y (BUFx24_ASAP7_75t_R)
                                  clk_regs (net)
           7.05    0.57  184.82 ^ clkbuf_0_clk_regs/A (BUFx24_ASAP7_75t_R)
  12.16   10.76   17.87  202.68 ^ clkbuf_0_clk_regs/Y (BUFx24_ASAP7_75t_R)
                                  clknet_0_clk_regs (net)
          14.27    3.19  205.87 ^ clkbuf_1_1_0_clk_regs/A (BUFx24_ASAP7_75t_R)
   8.76    8.80   19.37  225.24 ^ clkbuf_1_1_0_clk_regs/Y (BUFx24_ASAP7_75t_R)
                                  clknet_1_1_0_clk_regs (net)
          15.63    4.22  229.45 ^ clkbuf_1_1_1_clk_regs/A (BUFx24_ASAP7_75t_R)
   9.57    9.25   19.92  249.37 ^ clkbuf_1_1_1_clk_regs/Y (BUFx24_ASAP7_75t_R)
                                  clknet_1_1_1_clk_regs (net)
          13.96    3.40  252.77 ^ clkbuf_2_3_0_clk_regs/A (BUFx24_ASAP7_75t_R)
   7.09    8.40   19.15  271.92 ^ clkbuf_2_3_0_clk_regs/Y (BUFx24_ASAP7_75t_R)
                                  clknet_2_3_0_clk_regs (net)
          13.13    3.44  275.37 ^ clkbuf_2_3_1_clk_regs/A (BUFx24_ASAP7_75t_R)
   8.90    8.93   19.09  294.46 ^ clkbuf_2_3_1_clk_regs/Y (BUFx24_ASAP7_75t_R)
                                  clknet_2_3_1_clk_regs (net)
          13.83    3.47  297.93 ^ clkbuf_3_6_0_clk_regs/A (BUFx24_ASAP7_75t_R)
   7.47    8.56   19.19  317.12 ^ clkbuf_3_6_0_clk_regs/Y (BUFx24_ASAP7_75t_R)
                                  clknet_3_6_0_clk_regs (net)
          12.96    3.33  320.45 ^ clkbuf_3_6_1_clk_regs/A (BUFx24_ASAP7_75t_R)
  12.48   10.93   19.67  340.12 ^ clkbuf_3_6_1_clk_regs/Y (BUFx24_ASAP7_75t_R)
                                  clknet_3_6_1_clk_regs (net)
          14.24    3.07  343.18 ^ clkbuf_4_12_0_clk_regs/A (BUFx24_ASAP7_75t_R)
   6.19    8.41   19.33  362.51 ^ clkbuf_4_12_0_clk_regs/Y (BUFx24_ASAP7_75t_R)
                                  clknet_4_12_0_clk_regs (net)
           8.82    1.01  363.52 ^ clkbuf_5_24_0_clk_regs/A (BUFx24_ASAP7_75t_R)
  42.31   25.53   21.45  384.97 ^ clkbuf_5_24_0_clk_regs/Y (BUFx24_ASAP7_75t_R)
                                  clknet_5_24_0_clk_regs (net)
          28.94    4.77  389.74 ^ clkbuf_leaf_119_clk_regs/A (BUFx24_ASAP7_75t_R)
  12.04   11.25   24.15  413.89 ^ clkbuf_leaf_119_clk_regs/Y (BUFx24_ASAP7_75t_R)
                                  clknet_leaf_119_clk_regs (net)
          12.46    1.84  415.73 ^ c_fut[53]$_DFF_P_/CLK (DFFHQNx1_ASAP7_75t_R)
   1.45   17.37   39.20  454.93 ^ c_fut[53]$_DFF_P_/QN (DFFHQNx1_ASAP7_75t_R)
                                  _005463_ (net)
          17.39    0.29  455.22 ^ _767953_/A (AND2x2_ASAP7_75t_R)
   1.29    8.08   16.61  471.84 ^ _767953_/Y (AND2x2_ASAP7_75t_R)
                                  _468765_ (net)
           8.10    0.19  472.03 ^ _767954_/B (AOI21x1_ASAP7_75t_R)
   0.61    5.57    5.55  477.58 v _767954_/Y (AOI21x1_ASAP7_75t_R)
                                  _406257_ (net)
           5.57    0.05  477.63 v c_cur[53]$_DFFE_PP_/D (DFFHQNx1_ASAP7_75t_R)
                         477.63   data arrival time

                   0.00    0.00   clock core_clock (rise edge)
                   0.00    0.00   clock source latency
  22.67    0.00    0.00    0.00 ^ clk (in)
                                  clk (net)
          72.91   23.00   23.00 ^ wire153793/A (BUFx24_ASAP7_75t_R)
  31.77   11.03   31.62   54.62 ^ wire153793/Y (BUFx24_ASAP7_75t_R)
                                  net153360 (net)
         100.81   30.72   85.33 ^ delaybuf_0_core_clock/A (BUFx24_ASAP7_75t_R)
   8.45   12.04   34.96  120.29 ^ delaybuf_0_core_clock/Y (BUFx24_ASAP7_75t_R)
                                  delaynet_0_core_clock (net)
          18.51    4.91  125.21 ^ delaybuf_1_core_clock/A (BUFx24_ASAP7_75t_R)
   7.99    8.60   20.52  145.73 ^ delaybuf_1_core_clock/Y (BUFx24_ASAP7_75t_R)
                                  delaynet_1_core_clock (net)
          15.15    4.11  149.83 ^ delaybuf_2_core_clock/A (BUFx24_ASAP7_75t_R)
   6.23    8.25   19.45  169.29 ^ delaybuf_2_core_clock/Y (BUFx24_ASAP7_75t_R)
                                  delaynet_2_core_clock (net)
          11.24    2.71  171.99 ^ clkbuf_regs_0_core_clock/A (BUFx24_ASAP7_75t_R)
   3.26    7.25   17.98  189.97 ^ clkbuf_regs_0_core_clock/Y (BUFx24_ASAP7_75t_R)
                                  clk_regs (net)
           7.36    0.72  190.69 ^ clkbuf_0_clk_regs/A (BUFx24_ASAP7_75t_R)
  13.37   11.33   18.07  208.76 ^ clkbuf_0_clk_regs/Y (BUFx24_ASAP7_75t_R)
                                  clknet_0_clk_regs (net)
          15.46    3.56  212.32 ^ clkbuf_1_1_0_clk_regs/A (BUFx24_ASAP7_75t_R)
   9.36    8.90   19.75  232.07 ^ clkbuf_1_1_0_clk_regs/Y (BUFx24_ASAP7_75t_R)
                                  clknet_1_1_0_clk_regs (net)
          16.83    4.59  236.66 ^ clkbuf_1_1_1_clk_regs/A (BUFx24_ASAP7_75t_R)
  10.78    9.80   20.35  257.01 ^ clkbuf_1_1_1_clk_regs/Y (BUFx24_ASAP7_75t_R)
                                  clknet_1_1_1_clk_regs (net)
          15.74    3.98  260.99 ^ clkbuf_2_2_0_clk_regs/A (BUFx24_ASAP7_75t_R)
   9.68    8.92   19.84  280.83 ^ clkbuf_2_2_0_clk_regs/Y (BUFx24_ASAP7_75t_R)
                                  clknet_2_2_0_clk_regs (net)
          17.82    4.92  285.75 ^ clkbuf_2_2_1_clk_regs/A (BUFx24_ASAP7_75t_R)
  11.10    9.13   20.49  306.24 ^ clkbuf_2_2_1_clk_regs/Y (BUFx24_ASAP7_75t_R)
                                  clknet_2_2_1_clk_regs (net)
          19.55    5.37  311.61 ^ clkbuf_3_5_0_clk_regs/A (BUFx24_ASAP7_75t_R)
   9.55    8.84   20.91  332.52 ^ clkbuf_3_5_0_clk_regs/Y (BUFx24_ASAP7_75t_R)
                                  clknet_3_5_0_clk_regs (net)
          18.38    5.11  337.63 ^ clkbuf_3_5_1_clk_regs/A (BUFx24_ASAP7_75t_R)
  14.40   11.89   21.43  359.06 ^ clkbuf_3_5_1_clk_regs/Y (BUFx24_ASAP7_75t_R)
                                  clknet_3_5_1_clk_regs (net)
          17.01    4.07  363.13 ^ clkbuf_4_10_0_clk_regs/A (BUFx24_ASAP7_75t_R)
  14.33   11.53   20.99  384.12 ^ clkbuf_4_10_0_clk_regs/Y (BUFx24_ASAP7_75t_R)
                                  clknet_4_10_0_clk_regs (net)
          18.37    4.70  388.82 ^ clkbuf_5_21_0_clk_regs/A (BUFx24_ASAP7_75t_R)
  50.39   27.69   25.61  414.43 ^ clkbuf_5_21_0_clk_regs/Y (BUFx24_ASAP7_75t_R)
                                  clknet_5_21_0_clk_regs (net)
          33.20    6.20  420.63 ^ clkbuf_leaf_112_clk_regs/A (BUFx24_ASAP7_75t_R)
  13.28   11.92   25.46  446.09 ^ clkbuf_leaf_112_clk_regs/Y (BUFx24_ASAP7_75t_R)
                                  clknet_leaf_112_clk_regs (net)
          12.07    0.63  446.71 ^ c_cur[53]$_DFFE_PP_/CLK (DFFHQNx1_ASAP7_75t_R)
                 150.00  596.72   clock uncertainty
                  -7.64  589.08   clock reconvergence pessimism
                  11.67  600.75   library hold time
                         600.75   data required time
-----------------------------------------------------------------------
                         600.75   data required time
                        -477.63   data arrival time
-----------------------------------------------------------------------
                        -123.12   slack (VIOLATED)


Startpoint: c_fut[54]$_DFF_P_
            (rising edge-triggered flip-flop clocked by core_clock)
Endpoint: c_cur[54]$_DFFE_PP_
          (rising edge-triggered flip-flop clocked by core_clock)
Path Group: core_clock
Path Type: min

    Cap    Slew   Delay    Time   Description
-----------------------------------------------------------------------
                   0.00    0.00   clock core_clock (rise edge)
                   0.00    0.00   clock source latency
  22.07    0.00    0.00    0.00 ^ clk (in)
                                  clk (net)
          69.54   21.94   21.94 ^ wire153793/A (BUFx24_ASAP7_75t_R)
  30.57   10.79   31.02   52.96 ^ wire153793/Y (BUFx24_ASAP7_75t_R)
                                  net153360 (net)
          96.67   29.44   82.40 ^ delaybuf_0_core_clock/A (BUFx24_ASAP7_75t_R)
   7.85   11.77   34.47  116.87 ^ delaybuf_0_core_clock/Y (BUFx24_ASAP7_75t_R)
                                  delaynet_0_core_clock (net)
          17.20    4.46  121.33 ^ delaybuf_1_core_clock/A (BUFx24_ASAP7_75t_R)
   7.39    8.46   20.11  141.44 ^ delaybuf_1_core_clock/Y (BUFx24_ASAP7_75t_R)
                                  delaynet_1_core_clock (net)
          13.98    3.74  145.17 ^ delaybuf_2_core_clock/A (BUFx24_ASAP7_75t_R)
   5.63    8.08   19.06  164.23 ^ delaybuf_2_core_clock/Y (BUFx24_ASAP7_75t_R)
                                  delaynet_2_core_clock (net)
          10.39    2.38  166.61 ^ clkbuf_regs_0_core_clock/A (BUFx24_ASAP7_75t_R)
   2.66    6.99   17.63  184.24 ^ clkbuf_regs_0_core_clock/Y (BUFx24_ASAP7_75t_R)
                                  clk_regs (net)
           7.05    0.57  184.82 ^ clkbuf_0_clk_regs/A (BUFx24_ASAP7_75t_R)
  12.16   10.76   17.87  202.68 ^ clkbuf_0_clk_regs/Y (BUFx24_ASAP7_75t_R)
                                  clknet_0_clk_regs (net)
          14.27    3.19  205.87 ^ clkbuf_1_1_0_clk_regs/A (BUFx24_ASAP7_75t_R)
   8.76    8.80   19.37  225.24 ^ clkbuf_1_1_0_clk_regs/Y (BUFx24_ASAP7_75t_R)
                                  clknet_1_1_0_clk_regs (net)
          15.63    4.22  229.45 ^ clkbuf_1_1_1_clk_regs/A (BUFx24_ASAP7_75t_R)
   9.57    9.25   19.92  249.37 ^ clkbuf_1_1_1_clk_regs/Y (BUFx24_ASAP7_75t_R)
                                  clknet_1_1_1_clk_regs (net)
          13.96    3.40  252.77 ^ clkbuf_2_3_0_clk_regs/A (BUFx24_ASAP7_75t_R)
   7.09    8.40   19.15  271.92 ^ clkbuf_2_3_0_clk_regs/Y (BUFx24_ASAP7_75t_R)
                                  clknet_2_3_0_clk_regs (net)
          13.13    3.44  275.37 ^ clkbuf_2_3_1_clk_regs/A (BUFx24_ASAP7_75t_R)
   8.90    8.93   19.09  294.46 ^ clkbuf_2_3_1_clk_regs/Y (BUFx24_ASAP7_75t_R)
                                  clknet_2_3_1_clk_regs (net)
          13.83    3.47  297.93 ^ clkbuf_3_6_0_clk_regs/A (BUFx24_ASAP7_75t_R)
   7.47    8.56   19.19  317.12 ^ clkbuf_3_6_0_clk_regs/Y (BUFx24_ASAP7_75t_R)
                                  clknet_3_6_0_clk_regs (net)
          12.96    3.33  320.45 ^ clkbuf_3_6_1_clk_regs/A (BUFx24_ASAP7_75t_R)
  12.48   10.93   19.67  340.12 ^ clkbuf_3_6_1_clk_regs/Y (BUFx24_ASAP7_75t_R)
                                  clknet_3_6_1_clk_regs (net)
          14.24    3.07  343.18 ^ clkbuf_4_12_0_clk_regs/A (BUFx24_ASAP7_75t_R)
   6.19    8.41   19.33  362.51 ^ clkbuf_4_12_0_clk_regs/Y (BUFx24_ASAP7_75t_R)
                                  clknet_4_12_0_clk_regs (net)
           8.82    1.01  363.52 ^ clkbuf_5_24_0_clk_regs/A (BUFx24_ASAP7_75t_R)
  42.31   25.53   21.45  384.97 ^ clkbuf_5_24_0_clk_regs/Y (BUFx24_ASAP7_75t_R)
                                  clknet_5_24_0_clk_regs (net)
          28.94    4.77  389.74 ^ clkbuf_leaf_119_clk_regs/A (BUFx24_ASAP7_75t_R)
  12.04   11.25   24.15  413.89 ^ clkbuf_leaf_119_clk_regs/Y (BUFx24_ASAP7_75t_R)
                                  clknet_leaf_119_clk_regs (net)
          12.60    1.96  415.85 ^ c_fut[54]$_DFF_P_/CLK (DFFHQNx1_ASAP7_75t_R)
   1.93   20.65   40.99  456.84 ^ c_fut[54]$_DFF_P_/QN (DFFHQNx1_ASAP7_75t_R)
                                  _005462_ (net)
          20.70    0.53  457.37 ^ _767951_/A (AND2x2_ASAP7_75t_R)
   1.10    7.58   16.84  474.21 ^ _767951_/Y (AND2x2_ASAP7_75t_R)
                                  _468764_ (net)
           7.60    0.17  474.38 ^ _767952_/B (AOI21x1_ASAP7_75t_R)
   0.60    5.42    5.42  479.80 v _767952_/Y (AOI21x1_ASAP7_75t_R)
                                  _406256_ (net)
           5.42    0.05  479.85 v c_cur[54]$_DFFE_PP_/D (DFFHQNx1_ASAP7_75t_R)
                         479.85   data arrival time

                   0.00    0.00   clock core_clock (rise edge)
                   0.00    0.00   clock source latency
  22.67    0.00    0.00    0.00 ^ clk (in)
                                  clk (net)
          72.91   23.00   23.00 ^ wire153793/A (BUFx24_ASAP7_75t_R)
  31.77   11.03   31.62   54.62 ^ wire153793/Y (BUFx24_ASAP7_75t_R)
                                  net153360 (net)
         100.81   30.72   85.33 ^ delaybuf_0_core_clock/A (BUFx24_ASAP7_75t_R)
   8.45   12.04   34.96  120.29 ^ delaybuf_0_core_clock/Y (BUFx24_ASAP7_75t_R)
                                  delaynet_0_core_clock (net)
          18.51    4.91  125.21 ^ delaybuf_1_core_clock/A (BUFx24_ASAP7_75t_R)
   7.99    8.60   20.52  145.73 ^ delaybuf_1_core_clock/Y (BUFx24_ASAP7_75t_R)
                                  delaynet_1_core_clock (net)
          15.15    4.11  149.83 ^ delaybuf_2_core_clock/A (BUFx24_ASAP7_75t_R)
   6.23    8.25   19.45  169.29 ^ delaybuf_2_core_clock/Y (BUFx24_ASAP7_75t_R)
                                  delaynet_2_core_clock (net)
          11.24    2.71  171.99 ^ clkbuf_regs_0_core_clock/A (BUFx24_ASAP7_75t_R)
   3.26    7.25   17.98  189.97 ^ clkbuf_regs_0_core_clock/Y (BUFx24_ASAP7_75t_R)
                                  clk_regs (net)
           7.36    0.72  190.69 ^ clkbuf_0_clk_regs/A (BUFx24_ASAP7_75t_R)
  13.37   11.33   18.07  208.76 ^ clkbuf_0_clk_regs/Y (BUFx24_ASAP7_75t_R)
                                  clknet_0_clk_regs (net)
          15.46    3.56  212.32 ^ clkbuf_1_1_0_clk_regs/A (BUFx24_ASAP7_75t_R)
   9.36    8.90   19.75  232.07 ^ clkbuf_1_1_0_clk_regs/Y (BUFx24_ASAP7_75t_R)
                                  clknet_1_1_0_clk_regs (net)
          16.83    4.59  236.66 ^ clkbuf_1_1_1_clk_regs/A (BUFx24_ASAP7_75t_R)
  10.78    9.80   20.35  257.01 ^ clkbuf_1_1_1_clk_regs/Y (BUFx24_ASAP7_75t_R)
                                  clknet_1_1_1_clk_regs (net)
          15.74    3.98  260.99 ^ clkbuf_2_2_0_clk_regs/A (BUFx24_ASAP7_75t_R)
   9.68    8.92   19.84  280.83 ^ clkbuf_2_2_0_clk_regs/Y (BUFx24_ASAP7_75t_R)
                                  clknet_2_2_0_clk_regs (net)
          17.82    4.92  285.75 ^ clkbuf_2_2_1_clk_regs/A (BUFx24_ASAP7_75t_R)
  11.10    9.13   20.49  306.24 ^ clkbuf_2_2_1_clk_regs/Y (BUFx24_ASAP7_75t_R)
                                  clknet_2_2_1_clk_regs (net)
          19.55    5.37  311.61 ^ clkbuf_3_5_0_clk_regs/A (BUFx24_ASAP7_75t_R)
   9.55    8.84   20.91  332.52 ^ clkbuf_3_5_0_clk_regs/Y (BUFx24_ASAP7_75t_R)
                                  clknet_3_5_0_clk_regs (net)
          18.38    5.11  337.63 ^ clkbuf_3_5_1_clk_regs/A (BUFx24_ASAP7_75t_R)
  14.40   11.89   21.43  359.06 ^ clkbuf_3_5_1_clk_regs/Y (BUFx24_ASAP7_75t_R)
                                  clknet_3_5_1_clk_regs (net)
          17.01    4.07  363.13 ^ clkbuf_4_10_0_clk_regs/A (BUFx24_ASAP7_75t_R)
  14.33   11.53   20.99  384.12 ^ clkbuf_4_10_0_clk_regs/Y (BUFx24_ASAP7_75t_R)
                                  clknet_4_10_0_clk_regs (net)
          18.37    4.70  388.82 ^ clkbuf_5_21_0_clk_regs/A (BUFx24_ASAP7_75t_R)
  50.39   27.69   25.61  414.43 ^ clkbuf_5_21_0_clk_regs/Y (BUFx24_ASAP7_75t_R)
                                  clknet_5_21_0_clk_regs (net)
          33.20    6.20  420.63 ^ clkbuf_leaf_112_clk_regs/A (BUFx24_ASAP7_75t_R)
  13.28   11.92   25.46  446.09 ^ clkbuf_leaf_112_clk_regs/Y (BUFx24_ASAP7_75t_R)
                                  clknet_leaf_112_clk_regs (net)
          12.57    1.38  447.46 ^ c_cur[54]$_DFFE_PP_/CLK (DFFHQNx1_ASAP7_75t_R)
                 150.00  597.46   clock uncertainty
                  -7.64  589.82   clock reconvergence pessimism
                  11.81  601.63   library hold time
                         601.63   data required time
-----------------------------------------------------------------------
                         601.63   data required time
                        -479.85   data arrival time
-----------------------------------------------------------------------
                        -121.78   slack (VIOLATED)


Startpoint: c_fut[376]$_DFF_P_
            (rising edge-triggered flip-flop clocked by core_clock)
Endpoint: c_cur[376]$_DFFE_PP_
          (rising edge-triggered flip-flop clocked by core_clock)
Path Group: core_clock
Path Type: min

    Cap    Slew   Delay    Time   Description
-----------------------------------------------------------------------
                   0.00    0.00   clock core_clock (rise edge)
                   0.00    0.00   clock source latency
  22.07    0.00    0.00    0.00 ^ clk (in)
                                  clk (net)
          69.54   21.94   21.94 ^ wire153793/A (BUFx24_ASAP7_75t_R)
  30.57   10.79   31.02   52.96 ^ wire153793/Y (BUFx24_ASAP7_75t_R)
                                  net153360 (net)
          96.67   29.44   82.40 ^ delaybuf_0_core_clock/A (BUFx24_ASAP7_75t_R)
   7.85   11.77   34.47  116.87 ^ delaybuf_0_core_clock/Y (BUFx24_ASAP7_75t_R)
                                  delaynet_0_core_clock (net)
          17.20    4.46  121.33 ^ delaybuf_1_core_clock/A (BUFx24_ASAP7_75t_R)
   7.39    8.46   20.11  141.44 ^ delaybuf_1_core_clock/Y (BUFx24_ASAP7_75t_R)
                                  delaynet_1_core_clock (net)
          13.98    3.74  145.17 ^ delaybuf_2_core_clock/A (BUFx24_ASAP7_75t_R)
   5.63    8.08   19.06  164.23 ^ delaybuf_2_core_clock/Y (BUFx24_ASAP7_75t_R)
                                  delaynet_2_core_clock (net)
          10.39    2.38  166.61 ^ clkbuf_regs_0_core_clock/A (BUFx24_ASAP7_75t_R)
   2.66    6.99   17.63  184.24 ^ clkbuf_regs_0_core_clock/Y (BUFx24_ASAP7_75t_R)
                                  clk_regs (net)
           7.05    0.57  184.82 ^ clkbuf_0_clk_regs/A (BUFx24_ASAP7_75t_R)
  12.16   10.76   17.87  202.68 ^ clkbuf_0_clk_regs/Y (BUFx24_ASAP7_75t_R)
                                  clknet_0_clk_regs (net)
          13.30    2.62  205.31 ^ clkbuf_1_0_0_clk_regs/A (BUFx24_ASAP7_75t_R)
   6.43    8.27   18.93  224.24 ^ clkbuf_1_0_0_clk_regs/Y (BUFx24_ASAP7_75t_R)
                                  clknet_1_0_0_clk_regs (net)
          11.68    2.91  227.16 ^ clkbuf_1_0_1_clk_regs/A (BUFx24_ASAP7_75t_R)
   8.46    8.88   18.67  245.83 ^ clkbuf_1_0_1_clk_regs/Y (BUFx24_ASAP7_75t_R)
                                  clknet_1_0_1_clk_regs (net)
          12.77    3.06  248.89 ^ clkbuf_2_0_0_clk_regs/A (BUFx24_ASAP7_75t_R)
   6.63    8.35   18.82  267.71 ^ clkbuf_2_0_0_clk_regs/Y (BUFx24_ASAP7_75t_R)
                                  clknet_2_0_0_clk_regs (net)
          11.59    2.85  270.56 ^ clkbuf_2_0_1_clk_regs/A (BUFx24_ASAP7_75t_R)
   7.83    8.59   18.52  289.08 ^ clkbuf_2_0_1_clk_regs/Y (BUFx24_ASAP7_75t_R)
                                  clknet_2_0_1_clk_regs (net)
          13.10    3.32  292.39 ^ clkbuf_3_1_0_clk_regs/A (BUFx24_ASAP7_75t_R)
   6.27    8.22   18.86  311.25 ^ clkbuf_3_1_0_clk_regs/Y (BUFx24_ASAP7_75t_R)
                                  clknet_3_1_0_clk_regs (net)
          11.52    2.87  314.12 ^ clkbuf_3_1_1_clk_regs/A (BUFx24_ASAP7_75t_R)
  11.60   10.54   19.15  333.27 ^ clkbuf_3_1_1_clk_regs/Y (BUFx24_ASAP7_75t_R)
                                  clknet_3_1_1_clk_regs (net)
          13.24    2.69  335.97 ^ clkbuf_4_2_0_clk_regs/A (BUFx24_ASAP7_75t_R)
   8.03    9.05   19.28  355.25 ^ clkbuf_4_2_0_clk_regs/Y (BUFx24_ASAP7_75t_R)
                                  clknet_4_2_0_clk_regs (net)
           9.65    1.12  356.37 ^ clkbuf_5_5_0_clk_regs/A (BUFx24_ASAP7_75t_R)
  47.34   25.91   21.83  378.19 ^ clkbuf_5_5_0_clk_regs/Y (BUFx24_ASAP7_75t_R)
                                  clknet_5_5_0_clk_regs (net)
          41.78   10.63  388.83 ^ clkbuf_leaf_32_clk_regs/A (BUFx24_ASAP7_75t_R)
  12.08   11.57   27.24  416.07 ^ clkbuf_leaf_32_clk_regs/Y (BUFx24_ASAP7_75t_R)
                                  clknet_leaf_32_clk_regs (net)
          11.93    0.85  416.92 ^ c_fut[376]$_DFF_P_/CLK (DFFHQNx1_ASAP7_75t_R)
   0.67   12.01   35.59  452.51 ^ c_fut[376]$_DFF_P_/QN (DFFHQNx1_ASAP7_75t_R)
                                  _005140_ (net)
          12.01    0.07  452.58 ^ _767235_/A (AND2x2_ASAP7_75t_R)
   2.09   10.72   16.90  469.47 ^ _767235_/Y (AND2x2_ASAP7_75t_R)
                                  _468370_ (net)
          10.87    0.67  470.15 ^ _767236_/B (AOI21x1_ASAP7_75t_R)
   0.59    6.12    6.06  476.20 v _767236_/Y (AOI21x1_ASAP7_75t_R)
                                  _405934_ (net)
           6.12    0.04  476.25 v c_cur[376]$_DFFE_PP_/D (DFFHQNx1_ASAP7_75t_R)
                         476.25   data arrival time

                   0.00    0.00   clock core_clock (rise edge)
                   0.00    0.00   clock source latency
  22.67    0.00    0.00    0.00 ^ clk (in)
                                  clk (net)
          72.91   23.00   23.00 ^ wire153793/A (BUFx24_ASAP7_75t_R)
  31.77   11.03   31.62   54.62 ^ wire153793/Y (BUFx24_ASAP7_75t_R)
                                  net153360 (net)
         100.81   30.72   85.33 ^ delaybuf_0_core_clock/A (BUFx24_ASAP7_75t_R)
   8.45   12.04   34.96  120.29 ^ delaybuf_0_core_clock/Y (BUFx24_ASAP7_75t_R)
                                  delaynet_0_core_clock (net)
          18.51    4.91  125.21 ^ delaybuf_1_core_clock/A (BUFx24_ASAP7_75t_R)
   7.99    8.60   20.52  145.73 ^ delaybuf_1_core_clock/Y (BUFx24_ASAP7_75t_R)
                                  delaynet_1_core_clock (net)
          15.15    4.11  149.83 ^ delaybuf_2_core_clock/A (BUFx24_ASAP7_75t_R)
   6.23    8.25   19.45  169.29 ^ delaybuf_2_core_clock/Y (BUFx24_ASAP7_75t_R)
                                  delaynet_2_core_clock (net)
          11.24    2.71  171.99 ^ clkbuf_regs_0_core_clock/A (BUFx24_ASAP7_75t_R)
   3.26    7.25   17.98  189.97 ^ clkbuf_regs_0_core_clock/Y (BUFx24_ASAP7_75t_R)
                                  clk_regs (net)
           7.36    0.72  190.69 ^ clkbuf_0_clk_regs/A (BUFx24_ASAP7_75t_R)
  13.37   11.33   18.07  208.76 ^ clkbuf_0_clk_regs/Y (BUFx24_ASAP7_75t_R)
                                  clknet_0_clk_regs (net)
          14.38    2.98  211.74 ^ clkbuf_1_0_0_clk_regs/A (BUFx24_ASAP7_75t_R)
   7.03    8.42   19.30  231.04 ^ clkbuf_1_0_0_clk_regs/Y (BUFx24_ASAP7_75t_R)
                                  clknet_1_0_0_clk_regs (net)
          12.66    3.26  234.30 ^ clkbuf_1_0_1_clk_regs/A (BUFx24_ASAP7_75t_R)
   9.67    9.24   19.05  253.35 ^ clkbuf_1_0_1_clk_regs/Y (BUFx24_ASAP7_75t_R)
                                  clknet_1_0_1_clk_regs (net)
          14.22    3.52  256.87 ^ clkbuf_2_0_0_clk_regs/A (BUFx24_ASAP7_75t_R)
   7.23    8.51   19.29  276.16 ^ clkbuf_2_0_0_clk_regs/Y (BUFx24_ASAP7_75t_R)
                                  clknet_2_0_0_clk_regs (net)
          12.52    3.18  279.35 ^ clkbuf_2_0_1_clk_regs/A (BUFx24_ASAP7_75t_R)
   9.03    8.84   18.87  298.22 ^ clkbuf_2_0_1_clk_regs/Y (BUFx24_ASAP7_75t_R)
                                  clknet_2_0_1_clk_regs (net)
          14.75    3.83  302.05 ^ clkbuf_3_1_0_clk_regs/A (BUFx24_ASAP7_75t_R)
   6.87    8.37   19.39  321.44 ^ clkbuf_3_1_0_clk_regs/Y (BUFx24_ASAP7_75t_R)
                                  clknet_3_1_0_clk_regs (net)
          12.49    3.22  324.66 ^ clkbuf_3_1_1_clk_regs/A (BUFx24_ASAP7_75t_R)
  12.80   11.12   19.55  344.21 ^ clkbuf_3_1_1_clk_regs/Y (BUFx24_ASAP7_75t_R)
                                  clknet_3_1_1_clk_regs (net)
          14.77    3.28  347.49 ^ clkbuf_4_3_0_clk_regs/A (BUFx24_ASAP7_75t_R)
   9.63    9.40   19.76  367.25 ^ clkbuf_4_3_0_clk_regs/Y (BUFx24_ASAP7_75t_R)
                                  clknet_4_3_0_clk_regs (net)
          12.03    2.40  369.64 ^ clkbuf_5_6_0_clk_regs/A (BUFx24_ASAP7_75t_R)
  52.55   26.54   20.34  389.99 ^ clkbuf_5_6_0_clk_regs/Y (BUFx24_ASAP7_75t_R)
                                  clknet_5_6_0_clk_regs (net)
          71.28   21.60  411.59 ^ clkbuf_leaf_361_clk_regs/A (BUFx24_ASAP7_75t_R)
  16.31   14.53   32.96  444.55 ^ clkbuf_leaf_361_clk_regs/Y (BUFx24_ASAP7_75t_R)
                                  clknet_leaf_361_clk_regs (net)
          15.28    1.64  446.19 ^ c_cur[376]$_DFFE_PP_/CLK (DFFHQNx1_ASAP7_75t_R)
                 150.00  596.19   clock uncertainty
                 -10.94  585.25   clock reconvergence pessimism
                  12.39  597.65   library hold time
                         597.65   data required time
-----------------------------------------------------------------------
                         597.65   data required time
                        -476.25   data arrival time
-----------------------------------------------------------------------
                        -121.40   slack (VIOLATED)


Startpoint: c_fut[299]$_DFF_P_
            (rising edge-triggered flip-flop clocked by core_clock)
Endpoint: c_cur[299]$_DFFE_PP_
          (rising edge-triggered flip-flop clocked by core_clock)
Path Group: core_clock
Path Type: min

    Cap    Slew   Delay    Time   Description
-----------------------------------------------------------------------
                   0.00    0.00   clock core_clock (rise edge)
                   0.00    0.00   clock source latency
  22.07    0.00    0.00    0.00 ^ clk (in)
                                  clk (net)
          69.54   21.94   21.94 ^ wire153793/A (BUFx24_ASAP7_75t_R)
  30.57   10.79   31.02   52.96 ^ wire153793/Y (BUFx24_ASAP7_75t_R)
                                  net153360 (net)
          96.67   29.44   82.40 ^ delaybuf_0_core_clock/A (BUFx24_ASAP7_75t_R)
   7.85   11.77   34.47  116.87 ^ delaybuf_0_core_clock/Y (BUFx24_ASAP7_75t_R)
                                  delaynet_0_core_clock (net)
          17.20    4.46  121.33 ^ delaybuf_1_core_clock/A (BUFx24_ASAP7_75t_R)
   7.39    8.46   20.11  141.44 ^ delaybuf_1_core_clock/Y (BUFx24_ASAP7_75t_R)
                                  delaynet_1_core_clock (net)
          13.98    3.74  145.17 ^ delaybuf_2_core_clock/A (BUFx24_ASAP7_75t_R)
   5.63    8.08   19.06  164.23 ^ delaybuf_2_core_clock/Y (BUFx24_ASAP7_75t_R)
                                  delaynet_2_core_clock (net)
          10.39    2.38  166.61 ^ clkbuf_regs_0_core_clock/A (BUFx24_ASAP7_75t_R)
   2.66    6.99   17.63  184.24 ^ clkbuf_regs_0_core_clock/Y (BUFx24_ASAP7_75t_R)
                                  clk_regs (net)
           7.05    0.57  184.82 ^ clkbuf_0_clk_regs/A (BUFx24_ASAP7_75t_R)
  12.16   10.76   17.87  202.68 ^ clkbuf_0_clk_regs/Y (BUFx24_ASAP7_75t_R)
                                  clknet_0_clk_regs (net)
          14.27    3.19  205.87 ^ clkbuf_1_1_0_clk_regs/A (BUFx24_ASAP7_75t_R)
   8.76    8.80   19.37  225.24 ^ clkbuf_1_1_0_clk_regs/Y (BUFx24_ASAP7_75t_R)
                                  clknet_1_1_0_clk_regs (net)
          15.63    4.22  229.45 ^ clkbuf_1_1_1_clk_regs/A (BUFx24_ASAP7_75t_R)
   9.57    9.25   19.92  249.37 ^ clkbuf_1_1_1_clk_regs/Y (BUFx24_ASAP7_75t_R)
                                  clknet_1_1_1_clk_regs (net)
          14.24    3.53  252.90 ^ clkbuf_2_2_0_clk_regs/A (BUFx24_ASAP7_75t_R)
   9.08    8.83   19.37  272.27 ^ clkbuf_2_2_0_clk_regs/Y (BUFx24_ASAP7_75t_R)
                                  clknet_2_2_0_clk_regs (net)
          16.55    4.52  276.79 ^ clkbuf_2_2_1_clk_regs/A (BUFx24_ASAP7_75t_R)
   9.90    8.93   20.07  296.86 ^ clkbuf_2_2_1_clk_regs/Y (BUFx24_ASAP7_75t_R)
                                  clknet_2_2_1_clk_regs (net)
          18.01    4.94  301.81 ^ clkbuf_3_4_0_clk_regs/A (BUFx24_ASAP7_75t_R)
   8.13    8.74   20.45  322.25 ^ clkbuf_3_4_0_clk_regs/Y (BUFx24_ASAP7_75t_R)
                                  clknet_3_4_0_clk_regs (net)
          14.50    3.85  326.11 ^ clkbuf_3_4_1_clk_regs/A (BUFx24_ASAP7_75t_R)
  12.79   11.10   20.18  346.29 ^ clkbuf_3_4_1_clk_regs/Y (BUFx24_ASAP7_75t_R)
                                  clknet_3_4_1_clk_regs (net)
          15.05    3.45  349.74 ^ clkbuf_4_9_0_clk_regs/A (BUFx24_ASAP7_75t_R)
   9.43    9.44   19.90  369.64 ^ clkbuf_4_9_0_clk_regs/Y (BUFx24_ASAP7_75t_R)
                                  clknet_4_9_0_clk_regs (net)
          11.18    1.90  371.55 ^ clkbuf_5_19_0_clk_regs/A (BUFx24_ASAP7_75t_R)
  57.32   27.01   20.97  392.52 ^ clkbuf_5_19_0_clk_regs/Y (BUFx24_ASAP7_75t_R)
                                  clknet_5_19_0_clk_regs (net)
          40.83    8.88  401.40 ^ clkbuf_leaf_75_clk_regs/A (BUFx24_ASAP7_75t_R)
  12.14   11.68   27.13  428.53 ^ clkbuf_leaf_75_clk_regs/Y (BUFx24_ASAP7_75t_R)
                                  clknet_leaf_75_clk_regs (net)
          12.04    0.94  429.47 ^ c_fut[299]$_DFF_P_/CLK (DFFHQNx1_ASAP7_75t_R)
   0.60   11.54   35.30  464.77 ^ c_fut[299]$_DFF_P_/QN (DFFHQNx1_ASAP7_75t_R)
                                  _005217_ (net)
          11.54    0.04  464.81 ^ _767407_/A (AND2x2_ASAP7_75t_R)
   3.05   13.66   18.30  483.11 ^ _767407_/Y (AND2x2_ASAP7_75t_R)
                                  _468465_ (net)
          13.99    1.15  484.26 ^ _767408_/B (AOI21x1_ASAP7_75t_R)
   0.61    6.80    6.57  490.83 v _767408_/Y (AOI21x1_ASAP7_75t_R)
                                  _406011_ (net)
           6.80    0.05  490.88 v c_cur[299]$_DFFE_PP_/D (DFFHQNx1_ASAP7_75t_R)
                         490.88   data arrival time

                   0.00    0.00   clock core_clock (rise edge)
                   0.00    0.00   clock source latency
  22.67    0.00    0.00    0.00 ^ clk (in)
                                  clk (net)
          72.91   23.00   23.00 ^ wire153793/A (BUFx24_ASAP7_75t_R)
  31.77   11.03   31.62   54.62 ^ wire153793/Y (BUFx24_ASAP7_75t_R)
                                  net153360 (net)
         100.81   30.72   85.33 ^ delaybuf_0_core_clock/A (BUFx24_ASAP7_75t_R)
   8.45   12.04   34.96  120.29 ^ delaybuf_0_core_clock/Y (BUFx24_ASAP7_75t_R)
                                  delaynet_0_core_clock (net)
          18.51    4.91  125.21 ^ delaybuf_1_core_clock/A (BUFx24_ASAP7_75t_R)
   7.99    8.60   20.52  145.73 ^ delaybuf_1_core_clock/Y (BUFx24_ASAP7_75t_R)
                                  delaynet_1_core_clock (net)
          15.15    4.11  149.83 ^ delaybuf_2_core_clock/A (BUFx24_ASAP7_75t_R)
   6.23    8.25   19.45  169.29 ^ delaybuf_2_core_clock/Y (BUFx24_ASAP7_75t_R)
                                  delaynet_2_core_clock (net)
          11.24    2.71  171.99 ^ clkbuf_regs_0_core_clock/A (BUFx24_ASAP7_75t_R)
   3.26    7.25   17.98  189.97 ^ clkbuf_regs_0_core_clock/Y (BUFx24_ASAP7_75t_R)
                                  clk_regs (net)
           7.36    0.72  190.69 ^ clkbuf_0_clk_regs/A (BUFx24_ASAP7_75t_R)
  13.37   11.33   18.07  208.76 ^ clkbuf_0_clk_regs/Y (BUFx24_ASAP7_75t_R)
                                  clknet_0_clk_regs (net)
          15.46    3.56  212.32 ^ clkbuf_1_1_0_clk_regs/A (BUFx24_ASAP7_75t_R)
   9.36    8.90   19.75  232.07 ^ clkbuf_1_1_0_clk_regs/Y (BUFx24_ASAP7_75t_R)
                                  clknet_1_1_0_clk_regs (net)
          16.83    4.59  236.66 ^ clkbuf_1_1_1_clk_regs/A (BUFx24_ASAP7_75t_R)
  10.78    9.80   20.35  257.01 ^ clkbuf_1_1_1_clk_regs/Y (BUFx24_ASAP7_75t_R)
                                  clknet_1_1_1_clk_regs (net)
          15.74    3.98  260.99 ^ clkbuf_2_2_0_clk_regs/A (BUFx24_ASAP7_75t_R)
   9.68    8.92   19.84  280.83 ^ clkbuf_2_2_0_clk_regs/Y (BUFx24_ASAP7_75t_R)
                                  clknet_2_2_0_clk_regs (net)
          17.82    4.92  285.75 ^ clkbuf_2_2_1_clk_regs/A (BUFx24_ASAP7_75t_R)
  11.10    9.13   20.49  306.24 ^ clkbuf_2_2_1_clk_regs/Y (BUFx24_ASAP7_75t_R)
                                  clknet_2_2_1_clk_regs (net)
          20.27    5.64  311.88 ^ clkbuf_3_4_0_clk_regs/A (BUFx24_ASAP7_75t_R)
   8.73    8.88   21.14  333.02 ^ clkbuf_3_4_0_clk_regs/Y (BUFx24_ASAP7_75t_R)
                                  clknet_3_4_0_clk_regs (net)
          15.63    4.21  337.23 ^ clkbuf_3_4_1_clk_regs/A (BUFx24_ASAP7_75t_R)
  13.99   11.67   20.62  357.85 ^ clkbuf_3_4_1_clk_regs/Y (BUFx24_ASAP7_75t_R)
                                  clknet_3_4_1_clk_regs (net)
          16.37    3.87  361.72 ^ clkbuf_4_9_0_clk_regs/A (BUFx24_ASAP7_75t_R)
  10.63    9.95   20.41  382.13 ^ clkbuf_4_9_0_clk_regs/Y (BUFx24_ASAP7_75t_R)
                                  clknet_4_9_0_clk_regs (net)
          12.07    2.17  384.30 ^ clkbuf_5_19_0_clk_regs/A (BUFx24_ASAP7_75t_R)
  69.49   31.84   21.76  406.06 ^ clkbuf_5_19_0_clk_regs/Y (BUFx24_ASAP7_75t_R)
                                  clknet_5_19_0_clk_regs (net)
          69.29   18.99  425.05 ^ clkbuf_leaf_79_clk_regs/A (BUFx24_ASAP7_75t_R)
  14.41   13.64   32.19  457.24 ^ clkbuf_leaf_79_clk_regs/Y (BUFx24_ASAP7_75t_R)
                                  clknet_leaf_79_clk_regs (net)
          15.50    2.55  459.78 ^ c_cur[299]$_DFFE_PP_/CLK (DFFHQNx1_ASAP7_75t_R)
                 150.00  609.78   clock uncertainty
                 -13.54  596.24   clock reconvergence pessimism
                  12.39  608.63   library hold time
                         608.63   data required time
-----------------------------------------------------------------------
                         608.63   data required time
                        -490.88   data arrival time
-----------------------------------------------------------------------
                        -117.75   slack (VIOLATED)


Startpoint: c_fut[298]$_DFF_P_
            (rising edge-triggered flip-flop clocked by core_clock)
Endpoint: c_cur[298]$_DFFE_PP_
          (rising edge-triggered flip-flop clocked by core_clock)
Path Group: core_clock
Path Type: min

    Cap    Slew   Delay    Time   Description
-----------------------------------------------------------------------
                   0.00    0.00   clock core_clock (rise edge)
                   0.00    0.00   clock source latency
  22.07    0.00    0.00    0.00 ^ clk (in)
                                  clk (net)
          69.54   21.94   21.94 ^ wire153793/A (BUFx24_ASAP7_75t_R)
  30.57   10.79   31.02   52.96 ^ wire153793/Y (BUFx24_ASAP7_75t_R)
                                  net153360 (net)
          96.67   29.44   82.40 ^ delaybuf_0_core_clock/A (BUFx24_ASAP7_75t_R)
   7.85   11.77   34.47  116.87 ^ delaybuf_0_core_clock/Y (BUFx24_ASAP7_75t_R)
                                  delaynet_0_core_clock (net)
          17.20    4.46  121.33 ^ delaybuf_1_core_clock/A (BUFx24_ASAP7_75t_R)
   7.39    8.46   20.11  141.44 ^ delaybuf_1_core_clock/Y (BUFx24_ASAP7_75t_R)
                                  delaynet_1_core_clock (net)
          13.98    3.74  145.17 ^ delaybuf_2_core_clock/A (BUFx24_ASAP7_75t_R)
   5.63    8.08   19.06  164.23 ^ delaybuf_2_core_clock/Y (BUFx24_ASAP7_75t_R)
                                  delaynet_2_core_clock (net)
          10.39    2.38  166.61 ^ clkbuf_regs_0_core_clock/A (BUFx24_ASAP7_75t_R)
   2.66    6.99   17.63  184.24 ^ clkbuf_regs_0_core_clock/Y (BUFx24_ASAP7_75t_R)
                                  clk_regs (net)
           7.05    0.57  184.82 ^ clkbuf_0_clk_regs/A (BUFx24_ASAP7_75t_R)
  12.16   10.76   17.87  202.68 ^ clkbuf_0_clk_regs/Y (BUFx24_ASAP7_75t_R)
                                  clknet_0_clk_regs (net)
          14.27    3.19  205.87 ^ clkbuf_1_1_0_clk_regs/A (BUFx24_ASAP7_75t_R)
   8.76    8.80   19.37  225.24 ^ clkbuf_1_1_0_clk_regs/Y (BUFx24_ASAP7_75t_R)
                                  clknet_1_1_0_clk_regs (net)
          15.63    4.22  229.45 ^ clkbuf_1_1_1_clk_regs/A (BUFx24_ASAP7_75t_R)
   9.57    9.25   19.92  249.37 ^ clkbuf_1_1_1_clk_regs/Y (BUFx24_ASAP7_75t_R)
                                  clknet_1_1_1_clk_regs (net)
          14.24    3.53  252.90 ^ clkbuf_2_2_0_clk_regs/A (BUFx24_ASAP7_75t_R)
   9.08    8.83   19.37  272.27 ^ clkbuf_2_2_0_clk_regs/Y (BUFx24_ASAP7_75t_R)
                                  clknet_2_2_0_clk_regs (net)
          16.55    4.52  276.79 ^ clkbuf_2_2_1_clk_regs/A (BUFx24_ASAP7_75t_R)
   9.90    8.93   20.07  296.86 ^ clkbuf_2_2_1_clk_regs/Y (BUFx24_ASAP7_75t_R)
                                  clknet_2_2_1_clk_regs (net)
          18.01    4.94  301.81 ^ clkbuf_3_4_0_clk_regs/A (BUFx24_ASAP7_75t_R)
   8.13    8.74   20.45  322.25 ^ clkbuf_3_4_0_clk_regs/Y (BUFx24_ASAP7_75t_R)
                                  clknet_3_4_0_clk_regs (net)
          14.50    3.85  326.11 ^ clkbuf_3_4_1_clk_regs/A (BUFx24_ASAP7_75t_R)
  12.79   11.10   20.18  346.29 ^ clkbuf_3_4_1_clk_regs/Y (BUFx24_ASAP7_75t_R)
                                  clknet_3_4_1_clk_regs (net)
          15.05    3.45  349.74 ^ clkbuf_4_9_0_clk_regs/A (BUFx24_ASAP7_75t_R)
   9.43    9.44   19.90  369.64 ^ clkbuf_4_9_0_clk_regs/Y (BUFx24_ASAP7_75t_R)
                                  clknet_4_9_0_clk_regs (net)
          12.93    2.98  372.63 ^ clkbuf_5_18_0_clk_regs/A (BUFx24_ASAP7_75t_R)
  58.50   32.18   24.87  397.50 ^ clkbuf_5_18_0_clk_regs/Y (BUFx24_ASAP7_75t_R)
                                  clknet_5_18_0_clk_regs (net)
          38.37    7.23  404.72 ^ clkbuf_leaf_76_clk_regs/A (BUFx24_ASAP7_75t_R)
  11.64   11.26   26.43  431.15 ^ clkbuf_leaf_76_clk_regs/Y (BUFx24_ASAP7_75t_R)
                                  clknet_leaf_76_clk_regs (net)
          11.65    0.86  432.02 ^ c_fut[298]$_DFF_P_/CLK (DFFHQNx1_ASAP7_75t_R)
   0.71   12.27   35.70  467.72 ^ c_fut[298]$_DFF_P_/QN (DFFHQNx1_ASAP7_75t_R)
                                  _005218_ (net)
          12.28    0.07  467.79 ^ _767409_/A (AND2x2_ASAP7_75t_R)
   2.23   11.02   17.24  485.03 ^ _767409_/Y (AND2x2_ASAP7_75t_R)
                                  _468466_ (net)
          11.09    0.49  485.52 ^ _767410_/B (AOI21x1_ASAP7_75t_R)
   0.66    6.38    6.28  491.80 v _767410_/Y (AOI21x1_ASAP7_75t_R)
                                  _406012_ (net)
           6.38    0.05  491.85 v c_cur[298]$_DFFE_PP_/D (DFFHQNx1_ASAP7_75t_R)
                         491.85   data arrival time

                   0.00    0.00   clock core_clock (rise edge)
                   0.00    0.00   clock source latency
  22.67    0.00    0.00    0.00 ^ clk (in)
                                  clk (net)
          72.91   23.00   23.00 ^ wire153793/A (BUFx24_ASAP7_75t_R)
  31.77   11.03   31.62   54.62 ^ wire153793/Y (BUFx24_ASAP7_75t_R)
                                  net153360 (net)
         100.81   30.72   85.33 ^ delaybuf_0_core_clock/A (BUFx24_ASAP7_75t_R)
   8.45   12.04   34.96  120.29 ^ delaybuf_0_core_clock/Y (BUFx24_ASAP7_75t_R)
                                  delaynet_0_core_clock (net)
          18.51    4.91  125.21 ^ delaybuf_1_core_clock/A (BUFx24_ASAP7_75t_R)
   7.99    8.60   20.52  145.73 ^ delaybuf_1_core_clock/Y (BUFx24_ASAP7_75t_R)
                                  delaynet_1_core_clock (net)
          15.15    4.11  149.83 ^ delaybuf_2_core_clock/A (BUFx24_ASAP7_75t_R)
   6.23    8.25   19.45  169.29 ^ delaybuf_2_core_clock/Y (BUFx24_ASAP7_75t_R)
                                  delaynet_2_core_clock (net)
          11.24    2.71  171.99 ^ clkbuf_regs_0_core_clock/A (BUFx24_ASAP7_75t_R)
   3.26    7.25   17.98  189.97 ^ clkbuf_regs_0_core_clock/Y (BUFx24_ASAP7_75t_R)
                                  clk_regs (net)
           7.36    0.72  190.69 ^ clkbuf_0_clk_regs/A (BUFx24_ASAP7_75t_R)
  13.37   11.33   18.07  208.76 ^ clkbuf_0_clk_regs/Y (BUFx24_ASAP7_75t_R)
                                  clknet_0_clk_regs (net)
          15.46    3.56  212.32 ^ clkbuf_1_1_0_clk_regs/A (BUFx24_ASAP7_75t_R)
   9.36    8.90   19.75  232.07 ^ clkbuf_1_1_0_clk_regs/Y (BUFx24_ASAP7_75t_R)
                                  clknet_1_1_0_clk_regs (net)
          16.83    4.59  236.66 ^ clkbuf_1_1_1_clk_regs/A (BUFx24_ASAP7_75t_R)
  10.78    9.80   20.35  257.01 ^ clkbuf_1_1_1_clk_regs/Y (BUFx24_ASAP7_75t_R)
                                  clknet_1_1_1_clk_regs (net)
          15.74    3.98  260.99 ^ clkbuf_2_2_0_clk_regs/A (BUFx24_ASAP7_75t_R)
   9.68    8.92   19.84  280.83 ^ clkbuf_2_2_0_clk_regs/Y (BUFx24_ASAP7_75t_R)
                                  clknet_2_2_0_clk_regs (net)
          17.82    4.92  285.75 ^ clkbuf_2_2_1_clk_regs/A (BUFx24_ASAP7_75t_R)
  11.10    9.13   20.49  306.24 ^ clkbuf_2_2_1_clk_regs/Y (BUFx24_ASAP7_75t_R)
                                  clknet_2_2_1_clk_regs (net)
          20.27    5.64  311.88 ^ clkbuf_3_4_0_clk_regs/A (BUFx24_ASAP7_75t_R)
   8.73    8.88   21.14  333.02 ^ clkbuf_3_4_0_clk_regs/Y (BUFx24_ASAP7_75t_R)
                                  clknet_3_4_0_clk_regs (net)
          15.63    4.21  337.23 ^ clkbuf_3_4_1_clk_regs/A (BUFx24_ASAP7_75t_R)
  13.99   11.67   20.62  357.85 ^ clkbuf_3_4_1_clk_regs/Y (BUFx24_ASAP7_75t_R)
                                  clknet_3_4_1_clk_regs (net)
          16.37    3.87  361.72 ^ clkbuf_4_9_0_clk_regs/A (BUFx24_ASAP7_75t_R)
  10.63    9.95   20.41  382.13 ^ clkbuf_4_9_0_clk_regs/Y (BUFx24_ASAP7_75t_R)
                                  clknet_4_9_0_clk_regs (net)
          12.07    2.17  384.30 ^ clkbuf_5_19_0_clk_regs/A (BUFx24_ASAP7_75t_R)
  69.49   31.84   21.76  406.06 ^ clkbuf_5_19_0_clk_regs/Y (BUFx24_ASAP7_75t_R)
                                  clknet_5_19_0_clk_regs (net)
          70.95   19.66  425.71 ^ clkbuf_leaf_78_clk_regs/A (BUFx24_ASAP7_75t_R)
  13.88   13.38   32.51  458.22 ^ clkbuf_leaf_78_clk_regs/Y (BUFx24_ASAP7_75t_R)
                                  clknet_leaf_78_clk_regs (net)
          14.21    1.60  459.82 ^ c_cur[298]$_DFFE_PP_/CLK (DFFHQNx1_ASAP7_75t_R)
                 150.00  609.82   clock uncertainty
                 -12.48  597.34   clock reconvergence pessimism
                  12.11  609.45   library hold time
                         609.45   data required time
-----------------------------------------------------------------------
                         609.45   data required time
                        -491.85   data arrival time
-----------------------------------------------------------------------
                        -117.60   slack (VIOLATED)


Startpoint: c_fut[62]$_DFF_P_
            (rising edge-triggered flip-flop clocked by core_clock)
Endpoint: c_cur[62]$_DFFE_PP_
          (rising edge-triggered flip-flop clocked by core_clock)
Path Group: core_clock
Path Type: min

    Cap    Slew   Delay    Time   Description
-----------------------------------------------------------------------
                   0.00    0.00   clock core_clock (rise edge)
                   0.00    0.00   clock source latency
  22.07    0.00    0.00    0.00 ^ clk (in)
                                  clk (net)
          69.54   21.94   21.94 ^ wire153793/A (BUFx24_ASAP7_75t_R)
  30.57   10.79   31.02   52.96 ^ wire153793/Y (BUFx24_ASAP7_75t_R)
                                  net153360 (net)
          96.67   29.44   82.40 ^ delaybuf_0_core_clock/A (BUFx24_ASAP7_75t_R)
   7.85   11.77   34.47  116.87 ^ delaybuf_0_core_clock/Y (BUFx24_ASAP7_75t_R)
                                  delaynet_0_core_clock (net)
          17.20    4.46  121.33 ^ delaybuf_1_core_clock/A (BUFx24_ASAP7_75t_R)
   7.39    8.46   20.11  141.44 ^ delaybuf_1_core_clock/Y (BUFx24_ASAP7_75t_R)
                                  delaynet_1_core_clock (net)
          13.98    3.74  145.17 ^ delaybuf_2_core_clock/A (BUFx24_ASAP7_75t_R)
   5.63    8.08   19.06  164.23 ^ delaybuf_2_core_clock/Y (BUFx24_ASAP7_75t_R)
                                  delaynet_2_core_clock (net)
          10.39    2.38  166.61 ^ clkbuf_regs_0_core_clock/A (BUFx24_ASAP7_75t_R)
   2.66    6.99   17.63  184.24 ^ clkbuf_regs_0_core_clock/Y (BUFx24_ASAP7_75t_R)
                                  clk_regs (net)
           7.05    0.57  184.82 ^ clkbuf_0_clk_regs/A (BUFx24_ASAP7_75t_R)
  12.16   10.76   17.87  202.68 ^ clkbuf_0_clk_regs/Y (BUFx24_ASAP7_75t_R)
                                  clknet_0_clk_regs (net)
          14.27    3.19  205.87 ^ clkbuf_1_1_0_clk_regs/A (BUFx24_ASAP7_75t_R)
   8.76    8.80   19.37  225.24 ^ clkbuf_1_1_0_clk_regs/Y (BUFx24_ASAP7_75t_R)
                                  clknet_1_1_0_clk_regs (net)
          15.63    4.22  229.45 ^ clkbuf_1_1_1_clk_regs/A (BUFx24_ASAP7_75t_R)
   9.57    9.25   19.92  249.37 ^ clkbuf_1_1_1_clk_regs/Y (BUFx24_ASAP7_75t_R)
                                  clknet_1_1_1_clk_regs (net)
          13.96    3.40  252.77 ^ clkbuf_2_3_0_clk_regs/A (BUFx24_ASAP7_75t_R)
   7.09    8.40   19.15  271.92 ^ clkbuf_2_3_0_clk_regs/Y (BUFx24_ASAP7_75t_R)
                                  clknet_2_3_0_clk_regs (net)
          13.13    3.44  275.37 ^ clkbuf_2_3_1_clk_regs/A (BUFx24_ASAP7_75t_R)
   8.90    8.93   19.09  294.46 ^ clkbuf_2_3_1_clk_regs/Y (BUFx24_ASAP7_75t_R)
                                  clknet_2_3_1_clk_regs (net)
          13.83    3.47  297.93 ^ clkbuf_3_6_0_clk_regs/A (BUFx24_ASAP7_75t_R)
   7.47    8.56   19.19  317.12 ^ clkbuf_3_6_0_clk_regs/Y (BUFx24_ASAP7_75t_R)
                                  clknet_3_6_0_clk_regs (net)
          12.96    3.33  320.45 ^ clkbuf_3_6_1_clk_regs/A (BUFx24_ASAP7_75t_R)
  12.48   10.93   19.67  340.12 ^ clkbuf_3_6_1_clk_regs/Y (BUFx24_ASAP7_75t_R)
                                  clknet_3_6_1_clk_regs (net)
          14.24    3.07  343.18 ^ clkbuf_4_12_0_clk_regs/A (BUFx24_ASAP7_75t_R)
   6.19    8.41   19.33  362.51 ^ clkbuf_4_12_0_clk_regs/Y (BUFx24_ASAP7_75t_R)
                                  clknet_4_12_0_clk_regs (net)
           8.82    1.01  363.52 ^ clkbuf_5_24_0_clk_regs/A (BUFx24_ASAP7_75t_R)
  42.31   25.53   21.45  384.97 ^ clkbuf_5_24_0_clk_regs/Y (BUFx24_ASAP7_75t_R)
                                  clknet_5_24_0_clk_regs (net)
          28.94    4.77  389.74 ^ clkbuf_leaf_119_clk_regs/A (BUFx24_ASAP7_75t_R)
  12.04   11.25   24.15  413.89 ^ clkbuf_leaf_119_clk_regs/Y (BUFx24_ASAP7_75t_R)
                                  clknet_leaf_119_clk_regs (net)
          12.51    1.89  415.78 ^ c_fut[62]$_DFF_P_/CLK (DFFHQNx1_ASAP7_75t_R)
   0.60   11.54   35.42  451.20 ^ c_fut[62]$_DFF_P_/QN (DFFHQNx1_ASAP7_75t_R)
                                  _005454_ (net)
          11.54    0.05  451.25 ^ hold170014/A (BUFx2_ASAP7_75t_R)
   0.55    5.10   13.37  464.62 ^ hold170014/Y (BUFx2_ASAP7_75t_R)
                                  net169591 (net)
           5.10    0.03  464.65 ^ _767934_/A (AND2x2_ASAP7_75t_R)
   1.34    8.10   14.43  479.09 ^ _767934_/Y (AND2x2_ASAP7_75t_R)
                                  _468755_ (net)
           8.13    0.27  479.35 ^ _767935_/B (AOI21x1_ASAP7_75t_R)
   0.61    5.56    5.55  484.91 v _767935_/Y (AOI21x1_ASAP7_75t_R)
                                  _406248_ (net)
           5.57    0.05  484.95 v c_cur[62]$_DFFE_PP_/D (DFFHQNx1_ASAP7_75t_R)
                         484.95   data arrival time

                   0.00    0.00   clock core_clock (rise edge)
                   0.00    0.00   clock source latency
  22.67    0.00    0.00    0.00 ^ clk (in)
                                  clk (net)
          72.91   23.00   23.00 ^ wire153793/A (BUFx24_ASAP7_75t_R)
  31.77   11.03   31.62   54.62 ^ wire153793/Y (BUFx24_ASAP7_75t_R)
                                  net153360 (net)
         100.81   30.72   85.33 ^ delaybuf_0_core_clock/A (BUFx24_ASAP7_75t_R)
   8.45   12.04   34.96  120.29 ^ delaybuf_0_core_clock/Y (BUFx24_ASAP7_75t_R)
                                  delaynet_0_core_clock (net)
          18.51    4.91  125.21 ^ delaybuf_1_core_clock/A (BUFx24_ASAP7_75t_R)
   7.99    8.60   20.52  145.73 ^ delaybuf_1_core_clock/Y (BUFx24_ASAP7_75t_R)
                                  delaynet_1_core_clock (net)
          15.15    4.11  149.83 ^ delaybuf_2_core_clock/A (BUFx24_ASAP7_75t_R)
   6.23    8.25   19.45  169.29 ^ delaybuf_2_core_clock/Y (BUFx24_ASAP7_75t_R)
                                  delaynet_2_core_clock (net)
          11.24    2.71  171.99 ^ clkbuf_regs_0_core_clock/A (BUFx24_ASAP7_75t_R)
   3.26    7.25   17.98  189.97 ^ clkbuf_regs_0_core_clock/Y (BUFx24_ASAP7_75t_R)
                                  clk_regs (net)
           7.36    0.72  190.69 ^ clkbuf_0_clk_regs/A (BUFx24_ASAP7_75t_R)
  13.37   11.33   18.07  208.76 ^ clkbuf_0_clk_regs/Y (BUFx24_ASAP7_75t_R)
                                  clknet_0_clk_regs (net)
          15.46    3.56  212.32 ^ clkbuf_1_1_0_clk_regs/A (BUFx24_ASAP7_75t_R)
   9.36    8.90   19.75  232.07 ^ clkbuf_1_1_0_clk_regs/Y (BUFx24_ASAP7_75t_R)
                                  clknet_1_1_0_clk_regs (net)
          16.83    4.59  236.66 ^ clkbuf_1_1_1_clk_regs/A (BUFx24_ASAP7_75t_R)
  10.78    9.80   20.35  257.01 ^ clkbuf_1_1_1_clk_regs/Y (BUFx24_ASAP7_75t_R)
                                  clknet_1_1_1_clk_regs (net)
          15.74    3.98  260.99 ^ clkbuf_2_2_0_clk_regs/A (BUFx24_ASAP7_75t_R)
   9.68    8.92   19.84  280.83 ^ clkbuf_2_2_0_clk_regs/Y (BUFx24_ASAP7_75t_R)
                                  clknet_2_2_0_clk_regs (net)
          17.82    4.92  285.75 ^ clkbuf_2_2_1_clk_regs/A (BUFx24_ASAP7_75t_R)
  11.10    9.13   20.49  306.24 ^ clkbuf_2_2_1_clk_regs/Y (BUFx24_ASAP7_75t_R)
                                  clknet_2_2_1_clk_regs (net)
          19.55    5.37  311.61 ^ clkbuf_3_5_0_clk_regs/A (BUFx24_ASAP7_75t_R)
   9.55    8.84   20.91  332.52 ^ clkbuf_3_5_0_clk_regs/Y (BUFx24_ASAP7_75t_R)
                                  clknet_3_5_0_clk_regs (net)
          18.38    5.11  337.63 ^ clkbuf_3_5_1_clk_regs/A (BUFx24_ASAP7_75t_R)
  14.40   11.89   21.43  359.06 ^ clkbuf_3_5_1_clk_regs/Y (BUFx24_ASAP7_75t_R)
                                  clknet_3_5_1_clk_regs (net)
          17.01    4.07  363.13 ^ clkbuf_4_10_0_clk_regs/A (BUFx24_ASAP7_75t_R)
  14.33   11.53   20.99  384.12 ^ clkbuf_4_10_0_clk_regs/Y (BUFx24_ASAP7_75t_R)
                                  clknet_4_10_0_clk_regs (net)
          18.37    4.70  388.82 ^ clkbuf_5_21_0_clk_regs/A (BUFx24_ASAP7_75t_R)
  50.39   27.69   25.61  414.43 ^ clkbuf_5_21_0_clk_regs/Y (BUFx24_ASAP7_75t_R)
                                  clknet_5_21_0_clk_regs (net)
          32.64    5.88  420.31 ^ clkbuf_leaf_120_clk_regs/A (BUFx24_ASAP7_75t_R)
  12.87   11.71   25.30  445.61 ^ clkbuf_leaf_120_clk_regs/Y (BUFx24_ASAP7_75t_R)
                                  clknet_leaf_120_clk_regs (net)
          12.39    1.41  447.02 ^ c_cur[62]$_DFFE_PP_/CLK (DFFHQNx1_ASAP7_75t_R)
                 150.00  597.02   clock uncertainty
                  -7.64  589.38   clock reconvergence pessimism
                  11.75  601.13   library hold time
                         601.13   data required time
-----------------------------------------------------------------------
                         601.13   data required time
                        -484.95   data arrival time
-----------------------------------------------------------------------
                        -116.18   slack (VIOLATED)


Startpoint: c_fut[185]$_DFF_P_
            (rising edge-triggered flip-flop clocked by core_clock)
Endpoint: c_cur[185]$_DFFE_PP_
          (rising edge-triggered flip-flop clocked by core_clock)
Path Group: core_clock
Path Type: min

    Cap    Slew   Delay    Time   Description
-----------------------------------------------------------------------
                   0.00    0.00   clock core_clock (rise edge)
                   0.00    0.00   clock source latency
  22.07    0.00    0.00    0.00 ^ clk (in)
                                  clk (net)
          69.54   21.94   21.94 ^ wire153793/A (BUFx24_ASAP7_75t_R)
  30.57   10.79   31.02   52.96 ^ wire153793/Y (BUFx24_ASAP7_75t_R)
                                  net153360 (net)
          96.67   29.44   82.40 ^ delaybuf_0_core_clock/A (BUFx24_ASAP7_75t_R)
   7.85   11.77   34.47  116.87 ^ delaybuf_0_core_clock/Y (BUFx24_ASAP7_75t_R)
                                  delaynet_0_core_clock (net)
          17.20    4.46  121.33 ^ delaybuf_1_core_clock/A (BUFx24_ASAP7_75t_R)
   7.39    8.46   20.11  141.44 ^ delaybuf_1_core_clock/Y (BUFx24_ASAP7_75t_R)
                                  delaynet_1_core_clock (net)
          13.98    3.74  145.17 ^ delaybuf_2_core_clock/A (BUFx24_ASAP7_75t_R)
   5.63    8.08   19.06  164.23 ^ delaybuf_2_core_clock/Y (BUFx24_ASAP7_75t_R)
                                  delaynet_2_core_clock (net)
          10.39    2.38  166.61 ^ clkbuf_regs_0_core_clock/A (BUFx24_ASAP7_75t_R)
   2.66    6.99   17.63  184.24 ^ clkbuf_regs_0_core_clock/Y (BUFx24_ASAP7_75t_R)
                                  clk_regs (net)
           7.05    0.57  184.82 ^ clkbuf_0_clk_regs/A (BUFx24_ASAP7_75t_R)
  12.16   10.76   17.87  202.68 ^ clkbuf_0_clk_regs/Y (BUFx24_ASAP7_75t_R)
                                  clknet_0_clk_regs (net)
          13.30    2.62  205.31 ^ clkbuf_1_0_0_clk_regs/A (BUFx24_ASAP7_75t_R)
   6.43    8.27   18.93  224.24 ^ clkbuf_1_0_0_clk_regs/Y (BUFx24_ASAP7_75t_R)
                                  clknet_1_0_0_clk_regs (net)
          11.68    2.91  227.16 ^ clkbuf_1_0_1_clk_regs/A (BUFx24_ASAP7_75t_R)
   8.46    8.88   18.67  245.83 ^ clkbuf_1_0_1_clk_regs/Y (BUFx24_ASAP7_75t_R)
                                  clknet_1_0_1_clk_regs (net)
          12.77    3.06  248.89 ^ clkbuf_2_0_0_clk_regs/A (BUFx24_ASAP7_75t_R)
   6.63    8.35   18.82  267.71 ^ clkbuf_2_0_0_clk_regs/Y (BUFx24_ASAP7_75t_R)
                                  clknet_2_0_0_clk_regs (net)
          11.59    2.85  270.56 ^ clkbuf_2_0_1_clk_regs/A (BUFx24_ASAP7_75t_R)
   7.83    8.59   18.52  289.08 ^ clkbuf_2_0_1_clk_regs/Y (BUFx24_ASAP7_75t_R)
                                  clknet_2_0_1_clk_regs (net)
          13.10    3.32  292.39 ^ clkbuf_3_1_0_clk_regs/A (BUFx24_ASAP7_75t_R)
   6.27    8.22   18.86  311.25 ^ clkbuf_3_1_0_clk_regs/Y (BUFx24_ASAP7_75t_R)
                                  clknet_3_1_0_clk_regs (net)
          11.52    2.87  314.12 ^ clkbuf_3_1_1_clk_regs/A (BUFx24_ASAP7_75t_R)
  11.60   10.54   19.15  333.27 ^ clkbuf_3_1_1_clk_regs/Y (BUFx24_ASAP7_75t_R)
                                  clknet_3_1_1_clk_regs (net)
          13.63    2.93  336.20 ^ clkbuf_4_3_0_clk_regs/A (BUFx24_ASAP7_75t_R)
   8.43    8.99   19.31  355.51 ^ clkbuf_4_3_0_clk_regs/Y (BUFx24_ASAP7_75t_R)
                                  clknet_4_3_0_clk_regs (net)
          12.51    2.94  358.45 ^ clkbuf_5_7_0_clk_regs/A (BUFx24_ASAP7_75t_R)
  37.67   23.52   22.62  381.07 ^ clkbuf_5_7_0_clk_regs/Y (BUFx24_ASAP7_75t_R)
                                  clknet_5_7_0_clk_regs (net)
          29.33    6.04  387.11 ^ clkbuf_leaf_348_clk_regs/A (BUFx24_ASAP7_75t_R)
   9.78   10.23   23.99  411.11 ^ clkbuf_leaf_348_clk_regs/Y (BUFx24_ASAP7_75t_R)
                                  clknet_leaf_348_clk_regs (net)
          10.70    1.05  412.15 ^ c_fut[185]$_DFF_P_/CLK (DFFHQNx1_ASAP7_75t_R)
   2.34   23.39   41.85  454.00 ^ c_fut[185]$_DFF_P_/QN (DFFHQNx1_ASAP7_75t_R)
                                  _005331_ (net)
          23.50    0.86  454.86 ^ _767659_/A (AND2x2_ASAP7_75t_R)
   0.97    7.25   16.98  471.84 ^ _767659_/Y (AND2x2_ASAP7_75t_R)
                                  _468603_ (net)
           7.25    0.10  471.94 ^ _767660_/B (AOI21x1_ASAP7_75t_R)
   0.65    5.49    5.44  477.38 v _767660_/Y (AOI21x1_ASAP7_75t_R)
                                  _406125_ (net)
           5.49    0.05  477.43 v c_cur[185]$_DFFE_PP_/D (DFFHQNx1_ASAP7_75t_R)
                         477.43   data arrival time

                   0.00    0.00   clock core_clock (rise edge)
                   0.00    0.00   clock source latency
  22.67    0.00    0.00    0.00 ^ clk (in)
                                  clk (net)
          72.91   23.00   23.00 ^ wire153793/A (BUFx24_ASAP7_75t_R)
  31.77   11.03   31.62   54.62 ^ wire153793/Y (BUFx24_ASAP7_75t_R)
                                  net153360 (net)
         100.81   30.72   85.33 ^ delaybuf_0_core_clock/A (BUFx24_ASAP7_75t_R)
   8.45   12.04   34.96  120.29 ^ delaybuf_0_core_clock/Y (BUFx24_ASAP7_75t_R)
                                  delaynet_0_core_clock (net)
          18.51    4.91  125.21 ^ delaybuf_1_core_clock/A (BUFx24_ASAP7_75t_R)
   7.99    8.60   20.52  145.73 ^ delaybuf_1_core_clock/Y (BUFx24_ASAP7_75t_R)
                                  delaynet_1_core_clock (net)
          15.15    4.11  149.83 ^ delaybuf_2_core_clock/A (BUFx24_ASAP7_75t_R)
   6.23    8.25   19.45  169.29 ^ delaybuf_2_core_clock/Y (BUFx24_ASAP7_75t_R)
                                  delaynet_2_core_clock (net)
          11.24    2.71  171.99 ^ clkbuf_regs_0_core_clock/A (BUFx24_ASAP7_75t_R)
   3.26    7.25   17.98  189.97 ^ clkbuf_regs_0_core_clock/Y (BUFx24_ASAP7_75t_R)
                                  clk_regs (net)
           7.36    0.72  190.69 ^ clkbuf_0_clk_regs/A (BUFx24_ASAP7_75t_R)
  13.37   11.33   18.07  208.76 ^ clkbuf_0_clk_regs/Y (BUFx24_ASAP7_75t_R)
                                  clknet_0_clk_regs (net)
          14.38    2.98  211.74 ^ clkbuf_1_0_0_clk_regs/A (BUFx24_ASAP7_75t_R)
   7.03    8.42   19.30  231.04 ^ clkbuf_1_0_0_clk_regs/Y (BUFx24_ASAP7_75t_R)
                                  clknet_1_0_0_clk_regs (net)
          12.66    3.26  234.30 ^ clkbuf_1_0_1_clk_regs/A (BUFx24_ASAP7_75t_R)
   9.67    9.24   19.05  253.35 ^ clkbuf_1_0_1_clk_regs/Y (BUFx24_ASAP7_75t_R)
                                  clknet_1_0_1_clk_regs (net)
          14.22    3.52  256.87 ^ clkbuf_2_0_0_clk_regs/A (BUFx24_ASAP7_75t_R)
   7.23    8.51   19.29  276.16 ^ clkbuf_2_0_0_clk_regs/Y (BUFx24_ASAP7_75t_R)
                                  clknet_2_0_0_clk_regs (net)
          12.52    3.18  279.35 ^ clkbuf_2_0_1_clk_regs/A (BUFx24_ASAP7_75t_R)
   9.03    8.84   18.87  298.22 ^ clkbuf_2_0_1_clk_regs/Y (BUFx24_ASAP7_75t_R)
                                  clknet_2_0_1_clk_regs (net)
          14.75    3.83  302.05 ^ clkbuf_3_1_0_clk_regs/A (BUFx24_ASAP7_75t_R)
   6.87    8.37   19.39  321.44 ^ clkbuf_3_1_0_clk_regs/Y (BUFx24_ASAP7_75t_R)
                                  clknet_3_1_0_clk_regs (net)
          12.49    3.22  324.66 ^ clkbuf_3_1_1_clk_regs/A (BUFx24_ASAP7_75t_R)
  12.80   11.12   19.55  344.21 ^ clkbuf_3_1_1_clk_regs/Y (BUFx24_ASAP7_75t_R)
                                  clknet_3_1_1_clk_regs (net)
          14.77    3.28  347.49 ^ clkbuf_4_3_0_clk_regs/A (BUFx24_ASAP7_75t_R)
   9.63    9.40   19.76  367.25 ^ clkbuf_4_3_0_clk_regs/Y (BUFx24_ASAP7_75t_R)
                                  clknet_4_3_0_clk_regs (net)
          12.03    2.40  369.64 ^ clkbuf_5_6_0_clk_regs/A (BUFx24_ASAP7_75t_R)
  52.55   26.54   20.34  389.99 ^ clkbuf_5_6_0_clk_regs/Y (BUFx24_ASAP7_75t_R)
                                  clknet_5_6_0_clk_regs (net)
          64.46   18.92  408.91 ^ clkbuf_leaf_358_clk_regs/A (BUFx24_ASAP7_75t_R)
  16.24   14.27   31.76  440.67 ^ clkbuf_leaf_358_clk_regs/Y (BUFx24_ASAP7_75t_R)
                                  clknet_leaf_358_clk_regs (net)
          15.41    2.05  442.72 ^ c_cur[185]$_DFFE_PP_/CLK (DFFHQNx1_ASAP7_75t_R)
                 150.00  592.72   clock uncertainty
                 -11.74  580.98   clock reconvergence pessimism
                  12.48  593.46   library hold time
                         593.46   data required time
-----------------------------------------------------------------------
                         593.46   data required time
                        -477.43   data arrival time
-----------------------------------------------------------------------
                        -116.03   slack (VIOLATED)


Startpoint: out_pix_data[101]$_DFFE_PN0P_
            (rising edge-triggered flip-flop clocked by core_clock)
Endpoint: out_pix_data[101] (output port clocked by vclk_core_clock)
Path Group: vclk_core_clock
Path Type: min

    Cap    Slew   Delay    Time   Description
-----------------------------------------------------------------------
                   0.00    0.00   clock core_clock (rise edge)
                   0.00    0.00   clock source latency
  22.07    0.00    0.00    0.00 ^ clk (in)
                                  clk (net)
          69.54   21.94   21.94 ^ wire153793/A (BUFx24_ASAP7_75t_R)
  30.57   10.79   31.02   52.96 ^ wire153793/Y (BUFx24_ASAP7_75t_R)
                                  net153360 (net)
          96.67   29.44   82.40 ^ delaybuf_0_core_clock/A (BUFx24_ASAP7_75t_R)
   7.85   11.77   34.47  116.87 ^ delaybuf_0_core_clock/Y (BUFx24_ASAP7_75t_R)
                                  delaynet_0_core_clock (net)
          17.20    4.46  121.33 ^ delaybuf_1_core_clock/A (BUFx24_ASAP7_75t_R)
   7.39    8.46   20.11  141.44 ^ delaybuf_1_core_clock/Y (BUFx24_ASAP7_75t_R)
                                  delaynet_1_core_clock (net)
          13.98    3.74  145.17 ^ delaybuf_2_core_clock/A (BUFx24_ASAP7_75t_R)
   5.63    8.08   19.06  164.23 ^ delaybuf_2_core_clock/Y (BUFx24_ASAP7_75t_R)
                                  delaynet_2_core_clock (net)
          10.39    2.38  166.61 ^ clkbuf_regs_0_core_clock/A (BUFx24_ASAP7_75t_R)
   2.66    6.99   17.63  184.24 ^ clkbuf_regs_0_core_clock/Y (BUFx24_ASAP7_75t_R)
                                  clk_regs (net)
           7.05    0.57  184.82 ^ clkbuf_0_clk_regs/A (BUFx24_ASAP7_75t_R)
  12.16   10.76   17.87  202.68 ^ clkbuf_0_clk_regs/Y (BUFx24_ASAP7_75t_R)
                                  clknet_0_clk_regs (net)
          13.30    2.62  205.31 ^ clkbuf_1_0_0_clk_regs/A (BUFx24_ASAP7_75t_R)
   6.43    8.27   18.93  224.24 ^ clkbuf_1_0_0_clk_regs/Y (BUFx24_ASAP7_75t_R)
                                  clknet_1_0_0_clk_regs (net)
          11.68    2.91  227.16 ^ clkbuf_1_0_1_clk_regs/A (BUFx24_ASAP7_75t_R)
   8.46    8.88   18.67  245.83 ^ clkbuf_1_0_1_clk_regs/Y (BUFx24_ASAP7_75t_R)
                                  clknet_1_0_1_clk_regs (net)
          12.77    3.06  248.89 ^ clkbuf_2_0_0_clk_regs/A (BUFx24_ASAP7_75t_R)
   6.63    8.35   18.82  267.71 ^ clkbuf_2_0_0_clk_regs/Y (BUFx24_ASAP7_75t_R)
                                  clknet_2_0_0_clk_regs (net)
          11.59    2.85  270.56 ^ clkbuf_2_0_1_clk_regs/A (BUFx24_ASAP7_75t_R)
   7.83    8.59   18.52  289.08 ^ clkbuf_2_0_1_clk_regs/Y (BUFx24_ASAP7_75t_R)
                                  clknet_2_0_1_clk_regs (net)
          13.16    3.34  292.41 ^ clkbuf_3_0_0_clk_regs/A (BUFx24_ASAP7_75t_R)
   6.45    8.28   18.89  311.31 ^ clkbuf_3_0_0_clk_regs/Y (BUFx24_ASAP7_75t_R)
                                  clknet_3_0_0_clk_regs (net)
          11.70    2.92  314.23 ^ clkbuf_3_0_1_clk_regs/A (BUFx24_ASAP7_75t_R)
  12.24   10.81   19.30  333.53 ^ clkbuf_3_0_1_clk_regs/Y (BUFx24_ASAP7_75t_R)
                                  clknet_3_0_1_clk_regs (net)
          13.97    2.99  336.52 ^ clkbuf_4_0_0_clk_regs/A (BUFx24_ASAP7_75t_R)
   8.35    9.12   19.51  356.03 ^ clkbuf_4_0_0_clk_regs/Y (BUFx24_ASAP7_75t_R)
                                  clknet_4_0_0_clk_regs (net)
           9.86    1.20  357.23 ^ clkbuf_5_0_0_clk_regs/A (BUFx24_ASAP7_75t_R)
  66.17   34.67   22.78  380.01 ^ clkbuf_5_0_0_clk_regs/Y (BUFx24_ASAP7_75t_R)
                                  clknet_5_0_0_clk_regs (net)
          44.02    8.80  388.81 ^ clkbuf_leaf_382_clk_regs/A (BUFx24_ASAP7_75t_R)
  11.38   11.39   27.47  416.28 ^ clkbuf_leaf_382_clk_regs/Y (BUFx24_ASAP7_75t_R)
                                  clknet_leaf_382_clk_regs (net)
          11.86    0.99  417.28 ^ out_pix_data[101]$_DFFE_PN0P_/CLK (DFFASRHQNx1_ASAP7_75t_R)
   2.63   26.20   47.11  464.38 ^ out_pix_data[101]$_DFFE_PN0P_/QN (DFFASRHQNx1_ASAP7_75t_R)
                                  _000586_ (net)
          26.25    0.64  465.02 ^ _485763_/A (INVx1_ASAP7_75t_R)
   0.61    8.93    7.56  472.58 v _485763_/Y (INVx1_ASAP7_75t_R)
                                  net17487 (net)
           8.93    0.07  472.65 v output17920/A (BUFx2_ASAP7_75t_R)
  13.98   43.28   21.91  494.56 v output17920/Y (BUFx2_ASAP7_75t_R)
                                  out_pix_data[101] (net)
          73.19   20.37  514.93 v out_pix_data[101] (out)
                         514.93   data arrival time

           0.00    0.00    0.00   clock vclk_core_clock (rise edge)
                 800.00  800.00   clock network delay (ideal)
                   0.00  800.00   clock reconvergence pessimism
                -500.00  300.00   output external delay
                         300.00   data required time
-----------------------------------------------------------------------
                         300.00   data required time
                        -514.93   data arrival time
-----------------------------------------------------------------------
                         214.93   slack (MET)


Startpoint: out_pix_data[156]$_DFFE_PN0P_
            (rising edge-triggered flip-flop clocked by core_clock)
Endpoint: out_pix_data[156] (output port clocked by vclk_core_clock)
Path Group: vclk_core_clock
Path Type: min

    Cap    Slew   Delay    Time   Description
-----------------------------------------------------------------------
                   0.00    0.00   clock core_clock (rise edge)
                   0.00    0.00   clock source latency
  22.07    0.00    0.00    0.00 ^ clk (in)
                                  clk (net)
          69.54   21.94   21.94 ^ wire153793/A (BUFx24_ASAP7_75t_R)
  30.57   10.79   31.02   52.96 ^ wire153793/Y (BUFx24_ASAP7_75t_R)
                                  net153360 (net)
          96.67   29.44   82.40 ^ delaybuf_0_core_clock/A (BUFx24_ASAP7_75t_R)
   7.85   11.77   34.47  116.87 ^ delaybuf_0_core_clock/Y (BUFx24_ASAP7_75t_R)
                                  delaynet_0_core_clock (net)
          17.20    4.46  121.33 ^ delaybuf_1_core_clock/A (BUFx24_ASAP7_75t_R)
   7.39    8.46   20.11  141.44 ^ delaybuf_1_core_clock/Y (BUFx24_ASAP7_75t_R)
                                  delaynet_1_core_clock (net)
          13.98    3.74  145.17 ^ delaybuf_2_core_clock/A (BUFx24_ASAP7_75t_R)
   5.63    8.08   19.06  164.23 ^ delaybuf_2_core_clock/Y (BUFx24_ASAP7_75t_R)
                                  delaynet_2_core_clock (net)
          10.39    2.38  166.61 ^ clkbuf_regs_0_core_clock/A (BUFx24_ASAP7_75t_R)
   2.66    6.99   17.63  184.24 ^ clkbuf_regs_0_core_clock/Y (BUFx24_ASAP7_75t_R)
                                  clk_regs (net)
           7.05    0.57  184.82 ^ clkbuf_0_clk_regs/A (BUFx24_ASAP7_75t_R)
  12.16   10.76   17.87  202.68 ^ clkbuf_0_clk_regs/Y (BUFx24_ASAP7_75t_R)
                                  clknet_0_clk_regs (net)
          13.30    2.62  205.31 ^ clkbuf_1_0_0_clk_regs/A (BUFx24_ASAP7_75t_R)
   6.43    8.27   18.93  224.24 ^ clkbuf_1_0_0_clk_regs/Y (BUFx24_ASAP7_75t_R)
                                  clknet_1_0_0_clk_regs (net)
          11.68    2.91  227.16 ^ clkbuf_1_0_1_clk_regs/A (BUFx24_ASAP7_75t_R)
   8.46    8.88   18.67  245.83 ^ clkbuf_1_0_1_clk_regs/Y (BUFx24_ASAP7_75t_R)
                                  clknet_1_0_1_clk_regs (net)
          12.77    3.06  248.89 ^ clkbuf_2_0_0_clk_regs/A (BUFx24_ASAP7_75t_R)
   6.63    8.35   18.82  267.71 ^ clkbuf_2_0_0_clk_regs/Y (BUFx24_ASAP7_75t_R)
                                  clknet_2_0_0_clk_regs (net)
          11.59    2.85  270.56 ^ clkbuf_2_0_1_clk_regs/A (BUFx24_ASAP7_75t_R)
   7.83    8.59   18.52  289.08 ^ clkbuf_2_0_1_clk_regs/Y (BUFx24_ASAP7_75t_R)
                                  clknet_2_0_1_clk_regs (net)
          13.16    3.34  292.41 ^ clkbuf_3_0_0_clk_regs/A (BUFx24_ASAP7_75t_R)
   6.45    8.28   18.89  311.31 ^ clkbuf_3_0_0_clk_regs/Y (BUFx24_ASAP7_75t_R)
                                  clknet_3_0_0_clk_regs (net)
          11.70    2.92  314.23 ^ clkbuf_3_0_1_clk_regs/A (BUFx24_ASAP7_75t_R)
  12.24   10.81   19.30  333.53 ^ clkbuf_3_0_1_clk_regs/Y (BUFx24_ASAP7_75t_R)
                                  clknet_3_0_1_clk_regs (net)
          13.97    2.99  336.52 ^ clkbuf_4_0_0_clk_regs/A (BUFx24_ASAP7_75t_R)
   8.35    9.12   19.51  356.03 ^ clkbuf_4_0_0_clk_regs/Y (BUFx24_ASAP7_75t_R)
                                  clknet_4_0_0_clk_regs (net)
           9.86    1.20  357.23 ^ clkbuf_5_0_0_clk_regs/A (BUFx24_ASAP7_75t_R)
  66.17   34.67   22.78  380.01 ^ clkbuf_5_0_0_clk_regs/Y (BUFx24_ASAP7_75t_R)
                                  clknet_5_0_0_clk_regs (net)
          46.29    9.92  389.93 ^ clkbuf_leaf_381_clk_regs/A (BUFx24_ASAP7_75t_R)
  11.83   11.74   28.06  417.98 ^ clkbuf_leaf_381_clk_regs/Y (BUFx24_ASAP7_75t_R)
                                  clknet_leaf_381_clk_regs (net)
          12.08    0.98  418.96 ^ out_pix_data[156]$_DFFE_PN0P_/CLK (DFFASRHQNx1_ASAP7_75t_R)
   1.26   16.96   41.63  460.59 ^ out_pix_data[156]$_DFFE_PN0P_/QN (DFFASRHQNx1_ASAP7_75t_R)
                                  _000641_ (net)
          16.96    0.10  460.69 ^ _485818_/A (INVx1_ASAP7_75t_R)
   0.67    7.64    6.78  467.47 v _485818_/Y (INVx1_ASAP7_75t_R)
                                  net17547 (net)
           7.64    0.06  467.53 v output17980/A (BUFx2_ASAP7_75t_R)
  17.17   52.18   20.94  488.47 v output17980/Y (BUFx2_ASAP7_75t_R)
                                  out_pix_data[156] (net)
         103.34   30.34  518.81 v out_pix_data[156] (out)
                         518.81   data arrival time

           0.00    0.00    0.00   clock vclk_core_clock (rise edge)
                 800.00  800.00   clock network delay (ideal)
                   0.00  800.00   clock reconvergence pessimism
                -500.00  300.00   output external delay
                         300.00   data required time
-----------------------------------------------------------------------
                         300.00   data required time
                        -518.81   data arrival time
-----------------------------------------------------------------------
                         218.81   slack (MET)


Startpoint: out_pix_data[109]$_DFFE_PN0P_
            (rising edge-triggered flip-flop clocked by core_clock)
Endpoint: out_pix_data[109] (output port clocked by vclk_core_clock)
Path Group: vclk_core_clock
Path Type: min

    Cap    Slew   Delay    Time   Description
-----------------------------------------------------------------------
                   0.00    0.00   clock core_clock (rise edge)
                   0.00    0.00   clock source latency
  22.07    0.00    0.00    0.00 ^ clk (in)
                                  clk (net)
          69.54   21.94   21.94 ^ wire153793/A (BUFx24_ASAP7_75t_R)
  30.57   10.79   31.02   52.96 ^ wire153793/Y (BUFx24_ASAP7_75t_R)
                                  net153360 (net)
          96.67   29.44   82.40 ^ delaybuf_0_core_clock/A (BUFx24_ASAP7_75t_R)
   7.85   11.77   34.47  116.87 ^ delaybuf_0_core_clock/Y (BUFx24_ASAP7_75t_R)
                                  delaynet_0_core_clock (net)
          17.20    4.46  121.33 ^ delaybuf_1_core_clock/A (BUFx24_ASAP7_75t_R)
   7.39    8.46   20.11  141.44 ^ delaybuf_1_core_clock/Y (BUFx24_ASAP7_75t_R)
                                  delaynet_1_core_clock (net)
          13.98    3.74  145.17 ^ delaybuf_2_core_clock/A (BUFx24_ASAP7_75t_R)
   5.63    8.08   19.06  164.23 ^ delaybuf_2_core_clock/Y (BUFx24_ASAP7_75t_R)
                                  delaynet_2_core_clock (net)
          10.39    2.38  166.61 ^ clkbuf_regs_0_core_clock/A (BUFx24_ASAP7_75t_R)
   2.66    6.99   17.63  184.24 ^ clkbuf_regs_0_core_clock/Y (BUFx24_ASAP7_75t_R)
                                  clk_regs (net)
           7.05    0.57  184.82 ^ clkbuf_0_clk_regs/A (BUFx24_ASAP7_75t_R)
  12.16   10.76   17.87  202.68 ^ clkbuf_0_clk_regs/Y (BUFx24_ASAP7_75t_R)
                                  clknet_0_clk_regs (net)
          13.30    2.62  205.31 ^ clkbuf_1_0_0_clk_regs/A (BUFx24_ASAP7_75t_R)
   6.43    8.27   18.93  224.24 ^ clkbuf_1_0_0_clk_regs/Y (BUFx24_ASAP7_75t_R)
                                  clknet_1_0_0_clk_regs (net)
          11.68    2.91  227.16 ^ clkbuf_1_0_1_clk_regs/A (BUFx24_ASAP7_75t_R)
   8.46    8.88   18.67  245.83 ^ clkbuf_1_0_1_clk_regs/Y (BUFx24_ASAP7_75t_R)
                                  clknet_1_0_1_clk_regs (net)
          12.77    3.06  248.89 ^ clkbuf_2_0_0_clk_regs/A (BUFx24_ASAP7_75t_R)
   6.63    8.35   18.82  267.71 ^ clkbuf_2_0_0_clk_regs/Y (BUFx24_ASAP7_75t_R)
                                  clknet_2_0_0_clk_regs (net)
          11.59    2.85  270.56 ^ clkbuf_2_0_1_clk_regs/A (BUFx24_ASAP7_75t_R)
   7.83    8.59   18.52  289.08 ^ clkbuf_2_0_1_clk_regs/Y (BUFx24_ASAP7_75t_R)
                                  clknet_2_0_1_clk_regs (net)
          13.16    3.34  292.41 ^ clkbuf_3_0_0_clk_regs/A (BUFx24_ASAP7_75t_R)
   6.45    8.28   18.89  311.31 ^ clkbuf_3_0_0_clk_regs/Y (BUFx24_ASAP7_75t_R)
                                  clknet_3_0_0_clk_regs (net)
          11.70    2.92  314.23 ^ clkbuf_3_0_1_clk_regs/A (BUFx24_ASAP7_75t_R)
  12.24   10.81   19.30  333.53 ^ clkbuf_3_0_1_clk_regs/Y (BUFx24_ASAP7_75t_R)
                                  clknet_3_0_1_clk_regs (net)
          13.97    2.99  336.52 ^ clkbuf_4_0_0_clk_regs/A (BUFx24_ASAP7_75t_R)
   8.35    9.12   19.51  356.03 ^ clkbuf_4_0_0_clk_regs/Y (BUFx24_ASAP7_75t_R)
                                  clknet_4_0_0_clk_regs (net)
           9.86    1.20  357.23 ^ clkbuf_5_0_0_clk_regs/A (BUFx24_ASAP7_75t_R)
  66.17   34.67   22.78  380.01 ^ clkbuf_5_0_0_clk_regs/Y (BUFx24_ASAP7_75t_R)
                                  clknet_5_0_0_clk_regs (net)
          46.29    9.92  389.93 ^ clkbuf_leaf_381_clk_regs/A (BUFx24_ASAP7_75t_R)
  11.83   11.74   28.06  417.98 ^ clkbuf_leaf_381_clk_regs/Y (BUFx24_ASAP7_75t_R)
                                  clknet_leaf_381_clk_regs (net)
          12.23    1.20  419.18 ^ out_pix_data[109]$_DFFE_PN0P_/CLK (DFFASRHQNx1_ASAP7_75t_R)
   2.28   24.00   45.90  465.08 ^ out_pix_data[109]$_DFFE_PN0P_/QN (DFFASRHQNx1_ASAP7_75t_R)
                                  _000594_ (net)
          24.02    0.33  465.41 ^ _485771_/A (INVx1_ASAP7_75t_R)
   0.50    8.01    6.93  472.35 v _485771_/Y (INVx1_ASAP7_75t_R)
                                  net17495 (net)
           8.01    0.04  472.39 v output17928/A (BUFx2_ASAP7_75t_R)
  16.12   49.42   21.52  493.90 v output17928/Y (BUFx2_ASAP7_75t_R)
                                  out_pix_data[109] (net)
          91.25   26.35  520.25 v out_pix_data[109] (out)
                         520.25   data arrival time

           0.00    0.00    0.00   clock vclk_core_clock (rise edge)
                 800.00  800.00   clock network delay (ideal)
                   0.00  800.00   clock reconvergence pessimism
                -500.00  300.00   output external delay
                         300.00   data required time
-----------------------------------------------------------------------
                         300.00   data required time
                        -520.25   data arrival time
-----------------------------------------------------------------------
                         220.25   slack (MET)


Startpoint: out_pix_data[158]$_DFFE_PN0P_
            (rising edge-triggered flip-flop clocked by core_clock)
Endpoint: out_pix_data[158] (output port clocked by vclk_core_clock)
Path Group: vclk_core_clock
Path Type: min

    Cap    Slew   Delay    Time   Description
-----------------------------------------------------------------------
                   0.00    0.00   clock core_clock (rise edge)
                   0.00    0.00   clock source latency
  22.07    0.00    0.00    0.00 ^ clk (in)
                                  clk (net)
          69.54   21.94   21.94 ^ wire153793/A (BUFx24_ASAP7_75t_R)
  30.57   10.79   31.02   52.96 ^ wire153793/Y (BUFx24_ASAP7_75t_R)
                                  net153360 (net)
          96.67   29.44   82.40 ^ delaybuf_0_core_clock/A (BUFx24_ASAP7_75t_R)
   7.85   11.77   34.47  116.87 ^ delaybuf_0_core_clock/Y (BUFx24_ASAP7_75t_R)
                                  delaynet_0_core_clock (net)
          17.20    4.46  121.33 ^ delaybuf_1_core_clock/A (BUFx24_ASAP7_75t_R)
   7.39    8.46   20.11  141.44 ^ delaybuf_1_core_clock/Y (BUFx24_ASAP7_75t_R)
                                  delaynet_1_core_clock (net)
          13.98    3.74  145.17 ^ delaybuf_2_core_clock/A (BUFx24_ASAP7_75t_R)
   5.63    8.08   19.06  164.23 ^ delaybuf_2_core_clock/Y (BUFx24_ASAP7_75t_R)
                                  delaynet_2_core_clock (net)
          10.39    2.38  166.61 ^ clkbuf_regs_0_core_clock/A (BUFx24_ASAP7_75t_R)
   2.66    6.99   17.63  184.24 ^ clkbuf_regs_0_core_clock/Y (BUFx24_ASAP7_75t_R)
                                  clk_regs (net)
           7.05    0.57  184.82 ^ clkbuf_0_clk_regs/A (BUFx24_ASAP7_75t_R)
  12.16   10.76   17.87  202.68 ^ clkbuf_0_clk_regs/Y (BUFx24_ASAP7_75t_R)
                                  clknet_0_clk_regs (net)
          13.30    2.62  205.31 ^ clkbuf_1_0_0_clk_regs/A (BUFx24_ASAP7_75t_R)
   6.43    8.27   18.93  224.24 ^ clkbuf_1_0_0_clk_regs/Y (BUFx24_ASAP7_75t_R)
                                  clknet_1_0_0_clk_regs (net)
          11.68    2.91  227.16 ^ clkbuf_1_0_1_clk_regs/A (BUFx24_ASAP7_75t_R)
   8.46    8.88   18.67  245.83 ^ clkbuf_1_0_1_clk_regs/Y (BUFx24_ASAP7_75t_R)
                                  clknet_1_0_1_clk_regs (net)
          12.77    3.06  248.89 ^ clkbuf_2_0_0_clk_regs/A (BUFx24_ASAP7_75t_R)
   6.63    8.35   18.82  267.71 ^ clkbuf_2_0_0_clk_regs/Y (BUFx24_ASAP7_75t_R)
                                  clknet_2_0_0_clk_regs (net)
          11.59    2.85  270.56 ^ clkbuf_2_0_1_clk_regs/A (BUFx24_ASAP7_75t_R)
   7.83    8.59   18.52  289.08 ^ clkbuf_2_0_1_clk_regs/Y (BUFx24_ASAP7_75t_R)
                                  clknet_2_0_1_clk_regs (net)
          13.16    3.34  292.41 ^ clkbuf_3_0_0_clk_regs/A (BUFx24_ASAP7_75t_R)
   6.45    8.28   18.89  311.31 ^ clkbuf_3_0_0_clk_regs/Y (BUFx24_ASAP7_75t_R)
                                  clknet_3_0_0_clk_regs (net)
          11.70    2.92  314.23 ^ clkbuf_3_0_1_clk_regs/A (BUFx24_ASAP7_75t_R)
  12.24   10.81   19.30  333.53 ^ clkbuf_3_0_1_clk_regs/Y (BUFx24_ASAP7_75t_R)
                                  clknet_3_0_1_clk_regs (net)
          13.97    2.99  336.52 ^ clkbuf_4_0_0_clk_regs/A (BUFx24_ASAP7_75t_R)
   8.35    9.12   19.51  356.03 ^ clkbuf_4_0_0_clk_regs/Y (BUFx24_ASAP7_75t_R)
                                  clknet_4_0_0_clk_regs (net)
           9.86    1.20  357.23 ^ clkbuf_5_0_0_clk_regs/A (BUFx24_ASAP7_75t_R)
  66.17   34.67   22.78  380.01 ^ clkbuf_5_0_0_clk_regs/Y (BUFx24_ASAP7_75t_R)
                                  clknet_5_0_0_clk_regs (net)
          44.02    8.80  388.81 ^ clkbuf_leaf_382_clk_regs/A (BUFx24_ASAP7_75t_R)
  11.38   11.39   27.47  416.28 ^ clkbuf_leaf_382_clk_regs/Y (BUFx24_ASAP7_75t_R)
                                  clknet_leaf_382_clk_regs (net)
          12.79    1.99  418.27 ^ out_pix_data[158]$_DFFE_PN0P_/CLK (DFFASRHQNx1_ASAP7_75t_R)
   1.31   17.38   42.06  460.33 ^ out_pix_data[158]$_DFFE_PN0P_/QN (DFFASRHQNx1_ASAP7_75t_R)
                                  _000643_ (net)
          17.39    0.17  460.50 ^ _485820_/A (INVx1_ASAP7_75t_R)
   0.61    7.42    6.63  467.13 v _485820_/Y (INVx1_ASAP7_75t_R)
                                  net17549 (net)
           7.42    0.05  467.19 v output17982/A (BUFx2_ASAP7_75t_R)
  17.78   53.88   21.62  488.80 v output17982/Y (BUFx2_ASAP7_75t_R)
                                  out_pix_data[158] (net)
         108.36   32.14  520.94 v out_pix_data[158] (out)
                         520.94   data arrival time

           0.00    0.00    0.00   clock vclk_core_clock (rise edge)
                 800.00  800.00   clock network delay (ideal)
                   0.00  800.00   clock reconvergence pessimism
                -500.00  300.00   output external delay
                         300.00   data required time
-----------------------------------------------------------------------
                         300.00   data required time
                        -520.94   data arrival time
-----------------------------------------------------------------------
                         220.94   slack (MET)


Startpoint: out_pix_data[104]$_DFFE_PN0P_
            (rising edge-triggered flip-flop clocked by core_clock)
Endpoint: out_pix_data[104] (output port clocked by vclk_core_clock)
Path Group: vclk_core_clock
Path Type: min

    Cap    Slew   Delay    Time   Description
-----------------------------------------------------------------------
                   0.00    0.00   clock core_clock (rise edge)
                   0.00    0.00   clock source latency
  22.07    0.00    0.00    0.00 ^ clk (in)
                                  clk (net)
          69.54   21.94   21.94 ^ wire153793/A (BUFx24_ASAP7_75t_R)
  30.57   10.79   31.02   52.96 ^ wire153793/Y (BUFx24_ASAP7_75t_R)
                                  net153360 (net)
          96.67   29.44   82.40 ^ delaybuf_0_core_clock/A (BUFx24_ASAP7_75t_R)
   7.85   11.77   34.47  116.87 ^ delaybuf_0_core_clock/Y (BUFx24_ASAP7_75t_R)
                                  delaynet_0_core_clock (net)
          17.20    4.46  121.33 ^ delaybuf_1_core_clock/A (BUFx24_ASAP7_75t_R)
   7.39    8.46   20.11  141.44 ^ delaybuf_1_core_clock/Y (BUFx24_ASAP7_75t_R)
                                  delaynet_1_core_clock (net)
          13.98    3.74  145.17 ^ delaybuf_2_core_clock/A (BUFx24_ASAP7_75t_R)
   5.63    8.08   19.06  164.23 ^ delaybuf_2_core_clock/Y (BUFx24_ASAP7_75t_R)
                                  delaynet_2_core_clock (net)
          10.39    2.38  166.61 ^ clkbuf_regs_0_core_clock/A (BUFx24_ASAP7_75t_R)
   2.66    6.99   17.63  184.24 ^ clkbuf_regs_0_core_clock/Y (BUFx24_ASAP7_75t_R)
                                  clk_regs (net)
           7.05    0.57  184.82 ^ clkbuf_0_clk_regs/A (BUFx24_ASAP7_75t_R)
  12.16   10.76   17.87  202.68 ^ clkbuf_0_clk_regs/Y (BUFx24_ASAP7_75t_R)
                                  clknet_0_clk_regs (net)
          13.30    2.62  205.31 ^ clkbuf_1_0_0_clk_regs/A (BUFx24_ASAP7_75t_R)
   6.43    8.27   18.93  224.24 ^ clkbuf_1_0_0_clk_regs/Y (BUFx24_ASAP7_75t_R)
                                  clknet_1_0_0_clk_regs (net)
          11.68    2.91  227.16 ^ clkbuf_1_0_1_clk_regs/A (BUFx24_ASAP7_75t_R)
   8.46    8.88   18.67  245.83 ^ clkbuf_1_0_1_clk_regs/Y (BUFx24_ASAP7_75t_R)
                                  clknet_1_0_1_clk_regs (net)
          12.77    3.06  248.89 ^ clkbuf_2_0_0_clk_regs/A (BUFx24_ASAP7_75t_R)
   6.63    8.35   18.82  267.71 ^ clkbuf_2_0_0_clk_regs/Y (BUFx24_ASAP7_75t_R)
                                  clknet_2_0_0_clk_regs (net)
          11.59    2.85  270.56 ^ clkbuf_2_0_1_clk_regs/A (BUFx24_ASAP7_75t_R)
   7.83    8.59   18.52  289.08 ^ clkbuf_2_0_1_clk_regs/Y (BUFx24_ASAP7_75t_R)
                                  clknet_2_0_1_clk_regs (net)
          13.16    3.34  292.41 ^ clkbuf_3_0_0_clk_regs/A (BUFx24_ASAP7_75t_R)
   6.45    8.28   18.89  311.31 ^ clkbuf_3_0_0_clk_regs/Y (BUFx24_ASAP7_75t_R)
                                  clknet_3_0_0_clk_regs (net)
          11.70    2.92  314.23 ^ clkbuf_3_0_1_clk_regs/A (BUFx24_ASAP7_75t_R)
  12.24   10.81   19.30  333.53 ^ clkbuf_3_0_1_clk_regs/Y (BUFx24_ASAP7_75t_R)
                                  clknet_3_0_1_clk_regs (net)
          13.97    2.99  336.52 ^ clkbuf_4_0_0_clk_regs/A (BUFx24_ASAP7_75t_R)
   8.35    9.12   19.51  356.03 ^ clkbuf_4_0_0_clk_regs/Y (BUFx24_ASAP7_75t_R)
                                  clknet_4_0_0_clk_regs (net)
           9.86    1.20  357.23 ^ clkbuf_5_0_0_clk_regs/A (BUFx24_ASAP7_75t_R)
  66.17   34.67   22.78  380.01 ^ clkbuf_5_0_0_clk_regs/Y (BUFx24_ASAP7_75t_R)
                                  clknet_5_0_0_clk_regs (net)
          44.02    8.80  388.81 ^ clkbuf_leaf_382_clk_regs/A (BUFx24_ASAP7_75t_R)
  11.38   11.39   27.47  416.28 ^ clkbuf_leaf_382_clk_regs/Y (BUFx24_ASAP7_75t_R)
                                  clknet_leaf_382_clk_regs (net)
          11.83    0.96  417.25 ^ out_pix_data[104]$_DFFE_PN0P_/CLK (DFFASRHQNx1_ASAP7_75t_R)
   2.45   25.15   46.45  463.70 ^ out_pix_data[104]$_DFFE_PN0P_/QN (DFFASRHQNx1_ASAP7_75t_R)
                                  _000589_ (net)
          25.18    0.45  464.14 ^ _485766_/A (INVx1_ASAP7_75t_R)
   0.53    8.30    7.12  471.27 v _485766_/Y (INVx1_ASAP7_75t_R)
                                  net17490 (net)
           8.30    0.04  471.31 v output17923/A (BUFx2_ASAP7_75t_R)
  15.38   47.41   19.82  491.13 v output17923/Y (BUFx2_ASAP7_75t_R)
                                  out_pix_data[104] (net)
          99.32   29.97  521.10 v out_pix_data[104] (out)
                         521.10   data arrival time

           0.00    0.00    0.00   clock vclk_core_clock (rise edge)
                 800.00  800.00   clock network delay (ideal)
                   0.00  800.00   clock reconvergence pessimism
                -500.00  300.00   output external delay
                         300.00   data required time
-----------------------------------------------------------------------
                         300.00   data required time
                        -521.10   data arrival time
-----------------------------------------------------------------------
                         221.10   slack (MET)


Startpoint: out_pix_data[157]$_DFFE_PN0P_
            (rising edge-triggered flip-flop clocked by core_clock)
Endpoint: out_pix_data[157] (output port clocked by vclk_core_clock)
Path Group: vclk_core_clock
Path Type: min

    Cap    Slew   Delay    Time   Description
-----------------------------------------------------------------------
                   0.00    0.00   clock core_clock (rise edge)
                   0.00    0.00   clock source latency
  22.07    0.00    0.00    0.00 ^ clk (in)
                                  clk (net)
          69.54   21.94   21.94 ^ wire153793/A (BUFx24_ASAP7_75t_R)
  30.57   10.79   31.02   52.96 ^ wire153793/Y (BUFx24_ASAP7_75t_R)
                                  net153360 (net)
          96.67   29.44   82.40 ^ delaybuf_0_core_clock/A (BUFx24_ASAP7_75t_R)
   7.85   11.77   34.47  116.87 ^ delaybuf_0_core_clock/Y (BUFx24_ASAP7_75t_R)
                                  delaynet_0_core_clock (net)
          17.20    4.46  121.33 ^ delaybuf_1_core_clock/A (BUFx24_ASAP7_75t_R)
   7.39    8.46   20.11  141.44 ^ delaybuf_1_core_clock/Y (BUFx24_ASAP7_75t_R)
                                  delaynet_1_core_clock (net)
          13.98    3.74  145.17 ^ delaybuf_2_core_clock/A (BUFx24_ASAP7_75t_R)
   5.63    8.08   19.06  164.23 ^ delaybuf_2_core_clock/Y (BUFx24_ASAP7_75t_R)
                                  delaynet_2_core_clock (net)
          10.39    2.38  166.61 ^ clkbuf_regs_0_core_clock/A (BUFx24_ASAP7_75t_R)
   2.66    6.99   17.63  184.24 ^ clkbuf_regs_0_core_clock/Y (BUFx24_ASAP7_75t_R)
                                  clk_regs (net)
           7.05    0.57  184.82 ^ clkbuf_0_clk_regs/A (BUFx24_ASAP7_75t_R)
  12.16   10.76   17.87  202.68 ^ clkbuf_0_clk_regs/Y (BUFx24_ASAP7_75t_R)
                                  clknet_0_clk_regs (net)
          13.30    2.62  205.31 ^ clkbuf_1_0_0_clk_regs/A (BUFx24_ASAP7_75t_R)
   6.43    8.27   18.93  224.24 ^ clkbuf_1_0_0_clk_regs/Y (BUFx24_ASAP7_75t_R)
                                  clknet_1_0_0_clk_regs (net)
          11.68    2.91  227.16 ^ clkbuf_1_0_1_clk_regs/A (BUFx24_ASAP7_75t_R)
   8.46    8.88   18.67  245.83 ^ clkbuf_1_0_1_clk_regs/Y (BUFx24_ASAP7_75t_R)
                                  clknet_1_0_1_clk_regs (net)
          12.77    3.06  248.89 ^ clkbuf_2_0_0_clk_regs/A (BUFx24_ASAP7_75t_R)
   6.63    8.35   18.82  267.71 ^ clkbuf_2_0_0_clk_regs/Y (BUFx24_ASAP7_75t_R)
                                  clknet_2_0_0_clk_regs (net)
          11.59    2.85  270.56 ^ clkbuf_2_0_1_clk_regs/A (BUFx24_ASAP7_75t_R)
   7.83    8.59   18.52  289.08 ^ clkbuf_2_0_1_clk_regs/Y (BUFx24_ASAP7_75t_R)
                                  clknet_2_0_1_clk_regs (net)
          13.16    3.34  292.41 ^ clkbuf_3_0_0_clk_regs/A (BUFx24_ASAP7_75t_R)
   6.45    8.28   18.89  311.31 ^ clkbuf_3_0_0_clk_regs/Y (BUFx24_ASAP7_75t_R)
                                  clknet_3_0_0_clk_regs (net)
          11.70    2.92  314.23 ^ clkbuf_3_0_1_clk_regs/A (BUFx24_ASAP7_75t_R)
  12.24   10.81   19.30  333.53 ^ clkbuf_3_0_1_clk_regs/Y (BUFx24_ASAP7_75t_R)
                                  clknet_3_0_1_clk_regs (net)
          13.97    2.99  336.52 ^ clkbuf_4_0_0_clk_regs/A (BUFx24_ASAP7_75t_R)
   8.35    9.12   19.51  356.03 ^ clkbuf_4_0_0_clk_regs/Y (BUFx24_ASAP7_75t_R)
                                  clknet_4_0_0_clk_regs (net)
           9.86    1.20  357.23 ^ clkbuf_5_0_0_clk_regs/A (BUFx24_ASAP7_75t_R)
  66.17   34.67   22.78  380.01 ^ clkbuf_5_0_0_clk_regs/Y (BUFx24_ASAP7_75t_R)
                                  clknet_5_0_0_clk_regs (net)
          44.02    8.80  388.81 ^ clkbuf_leaf_382_clk_regs/A (BUFx24_ASAP7_75t_R)
  11.38   11.39   27.47  416.28 ^ clkbuf_leaf_382_clk_regs/Y (BUFx24_ASAP7_75t_R)
                                  clknet_leaf_382_clk_regs (net)
          12.88    2.07  418.35 ^ out_pix_data[157]$_DFFE_PN0P_/CLK (DFFASRHQNx1_ASAP7_75t_R)
   1.25   16.92   41.80  460.15 ^ out_pix_data[157]$_DFFE_PN0P_/QN (DFFASRHQNx1_ASAP7_75t_R)
                                  _000642_ (net)
          16.92    0.12  460.27 ^ _485819_/A (INVx1_ASAP7_75t_R)
   0.55    7.07    6.38  466.65 v _485819_/Y (INVx1_ASAP7_75t_R)
                                  net17548 (net)
           7.07    0.05  466.70 v output17981/A (BUFx2_ASAP7_75t_R)
  17.84   53.51   19.88  486.58 v output17981/Y (BUFx2_ASAP7_75t_R)
                                  out_pix_data[157] (net)
         121.32   36.75  523.33 v out_pix_data[157] (out)
                         523.33   data arrival time

           0.00    0.00    0.00   clock vclk_core_clock (rise edge)
                 800.00  800.00   clock network delay (ideal)
                   0.00  800.00   clock reconvergence pessimism
                -500.00  300.00   output external delay
                         300.00   data required time
-----------------------------------------------------------------------
                         300.00   data required time
                        -523.33   data arrival time
-----------------------------------------------------------------------
                         223.33   slack (MET)


Startpoint: out_pix_data[154]$_DFFE_PN0P_
            (rising edge-triggered flip-flop clocked by core_clock)
Endpoint: out_pix_data[154] (output port clocked by vclk_core_clock)
Path Group: vclk_core_clock
Path Type: min

    Cap    Slew   Delay    Time   Description
-----------------------------------------------------------------------
                   0.00    0.00   clock core_clock (rise edge)
                   0.00    0.00   clock source latency
  22.07    0.00    0.00    0.00 ^ clk (in)
                                  clk (net)
          69.54   21.94   21.94 ^ wire153793/A (BUFx24_ASAP7_75t_R)
  30.57   10.79   31.02   52.96 ^ wire153793/Y (BUFx24_ASAP7_75t_R)
                                  net153360 (net)
          96.67   29.44   82.40 ^ delaybuf_0_core_clock/A (BUFx24_ASAP7_75t_R)
   7.85   11.77   34.47  116.87 ^ delaybuf_0_core_clock/Y (BUFx24_ASAP7_75t_R)
                                  delaynet_0_core_clock (net)
          17.20    4.46  121.33 ^ delaybuf_1_core_clock/A (BUFx24_ASAP7_75t_R)
   7.39    8.46   20.11  141.44 ^ delaybuf_1_core_clock/Y (BUFx24_ASAP7_75t_R)
                                  delaynet_1_core_clock (net)
          13.98    3.74  145.17 ^ delaybuf_2_core_clock/A (BUFx24_ASAP7_75t_R)
   5.63    8.08   19.06  164.23 ^ delaybuf_2_core_clock/Y (BUFx24_ASAP7_75t_R)
                                  delaynet_2_core_clock (net)
          10.39    2.38  166.61 ^ clkbuf_regs_0_core_clock/A (BUFx24_ASAP7_75t_R)
   2.66    6.99   17.63  184.24 ^ clkbuf_regs_0_core_clock/Y (BUFx24_ASAP7_75t_R)
                                  clk_regs (net)
           7.05    0.57  184.82 ^ clkbuf_0_clk_regs/A (BUFx24_ASAP7_75t_R)
  12.16   10.76   17.87  202.68 ^ clkbuf_0_clk_regs/Y (BUFx24_ASAP7_75t_R)
                                  clknet_0_clk_regs (net)
          13.30    2.62  205.31 ^ clkbuf_1_0_0_clk_regs/A (BUFx24_ASAP7_75t_R)
   6.43    8.27   18.93  224.24 ^ clkbuf_1_0_0_clk_regs/Y (BUFx24_ASAP7_75t_R)
                                  clknet_1_0_0_clk_regs (net)
          11.68    2.91  227.16 ^ clkbuf_1_0_1_clk_regs/A (BUFx24_ASAP7_75t_R)
   8.46    8.88   18.67  245.83 ^ clkbuf_1_0_1_clk_regs/Y (BUFx24_ASAP7_75t_R)
                                  clknet_1_0_1_clk_regs (net)
          12.77    3.06  248.89 ^ clkbuf_2_0_0_clk_regs/A (BUFx24_ASAP7_75t_R)
   6.63    8.35   18.82  267.71 ^ clkbuf_2_0_0_clk_regs/Y (BUFx24_ASAP7_75t_R)
                                  clknet_2_0_0_clk_regs (net)
          11.59    2.85  270.56 ^ clkbuf_2_0_1_clk_regs/A (BUFx24_ASAP7_75t_R)
   7.83    8.59   18.52  289.08 ^ clkbuf_2_0_1_clk_regs/Y (BUFx24_ASAP7_75t_R)
                                  clknet_2_0_1_clk_regs (net)
          13.16    3.34  292.41 ^ clkbuf_3_0_0_clk_regs/A (BUFx24_ASAP7_75t_R)
   6.45    8.28   18.89  311.31 ^ clkbuf_3_0_0_clk_regs/Y (BUFx24_ASAP7_75t_R)
                                  clknet_3_0_0_clk_regs (net)
          11.70    2.92  314.23 ^ clkbuf_3_0_1_clk_regs/A (BUFx24_ASAP7_75t_R)
  12.24   10.81   19.30  333.53 ^ clkbuf_3_0_1_clk_regs/Y (BUFx24_ASAP7_75t_R)
                                  clknet_3_0_1_clk_regs (net)
          13.97    2.99  336.52 ^ clkbuf_4_0_0_clk_regs/A (BUFx24_ASAP7_75t_R)
   8.35    9.12   19.51  356.03 ^ clkbuf_4_0_0_clk_regs/Y (BUFx24_ASAP7_75t_R)
                                  clknet_4_0_0_clk_regs (net)
           9.86    1.20  357.23 ^ clkbuf_5_0_0_clk_regs/A (BUFx24_ASAP7_75t_R)
  66.17   34.67   22.78  380.01 ^ clkbuf_5_0_0_clk_regs/Y (BUFx24_ASAP7_75t_R)
                                  clknet_5_0_0_clk_regs (net)
          46.29    9.92  389.93 ^ clkbuf_leaf_381_clk_regs/A (BUFx24_ASAP7_75t_R)
  11.83   11.74   28.06  417.98 ^ clkbuf_leaf_381_clk_regs/Y (BUFx24_ASAP7_75t_R)
                                  clknet_leaf_381_clk_regs (net)
          12.06    0.94  418.93 ^ out_pix_data[154]$_DFFE_PN0P_/CLK (DFFASRHQNx1_ASAP7_75t_R)
   1.51   18.81   42.80  461.72 ^ out_pix_data[154]$_DFFE_PN0P_/QN (DFFASRHQNx1_ASAP7_75t_R)
                                  _000639_ (net)
          18.82    0.18  461.90 ^ _485816_/A (INVx1_ASAP7_75t_R)
   0.67    8.05    7.06  468.96 v _485816_/Y (INVx1_ASAP7_75t_R)
                                  net17545 (net)
           8.05    0.07  469.04 v output17978/A (BUFx2_ASAP7_75t_R)
  20.04   61.33   23.30  492.34 v output17978/Y (BUFx2_ASAP7_75t_R)
                                  out_pix_data[154] (net)
         109.39   31.71  524.06 v out_pix_data[154] (out)
                         524.06   data arrival time

           0.00    0.00    0.00   clock vclk_core_clock (rise edge)
                 800.00  800.00   clock network delay (ideal)
                   0.00  800.00   clock reconvergence pessimism
                -500.00  300.00   output external delay
                         300.00   data required time
-----------------------------------------------------------------------
                         300.00   data required time
                        -524.06   data arrival time
-----------------------------------------------------------------------
                         224.06   slack (MET)


Startpoint: out_pix_data[106]$_DFFE_PN0P_
            (rising edge-triggered flip-flop clocked by core_clock)
Endpoint: out_pix_data[106] (output port clocked by vclk_core_clock)
Path Group: vclk_core_clock
Path Type: min

    Cap    Slew   Delay    Time   Description
-----------------------------------------------------------------------
                   0.00    0.00   clock core_clock (rise edge)
                   0.00    0.00   clock source latency
  22.07    0.00    0.00    0.00 ^ clk (in)
                                  clk (net)
          69.54   21.94   21.94 ^ wire153793/A (BUFx24_ASAP7_75t_R)
  30.57   10.79   31.02   52.96 ^ wire153793/Y (BUFx24_ASAP7_75t_R)
                                  net153360 (net)
          96.67   29.44   82.40 ^ delaybuf_0_core_clock/A (BUFx24_ASAP7_75t_R)
   7.85   11.77   34.47  116.87 ^ delaybuf_0_core_clock/Y (BUFx24_ASAP7_75t_R)
                                  delaynet_0_core_clock (net)
          17.20    4.46  121.33 ^ delaybuf_1_core_clock/A (BUFx24_ASAP7_75t_R)
   7.39    8.46   20.11  141.44 ^ delaybuf_1_core_clock/Y (BUFx24_ASAP7_75t_R)
                                  delaynet_1_core_clock (net)
          13.98    3.74  145.17 ^ delaybuf_2_core_clock/A (BUFx24_ASAP7_75t_R)
   5.63    8.08   19.06  164.23 ^ delaybuf_2_core_clock/Y (BUFx24_ASAP7_75t_R)
                                  delaynet_2_core_clock (net)
          10.39    2.38  166.61 ^ clkbuf_regs_0_core_clock/A (BUFx24_ASAP7_75t_R)
   2.66    6.99   17.63  184.24 ^ clkbuf_regs_0_core_clock/Y (BUFx24_ASAP7_75t_R)
                                  clk_regs (net)
           7.05    0.57  184.82 ^ clkbuf_0_clk_regs/A (BUFx24_ASAP7_75t_R)
  12.16   10.76   17.87  202.68 ^ clkbuf_0_clk_regs/Y (BUFx24_ASAP7_75t_R)
                                  clknet_0_clk_regs (net)
          13.30    2.62  205.31 ^ clkbuf_1_0_0_clk_regs/A (BUFx24_ASAP7_75t_R)
   6.43    8.27   18.93  224.24 ^ clkbuf_1_0_0_clk_regs/Y (BUFx24_ASAP7_75t_R)
                                  clknet_1_0_0_clk_regs (net)
          11.68    2.91  227.16 ^ clkbuf_1_0_1_clk_regs/A (BUFx24_ASAP7_75t_R)
   8.46    8.88   18.67  245.83 ^ clkbuf_1_0_1_clk_regs/Y (BUFx24_ASAP7_75t_R)
                                  clknet_1_0_1_clk_regs (net)
          12.77    3.06  248.89 ^ clkbuf_2_0_0_clk_regs/A (BUFx24_ASAP7_75t_R)
   6.63    8.35   18.82  267.71 ^ clkbuf_2_0_0_clk_regs/Y (BUFx24_ASAP7_75t_R)
                                  clknet_2_0_0_clk_regs (net)
          11.59    2.85  270.56 ^ clkbuf_2_0_1_clk_regs/A (BUFx24_ASAP7_75t_R)
   7.83    8.59   18.52  289.08 ^ clkbuf_2_0_1_clk_regs/Y (BUFx24_ASAP7_75t_R)
                                  clknet_2_0_1_clk_regs (net)
          13.16    3.34  292.41 ^ clkbuf_3_0_0_clk_regs/A (BUFx24_ASAP7_75t_R)
   6.45    8.28   18.89  311.31 ^ clkbuf_3_0_0_clk_regs/Y (BUFx24_ASAP7_75t_R)
                                  clknet_3_0_0_clk_regs (net)
          11.70    2.92  314.23 ^ clkbuf_3_0_1_clk_regs/A (BUFx24_ASAP7_75t_R)
  12.24   10.81   19.30  333.53 ^ clkbuf_3_0_1_clk_regs/Y (BUFx24_ASAP7_75t_R)
                                  clknet_3_0_1_clk_regs (net)
          13.97    2.99  336.52 ^ clkbuf_4_0_0_clk_regs/A (BUFx24_ASAP7_75t_R)
   8.35    9.12   19.51  356.03 ^ clkbuf_4_0_0_clk_regs/Y (BUFx24_ASAP7_75t_R)
                                  clknet_4_0_0_clk_regs (net)
           9.86    1.20  357.23 ^ clkbuf_5_0_0_clk_regs/A (BUFx24_ASAP7_75t_R)
  66.17   34.67   22.78  380.01 ^ clkbuf_5_0_0_clk_regs/Y (BUFx24_ASAP7_75t_R)
                                  clknet_5_0_0_clk_regs (net)
          46.29    9.92  389.93 ^ clkbuf_leaf_381_clk_regs/A (BUFx24_ASAP7_75t_R)
  11.83   11.74   28.06  417.98 ^ clkbuf_leaf_381_clk_regs/Y (BUFx24_ASAP7_75t_R)
                                  clknet_leaf_381_clk_regs (net)
          12.23    1.20  419.18 ^ out_pix_data[106]$_DFFE_PN0P_/CLK (DFFASRHQNx1_ASAP7_75t_R)
   1.34   17.55   42.05  461.23 ^ out_pix_data[106]$_DFFE_PN0P_/QN (DFFASRHQNx1_ASAP7_75t_R)
                                  _000591_ (net)
          17.55    0.13  461.36 ^ _485768_/A (INVx1_ASAP7_75t_R)
   0.50    6.94    6.30  467.66 v _485768_/Y (INVx1_ASAP7_75t_R)
                                  net17492 (net)
           6.94    0.02  467.68 v output17925/A (BUFx2_ASAP7_75t_R)
  19.01   57.29   20.98  488.67 v output17925/Y (BUFx2_ASAP7_75t_R)
                                  out_pix_data[106] (net)
         120.70   36.12  524.78 v out_pix_data[106] (out)
                         524.78   data arrival time

           0.00    0.00    0.00   clock vclk_core_clock (rise edge)
                 800.00  800.00   clock network delay (ideal)
                   0.00  800.00   clock reconvergence pessimism
                -500.00  300.00   output external delay
                         300.00   data required time
-----------------------------------------------------------------------
                         300.00   data required time
                        -524.78   data arrival time
-----------------------------------------------------------------------
                         224.78   slack (MET)


Startpoint: out_pix_data[107]$_DFFE_PN0P_
            (rising edge-triggered flip-flop clocked by core_clock)
Endpoint: out_pix_data[107] (output port clocked by vclk_core_clock)
Path Group: vclk_core_clock
Path Type: min

    Cap    Slew   Delay    Time   Description
-----------------------------------------------------------------------
                   0.00    0.00   clock core_clock (rise edge)
                   0.00    0.00   clock source latency
  22.07    0.00    0.00    0.00 ^ clk (in)
                                  clk (net)
          69.54   21.94   21.94 ^ wire153793/A (BUFx24_ASAP7_75t_R)
  30.57   10.79   31.02   52.96 ^ wire153793/Y (BUFx24_ASAP7_75t_R)
                                  net153360 (net)
          96.67   29.44   82.40 ^ delaybuf_0_core_clock/A (BUFx24_ASAP7_75t_R)
   7.85   11.77   34.47  116.87 ^ delaybuf_0_core_clock/Y (BUFx24_ASAP7_75t_R)
                                  delaynet_0_core_clock (net)
          17.20    4.46  121.33 ^ delaybuf_1_core_clock/A (BUFx24_ASAP7_75t_R)
   7.39    8.46   20.11  141.44 ^ delaybuf_1_core_clock/Y (BUFx24_ASAP7_75t_R)
                                  delaynet_1_core_clock (net)
          13.98    3.74  145.17 ^ delaybuf_2_core_clock/A (BUFx24_ASAP7_75t_R)
   5.63    8.08   19.06  164.23 ^ delaybuf_2_core_clock/Y (BUFx24_ASAP7_75t_R)
                                  delaynet_2_core_clock (net)
          10.39    2.38  166.61 ^ clkbuf_regs_0_core_clock/A (BUFx24_ASAP7_75t_R)
   2.66    6.99   17.63  184.24 ^ clkbuf_regs_0_core_clock/Y (BUFx24_ASAP7_75t_R)
                                  clk_regs (net)
           7.05    0.57  184.82 ^ clkbuf_0_clk_regs/A (BUFx24_ASAP7_75t_R)
  12.16   10.76   17.87  202.68 ^ clkbuf_0_clk_regs/Y (BUFx24_ASAP7_75t_R)
                                  clknet_0_clk_regs (net)
          13.30    2.62  205.31 ^ clkbuf_1_0_0_clk_regs/A (BUFx24_ASAP7_75t_R)
   6.43    8.27   18.93  224.24 ^ clkbuf_1_0_0_clk_regs/Y (BUFx24_ASAP7_75t_R)
                                  clknet_1_0_0_clk_regs (net)
          11.68    2.91  227.16 ^ clkbuf_1_0_1_clk_regs/A (BUFx24_ASAP7_75t_R)
   8.46    8.88   18.67  245.83 ^ clkbuf_1_0_1_clk_regs/Y (BUFx24_ASAP7_75t_R)
                                  clknet_1_0_1_clk_regs (net)
          12.77    3.06  248.89 ^ clkbuf_2_0_0_clk_regs/A (BUFx24_ASAP7_75t_R)
   6.63    8.35   18.82  267.71 ^ clkbuf_2_0_0_clk_regs/Y (BUFx24_ASAP7_75t_R)
                                  clknet_2_0_0_clk_regs (net)
          11.59    2.85  270.56 ^ clkbuf_2_0_1_clk_regs/A (BUFx24_ASAP7_75t_R)
   7.83    8.59   18.52  289.08 ^ clkbuf_2_0_1_clk_regs/Y (BUFx24_ASAP7_75t_R)
                                  clknet_2_0_1_clk_regs (net)
          13.16    3.34  292.41 ^ clkbuf_3_0_0_clk_regs/A (BUFx24_ASAP7_75t_R)
   6.45    8.28   18.89  311.31 ^ clkbuf_3_0_0_clk_regs/Y (BUFx24_ASAP7_75t_R)
                                  clknet_3_0_0_clk_regs (net)
          11.70    2.92  314.23 ^ clkbuf_3_0_1_clk_regs/A (BUFx24_ASAP7_75t_R)
  12.24   10.81   19.30  333.53 ^ clkbuf_3_0_1_clk_regs/Y (BUFx24_ASAP7_75t_R)
                                  clknet_3_0_1_clk_regs (net)
          13.97    2.99  336.52 ^ clkbuf_4_0_0_clk_regs/A (BUFx24_ASAP7_75t_R)
   8.35    9.12   19.51  356.03 ^ clkbuf_4_0_0_clk_regs/Y (BUFx24_ASAP7_75t_R)
                                  clknet_4_0_0_clk_regs (net)
           9.86    1.20  357.23 ^ clkbuf_5_0_0_clk_regs/A (BUFx24_ASAP7_75t_R)
  66.17   34.67   22.78  380.01 ^ clkbuf_5_0_0_clk_regs/Y (BUFx24_ASAP7_75t_R)
                                  clknet_5_0_0_clk_regs (net)
          46.29    9.92  389.93 ^ clkbuf_leaf_381_clk_regs/A (BUFx24_ASAP7_75t_R)
  11.83   11.74   28.06  417.98 ^ clkbuf_leaf_381_clk_regs/Y (BUFx24_ASAP7_75t_R)
                                  clknet_leaf_381_clk_regs (net)
          12.18    1.13  419.11 ^ out_pix_data[107]$_DFFE_PN0P_/CLK (DFFASRHQNx1_ASAP7_75t_R)
   1.24   16.85   41.59  460.70 ^ out_pix_data[107]$_DFFE_PN0P_/QN (DFFASRHQNx1_ASAP7_75t_R)
                                  _000592_ (net)
          16.85    0.09  460.79 ^ _485769_/A (INVx1_ASAP7_75t_R)
   0.57    7.14    6.43  467.22 v _485769_/Y (INVx1_ASAP7_75t_R)
                                  net17493 (net)
           7.15    0.05  467.27 v output17926/A (BUFx2_ASAP7_75t_R)
  19.66   59.12   21.96  489.24 v output17926/Y (BUFx2_ASAP7_75t_R)
                                  out_pix_data[107] (net)
         120.80   35.84  525.08 v out_pix_data[107] (out)
                         525.08   data arrival time

           0.00    0.00    0.00   clock vclk_core_clock (rise edge)
                 800.00  800.00   clock network delay (ideal)
                   0.00  800.00   clock reconvergence pessimism
                -500.00  300.00   output external delay
                         300.00   data required time
-----------------------------------------------------------------------
                         300.00   data required time
                        -525.08   data arrival time
-----------------------------------------------------------------------
                         225.08   slack (MET)


Startpoint: out_pix_data[145]$_DFFE_PN0P_
            (rising edge-triggered flip-flop clocked by core_clock)
Endpoint: out_pix_data[145] (output port clocked by vclk_core_clock)
Path Group: vclk_core_clock
Path Type: min

    Cap    Slew   Delay    Time   Description
-----------------------------------------------------------------------
                   0.00    0.00   clock core_clock (rise edge)
                   0.00    0.00   clock source latency
  22.07    0.00    0.00    0.00 ^ clk (in)
                                  clk (net)
          69.54   21.94   21.94 ^ wire153793/A (BUFx24_ASAP7_75t_R)
  30.57   10.79   31.02   52.96 ^ wire153793/Y (BUFx24_ASAP7_75t_R)
                                  net153360 (net)
          96.67   29.44   82.40 ^ delaybuf_0_core_clock/A (BUFx24_ASAP7_75t_R)
   7.85   11.77   34.47  116.87 ^ delaybuf_0_core_clock/Y (BUFx24_ASAP7_75t_R)
                                  delaynet_0_core_clock (net)
          17.20    4.46  121.33 ^ delaybuf_1_core_clock/A (BUFx24_ASAP7_75t_R)
   7.39    8.46   20.11  141.44 ^ delaybuf_1_core_clock/Y (BUFx24_ASAP7_75t_R)
                                  delaynet_1_core_clock (net)
          13.98    3.74  145.17 ^ delaybuf_2_core_clock/A (BUFx24_ASAP7_75t_R)
   5.63    8.08   19.06  164.23 ^ delaybuf_2_core_clock/Y (BUFx24_ASAP7_75t_R)
                                  delaynet_2_core_clock (net)
          10.39    2.38  166.61 ^ clkbuf_regs_0_core_clock/A (BUFx24_ASAP7_75t_R)
   2.66    6.99   17.63  184.24 ^ clkbuf_regs_0_core_clock/Y (BUFx24_ASAP7_75t_R)
                                  clk_regs (net)
           7.05    0.57  184.82 ^ clkbuf_0_clk_regs/A (BUFx24_ASAP7_75t_R)
  12.16   10.76   17.87  202.68 ^ clkbuf_0_clk_regs/Y (BUFx24_ASAP7_75t_R)
                                  clknet_0_clk_regs (net)
          13.30    2.62  205.31 ^ clkbuf_1_0_0_clk_regs/A (BUFx24_ASAP7_75t_R)
   6.43    8.27   18.93  224.24 ^ clkbuf_1_0_0_clk_regs/Y (BUFx24_ASAP7_75t_R)
                                  clknet_1_0_0_clk_regs (net)
          11.68    2.91  227.16 ^ clkbuf_1_0_1_clk_regs/A (BUFx24_ASAP7_75t_R)
   8.46    8.88   18.67  245.83 ^ clkbuf_1_0_1_clk_regs/Y (BUFx24_ASAP7_75t_R)
                                  clknet_1_0_1_clk_regs (net)
          12.77    3.06  248.89 ^ clkbuf_2_0_0_clk_regs/A (BUFx24_ASAP7_75t_R)
   6.63    8.35   18.82  267.71 ^ clkbuf_2_0_0_clk_regs/Y (BUFx24_ASAP7_75t_R)
                                  clknet_2_0_0_clk_regs (net)
          11.59    2.85  270.56 ^ clkbuf_2_0_1_clk_regs/A (BUFx24_ASAP7_75t_R)
   7.83    8.59   18.52  289.08 ^ clkbuf_2_0_1_clk_regs/Y (BUFx24_ASAP7_75t_R)
                                  clknet_2_0_1_clk_regs (net)
          13.16    3.34  292.41 ^ clkbuf_3_0_0_clk_regs/A (BUFx24_ASAP7_75t_R)
   6.45    8.28   18.89  311.31 ^ clkbuf_3_0_0_clk_regs/Y (BUFx24_ASAP7_75t_R)
                                  clknet_3_0_0_clk_regs (net)
          11.70    2.92  314.23 ^ clkbuf_3_0_1_clk_regs/A (BUFx24_ASAP7_75t_R)
  12.24   10.81   19.30  333.53 ^ clkbuf_3_0_1_clk_regs/Y (BUFx24_ASAP7_75t_R)
                                  clknet_3_0_1_clk_regs (net)
          13.97    2.99  336.52 ^ clkbuf_4_0_0_clk_regs/A (BUFx24_ASAP7_75t_R)
   8.35    9.12   19.51  356.03 ^ clkbuf_4_0_0_clk_regs/Y (BUFx24_ASAP7_75t_R)
                                  clknet_4_0_0_clk_regs (net)
           9.86    1.20  357.23 ^ clkbuf_5_0_0_clk_regs/A (BUFx24_ASAP7_75t_R)
  66.17   34.67   22.78  380.01 ^ clkbuf_5_0_0_clk_regs/Y (BUFx24_ASAP7_75t_R)
                                  clknet_5_0_0_clk_regs (net)
          47.70   10.60  390.60 ^ clkbuf_leaf_402_clk_regs/A (BUFx24_ASAP7_75t_R)
   9.11   10.73   27.85  418.45 ^ clkbuf_leaf_402_clk_regs/Y (BUFx24_ASAP7_75t_R)
                                  clknet_leaf_402_clk_regs (net)
          10.84    0.58  419.04 ^ out_pix_data[145]$_DFFE_PN0P_/CLK (DFFASRHQNx1_ASAP7_75t_R)
   1.28   17.15   41.41  460.44 ^ out_pix_data[145]$_DFFE_PN0P_/QN (DFFASRHQNx1_ASAP7_75t_R)
                                  _000630_ (net)
          17.15    0.12  460.56 ^ _485807_/A (INVx1_ASAP7_75t_R)
   0.68    7.72    6.84  467.40 v _485807_/Y (INVx1_ASAP7_75t_R)
                                  net17535 (net)
           7.72    0.06  467.46 v output17968/A (BUFx2_ASAP7_75t_R)
  19.20   58.38   21.86  489.32 v output17968/Y (BUFx2_ASAP7_75t_R)
                                  out_pix_data[145] (net)
         119.13   35.83  525.15 v out_pix_data[145] (out)
                         525.15   data arrival time

           0.00    0.00    0.00   clock vclk_core_clock (rise edge)
                 800.00  800.00   clock network delay (ideal)
                   0.00  800.00   clock reconvergence pessimism
                -500.00  300.00   output external delay
                         300.00   data required time
-----------------------------------------------------------------------
                         300.00   data required time
                        -525.15   data arrival time
-----------------------------------------------------------------------
                         225.15   slack (MET)


Startpoint: m_addr[8]$_DFFE_PN0P_
            (rising edge-triggered flip-flop clocked by core_clock)
Endpoint: mem_addr[437] (output port clocked by vclk_mem)
Path Group: vclk_mem
Path Type: min

    Cap    Slew   Delay    Time   Description
-----------------------------------------------------------------------
                   0.00    0.00   clock core_clock (rise edge)
                   0.00    0.00   clock source latency
  22.07    0.00    0.00    0.00 ^ clk (in)
                                  clk (net)
          69.54   21.94   21.94 ^ wire153793/A (BUFx24_ASAP7_75t_R)
  30.57   10.79   31.02   52.96 ^ wire153793/Y (BUFx24_ASAP7_75t_R)
                                  net153360 (net)
          96.67   29.44   82.40 ^ delaybuf_0_core_clock/A (BUFx24_ASAP7_75t_R)
   7.85   11.77   34.47  116.87 ^ delaybuf_0_core_clock/Y (BUFx24_ASAP7_75t_R)
                                  delaynet_0_core_clock (net)
          17.20    4.46  121.33 ^ delaybuf_1_core_clock/A (BUFx24_ASAP7_75t_R)
   7.39    8.46   20.11  141.44 ^ delaybuf_1_core_clock/Y (BUFx24_ASAP7_75t_R)
                                  delaynet_1_core_clock (net)
          13.98    3.74  145.17 ^ delaybuf_2_core_clock/A (BUFx24_ASAP7_75t_R)
   5.63    8.08   19.06  164.23 ^ delaybuf_2_core_clock/Y (BUFx24_ASAP7_75t_R)
                                  delaynet_2_core_clock (net)
          10.39    2.38  166.61 ^ clkbuf_regs_0_core_clock/A (BUFx24_ASAP7_75t_R)
   2.66    6.99   17.63  184.24 ^ clkbuf_regs_0_core_clock/Y (BUFx24_ASAP7_75t_R)
                                  clk_regs (net)
           7.05    0.57  184.82 ^ clkbuf_0_clk_regs/A (BUFx24_ASAP7_75t_R)
  12.16   10.76   17.87  202.68 ^ clkbuf_0_clk_regs/Y (BUFx24_ASAP7_75t_R)
                                  clknet_0_clk_regs (net)
          14.27    3.19  205.87 ^ clkbuf_1_1_0_clk_regs/A (BUFx24_ASAP7_75t_R)
   8.76    8.80   19.37  225.24 ^ clkbuf_1_1_0_clk_regs/Y (BUFx24_ASAP7_75t_R)
                                  clknet_1_1_0_clk_regs (net)
          15.63    4.22  229.45 ^ clkbuf_1_1_1_clk_regs/A (BUFx24_ASAP7_75t_R)
   9.57    9.25   19.92  249.37 ^ clkbuf_1_1_1_clk_regs/Y (BUFx24_ASAP7_75t_R)
                                  clknet_1_1_1_clk_regs (net)
          14.24    3.53  252.90 ^ clkbuf_2_2_0_clk_regs/A (BUFx24_ASAP7_75t_R)
   9.08    8.83   19.37  272.27 ^ clkbuf_2_2_0_clk_regs/Y (BUFx24_ASAP7_75t_R)
                                  clknet_2_2_0_clk_regs (net)
          16.55    4.52  276.79 ^ clkbuf_2_2_1_clk_regs/A (BUFx24_ASAP7_75t_R)
   9.90    8.93   20.07  296.86 ^ clkbuf_2_2_1_clk_regs/Y (BUFx24_ASAP7_75t_R)
                                  clknet_2_2_1_clk_regs (net)
          18.01    4.94  301.81 ^ clkbuf_3_4_0_clk_regs/A (BUFx24_ASAP7_75t_R)
   8.13    8.74   20.45  322.25 ^ clkbuf_3_4_0_clk_regs/Y (BUFx24_ASAP7_75t_R)
                                  clknet_3_4_0_clk_regs (net)
          14.50    3.85  326.11 ^ clkbuf_3_4_1_clk_regs/A (BUFx24_ASAP7_75t_R)
  12.79   11.10   20.18  346.29 ^ clkbuf_3_4_1_clk_regs/Y (BUFx24_ASAP7_75t_R)
                                  clknet_3_4_1_clk_regs (net)
          14.00    2.87  349.16 ^ clkbuf_4_8_0_clk_regs/A (BUFx24_ASAP7_75t_R)
  10.92    9.84   19.73  368.89 ^ clkbuf_4_8_0_clk_regs/Y (BUFx24_ASAP7_75t_R)
                                  clknet_4_8_0_clk_regs (net)
          11.11    1.49  370.38 ^ clkbuf_5_16_0_clk_regs/A (BUFx24_ASAP7_75t_R)
  43.42   26.17   21.70  392.08 ^ clkbuf_5_16_0_clk_regs/Y (BUFx24_ASAP7_75t_R)
                                  clknet_5_16_0_clk_regs (net)
          38.37    9.31  401.39 ^ clkbuf_leaf_101_clk_regs/A (BUFx24_ASAP7_75t_R)
   9.57   10.54   26.26  427.64 ^ clkbuf_leaf_101_clk_regs/Y (BUFx24_ASAP7_75t_R)
                                  clknet_leaf_101_clk_regs (net)
          10.59    0.32  427.97 ^ m_addr[8]$_DFFE_PN0P_/CLK (DFFASRHQNx1_ASAP7_75t_R)
   0.57   12.03   37.86  465.82 ^ m_addr[8]$_DFFE_PN0P_/QN (DFFASRHQNx1_ASAP7_75t_R)
                                  _000199_ (net)
          12.03    0.05  465.87 ^ hold174969/A (BUFx2_ASAP7_75t_R)
   1.07    6.53   14.31  480.18 ^ hold174969/Y (BUFx2_ASAP7_75t_R)
                                  net174546 (net)
           6.53    0.09  480.27 ^ _485656_/A (INVx2_ASAP7_75t_R)
   4.92   14.78    8.49  488.75 v _485656_/Y (INVx2_ASAP7_75t_R)
                                  net9546 (net)
          14.93    0.84  489.59 v output9847/A (BUFx2_ASAP7_75t_R)
   0.35    4.58   14.89  504.48 v output9847/Y (BUFx2_ASAP7_75t_R)
                                  mem_addr[437] (net)
           4.58    0.04  504.51 v mem_addr[437] (out)
                         504.51   data arrival time

           0.00    0.00    0.00   clock vclk_mem (rise edge)
                 800.00  800.00   clock network delay (ideal)
                   0.00  800.00   clock reconvergence pessimism
                -500.00  300.00   output external delay
                         300.00   data required time
-----------------------------------------------------------------------
                         300.00   data required time
                        -504.51   data arrival time
-----------------------------------------------------------------------
                         204.51   slack (MET)


Startpoint: m_addr[8]$_DFFE_PN0P_
            (rising edge-triggered flip-flop clocked by core_clock)
Endpoint: mem_addr[404] (output port clocked by vclk_mem)
Path Group: vclk_mem
Path Type: min

    Cap    Slew   Delay    Time   Description
-----------------------------------------------------------------------
                   0.00    0.00   clock core_clock (rise edge)
                   0.00    0.00   clock source latency
  22.07    0.00    0.00    0.00 ^ clk (in)
                                  clk (net)
          69.54   21.94   21.94 ^ wire153793/A (BUFx24_ASAP7_75t_R)
  30.57   10.79   31.02   52.96 ^ wire153793/Y (BUFx24_ASAP7_75t_R)
                                  net153360 (net)
          96.67   29.44   82.40 ^ delaybuf_0_core_clock/A (BUFx24_ASAP7_75t_R)
   7.85   11.77   34.47  116.87 ^ delaybuf_0_core_clock/Y (BUFx24_ASAP7_75t_R)
                                  delaynet_0_core_clock (net)
          17.20    4.46  121.33 ^ delaybuf_1_core_clock/A (BUFx24_ASAP7_75t_R)
   7.39    8.46   20.11  141.44 ^ delaybuf_1_core_clock/Y (BUFx24_ASAP7_75t_R)
                                  delaynet_1_core_clock (net)
          13.98    3.74  145.17 ^ delaybuf_2_core_clock/A (BUFx24_ASAP7_75t_R)
   5.63    8.08   19.06  164.23 ^ delaybuf_2_core_clock/Y (BUFx24_ASAP7_75t_R)
                                  delaynet_2_core_clock (net)
          10.39    2.38  166.61 ^ clkbuf_regs_0_core_clock/A (BUFx24_ASAP7_75t_R)
   2.66    6.99   17.63  184.24 ^ clkbuf_regs_0_core_clock/Y (BUFx24_ASAP7_75t_R)
                                  clk_regs (net)
           7.05    0.57  184.82 ^ clkbuf_0_clk_regs/A (BUFx24_ASAP7_75t_R)
  12.16   10.76   17.87  202.68 ^ clkbuf_0_clk_regs/Y (BUFx24_ASAP7_75t_R)
                                  clknet_0_clk_regs (net)
          14.27    3.19  205.87 ^ clkbuf_1_1_0_clk_regs/A (BUFx24_ASAP7_75t_R)
   8.76    8.80   19.37  225.24 ^ clkbuf_1_1_0_clk_regs/Y (BUFx24_ASAP7_75t_R)
                                  clknet_1_1_0_clk_regs (net)
          15.63    4.22  229.45 ^ clkbuf_1_1_1_clk_regs/A (BUFx24_ASAP7_75t_R)
   9.57    9.25   19.92  249.37 ^ clkbuf_1_1_1_clk_regs/Y (BUFx24_ASAP7_75t_R)
                                  clknet_1_1_1_clk_regs (net)
          14.24    3.53  252.90 ^ clkbuf_2_2_0_clk_regs/A (BUFx24_ASAP7_75t_R)
   9.08    8.83   19.37  272.27 ^ clkbuf_2_2_0_clk_regs/Y (BUFx24_ASAP7_75t_R)
                                  clknet_2_2_0_clk_regs (net)
          16.55    4.52  276.79 ^ clkbuf_2_2_1_clk_regs/A (BUFx24_ASAP7_75t_R)
   9.90    8.93   20.07  296.86 ^ clkbuf_2_2_1_clk_regs/Y (BUFx24_ASAP7_75t_R)
                                  clknet_2_2_1_clk_regs (net)
          18.01    4.94  301.81 ^ clkbuf_3_4_0_clk_regs/A (BUFx24_ASAP7_75t_R)
   8.13    8.74   20.45  322.25 ^ clkbuf_3_4_0_clk_regs/Y (BUFx24_ASAP7_75t_R)
                                  clknet_3_4_0_clk_regs (net)
          14.50    3.85  326.11 ^ clkbuf_3_4_1_clk_regs/A (BUFx24_ASAP7_75t_R)
  12.79   11.10   20.18  346.29 ^ clkbuf_3_4_1_clk_regs/Y (BUFx24_ASAP7_75t_R)
                                  clknet_3_4_1_clk_regs (net)
          14.00    2.87  349.16 ^ clkbuf_4_8_0_clk_regs/A (BUFx24_ASAP7_75t_R)
  10.92    9.84   19.73  368.89 ^ clkbuf_4_8_0_clk_regs/Y (BUFx24_ASAP7_75t_R)
                                  clknet_4_8_0_clk_regs (net)
          11.11    1.49  370.38 ^ clkbuf_5_16_0_clk_regs/A (BUFx24_ASAP7_75t_R)
  43.42   26.17   21.70  392.08 ^ clkbuf_5_16_0_clk_regs/Y (BUFx24_ASAP7_75t_R)
                                  clknet_5_16_0_clk_regs (net)
          38.37    9.31  401.39 ^ clkbuf_leaf_101_clk_regs/A (BUFx24_ASAP7_75t_R)
   9.57   10.54   26.26  427.64 ^ clkbuf_leaf_101_clk_regs/Y (BUFx24_ASAP7_75t_R)
                                  clknet_leaf_101_clk_regs (net)
          10.59    0.32  427.97 ^ m_addr[8]$_DFFE_PN0P_/CLK (DFFASRHQNx1_ASAP7_75t_R)
   0.57   12.03   37.86  465.82 ^ m_addr[8]$_DFFE_PN0P_/QN (DFFASRHQNx1_ASAP7_75t_R)
                                  _000199_ (net)
          12.03    0.05  465.87 ^ hold174969/A (BUFx2_ASAP7_75t_R)
   1.07    6.53   14.31  480.18 ^ hold174969/Y (BUFx2_ASAP7_75t_R)
                                  net174546 (net)
           6.53    0.09  480.27 ^ _485656_/A (INVx2_ASAP7_75t_R)
   4.92   14.78    8.49  488.75 v _485656_/Y (INVx2_ASAP7_75t_R)
                                  net9546 (net)
          14.93    0.86  489.62 v output9818/A (BUFx2_ASAP7_75t_R)
   0.39    4.67   14.96  504.57 v output9818/Y (BUFx2_ASAP7_75t_R)
                                  mem_addr[404] (net)
           4.67    0.03  504.61 v mem_addr[404] (out)
                         504.61   data arrival time

           0.00    0.00    0.00   clock vclk_mem (rise edge)
                 800.00  800.00   clock network delay (ideal)
                   0.00  800.00   clock reconvergence pessimism
                -500.00  300.00   output external delay
                         300.00   data required time
-----------------------------------------------------------------------
                         300.00   data required time
                        -504.61   data arrival time
-----------------------------------------------------------------------
                         204.61   slack (MET)


Startpoint: m_addr[6]$_DFFE_PN0P_
            (rising edge-triggered flip-flop clocked by core_clock)
Endpoint: mem_addr[358] (output port clocked by vclk_mem)
Path Group: vclk_mem
Path Type: min

    Cap    Slew   Delay    Time   Description
-----------------------------------------------------------------------
                   0.00    0.00   clock core_clock (rise edge)
                   0.00    0.00   clock source latency
  22.07    0.00    0.00    0.00 ^ clk (in)
                                  clk (net)
          69.54   21.94   21.94 ^ wire153793/A (BUFx24_ASAP7_75t_R)
  30.57   10.79   31.02   52.96 ^ wire153793/Y (BUFx24_ASAP7_75t_R)
                                  net153360 (net)
          96.67   29.44   82.40 ^ delaybuf_0_core_clock/A (BUFx24_ASAP7_75t_R)
   7.85   11.77   34.47  116.87 ^ delaybuf_0_core_clock/Y (BUFx24_ASAP7_75t_R)
                                  delaynet_0_core_clock (net)
          17.20    4.46  121.33 ^ delaybuf_1_core_clock/A (BUFx24_ASAP7_75t_R)
   7.39    8.46   20.11  141.44 ^ delaybuf_1_core_clock/Y (BUFx24_ASAP7_75t_R)
                                  delaynet_1_core_clock (net)
          13.98    3.74  145.17 ^ delaybuf_2_core_clock/A (BUFx24_ASAP7_75t_R)
   5.63    8.08   19.06  164.23 ^ delaybuf_2_core_clock/Y (BUFx24_ASAP7_75t_R)
                                  delaynet_2_core_clock (net)
          10.39    2.38  166.61 ^ clkbuf_regs_0_core_clock/A (BUFx24_ASAP7_75t_R)
   2.66    6.99   17.63  184.24 ^ clkbuf_regs_0_core_clock/Y (BUFx24_ASAP7_75t_R)
                                  clk_regs (net)
           7.05    0.57  184.82 ^ clkbuf_0_clk_regs/A (BUFx24_ASAP7_75t_R)
  12.16   10.76   17.87  202.68 ^ clkbuf_0_clk_regs/Y (BUFx24_ASAP7_75t_R)
                                  clknet_0_clk_regs (net)
          14.27    3.19  205.87 ^ clkbuf_1_1_0_clk_regs/A (BUFx24_ASAP7_75t_R)
   8.76    8.80   19.37  225.24 ^ clkbuf_1_1_0_clk_regs/Y (BUFx24_ASAP7_75t_R)
                                  clknet_1_1_0_clk_regs (net)
          15.63    4.22  229.45 ^ clkbuf_1_1_1_clk_regs/A (BUFx24_ASAP7_75t_R)
   9.57    9.25   19.92  249.37 ^ clkbuf_1_1_1_clk_regs/Y (BUFx24_ASAP7_75t_R)
                                  clknet_1_1_1_clk_regs (net)
          14.24    3.53  252.90 ^ clkbuf_2_2_0_clk_regs/A (BUFx24_ASAP7_75t_R)
   9.08    8.83   19.37  272.27 ^ clkbuf_2_2_0_clk_regs/Y (BUFx24_ASAP7_75t_R)
                                  clknet_2_2_0_clk_regs (net)
          16.55    4.52  276.79 ^ clkbuf_2_2_1_clk_regs/A (BUFx24_ASAP7_75t_R)
   9.90    8.93   20.07  296.86 ^ clkbuf_2_2_1_clk_regs/Y (BUFx24_ASAP7_75t_R)
                                  clknet_2_2_1_clk_regs (net)
          18.01    4.94  301.81 ^ clkbuf_3_4_0_clk_regs/A (BUFx24_ASAP7_75t_R)
   8.13    8.74   20.45  322.25 ^ clkbuf_3_4_0_clk_regs/Y (BUFx24_ASAP7_75t_R)
                                  clknet_3_4_0_clk_regs (net)
          14.50    3.85  326.11 ^ clkbuf_3_4_1_clk_regs/A (BUFx24_ASAP7_75t_R)
  12.79   11.10   20.18  346.29 ^ clkbuf_3_4_1_clk_regs/Y (BUFx24_ASAP7_75t_R)
                                  clknet_3_4_1_clk_regs (net)
          14.00    2.87  349.16 ^ clkbuf_4_8_0_clk_regs/A (BUFx24_ASAP7_75t_R)
  10.92    9.84   19.73  368.89 ^ clkbuf_4_8_0_clk_regs/Y (BUFx24_ASAP7_75t_R)
                                  clknet_4_8_0_clk_regs (net)
          11.11    1.49  370.38 ^ clkbuf_5_16_0_clk_regs/A (BUFx24_ASAP7_75t_R)
  43.42   26.17   21.70  392.08 ^ clkbuf_5_16_0_clk_regs/Y (BUFx24_ASAP7_75t_R)
                                  clknet_5_16_0_clk_regs (net)
          38.81    9.51  401.59 ^ clkbuf_leaf_100_clk_regs/A (BUFx24_ASAP7_75t_R)
  10.87   11.04   26.40  427.99 ^ clkbuf_leaf_100_clk_regs/Y (BUFx24_ASAP7_75t_R)
                                  clknet_leaf_100_clk_regs (net)
          12.22    1.76  429.75 ^ m_addr[6]$_DFFE_PN0P_/CLK (DFFASRHQNx1_ASAP7_75t_R)
   1.13   16.06   41.04  470.79 ^ m_addr[6]$_DFFE_PN0P_/QN (DFFASRHQNx1_ASAP7_75t_R)
                                  _003988_ (net)
          16.06    0.11  470.90 ^ _487350_/A (INVx2_ASAP7_75t_R)
   8.42   25.85   14.88  485.77 v _487350_/Y (INVx2_ASAP7_75t_R)
                                  net9544 (net)
          25.97    1.05  486.82 v output9774/A (BUFx2_ASAP7_75t_R)
   0.31    5.00   17.81  504.63 v output9774/Y (BUFx2_ASAP7_75t_R)
                                  mem_addr[358] (net)
           5.00    0.02  504.65 v mem_addr[358] (out)
                         504.65   data arrival time

           0.00    0.00    0.00   clock vclk_mem (rise edge)
                 800.00  800.00   clock network delay (ideal)
                   0.00  800.00   clock reconvergence pessimism
                -500.00  300.00   output external delay
                         300.00   data required time
-----------------------------------------------------------------------
                         300.00   data required time
                        -504.65   data arrival time
-----------------------------------------------------------------------
                         204.65   slack (MET)


Startpoint: m_addr[6]$_DFFE_PN0P_
            (rising edge-triggered flip-flop clocked by core_clock)
Endpoint: mem_addr[468] (output port clocked by vclk_mem)
Path Group: vclk_mem
Path Type: min

    Cap    Slew   Delay    Time   Description
-----------------------------------------------------------------------
                   0.00    0.00   clock core_clock (rise edge)
                   0.00    0.00   clock source latency
  22.07    0.00    0.00    0.00 ^ clk (in)
                                  clk (net)
          69.54   21.94   21.94 ^ wire153793/A (BUFx24_ASAP7_75t_R)
  30.57   10.79   31.02   52.96 ^ wire153793/Y (BUFx24_ASAP7_75t_R)
                                  net153360 (net)
          96.67   29.44   82.40 ^ delaybuf_0_core_clock/A (BUFx24_ASAP7_75t_R)
   7.85   11.77   34.47  116.87 ^ delaybuf_0_core_clock/Y (BUFx24_ASAP7_75t_R)
                                  delaynet_0_core_clock (net)
          17.20    4.46  121.33 ^ delaybuf_1_core_clock/A (BUFx24_ASAP7_75t_R)
   7.39    8.46   20.11  141.44 ^ delaybuf_1_core_clock/Y (BUFx24_ASAP7_75t_R)
                                  delaynet_1_core_clock (net)
          13.98    3.74  145.17 ^ delaybuf_2_core_clock/A (BUFx24_ASAP7_75t_R)
   5.63    8.08   19.06  164.23 ^ delaybuf_2_core_clock/Y (BUFx24_ASAP7_75t_R)
                                  delaynet_2_core_clock (net)
          10.39    2.38  166.61 ^ clkbuf_regs_0_core_clock/A (BUFx24_ASAP7_75t_R)
   2.66    6.99   17.63  184.24 ^ clkbuf_regs_0_core_clock/Y (BUFx24_ASAP7_75t_R)
                                  clk_regs (net)
           7.05    0.57  184.82 ^ clkbuf_0_clk_regs/A (BUFx24_ASAP7_75t_R)
  12.16   10.76   17.87  202.68 ^ clkbuf_0_clk_regs/Y (BUFx24_ASAP7_75t_R)
                                  clknet_0_clk_regs (net)
          14.27    3.19  205.87 ^ clkbuf_1_1_0_clk_regs/A (BUFx24_ASAP7_75t_R)
   8.76    8.80   19.37  225.24 ^ clkbuf_1_1_0_clk_regs/Y (BUFx24_ASAP7_75t_R)
                                  clknet_1_1_0_clk_regs (net)
          15.63    4.22  229.45 ^ clkbuf_1_1_1_clk_regs/A (BUFx24_ASAP7_75t_R)
   9.57    9.25   19.92  249.37 ^ clkbuf_1_1_1_clk_regs/Y (BUFx24_ASAP7_75t_R)
                                  clknet_1_1_1_clk_regs (net)
          14.24    3.53  252.90 ^ clkbuf_2_2_0_clk_regs/A (BUFx24_ASAP7_75t_R)
   9.08    8.83   19.37  272.27 ^ clkbuf_2_2_0_clk_regs/Y (BUFx24_ASAP7_75t_R)
                                  clknet_2_2_0_clk_regs (net)
          16.55    4.52  276.79 ^ clkbuf_2_2_1_clk_regs/A (BUFx24_ASAP7_75t_R)
   9.90    8.93   20.07  296.86 ^ clkbuf_2_2_1_clk_regs/Y (BUFx24_ASAP7_75t_R)
                                  clknet_2_2_1_clk_regs (net)
          18.01    4.94  301.81 ^ clkbuf_3_4_0_clk_regs/A (BUFx24_ASAP7_75t_R)
   8.13    8.74   20.45  322.25 ^ clkbuf_3_4_0_clk_regs/Y (BUFx24_ASAP7_75t_R)
                                  clknet_3_4_0_clk_regs (net)
          14.50    3.85  326.11 ^ clkbuf_3_4_1_clk_regs/A (BUFx24_ASAP7_75t_R)
  12.79   11.10   20.18  346.29 ^ clkbuf_3_4_1_clk_regs/Y (BUFx24_ASAP7_75t_R)
                                  clknet_3_4_1_clk_regs (net)
          14.00    2.87  349.16 ^ clkbuf_4_8_0_clk_regs/A (BUFx24_ASAP7_75t_R)
  10.92    9.84   19.73  368.89 ^ clkbuf_4_8_0_clk_regs/Y (BUFx24_ASAP7_75t_R)
                                  clknet_4_8_0_clk_regs (net)
          11.11    1.49  370.38 ^ clkbuf_5_16_0_clk_regs/A (BUFx24_ASAP7_75t_R)
  43.42   26.17   21.70  392.08 ^ clkbuf_5_16_0_clk_regs/Y (BUFx24_ASAP7_75t_R)
                                  clknet_5_16_0_clk_regs (net)
          38.81    9.51  401.59 ^ clkbuf_leaf_100_clk_regs/A (BUFx24_ASAP7_75t_R)
  10.87   11.04   26.40  427.99 ^ clkbuf_leaf_100_clk_regs/Y (BUFx24_ASAP7_75t_R)
                                  clknet_leaf_100_clk_regs (net)
          12.22    1.76  429.75 ^ m_addr[6]$_DFFE_PN0P_/CLK (DFFASRHQNx1_ASAP7_75t_R)
   1.13   16.06   41.04  470.79 ^ m_addr[6]$_DFFE_PN0P_/QN (DFFASRHQNx1_ASAP7_75t_R)
                                  _003988_ (net)
          16.06    0.11  470.90 ^ _487350_/A (INVx2_ASAP7_75t_R)
   8.42   25.85   14.88  485.77 v _487350_/Y (INVx2_ASAP7_75t_R)
                                  net9544 (net)
          25.97    1.04  486.81 v output9874/A (BUFx2_ASAP7_75t_R)
   0.36    5.11   17.88  504.70 v output9874/Y (BUFx2_ASAP7_75t_R)
                                  mem_addr[468] (net)
           5.11    0.04  504.74 v mem_addr[468] (out)
                         504.74   data arrival time

           0.00    0.00    0.00   clock vclk_mem (rise edge)
                 800.00  800.00   clock network delay (ideal)
                   0.00  800.00   clock reconvergence pessimism
                -500.00  300.00   output external delay
                         300.00   data required time
-----------------------------------------------------------------------
                         300.00   data required time
                        -504.74   data arrival time
-----------------------------------------------------------------------
                         204.74   slack (MET)


Startpoint: m_addr[8]$_DFFE_PN0P_
            (rising edge-triggered flip-flop clocked by core_clock)
Endpoint: mem_addr[426] (output port clocked by vclk_mem)
Path Group: vclk_mem
Path Type: min

    Cap    Slew   Delay    Time   Description
-----------------------------------------------------------------------
                   0.00    0.00   clock core_clock (rise edge)
                   0.00    0.00   clock source latency
  22.07    0.00    0.00    0.00 ^ clk (in)
                                  clk (net)
          69.54   21.94   21.94 ^ wire153793/A (BUFx24_ASAP7_75t_R)
  30.57   10.79   31.02   52.96 ^ wire153793/Y (BUFx24_ASAP7_75t_R)
                                  net153360 (net)
          96.67   29.44   82.40 ^ delaybuf_0_core_clock/A (BUFx24_ASAP7_75t_R)
   7.85   11.77   34.47  116.87 ^ delaybuf_0_core_clock/Y (BUFx24_ASAP7_75t_R)
                                  delaynet_0_core_clock (net)
          17.20    4.46  121.33 ^ delaybuf_1_core_clock/A (BUFx24_ASAP7_75t_R)
   7.39    8.46   20.11  141.44 ^ delaybuf_1_core_clock/Y (BUFx24_ASAP7_75t_R)
                                  delaynet_1_core_clock (net)
          13.98    3.74  145.17 ^ delaybuf_2_core_clock/A (BUFx24_ASAP7_75t_R)
   5.63    8.08   19.06  164.23 ^ delaybuf_2_core_clock/Y (BUFx24_ASAP7_75t_R)
                                  delaynet_2_core_clock (net)
          10.39    2.38  166.61 ^ clkbuf_regs_0_core_clock/A (BUFx24_ASAP7_75t_R)
   2.66    6.99   17.63  184.24 ^ clkbuf_regs_0_core_clock/Y (BUFx24_ASAP7_75t_R)
                                  clk_regs (net)
           7.05    0.57  184.82 ^ clkbuf_0_clk_regs/A (BUFx24_ASAP7_75t_R)
  12.16   10.76   17.87  202.68 ^ clkbuf_0_clk_regs/Y (BUFx24_ASAP7_75t_R)
                                  clknet_0_clk_regs (net)
          14.27    3.19  205.87 ^ clkbuf_1_1_0_clk_regs/A (BUFx24_ASAP7_75t_R)
   8.76    8.80   19.37  225.24 ^ clkbuf_1_1_0_clk_regs/Y (BUFx24_ASAP7_75t_R)
                                  clknet_1_1_0_clk_regs (net)
          15.63    4.22  229.45 ^ clkbuf_1_1_1_clk_regs/A (BUFx24_ASAP7_75t_R)
   9.57    9.25   19.92  249.37 ^ clkbuf_1_1_1_clk_regs/Y (BUFx24_ASAP7_75t_R)
                                  clknet_1_1_1_clk_regs (net)
          14.24    3.53  252.90 ^ clkbuf_2_2_0_clk_regs/A (BUFx24_ASAP7_75t_R)
   9.08    8.83   19.37  272.27 ^ clkbuf_2_2_0_clk_regs/Y (BUFx24_ASAP7_75t_R)
                                  clknet_2_2_0_clk_regs (net)
          16.55    4.52  276.79 ^ clkbuf_2_2_1_clk_regs/A (BUFx24_ASAP7_75t_R)
   9.90    8.93   20.07  296.86 ^ clkbuf_2_2_1_clk_regs/Y (BUFx24_ASAP7_75t_R)
                                  clknet_2_2_1_clk_regs (net)
          18.01    4.94  301.81 ^ clkbuf_3_4_0_clk_regs/A (BUFx24_ASAP7_75t_R)
   8.13    8.74   20.45  322.25 ^ clkbuf_3_4_0_clk_regs/Y (BUFx24_ASAP7_75t_R)
                                  clknet_3_4_0_clk_regs (net)
          14.50    3.85  326.11 ^ clkbuf_3_4_1_clk_regs/A (BUFx24_ASAP7_75t_R)
  12.79   11.10   20.18  346.29 ^ clkbuf_3_4_1_clk_regs/Y (BUFx24_ASAP7_75t_R)
                                  clknet_3_4_1_clk_regs (net)
          14.00    2.87  349.16 ^ clkbuf_4_8_0_clk_regs/A (BUFx24_ASAP7_75t_R)
  10.92    9.84   19.73  368.89 ^ clkbuf_4_8_0_clk_regs/Y (BUFx24_ASAP7_75t_R)
                                  clknet_4_8_0_clk_regs (net)
          11.11    1.49  370.38 ^ clkbuf_5_16_0_clk_regs/A (BUFx24_ASAP7_75t_R)
  43.42   26.17   21.70  392.08 ^ clkbuf_5_16_0_clk_regs/Y (BUFx24_ASAP7_75t_R)
                                  clknet_5_16_0_clk_regs (net)
          38.37    9.31  401.39 ^ clkbuf_leaf_101_clk_regs/A (BUFx24_ASAP7_75t_R)
   9.57   10.54   26.26  427.64 ^ clkbuf_leaf_101_clk_regs/Y (BUFx24_ASAP7_75t_R)
                                  clknet_leaf_101_clk_regs (net)
          10.59    0.32  427.97 ^ m_addr[8]$_DFFE_PN0P_/CLK (DFFASRHQNx1_ASAP7_75t_R)
   0.57   12.03   37.86  465.82 ^ m_addr[8]$_DFFE_PN0P_/QN (DFFASRHQNx1_ASAP7_75t_R)
                                  _000199_ (net)
          12.03    0.05  465.87 ^ hold174969/A (BUFx2_ASAP7_75t_R)
   1.07    6.53   14.31  480.18 ^ hold174969/Y (BUFx2_ASAP7_75t_R)
                                  net174546 (net)
           6.53    0.09  480.27 ^ _485656_/A (INVx2_ASAP7_75t_R)
   4.92   14.78    8.49  488.75 v _485656_/Y (INVx2_ASAP7_75t_R)
                                  net9546 (net)
          15.08    1.16  489.92 v output9838/A (BUFx2_ASAP7_75t_R)
   0.30    4.48   14.86  504.78 v output9838/Y (BUFx2_ASAP7_75t_R)
                                  mem_addr[426] (net)
           4.48    0.02  504.80 v mem_addr[426] (out)
                         504.80   data arrival time

           0.00    0.00    0.00   clock vclk_mem (rise edge)
                 800.00  800.00   clock network delay (ideal)
                   0.00  800.00   clock reconvergence pessimism
                -500.00  300.00   output external delay
                         300.00   data required time
-----------------------------------------------------------------------
                         300.00   data required time
                        -504.80   data arrival time
-----------------------------------------------------------------------
                         204.80   slack (MET)


Startpoint: m_addr[6]$_DFFE_PN0P_
            (rising edge-triggered flip-flop clocked by core_clock)
Endpoint: mem_addr[39] (output port clocked by vclk_mem)
Path Group: vclk_mem
Path Type: min

    Cap    Slew   Delay    Time   Description
-----------------------------------------------------------------------
                   0.00    0.00   clock core_clock (rise edge)
                   0.00    0.00   clock source latency
  22.07    0.00    0.00    0.00 ^ clk (in)
                                  clk (net)
          69.54   21.94   21.94 ^ wire153793/A (BUFx24_ASAP7_75t_R)
  30.57   10.79   31.02   52.96 ^ wire153793/Y (BUFx24_ASAP7_75t_R)
                                  net153360 (net)
          96.67   29.44   82.40 ^ delaybuf_0_core_clock/A (BUFx24_ASAP7_75t_R)
   7.85   11.77   34.47  116.87 ^ delaybuf_0_core_clock/Y (BUFx24_ASAP7_75t_R)
                                  delaynet_0_core_clock (net)
          17.20    4.46  121.33 ^ delaybuf_1_core_clock/A (BUFx24_ASAP7_75t_R)
   7.39    8.46   20.11  141.44 ^ delaybuf_1_core_clock/Y (BUFx24_ASAP7_75t_R)
                                  delaynet_1_core_clock (net)
          13.98    3.74  145.17 ^ delaybuf_2_core_clock/A (BUFx24_ASAP7_75t_R)
   5.63    8.08   19.06  164.23 ^ delaybuf_2_core_clock/Y (BUFx24_ASAP7_75t_R)
                                  delaynet_2_core_clock (net)
          10.39    2.38  166.61 ^ clkbuf_regs_0_core_clock/A (BUFx24_ASAP7_75t_R)
   2.66    6.99   17.63  184.24 ^ clkbuf_regs_0_core_clock/Y (BUFx24_ASAP7_75t_R)
                                  clk_regs (net)
           7.05    0.57  184.82 ^ clkbuf_0_clk_regs/A (BUFx24_ASAP7_75t_R)
  12.16   10.76   17.87  202.68 ^ clkbuf_0_clk_regs/Y (BUFx24_ASAP7_75t_R)
                                  clknet_0_clk_regs (net)
          14.27    3.19  205.87 ^ clkbuf_1_1_0_clk_regs/A (BUFx24_ASAP7_75t_R)
   8.76    8.80   19.37  225.24 ^ clkbuf_1_1_0_clk_regs/Y (BUFx24_ASAP7_75t_R)
                                  clknet_1_1_0_clk_regs (net)
          15.63    4.22  229.45 ^ clkbuf_1_1_1_clk_regs/A (BUFx24_ASAP7_75t_R)
   9.57    9.25   19.92  249.37 ^ clkbuf_1_1_1_clk_regs/Y (BUFx24_ASAP7_75t_R)
                                  clknet_1_1_1_clk_regs (net)
          14.24    3.53  252.90 ^ clkbuf_2_2_0_clk_regs/A (BUFx24_ASAP7_75t_R)
   9.08    8.83   19.37  272.27 ^ clkbuf_2_2_0_clk_regs/Y (BUFx24_ASAP7_75t_R)
                                  clknet_2_2_0_clk_regs (net)
          16.55    4.52  276.79 ^ clkbuf_2_2_1_clk_regs/A (BUFx24_ASAP7_75t_R)
   9.90    8.93   20.07  296.86 ^ clkbuf_2_2_1_clk_regs/Y (BUFx24_ASAP7_75t_R)
                                  clknet_2_2_1_clk_regs (net)
          18.01    4.94  301.81 ^ clkbuf_3_4_0_clk_regs/A (BUFx24_ASAP7_75t_R)
   8.13    8.74   20.45  322.25 ^ clkbuf_3_4_0_clk_regs/Y (BUFx24_ASAP7_75t_R)
                                  clknet_3_4_0_clk_regs (net)
          14.50    3.85  326.11 ^ clkbuf_3_4_1_clk_regs/A (BUFx24_ASAP7_75t_R)
  12.79   11.10   20.18  346.29 ^ clkbuf_3_4_1_clk_regs/Y (BUFx24_ASAP7_75t_R)
                                  clknet_3_4_1_clk_regs (net)
          14.00    2.87  349.16 ^ clkbuf_4_8_0_clk_regs/A (BUFx24_ASAP7_75t_R)
  10.92    9.84   19.73  368.89 ^ clkbuf_4_8_0_clk_regs/Y (BUFx24_ASAP7_75t_R)
                                  clknet_4_8_0_clk_regs (net)
          11.11    1.49  370.38 ^ clkbuf_5_16_0_clk_regs/A (BUFx24_ASAP7_75t_R)
  43.42   26.17   21.70  392.08 ^ clkbuf_5_16_0_clk_regs/Y (BUFx24_ASAP7_75t_R)
                                  clknet_5_16_0_clk_regs (net)
          38.81    9.51  401.59 ^ clkbuf_leaf_100_clk_regs/A (BUFx24_ASAP7_75t_R)
  10.87   11.04   26.40  427.99 ^ clkbuf_leaf_100_clk_regs/Y (BUFx24_ASAP7_75t_R)
                                  clknet_leaf_100_clk_regs (net)
          12.22    1.76  429.75 ^ m_addr[6]$_DFFE_PN0P_/CLK (DFFASRHQNx1_ASAP7_75t_R)
   1.13   16.06   41.04  470.79 ^ m_addr[6]$_DFFE_PN0P_/QN (DFFASRHQNx1_ASAP7_75t_R)
                                  _003988_ (net)
          16.06    0.11  470.90 ^ _487350_/A (INVx2_ASAP7_75t_R)
   8.42   25.85   14.88  485.77 v _487350_/Y (INVx2_ASAP7_75t_R)
                                  net9544 (net)
          25.97    1.07  486.84 v output9812/A (BUFx2_ASAP7_75t_R)
   0.39    5.17   17.93  504.77 v output9812/Y (BUFx2_ASAP7_75t_R)
                                  mem_addr[39] (net)
           5.17    0.04  504.82 v mem_addr[39] (out)
                         504.82   data arrival time

           0.00    0.00    0.00   clock vclk_mem (rise edge)
                 800.00  800.00   clock network delay (ideal)
                   0.00  800.00   clock reconvergence pessimism
                -500.00  300.00   output external delay
                         300.00   data required time
-----------------------------------------------------------------------
                         300.00   data required time
                        -504.82   data arrival time
-----------------------------------------------------------------------
                         204.82   slack (MET)


Startpoint: m_addr[8]$_DFFE_PN0P_
            (rising edge-triggered flip-flop clocked by core_clock)
Endpoint: mem_addr[349] (output port clocked by vclk_mem)
Path Group: vclk_mem
Path Type: min

    Cap    Slew   Delay    Time   Description
-----------------------------------------------------------------------
                   0.00    0.00   clock core_clock (rise edge)
                   0.00    0.00   clock source latency
  22.07    0.00    0.00    0.00 ^ clk (in)
                                  clk (net)
          69.54   21.94   21.94 ^ wire153793/A (BUFx24_ASAP7_75t_R)
  30.57   10.79   31.02   52.96 ^ wire153793/Y (BUFx24_ASAP7_75t_R)
                                  net153360 (net)
          96.67   29.44   82.40 ^ delaybuf_0_core_clock/A (BUFx24_ASAP7_75t_R)
   7.85   11.77   34.47  116.87 ^ delaybuf_0_core_clock/Y (BUFx24_ASAP7_75t_R)
                                  delaynet_0_core_clock (net)
          17.20    4.46  121.33 ^ delaybuf_1_core_clock/A (BUFx24_ASAP7_75t_R)
   7.39    8.46   20.11  141.44 ^ delaybuf_1_core_clock/Y (BUFx24_ASAP7_75t_R)
                                  delaynet_1_core_clock (net)
          13.98    3.74  145.17 ^ delaybuf_2_core_clock/A (BUFx24_ASAP7_75t_R)
   5.63    8.08   19.06  164.23 ^ delaybuf_2_core_clock/Y (BUFx24_ASAP7_75t_R)
                                  delaynet_2_core_clock (net)
          10.39    2.38  166.61 ^ clkbuf_regs_0_core_clock/A (BUFx24_ASAP7_75t_R)
   2.66    6.99   17.63  184.24 ^ clkbuf_regs_0_core_clock/Y (BUFx24_ASAP7_75t_R)
                                  clk_regs (net)
           7.05    0.57  184.82 ^ clkbuf_0_clk_regs/A (BUFx24_ASAP7_75t_R)
  12.16   10.76   17.87  202.68 ^ clkbuf_0_clk_regs/Y (BUFx24_ASAP7_75t_R)
                                  clknet_0_clk_regs (net)
          14.27    3.19  205.87 ^ clkbuf_1_1_0_clk_regs/A (BUFx24_ASAP7_75t_R)
   8.76    8.80   19.37  225.24 ^ clkbuf_1_1_0_clk_regs/Y (BUFx24_ASAP7_75t_R)
                                  clknet_1_1_0_clk_regs (net)
          15.63    4.22  229.45 ^ clkbuf_1_1_1_clk_regs/A (BUFx24_ASAP7_75t_R)
   9.57    9.25   19.92  249.37 ^ clkbuf_1_1_1_clk_regs/Y (BUFx24_ASAP7_75t_R)
                                  clknet_1_1_1_clk_regs (net)
          14.24    3.53  252.90 ^ clkbuf_2_2_0_clk_regs/A (BUFx24_ASAP7_75t_R)
   9.08    8.83   19.37  272.27 ^ clkbuf_2_2_0_clk_regs/Y (BUFx24_ASAP7_75t_R)
                                  clknet_2_2_0_clk_regs (net)
          16.55    4.52  276.79 ^ clkbuf_2_2_1_clk_regs/A (BUFx24_ASAP7_75t_R)
   9.90    8.93   20.07  296.86 ^ clkbuf_2_2_1_clk_regs/Y (BUFx24_ASAP7_75t_R)
                                  clknet_2_2_1_clk_regs (net)
          18.01    4.94  301.81 ^ clkbuf_3_4_0_clk_regs/A (BUFx24_ASAP7_75t_R)
   8.13    8.74   20.45  322.25 ^ clkbuf_3_4_0_clk_regs/Y (BUFx24_ASAP7_75t_R)
                                  clknet_3_4_0_clk_regs (net)
          14.50    3.85  326.11 ^ clkbuf_3_4_1_clk_regs/A (BUFx24_ASAP7_75t_R)
  12.79   11.10   20.18  346.29 ^ clkbuf_3_4_1_clk_regs/Y (BUFx24_ASAP7_75t_R)
                                  clknet_3_4_1_clk_regs (net)
          14.00    2.87  349.16 ^ clkbuf_4_8_0_clk_regs/A (BUFx24_ASAP7_75t_R)
  10.92    9.84   19.73  368.89 ^ clkbuf_4_8_0_clk_regs/Y (BUFx24_ASAP7_75t_R)
                                  clknet_4_8_0_clk_regs (net)
          11.11    1.49  370.38 ^ clkbuf_5_16_0_clk_regs/A (BUFx24_ASAP7_75t_R)
  43.42   26.17   21.70  392.08 ^ clkbuf_5_16_0_clk_regs/Y (BUFx24_ASAP7_75t_R)
                                  clknet_5_16_0_clk_regs (net)
          38.37    9.31  401.39 ^ clkbuf_leaf_101_clk_regs/A (BUFx24_ASAP7_75t_R)
   9.57   10.54   26.26  427.64 ^ clkbuf_leaf_101_clk_regs/Y (BUFx24_ASAP7_75t_R)
                                  clknet_leaf_101_clk_regs (net)
          10.59    0.32  427.97 ^ m_addr[8]$_DFFE_PN0P_/CLK (DFFASRHQNx1_ASAP7_75t_R)
   0.57   12.03   37.86  465.82 ^ m_addr[8]$_DFFE_PN0P_/QN (DFFASRHQNx1_ASAP7_75t_R)
                                  _000199_ (net)
          12.03    0.05  465.87 ^ hold174969/A (BUFx2_ASAP7_75t_R)
   1.07    6.53   14.31  480.18 ^ hold174969/Y (BUFx2_ASAP7_75t_R)
                                  net174546 (net)
           6.53    0.09  480.27 ^ _485656_/A (INVx2_ASAP7_75t_R)
   4.92   14.78    8.49  488.75 v _485656_/Y (INVx2_ASAP7_75t_R)
                                  net9546 (net)
          15.07    1.14  489.89 v output9766/A (BUFx2_ASAP7_75t_R)
   0.35    4.59   14.93  504.83 v output9766/Y (BUFx2_ASAP7_75t_R)
                                  mem_addr[349] (net)
           4.59    0.03  504.85 v mem_addr[349] (out)
                         504.85   data arrival time

           0.00    0.00    0.00   clock vclk_mem (rise edge)
                 800.00  800.00   clock network delay (ideal)
                   0.00  800.00   clock reconvergence pessimism
                -500.00  300.00   output external delay
                         300.00   data required time
-----------------------------------------------------------------------
                         300.00   data required time
                        -504.85   data arrival time
-----------------------------------------------------------------------
                         204.85   slack (MET)


Startpoint: m_addr[8]$_DFFE_PN0P_
            (rising edge-triggered flip-flop clocked by core_clock)
Endpoint: mem_addr[393] (output port clocked by vclk_mem)
Path Group: vclk_mem
Path Type: min

    Cap    Slew   Delay    Time   Description
-----------------------------------------------------------------------
                   0.00    0.00   clock core_clock (rise edge)
                   0.00    0.00   clock source latency
  22.07    0.00    0.00    0.00 ^ clk (in)
                                  clk (net)
          69.54   21.94   21.94 ^ wire153793/A (BUFx24_ASAP7_75t_R)
  30.57   10.79   31.02   52.96 ^ wire153793/Y (BUFx24_ASAP7_75t_R)
                                  net153360 (net)
          96.67   29.44   82.40 ^ delaybuf_0_core_clock/A (BUFx24_ASAP7_75t_R)
   7.85   11.77   34.47  116.87 ^ delaybuf_0_core_clock/Y (BUFx24_ASAP7_75t_R)
                                  delaynet_0_core_clock (net)
          17.20    4.46  121.33 ^ delaybuf_1_core_clock/A (BUFx24_ASAP7_75t_R)
   7.39    8.46   20.11  141.44 ^ delaybuf_1_core_clock/Y (BUFx24_ASAP7_75t_R)
                                  delaynet_1_core_clock (net)
          13.98    3.74  145.17 ^ delaybuf_2_core_clock/A (BUFx24_ASAP7_75t_R)
   5.63    8.08   19.06  164.23 ^ delaybuf_2_core_clock/Y (BUFx24_ASAP7_75t_R)
                                  delaynet_2_core_clock (net)
          10.39    2.38  166.61 ^ clkbuf_regs_0_core_clock/A (BUFx24_ASAP7_75t_R)
   2.66    6.99   17.63  184.24 ^ clkbuf_regs_0_core_clock/Y (BUFx24_ASAP7_75t_R)
                                  clk_regs (net)
           7.05    0.57  184.82 ^ clkbuf_0_clk_regs/A (BUFx24_ASAP7_75t_R)
  12.16   10.76   17.87  202.68 ^ clkbuf_0_clk_regs/Y (BUFx24_ASAP7_75t_R)
                                  clknet_0_clk_regs (net)
          14.27    3.19  205.87 ^ clkbuf_1_1_0_clk_regs/A (BUFx24_ASAP7_75t_R)
   8.76    8.80   19.37  225.24 ^ clkbuf_1_1_0_clk_regs/Y (BUFx24_ASAP7_75t_R)
                                  clknet_1_1_0_clk_regs (net)
          15.63    4.22  229.45 ^ clkbuf_1_1_1_clk_regs/A (BUFx24_ASAP7_75t_R)
   9.57    9.25   19.92  249.37 ^ clkbuf_1_1_1_clk_regs/Y (BUFx24_ASAP7_75t_R)
                                  clknet_1_1_1_clk_regs (net)
          14.24    3.53  252.90 ^ clkbuf_2_2_0_clk_regs/A (BUFx24_ASAP7_75t_R)
   9.08    8.83   19.37  272.27 ^ clkbuf_2_2_0_clk_regs/Y (BUFx24_ASAP7_75t_R)
                                  clknet_2_2_0_clk_regs (net)
          16.55    4.52  276.79 ^ clkbuf_2_2_1_clk_regs/A (BUFx24_ASAP7_75t_R)
   9.90    8.93   20.07  296.86 ^ clkbuf_2_2_1_clk_regs/Y (BUFx24_ASAP7_75t_R)
                                  clknet_2_2_1_clk_regs (net)
          18.01    4.94  301.81 ^ clkbuf_3_4_0_clk_regs/A (BUFx24_ASAP7_75t_R)
   8.13    8.74   20.45  322.25 ^ clkbuf_3_4_0_clk_regs/Y (BUFx24_ASAP7_75t_R)
                                  clknet_3_4_0_clk_regs (net)
          14.50    3.85  326.11 ^ clkbuf_3_4_1_clk_regs/A (BUFx24_ASAP7_75t_R)
  12.79   11.10   20.18  346.29 ^ clkbuf_3_4_1_clk_regs/Y (BUFx24_ASAP7_75t_R)
                                  clknet_3_4_1_clk_regs (net)
          14.00    2.87  349.16 ^ clkbuf_4_8_0_clk_regs/A (BUFx24_ASAP7_75t_R)
  10.92    9.84   19.73  368.89 ^ clkbuf_4_8_0_clk_regs/Y (BUFx24_ASAP7_75t_R)
                                  clknet_4_8_0_clk_regs (net)
          11.11    1.49  370.38 ^ clkbuf_5_16_0_clk_regs/A (BUFx24_ASAP7_75t_R)
  43.42   26.17   21.70  392.08 ^ clkbuf_5_16_0_clk_regs/Y (BUFx24_ASAP7_75t_R)
                                  clknet_5_16_0_clk_regs (net)
          38.37    9.31  401.39 ^ clkbuf_leaf_101_clk_regs/A (BUFx24_ASAP7_75t_R)
   9.57   10.54   26.26  427.64 ^ clkbuf_leaf_101_clk_regs/Y (BUFx24_ASAP7_75t_R)
                                  clknet_leaf_101_clk_regs (net)
          10.59    0.32  427.97 ^ m_addr[8]$_DFFE_PN0P_/CLK (DFFASRHQNx1_ASAP7_75t_R)
   0.57   12.03   37.86  465.82 ^ m_addr[8]$_DFFE_PN0P_/QN (DFFASRHQNx1_ASAP7_75t_R)
                                  _000199_ (net)
          12.03    0.05  465.87 ^ hold174969/A (BUFx2_ASAP7_75t_R)
   1.07    6.53   14.31  480.18 ^ hold174969/Y (BUFx2_ASAP7_75t_R)
                                  net174546 (net)
           6.53    0.09  480.27 ^ _485656_/A (INVx2_ASAP7_75t_R)
   4.92   14.78    8.49  488.75 v _485656_/Y (INVx2_ASAP7_75t_R)
                                  net9546 (net)
          15.08    1.17  489.93 v output9807/A (BUFx2_ASAP7_75t_R)
   0.37    4.63   14.97  504.90 v output9807/Y (BUFx2_ASAP7_75t_R)
                                  mem_addr[393] (net)
           4.63    0.03  504.93 v mem_addr[393] (out)
                         504.93   data arrival time

           0.00    0.00    0.00   clock vclk_mem (rise edge)
                 800.00  800.00   clock network delay (ideal)
                   0.00  800.00   clock reconvergence pessimism
                -500.00  300.00   output external delay
                         300.00   data required time
-----------------------------------------------------------------------
                         300.00   data required time
                        -504.93   data arrival time
-----------------------------------------------------------------------
                         204.93   slack (MET)


Startpoint: m_addr[8]$_DFFE_PN0P_
            (rising edge-triggered flip-flop clocked by core_clock)
Endpoint: mem_addr[448] (output port clocked by vclk_mem)
Path Group: vclk_mem
Path Type: min

    Cap    Slew   Delay    Time   Description
-----------------------------------------------------------------------
                   0.00    0.00   clock core_clock (rise edge)
                   0.00    0.00   clock source latency
  22.07    0.00    0.00    0.00 ^ clk (in)
                                  clk (net)
          69.54   21.94   21.94 ^ wire153793/A (BUFx24_ASAP7_75t_R)
  30.57   10.79   31.02   52.96 ^ wire153793/Y (BUFx24_ASAP7_75t_R)
                                  net153360 (net)
          96.67   29.44   82.40 ^ delaybuf_0_core_clock/A (BUFx24_ASAP7_75t_R)
   7.85   11.77   34.47  116.87 ^ delaybuf_0_core_clock/Y (BUFx24_ASAP7_75t_R)
                                  delaynet_0_core_clock (net)
          17.20    4.46  121.33 ^ delaybuf_1_core_clock/A (BUFx24_ASAP7_75t_R)
   7.39    8.46   20.11  141.44 ^ delaybuf_1_core_clock/Y (BUFx24_ASAP7_75t_R)
                                  delaynet_1_core_clock (net)
          13.98    3.74  145.17 ^ delaybuf_2_core_clock/A (BUFx24_ASAP7_75t_R)
   5.63    8.08   19.06  164.23 ^ delaybuf_2_core_clock/Y (BUFx24_ASAP7_75t_R)
                                  delaynet_2_core_clock (net)
          10.39    2.38  166.61 ^ clkbuf_regs_0_core_clock/A (BUFx24_ASAP7_75t_R)
   2.66    6.99   17.63  184.24 ^ clkbuf_regs_0_core_clock/Y (BUFx24_ASAP7_75t_R)
                                  clk_regs (net)
           7.05    0.57  184.82 ^ clkbuf_0_clk_regs/A (BUFx24_ASAP7_75t_R)
  12.16   10.76   17.87  202.68 ^ clkbuf_0_clk_regs/Y (BUFx24_ASAP7_75t_R)
                                  clknet_0_clk_regs (net)
          14.27    3.19  205.87 ^ clkbuf_1_1_0_clk_regs/A (BUFx24_ASAP7_75t_R)
   8.76    8.80   19.37  225.24 ^ clkbuf_1_1_0_clk_regs/Y (BUFx24_ASAP7_75t_R)
                                  clknet_1_1_0_clk_regs (net)
          15.63    4.22  229.45 ^ clkbuf_1_1_1_clk_regs/A (BUFx24_ASAP7_75t_R)
   9.57    9.25   19.92  249.37 ^ clkbuf_1_1_1_clk_regs/Y (BUFx24_ASAP7_75t_R)
                                  clknet_1_1_1_clk_regs (net)
          14.24    3.53  252.90 ^ clkbuf_2_2_0_clk_regs/A (BUFx24_ASAP7_75t_R)
   9.08    8.83   19.37  272.27 ^ clkbuf_2_2_0_clk_regs/Y (BUFx24_ASAP7_75t_R)
                                  clknet_2_2_0_clk_regs (net)
          16.55    4.52  276.79 ^ clkbuf_2_2_1_clk_regs/A (BUFx24_ASAP7_75t_R)
   9.90    8.93   20.07  296.86 ^ clkbuf_2_2_1_clk_regs/Y (BUFx24_ASAP7_75t_R)
                                  clknet_2_2_1_clk_regs (net)
          18.01    4.94  301.81 ^ clkbuf_3_4_0_clk_regs/A (BUFx24_ASAP7_75t_R)
   8.13    8.74   20.45  322.25 ^ clkbuf_3_4_0_clk_regs/Y (BUFx24_ASAP7_75t_R)
                                  clknet_3_4_0_clk_regs (net)
          14.50    3.85  326.11 ^ clkbuf_3_4_1_clk_regs/A (BUFx24_ASAP7_75t_R)
  12.79   11.10   20.18  346.29 ^ clkbuf_3_4_1_clk_regs/Y (BUFx24_ASAP7_75t_R)
                                  clknet_3_4_1_clk_regs (net)
          14.00    2.87  349.16 ^ clkbuf_4_8_0_clk_regs/A (BUFx24_ASAP7_75t_R)
  10.92    9.84   19.73  368.89 ^ clkbuf_4_8_0_clk_regs/Y (BUFx24_ASAP7_75t_R)
                                  clknet_4_8_0_clk_regs (net)
          11.11    1.49  370.38 ^ clkbuf_5_16_0_clk_regs/A (BUFx24_ASAP7_75t_R)
  43.42   26.17   21.70  392.08 ^ clkbuf_5_16_0_clk_regs/Y (BUFx24_ASAP7_75t_R)
                                  clknet_5_16_0_clk_regs (net)
          38.37    9.31  401.39 ^ clkbuf_leaf_101_clk_regs/A (BUFx24_ASAP7_75t_R)
   9.57   10.54   26.26  427.64 ^ clkbuf_leaf_101_clk_regs/Y (BUFx24_ASAP7_75t_R)
                                  clknet_leaf_101_clk_regs (net)
          10.59    0.32  427.97 ^ m_addr[8]$_DFFE_PN0P_/CLK (DFFASRHQNx1_ASAP7_75t_R)
   0.57   12.03   37.86  465.82 ^ m_addr[8]$_DFFE_PN0P_/QN (DFFASRHQNx1_ASAP7_75t_R)
                                  _000199_ (net)
          12.03    0.05  465.87 ^ hold174969/A (BUFx2_ASAP7_75t_R)
   1.07    6.53   14.31  480.18 ^ hold174969/Y (BUFx2_ASAP7_75t_R)
                                  net174546 (net)
           6.53    0.09  480.27 ^ _485656_/A (INVx2_ASAP7_75t_R)
   4.92   14.78    8.49  488.75 v _485656_/Y (INVx2_ASAP7_75t_R)
                                  net9546 (net)
          15.05    1.12  489.87 v output9856/A (BUFx2_ASAP7_75t_R)
   0.47    4.83   15.11  504.98 v output9856/Y (BUFx2_ASAP7_75t_R)
                                  mem_addr[448] (net)
           4.84    0.04  505.02 v mem_addr[448] (out)
                         505.02   data arrival time

           0.00    0.00    0.00   clock vclk_mem (rise edge)
                 800.00  800.00   clock network delay (ideal)
                   0.00  800.00   clock reconvergence pessimism
                -500.00  300.00   output external delay
                         300.00   data required time
-----------------------------------------------------------------------
                         300.00   data required time
                        -505.02   data arrival time
-----------------------------------------------------------------------
                         205.02   slack (MET)


Startpoint: m_addr[8]$_DFFE_PN0P_
            (rising edge-triggered flip-flop clocked by core_clock)
Endpoint: mem_addr[459] (output port clocked by vclk_mem)
Path Group: vclk_mem
Path Type: min

    Cap    Slew   Delay    Time   Description
-----------------------------------------------------------------------
                   0.00    0.00   clock core_clock (rise edge)
                   0.00    0.00   clock source latency
  22.07    0.00    0.00    0.00 ^ clk (in)
                                  clk (net)
          69.54   21.94   21.94 ^ wire153793/A (BUFx24_ASAP7_75t_R)
  30.57   10.79   31.02   52.96 ^ wire153793/Y (BUFx24_ASAP7_75t_R)
                                  net153360 (net)
          96.67   29.44   82.40 ^ delaybuf_0_core_clock/A (BUFx24_ASAP7_75t_R)
   7.85   11.77   34.47  116.87 ^ delaybuf_0_core_clock/Y (BUFx24_ASAP7_75t_R)
                                  delaynet_0_core_clock (net)
          17.20    4.46  121.33 ^ delaybuf_1_core_clock/A (BUFx24_ASAP7_75t_R)
   7.39    8.46   20.11  141.44 ^ delaybuf_1_core_clock/Y (BUFx24_ASAP7_75t_R)
                                  delaynet_1_core_clock (net)
          13.98    3.74  145.17 ^ delaybuf_2_core_clock/A (BUFx24_ASAP7_75t_R)
   5.63    8.08   19.06  164.23 ^ delaybuf_2_core_clock/Y (BUFx24_ASAP7_75t_R)
                                  delaynet_2_core_clock (net)
          10.39    2.38  166.61 ^ clkbuf_regs_0_core_clock/A (BUFx24_ASAP7_75t_R)
   2.66    6.99   17.63  184.24 ^ clkbuf_regs_0_core_clock/Y (BUFx24_ASAP7_75t_R)
                                  clk_regs (net)
           7.05    0.57  184.82 ^ clkbuf_0_clk_regs/A (BUFx24_ASAP7_75t_R)
  12.16   10.76   17.87  202.68 ^ clkbuf_0_clk_regs/Y (BUFx24_ASAP7_75t_R)
                                  clknet_0_clk_regs (net)
          14.27    3.19  205.87 ^ clkbuf_1_1_0_clk_regs/A (BUFx24_ASAP7_75t_R)
   8.76    8.80   19.37  225.24 ^ clkbuf_1_1_0_clk_regs/Y (BUFx24_ASAP7_75t_R)
                                  clknet_1_1_0_clk_regs (net)
          15.63    4.22  229.45 ^ clkbuf_1_1_1_clk_regs/A (BUFx24_ASAP7_75t_R)
   9.57    9.25   19.92  249.37 ^ clkbuf_1_1_1_clk_regs/Y (BUFx24_ASAP7_75t_R)
                                  clknet_1_1_1_clk_regs (net)
          14.24    3.53  252.90 ^ clkbuf_2_2_0_clk_regs/A (BUFx24_ASAP7_75t_R)
   9.08    8.83   19.37  272.27 ^ clkbuf_2_2_0_clk_regs/Y (BUFx24_ASAP7_75t_R)
                                  clknet_2_2_0_clk_regs (net)
          16.55    4.52  276.79 ^ clkbuf_2_2_1_clk_regs/A (BUFx24_ASAP7_75t_R)
   9.90    8.93   20.07  296.86 ^ clkbuf_2_2_1_clk_regs/Y (BUFx24_ASAP7_75t_R)
                                  clknet_2_2_1_clk_regs (net)
          18.01    4.94  301.81 ^ clkbuf_3_4_0_clk_regs/A (BUFx24_ASAP7_75t_R)
   8.13    8.74   20.45  322.25 ^ clkbuf_3_4_0_clk_regs/Y (BUFx24_ASAP7_75t_R)
                                  clknet_3_4_0_clk_regs (net)
          14.50    3.85  326.11 ^ clkbuf_3_4_1_clk_regs/A (BUFx24_ASAP7_75t_R)
  12.79   11.10   20.18  346.29 ^ clkbuf_3_4_1_clk_regs/Y (BUFx24_ASAP7_75t_R)
                                  clknet_3_4_1_clk_regs (net)
          14.00    2.87  349.16 ^ clkbuf_4_8_0_clk_regs/A (BUFx24_ASAP7_75t_R)
  10.92    9.84   19.73  368.89 ^ clkbuf_4_8_0_clk_regs/Y (BUFx24_ASAP7_75t_R)
                                  clknet_4_8_0_clk_regs (net)
          11.11    1.49  370.38 ^ clkbuf_5_16_0_clk_regs/A (BUFx24_ASAP7_75t_R)
  43.42   26.17   21.70  392.08 ^ clkbuf_5_16_0_clk_regs/Y (BUFx24_ASAP7_75t_R)
                                  clknet_5_16_0_clk_regs (net)
          38.37    9.31  401.39 ^ clkbuf_leaf_101_clk_regs/A (BUFx24_ASAP7_75t_R)
   9.57   10.54   26.26  427.64 ^ clkbuf_leaf_101_clk_regs/Y (BUFx24_ASAP7_75t_R)
                                  clknet_leaf_101_clk_regs (net)
          10.59    0.32  427.97 ^ m_addr[8]$_DFFE_PN0P_/CLK (DFFASRHQNx1_ASAP7_75t_R)
   0.57   12.03   37.86  465.82 ^ m_addr[8]$_DFFE_PN0P_/QN (DFFASRHQNx1_ASAP7_75t_R)
                                  _000199_ (net)
          12.03    0.05  465.87 ^ hold174969/A (BUFx2_ASAP7_75t_R)
   1.07    6.53   14.31  480.18 ^ hold174969/Y (BUFx2_ASAP7_75t_R)
                                  net174546 (net)
           6.53    0.09  480.27 ^ _485656_/A (INVx2_ASAP7_75t_R)
   4.92   14.78    8.49  488.75 v _485656_/Y (INVx2_ASAP7_75t_R)
                                  net9546 (net)
          15.09    1.18  489.93 v output9866/A (BUFx2_ASAP7_75t_R)
   0.46    4.82   15.11  505.04 v output9866/Y (BUFx2_ASAP7_75t_R)
                                  mem_addr[459] (net)
           4.82    0.03  505.08 v mem_addr[459] (out)
                         505.08   data arrival time

           0.00    0.00    0.00   clock vclk_mem (rise edge)
                 800.00  800.00   clock network delay (ideal)
                   0.00  800.00   clock reconvergence pessimism
                -500.00  300.00   output external delay
                         300.00   data required time
-----------------------------------------------------------------------
                         300.00   data required time
                        -505.08   data arrival time
-----------------------------------------------------------------------
                         205.08   slack (MET)


==== ccur4_min ====
Startpoint: c_fut[4]$_DFF_P_
            (rising edge-triggered flip-flop clocked by core_clock)
Endpoint: c_cur[4]$_DFFE_PP_
          (rising edge-triggered flip-flop clocked by core_clock)
Path Group: core_clock
Path Type: min

    Cap    Slew   Delay    Time   Description
-----------------------------------------------------------------------
                   0.00    0.00   clock core_clock (rise edge)
                   0.00    0.00   clock source latency
  22.07    0.00    0.00    0.00 ^ clk (in)
                                  clk (net)
          69.54   21.94   21.94 ^ wire153793/A (BUFx24_ASAP7_75t_R)
  30.57   10.79   31.02   52.96 ^ wire153793/Y (BUFx24_ASAP7_75t_R)
                                  net153360 (net)
          96.67   29.44   82.40 ^ delaybuf_0_core_clock/A (BUFx24_ASAP7_75t_R)
   7.85   11.77   34.47  116.87 ^ delaybuf_0_core_clock/Y (BUFx24_ASAP7_75t_R)
                                  delaynet_0_core_clock (net)
          17.20    4.46  121.33 ^ delaybuf_1_core_clock/A (BUFx24_ASAP7_75t_R)
   7.39    8.46   20.11  141.44 ^ delaybuf_1_core_clock/Y (BUFx24_ASAP7_75t_R)
                                  delaynet_1_core_clock (net)
          13.98    3.74  145.17 ^ delaybuf_2_core_clock/A (BUFx24_ASAP7_75t_R)
   5.63    8.08   19.06  164.23 ^ delaybuf_2_core_clock/Y (BUFx24_ASAP7_75t_R)
                                  delaynet_2_core_clock (net)
          10.39    2.38  166.61 ^ clkbuf_regs_0_core_clock/A (BUFx24_ASAP7_75t_R)
   2.66    6.99   17.63  184.24 ^ clkbuf_regs_0_core_clock/Y (BUFx24_ASAP7_75t_R)
                                  clk_regs (net)
           7.05    0.57  184.82 ^ clkbuf_0_clk_regs/A (BUFx24_ASAP7_75t_R)
  12.16   10.76   17.87  202.68 ^ clkbuf_0_clk_regs/Y (BUFx24_ASAP7_75t_R)
                                  clknet_0_clk_regs (net)
          14.27    3.19  205.87 ^ clkbuf_1_1_0_clk_regs/A (BUFx24_ASAP7_75t_R)
   8.76    8.80   19.37  225.24 ^ clkbuf_1_1_0_clk_regs/Y (BUFx24_ASAP7_75t_R)
                                  clknet_1_1_0_clk_regs (net)
          15.63    4.22  229.45 ^ clkbuf_1_1_1_clk_regs/A (BUFx24_ASAP7_75t_R)
   9.57    9.25   19.92  249.37 ^ clkbuf_1_1_1_clk_regs/Y (BUFx24_ASAP7_75t_R)
                                  clknet_1_1_1_clk_regs (net)
          13.96    3.40  252.77 ^ clkbuf_2_3_0_clk_regs/A (BUFx24_ASAP7_75t_R)
   7.09    8.40   19.15  271.92 ^ clkbuf_2_3_0_clk_regs/Y (BUFx24_ASAP7_75t_R)
                                  clknet_2_3_0_clk_regs (net)
          13.13    3.44  275.37 ^ clkbuf_2_3_1_clk_regs/A (BUFx24_ASAP7_75t_R)
   8.90    8.93   19.09  294.46 ^ clkbuf_2_3_1_clk_regs/Y (BUFx24_ASAP7_75t_R)
                                  clknet_2_3_1_clk_regs (net)
          13.83    3.47  297.93 ^ clkbuf_3_6_0_clk_regs/A (BUFx24_ASAP7_75t_R)
   7.47    8.56   19.19  317.12 ^ clkbuf_3_6_0_clk_regs/Y (BUFx24_ASAP7_75t_R)
                                  clknet_3_6_0_clk_regs (net)
          12.96    3.33  320.45 ^ clkbuf_3_6_1_clk_regs/A (BUFx24_ASAP7_75t_R)
  12.48   10.93   19.67  340.12 ^ clkbuf_3_6_1_clk_regs/Y (BUFx24_ASAP7_75t_R)
                                  clknet_3_6_1_clk_regs (net)
          14.24    3.07  343.18 ^ clkbuf_4_12_0_clk_regs/A (BUFx24_ASAP7_75t_R)
   6.19    8.41   19.33  362.51 ^ clkbuf_4_12_0_clk_regs/Y (BUFx24_ASAP7_75t_R)
                                  clknet_4_12_0_clk_regs (net)
           8.82    1.01  363.52 ^ clkbuf_5_24_0_clk_regs/A (BUFx24_ASAP7_75t_R)
  42.31   25.53   21.45  384.97 ^ clkbuf_5_24_0_clk_regs/Y (BUFx24_ASAP7_75t_R)
                                  clknet_5_24_0_clk_regs (net)
          28.27    4.32  389.29 ^ clkbuf_leaf_117_clk_regs/A (BUFx24_ASAP7_75t_R)
  11.65   10.95   24.00  413.29 ^ clkbuf_leaf_117_clk_regs/Y (BUFx24_ASAP7_75t_R)
                                  clknet_leaf_117_clk_regs (net)
          11.42    1.02  414.31 ^ c_fut[4]$_DFF_P_/CLK (DFFHQNx1_ASAP7_75t_R)
   0.55   11.24   34.92  449.23 ^ c_fut[4]$_DFF_P_/QN (DFFHQNx1_ASAP7_75t_R)
                                  _005512_ (net)
          11.24    0.05  449.27 ^ _768061_/A (AND2x2_ASAP7_75t_R)
   1.60    9.01   16.03  465.31 ^ _768061_/Y (AND2x2_ASAP7_75t_R)
                                  _468824_ (net)
           9.06    0.34  465.65 ^ _768062_/B (AOI21x1_ASAP7_75t_R)
   0.64    5.89    5.85  471.50 v _768062_/Y (AOI21x1_ASAP7_75t_R)
                                  _406306_ (net)
           5.90    0.06  471.56 v c_cur[4]$_DFFE_PP_/D (DFFHQNx1_ASAP7_75t_R)
                         471.56   data arrival time

                   0.00    0.00   clock core_clock (rise edge)
                   0.00    0.00   clock source latency
  22.67    0.00    0.00    0.00 ^ clk (in)
                                  clk (net)
          72.91   23.00   23.00 ^ wire153793/A (BUFx24_ASAP7_75t_R)
  31.77   11.03   31.62   54.62 ^ wire153793/Y (BUFx24_ASAP7_75t_R)
                                  net153360 (net)
         100.81   30.72   85.33 ^ delaybuf_0_core_clock/A (BUFx24_ASAP7_75t_R)
   8.45   12.04   34.96  120.29 ^ delaybuf_0_core_clock/Y (BUFx24_ASAP7_75t_R)
                                  delaynet_0_core_clock (net)
          18.51    4.91  125.21 ^ delaybuf_1_core_clock/A (BUFx24_ASAP7_75t_R)
   7.99    8.60   20.52  145.73 ^ delaybuf_1_core_clock/Y (BUFx24_ASAP7_75t_R)
                                  delaynet_1_core_clock (net)
          15.15    4.11  149.83 ^ delaybuf_2_core_clock/A (BUFx24_ASAP7_75t_R)
   6.23    8.25   19.45  169.29 ^ delaybuf_2_core_clock/Y (BUFx24_ASAP7_75t_R)
                                  delaynet_2_core_clock (net)
          11.24    2.71  171.99 ^ clkbuf_regs_0_core_clock/A (BUFx24_ASAP7_75t_R)
   3.26    7.25   17.98  189.97 ^ clkbuf_regs_0_core_clock/Y (BUFx24_ASAP7_75t_R)
                                  clk_regs (net)
           7.36    0.72  190.69 ^ clkbuf_0_clk_regs/A (BUFx24_ASAP7_75t_R)
  13.37   11.33   18.07  208.76 ^ clkbuf_0_clk_regs/Y (BUFx24_ASAP7_75t_R)
                                  clknet_0_clk_regs (net)
          15.46    3.56  212.32 ^ clkbuf_1_1_0_clk_regs/A (BUFx24_ASAP7_75t_R)
   9.36    8.90   19.75  232.07 ^ clkbuf_1_1_0_clk_regs/Y (BUFx24_ASAP7_75t_R)
                                  clknet_1_1_0_clk_regs (net)
          16.83    4.59  236.66 ^ clkbuf_1_1_1_clk_regs/A (BUFx24_ASAP7_75t_R)
  10.78    9.80   20.35  257.01 ^ clkbuf_1_1_1_clk_regs/Y (BUFx24_ASAP7_75t_R)
                                  clknet_1_1_1_clk_regs (net)
          15.39    3.83  260.84 ^ clkbuf_2_3_0_clk_regs/A (BUFx24_ASAP7_75t_R)
   7.69    8.55   19.61  280.45 ^ clkbuf_2_3_0_clk_regs/Y (BUFx24_ASAP7_75t_R)
                                  clknet_2_3_0_clk_regs (net)
          14.24    3.81  284.26 ^ clkbuf_2_3_1_clk_regs/A (BUFx24_ASAP7_75t_R)
  10.10    9.23   19.50  303.76 ^ clkbuf_2_3_1_clk_regs/Y (BUFx24_ASAP7_75t_R)
                                  clknet_2_3_1_clk_regs (net)
          15.41    3.95  307.71 ^ clkbuf_3_6_0_clk_regs/A (BUFx24_ASAP7_75t_R)
   8.07    8.69   19.70  327.41 ^ clkbuf_3_6_0_clk_regs/Y (BUFx24_ASAP7_75t_R)
                                  clknet_3_6_0_clk_regs (net)
          13.96    3.67  331.08 ^ clkbuf_3_6_1_clk_regs/A (BUFx24_ASAP7_75t_R)
  13.69   11.51   20.06  351.14 ^ clkbuf_3_6_1_clk_regs/Y (BUFx24_ASAP7_75t_R)
                                  clknet_3_6_1_clk_regs (net)
          15.41    3.44  354.58 ^ clkbuf_4_12_0_clk_regs/A (BUFx24_ASAP7_75t_R)
   7.39    8.84   19.84  374.41 ^ clkbuf_4_12_0_clk_regs/Y (BUFx24_ASAP7_75t_R)
                                  clknet_4_12_0_clk_regs (net)
           9.53    1.23  375.64 ^ clkbuf_5_24_0_clk_regs/A (BUFx24_ASAP7_75t_R)
  51.33   28.40   22.51  398.15 ^ clkbuf_5_24_0_clk_regs/Y (BUFx24_ASAP7_75t_R)
                                  clknet_5_24_0_clk_regs (net)
          33.65    6.15  404.30 ^ clkbuf_leaf_116_clk_regs/A (BUFx24_ASAP7_75t_R)
  14.21   12.33   25.78  430.08 ^ clkbuf_leaf_116_clk_regs/Y (BUFx24_ASAP7_75t_R)
                                  clknet_leaf_116_clk_regs (net)
          13.25    1.71  431.80 ^ c_cur[4]$_DFFE_PP_/CLK (DFFHQNx1_ASAP7_75t_R)
                 150.00  581.80   clock uncertainty
                 -13.18  568.62   clock reconvergence pessimism
                  11.93  580.54   library hold time
                         580.54   data required time
-----------------------------------------------------------------------
                         580.54   data required time
                        -471.56   data arrival time
-----------------------------------------------------------------------
                        -108.99   slack (VIOLATED)


==== ccur4_setup_contrast ====
max_delay/setup group core_clock

                                     Required  Actual
Endpoint                               Delay   Delay   Slack
------------------------------------------------------------
c_cur[4]$_DFFE_PP_/D (DFFHQNx1_ASAP7_75t_R) 2265.09  890.59 1374.50 (MET)

==== DONE_MARKER ====
