Warning 1212: /root/ORFS/flow/platforms/asap7/lib/NLDM/asap7sc7p5t_SIMPLE_RVT_SS_nldm_211120.lib.gz line 13156, timing group from output port.
Warning 1212: /root/ORFS/flow/platforms/asap7/lib/NLDM/asap7sc7p5t_SIMPLE_RVT_SS_nldm_211120.lib.gz line 13189, timing group from output port.
Warning 1212: /root/ORFS/flow/platforms/asap7/lib/NLDM/asap7sc7p5t_SIMPLE_RVT_SS_nldm_211120.lib.gz line 13222, timing group from output port.
Warning 1212: /root/ORFS/flow/platforms/asap7/lib/NLDM/asap7sc7p5t_SIMPLE_RVT_SS_nldm_211120.lib.gz line 13255, timing group from output port.
Warning 1212: /root/ORFS/flow/platforms/asap7/lib/NLDM/asap7sc7p5t_SIMPLE_RVT_SS_nldm_211120.lib.gz line 13288, timing group from output port.
Warning 1212: /root/ORFS/flow/platforms/asap7/lib/NLDM/asap7sc7p5t_SIMPLE_RVT_SS_nldm_211120.lib.gz line 13321, timing group from output port.
Warning 1212: /root/ORFS/flow/platforms/asap7/lib/NLDM/asap7sc7p5t_SIMPLE_RVT_SS_nldm_211120.lib.gz line 13354, timing group from output port.
Warning 1212: /root/ORFS/flow/platforms/asap7/lib/NLDM/asap7sc7p5t_SIMPLE_RVT_SS_nldm_211120.lib.gz line 14748, timing group from output port.
Warning 1212: /root/ORFS/flow/platforms/asap7/lib/NLDM/asap7sc7p5t_SIMPLE_RVT_SS_nldm_211120.lib.gz line 14781, timing group from output port.
Warning 1212: /root/ORFS/flow/platforms/asap7/lib/NLDM/asap7sc7p5t_SIMPLE_RVT_SS_nldm_211120.lib.gz line 14814, timing group from output port.
==== SS_setup_ws ====
worst slack max -1033.84
==== SS_setup_tns ====
tns max -5873732.50
==== SS_hold_ws ====
worst slack min -139.30
==== SS_hold_tns ====
tns min -758285.50
==== SS_worst_setup_path ====
max_delay/setup group core_clock

                                     Required  Actual
Endpoint                               Delay   Delay   Slack
------------------------------------------------------------
c_fut[159]$_DFF_P_/D (DFFHQNx1_ASAP7_75t_R) 1780.84 2814.68 -1033.84 (VIOLATED)

max_delay/setup group vclk_core_clock

                                     Required  Actual
Endpoint                               Delay   Delay   Slack
------------------------------------------------------------
out_pix_data[144] (output)           1600.00 1527.68   72.32 (MET)

max_delay/setup group vclk_mem

                                     Required  Actual
Endpoint                               Delay   Delay   Slack
------------------------------------------------------------
mem_wdata[872] (output)              1700.00 2431.12 -731.12 (VIOLATED)

==== SS_worst_hold_path ====
min_delay/hold group core_clock

                                     Required  Actual
Endpoint                               Delay   Delay   Slack
------------------------------------------------------------
rdata_q[5019]$_DFFE_PP_/D (DFFHQNx1_ASAP7_75t_R)  972.53  833.22 -139.30 (VIOLATED)

min_delay/hold group vclk_core_clock

                                     Required  Actual
Endpoint                               Delay   Delay   Slack
------------------------------------------------------------
out_pix_data[118] (output)            300.00 1046.41  746.41 (MET)

min_delay/hold group vclk_mem

                                     Required  Actual
Endpoint                               Delay   Delay   Slack
------------------------------------------------------------
mem_ce[48] (output)                   300.00 1069.66  769.66 (MET)

==== SS_drv ====
max slew

Pin                                    Limit    Slew   Slack
------------------------------------------------------------
_685586_/A                            320.00  707.02 -387.02 (VIOLATED)
_775906_/A                            320.00  704.89 -384.89 (VIOLATED)
place75210/A                          320.00  682.62 -362.62 (VIOLATED)
_743689_/B                            320.00  679.02 -359.02 (VIOLATED)
place73915/A                          320.00  671.71 -351.71 (VIOLATED)
_746374_/B                            320.00  669.68 -349.68 (VIOLATED)
place73680/A                          320.00  667.15 -347.15 (VIOLATED)
_743540_/B                            320.00  667.13 -347.13 (VIOLATED)
place75202/A                          320.00  666.97 -346.97 (VIOLATED)
place73673/A                          320.00  663.52 -343.52 (VIOLATED)
place75201/A                          320.00  661.88 -341.88 (VIOLATED)
_737052_/A                            320.00  661.55 -341.55 (VIOLATED)
in_data_q[106]$_DFFE_PN0P_/QN         320.00  660.66 -340.66 (VIOLATED)
place73674/A                          320.00  660.48 -340.48 (VIOLATED)
in_data_q[80]$_DFFE_PN0P_/QN          320.00  658.93 -338.93 (VIOLATED)
place75092/A                          320.00  655.78 -335.78 (VIOLATED)
_788074_/SE                           320.00  654.93 -334.93 (VIOLATED)
_743679_/B                            320.00  653.70 -333.70 (VIOLATED)
_585132_/A                            320.00  649.03 -329.03 (VIOLATED)
place75086/A                          320.00  646.79 -326.79 (VIOLATED)
place75085/A                          320.00  644.96 -324.96 (VIOLATED)
in_data_q[115]$_DFFE_PN0P_/QN         320.00  643.42 -323.42 (VIOLATED)
place74631/A                          320.00  635.74 -315.74 (VIOLATED)
place73923/A                          320.00  635.00 -315.00 (VIOLATED)
in_data_q[62]$_DFFE_PN0P_/QN          320.00  634.91 -314.91 (VIOLATED)
place73656/A                          320.00  634.59 -314.59 (VIOLATED)
_744246_/B                            320.00  633.07 -313.07 (VIOLATED)
_576794_/A                            320.00  632.95 -312.95 (VIOLATED)
place74955/A                          320.00  626.86 -306.86 (VIOLATED)
place73649/A                          320.00  626.03 -306.03 (VIOLATED)
_743668_/B                            320.00  625.69 -305.69 (VIOLATED)
place74960/A                          320.00  623.07 -303.07 (VIOLATED)
place73648/A                          320.00  622.15 -302.15 (VIOLATED)
_736870_/A                            320.00  621.75 -301.75 (VIOLATED)
place74949/A                          320.00  620.58 -300.58 (VIOLATED)
place74926/A                          320.00  619.91 -299.91 (VIOLATED)
place74634/A                          320.00  619.90 -299.90 (VIOLATED)
in_data_q[125]$_DFFE_PN0P_/QN         320.00  619.54 -299.54 (VIOLATED)
_744019_/B                            320.00  617.80 -297.80 (VIOLATED)
in_data_q[150]$_DFFE_PN0P_/QN         320.00  617.76 -297.76 (VIOLATED)
in_data_q[82]$_DFFE_PN0P_/QN          320.00  617.49 -297.49 (VIOLATED)
place74919/A                          320.00  617.45 -297.45 (VIOLATED)
place74937/A                          320.00  617.21 -297.21 (VIOLATED)
_743666_/B                            320.00  615.54 -295.54 (VIOLATED)
place74920/A                          320.00  614.27 -294.27 (VIOLATED)
place74930/A                          320.00  610.36 -290.36 (VIOLATED)
in_data_q[128]$_DFFE_PN0P_/QN         320.00  610.02 -290.02 (VIOLATED)
place74931/A                          320.00  608.81 -288.81 (VIOLATED)
in_data_q[127]$_DFFE_PN0P_/QN         320.00  608.42 -288.42 (VIOLATED)
_483589_/A                            320.00  607.73 -287.73 (VIOLATED)
place74371/A                          320.00  588.60 -268.60 (VIOLATED)
_509956_/A                            320.00  587.51 -267.51 (VIOLATED)
_743951_/B                            320.00  587.33 -267.33 (VIOLATED)
place74991/A                          320.00  583.88 -263.88 (VIOLATED)
_743671_/B                            320.00  580.64 -260.64 (VIOLATED)
place74057/A                          320.00  580.33 -260.33 (VIOLATED)
_584596_/A                            320.00  578.79 -258.79 (VIOLATED)
place74058/A                          320.00  578.17 -258.17 (VIOLATED)
_745500_/B                            320.00  577.71 -257.71 (VIOLATED)
place74985/A                          320.00  576.62 -256.62 (VIOLATED)
place74053/A                          320.00  575.67 -255.67 (VIOLATED)
in_data_q[52]$_DFFE_PN0P_/QN          320.00  575.32 -255.32 (VIOLATED)
place74995/A                          320.00  573.06 -253.06 (VIOLATED)
place73412/A                          320.00  572.37 -252.37 (VIOLATED)
in_data_q[122]$_DFFE_PN0P_/QN         320.00  572.17 -252.17 (VIOLATED)
place73927/A                          320.00  572.11 -252.11 (VIOLATED)
_746375_/B                            320.00  572.01 -252.01 (VIOLATED)
place73643/A                          320.00  570.67 -250.67 (VIOLATED)
_744150_/B                            320.00  568.80 -248.80 (VIOLATED)
place73360/A                          320.00  567.25 -247.25 (VIOLATED)
_744278_/B                            320.00  565.92 -245.92 (VIOLATED)
place74041/A                          320.00  565.90 -245.90 (VIOLATED)
_743714_/B                            320.00  564.58 -244.58 (VIOLATED)
place74034/A                          320.00  564.11 -244.11 (VIOLATED)
_745499_/B                            320.00  563.82 -243.82 (VIOLATED)
place73359/A                          320.00  563.57 -243.57 (VIOLATED)
_584217_/A                            320.00  563.23 -243.23 (VIOLATED)
place73363/A                          320.00  562.95 -242.95 (VIOLATED)
place73904/A                          320.00  562.36 -242.36 (VIOLATED)
_746373_/B                            320.00  561.34 -241.34 (VIOLATED)
m_1h[12]$_DFFE_PN0P_/QN               320.00  560.78 -240.78 (VIOLATED)
_745194_/B                            320.00  560.14 -240.14 (VIOLATED)
_745371_/B                            320.00  559.97 -239.97 (VIOLATED)
place74046/A                          320.00  559.49 -239.49 (VIOLATED)
in_data_q[53]$_DFFE_PN0P_/QN          320.00  558.99 -238.99 (VIOLATED)
_582028_/A                            320.00  558.78 -238.78 (VIOLATED)
place74327/A                          320.00  558.02 -238.02 (VIOLATED)
_488923_/A                            320.00  557.49 -237.49 (VIOLATED)
_739172_/B                            320.00  556.20 -236.20 (VIOLATED)
place73854/A                          320.00  555.43 -235.43 (VIOLATED)
place73848/A                          320.00  554.76 -234.76 (VIOLATED)
place73888/A                          320.00  553.96 -233.96 (VIOLATED)
_746371_/B                            320.00  553.63 -233.63 (VIOLATED)
_736908_/A                            320.00  553.37 -233.37 (VIOLATED)
place74755/A                          320.00  551.73 -231.73 (VIOLATED)
_745225_/B                            320.00  551.06 -231.06 (VIOLATED)
place73633/A                          320.00  550.38 -230.38 (VIOLATED)
place73934/A                          320.00  549.98 -229.98 (VIOLATED)
in_data_q[61]$_DFFE_PN0P_/QN          320.00  549.87 -229.87 (VIOLATED)
place73405/A                          320.00  549.83 -229.83 (VIOLATED)
place74746/A                          320.00  549.80 -229.80 (VIOLATED)
in_data_q[9]$_DFFE_PN0P_/QN           320.00  549.20 -229.20 (VIOLATED)
in_data_q[141]$_DFFE_PN0P_/QN         320.00  547.88 -227.88 (VIOLATED)
_744616_/B                            320.00  547.20 -227.20 (VIOLATED)
place73632/A                          320.00  546.96 -226.96 (VIOLATED)
_609687_/A                            320.00  546.92 -226.92 (VIOLATED)
in_data_q[83]$_DFFE_PN0P_/QN          320.00  546.91 -226.91 (VIOLATED)
_844234_/B                            320.00  546.56 -226.56 (VIOLATED)
_480400_/C                            320.00  546.31 -226.31 (VIOLATED)
_480393_/C                            320.00  546.29 -226.29 (VIOLATED)
_480146_/A                            320.00  546.25 -226.25 (VIOLATED)
_480107_/C                            320.00  546.15 -226.15 (VIOLATED)
_480573_/C                            320.00  546.11 -226.11 (VIOLATED)
_480556_/C                            320.00  546.09 -226.09 (VIOLATED)
_480122_/A                            320.00  546.07 -226.07 (VIOLATED)
_480288_/B                            320.00  545.85 -225.85 (VIOLATED)
_480255_/B                            320.00  545.79 -225.79 (VIOLATED)
_768724_/A                            320.00  545.72 -225.72 (VIOLATED)
_480087_/C                            320.00  545.70 -225.70 (VIOLATED)
_480475_/B                            320.00  545.62 -225.62 (VIOLATED)
_480441_/B                            320.00  545.42 -225.42 (VIOLATED)
_744275_/B                            320.00  545.32 -225.32 (VIOLATED)
place74004/A                          320.00  545.32 -225.32 (VIOLATED)
_860283_/B                            320.00  541.50 -221.50 (VIOLATED)
_480693_/C                            320.00  541.50 -221.50 (VIOLATED)
_480694_/B                            320.00  541.50 -221.50 (VIOLATED)
_480695_/B                            320.00  541.50 -221.50 (VIOLATED)
_480643_/C                            320.00  541.44 -221.44 (VIOLATED)
_480647_/C                            320.00  541.41 -221.41 (VIOLATED)
_479899_/A                            320.00  541.28 -221.28 (VIOLATED)
_479960_/A                            320.00  541.21 -221.21 (VIOLATED)
_479961_/A1                           320.00  541.18 -221.18 (VIOLATED)
_480055_/A1                           320.00  541.18 -221.18 (VIOLATED)
_479951_/A                            320.00  541.17 -221.17 (VIOLATED)
_479956_/A                            320.00  541.14 -221.14 (VIOLATED)
_860295_/A                            320.00  541.03 -221.03 (VIOLATED)
_479921_/C                            320.00  540.97 -220.97 (VIOLATED)
_479882_/C                            320.00  540.91 -220.91 (VIOLATED)
_479957_/B                            320.00  540.91 -220.91 (VIOLATED)
_860294_/A                            320.00  540.90 -220.90 (VIOLATED)
hold91623/A                           320.00  540.83 -220.83 (VIOLATED)
ymod_f[0]$_DFFE_PN0P_/QN              320.00  540.80 -220.80 (VIOLATED)
place73865/A                          320.00  540.40 -220.40 (VIOLATED)
output9935/A                          320.00  539.24 -219.24 (VIOLATED)
output9865/A                          320.00  539.23 -219.23 (VIOLATED)
output9950/A                          320.00  539.19 -219.19 (VIOLATED)
output9955/A                          320.00  539.19 -219.19 (VIOLATED)
_746369_/B                            320.00  539.18 -219.18 (VIOLATED)
output9883/A                          320.00  539.09 -219.09 (VIOLATED)
_745483_/B                            320.00  538.95 -218.95 (VIOLATED)
output9985/A                          320.00  538.88 -218.88 (VIOLATED)
output9834/A                          320.00  538.84 -218.84 (VIOLATED)
output9914/A                          320.00  538.77 -218.77 (VIOLATED)
output9945/A                          320.00  538.40 -218.40 (VIOLATED)
output9990/A                          320.00  538.24 -218.24 (VIOLATED)
output9893/A                          320.00  538.03 -218.03 (VIOLATED)
output9850/A                          320.00  537.76 -217.76 (VIOLATED)
output9903/A                          320.00  537.71 -217.71 (VIOLATED)
_737257_/A                            320.00  537.65 -217.65 (VIOLATED)
output10005/A                         320.00  537.64 -217.64 (VIOLATED)
place73578/A                          320.00  537.55 -217.55 (VIOLATED)
_743532_/B                            320.00  537.55 -217.55 (VIOLATED)
output9975/A                          320.00  537.01 -217.01 (VIOLATED)
output9855/A                          320.00  536.90 -216.90 (VIOLATED)
output9924/A                          320.00  536.72 -216.72 (VIOLATED)
place73911/A                          320.00  536.67 -216.67 (VIOLATED)
in_data_q[63]$_DFFE_PN0P_/QN          320.00  536.64 -216.64 (VIOLATED)
_748501_/A                            320.00  535.99 -215.99 (VIOLATED)
_750540_/A                            320.00  535.92 -215.92 (VIOLATED)
output9724/A                          320.00  535.03 -215.03 (VIOLATED)
output9593/A                          320.00  535.03 -215.03 (VIOLATED)
output9693/A                          320.00  534.94 -214.94 (VIOLATED)
output9624/A                          320.00  534.92 -214.92 (VIOLATED)
output9783/A                          320.00  534.79 -214.79 (VIOLATED)
output9824/A                          320.00  534.74 -214.74 (VIOLATED)
place74008/A                          320.00  534.68 -214.68 (VIOLATED)
output9614/A                          320.00  534.66 -214.66 (VIOLATED)
output9774/A                          320.00  534.66 -214.66 (VIOLATED)
output9734/A                          320.00  534.65 -214.65 (VIOLATED)
output9674/A                          320.00  534.61 -214.61 (VIOLATED)
output9793/A                          320.00  534.53 -214.53 (VIOLATED)
output9644/A                          320.00  534.52 -214.52 (VIOLATED)
output9814/A                          320.00  534.52 -214.52 (VIOLATED)
in_data_q[56]$_DFFE_PN0P_/QN          320.00  534.37 -214.37 (VIOLATED)
output9649/A                          320.00  534.26 -214.26 (VIOLATED)
output9583/A                          320.00  534.25 -214.25 (VIOLATED)
output9634/A                          320.00  534.22 -214.22 (VIOLATED)
output9654/A                          320.00  534.09 -214.09 (VIOLATED)
place74428/A                          320.00  533.83 -213.83 (VIOLATED)
output9714/A                          320.00  533.82 -213.82 (VIOLATED)
output9574/A                          320.00  533.82 -213.82 (VIOLATED)
output9749/A                          320.00  533.82 -213.82 (VIOLATED)
output9744/A                          320.00  533.81 -213.81 (VIOLATED)
output9765/A                          320.00  533.80 -213.80 (VIOLATED)
output9683/A                          320.00  533.77 -213.77 (VIOLATED)
output9703/A                          320.00  533.59 -213.59 (VIOLATED)
output9803/A                          320.00  533.52 -213.52 (VIOLATED)
place73616/A                          320.00  533.36 -213.36 (VIOLATED)
output9755/A                          320.00  533.31 -213.31 (VIOLATED)
output9665/A                          320.00  533.31 -213.31 (VIOLATED)
_743956_/B                            320.00  533.27 -213.27 (VIOLATED)
output9603/A                          320.00  532.99 -212.99 (VIOLATED)
_480135_/A2                           320.00  532.67 -212.67 (VIOLATED)
place73567/A                          320.00  532.35 -212.35 (VIOLATED)
_751545_/D                            320.00  532.05 -212.05 (VIOLATED)
_751186_/C                            320.00  532.02 -212.02 (VIOLATED)
_758972_/D                            320.00  531.85 -211.85 (VIOLATED)
_482736_/E                            320.00  531.83 -211.83 (VIOLATED)
place73244/A                          320.00  531.68 -211.68 (VIOLATED)
output9874/A                          320.00  531.57 -211.57 (VIOLATED)
output9965/A                          320.00  531.53 -211.53 (VIOLATED)
output9995/A                          320.00  531.51 -211.51 (VIOLATED)
output9845/A                          320.00  531.49 -211.49 (VIOLATED)
_767278_/Y                            320.00  531.43 -211.43 (VIOLATED)
place73568/A                          320.00  531.41 -211.41 (VIOLATED)
_480706_/A                            320.00  531.14 -211.14 (VIOLATED)
_482520_/A                            320.00  531.14 -211.14 (VIOLATED)
_754599_/B                            320.00  531.01 -211.01 (VIOLATED)
_480314_/A                            320.00  530.71 -210.71 (VIOLATED)
_538446_/B                            320.00  530.52 -210.52 (VIOLATED)
_752464_/B                            320.00  529.67 -209.67 (VIOLATED)
_758180_/C                            320.00  529.65 -209.65 (VIOLATED)
in_data_q[88]$_DFFE_PN0P_/QN          320.00  529.11 -209.11 (VIOLATED)
_486256_/A                            320.00  529.05 -209.05 (VIOLATED)
_480073_/B2                           320.00  528.64 -208.64 (VIOLATED)
_479547_/A                            320.00  528.64 -208.64 (VIOLATED)
_479593_/B                            320.00  528.59 -208.59 (VIOLATED)
_747423_/B                            320.00  528.58 -208.58 (VIOLATED)
_754785_/B                            320.00  528.57 -208.57 (VIOLATED)
_751320_/B                            320.00  528.54 -208.54 (VIOLATED)
_755343_/B                            320.00  528.51 -208.51 (VIOLATED)
_751429_/B                            320.00  528.50 -208.50 (VIOLATED)
_745554_/B                            320.00  528.47 -208.47 (VIOLATED)
_749409_/A                            320.00  528.15 -208.15 (VIOLATED)
_482335_/A                            320.00  527.96 -207.96 (VIOLATED)
_482628_/B2                           320.00  527.95 -207.95 (VIOLATED)
_482736_/A                            320.00  527.61 -207.61 (VIOLATED)
_479459_/A                            320.00  527.47 -207.47 (VIOLATED)
wire18495/A                           320.00  527.46 -207.46 (VIOLATED)
_479360_/A                            320.00  527.35 -207.35 (VIOLATED)
_479358_/Y                            320.00  526.84 -206.84 (VIOLATED)
_745731_/B                            320.00  526.80 -206.80 (VIOLATED)
place74377/A                          320.00  526.32 -206.32 (VIOLATED)
in_data_q[29]$_DFFE_PN0P_/QN          320.00  526.27 -206.27 (VIOLATED)
place73847/A                          320.00  524.70 -204.70 (VIOLATED)
_556000_/A1                           320.00  524.26 -204.25 (VIOLATED)
_506046_/A1                           320.00  524.20 -204.20 (VIOLATED)
_554505_/A1                           320.00  524.18 -204.18 (VIOLATED)
_757823_/B                            320.00  524.17 -204.17 (VIOLATED)
_554504_/A                            320.00  524.16 -204.16 (VIOLATED)
_554501_/B                            320.00  524.14 -204.14 (VIOLATED)
_554503_/A1                           320.00  524.08 -204.08 (VIOLATED)
_522575_/A                            320.00  524.05 -204.05 (VIOLATED)
output9786/A                          320.00  524.02 -204.02 (VIOLATED)
output9667/A                          320.00  524.02 -204.02 (VIOLATED)
output9806/A                          320.00  524.01 -204.01 (VIOLATED)
output9646/A                          320.00  524.01 -204.01 (VIOLATED)
output9636/A                          320.00  524.01 -204.01 (VIOLATED)
output9596/A                          320.00  524.01 -204.01 (VIOLATED)
output9616/A                          320.00  524.01 -204.01 (VIOLATED)
_759999_/A1                           320.00  523.97 -203.97 (VIOLATED)
output9716/A                          320.00  523.97 -203.97 (VIOLATED)
output9585/A                          320.00  523.96 -203.96 (VIOLATED)
output9576/A                          320.00  523.96 -203.96 (VIOLATED)
output9696/A                          320.00  523.96 -203.96 (VIOLATED)
output9686/A                          320.00  523.95 -203.95 (VIOLATED)
output9626/A                          320.00  523.95 -203.95 (VIOLATED)
_757308_/A1                           320.00  523.95 -203.95 (VIOLATED)
output9586/A                          320.00  523.95 -203.95 (VIOLATED)
output9606/A                          320.00  523.95 -203.95 (VIOLATED)
output9757/A                          320.00  523.94 -203.94 (VIOLATED)
output9746/A                          320.00  523.92 -203.92 (VIOLATED)
output9785/A                          320.00  523.92 -203.92 (VIOLATED)
output9726/A                          320.00  523.91 -203.91 (VIOLATED)
output9776/A                          320.00  523.90 -203.90 (VIOLATED)
output9816/A                          320.00  523.89 -203.89 (VIOLATED)
output9767/A                          320.00  523.81 -203.81 (VIOLATED)
_759870_/A                            320.00  523.78 -203.78 (VIOLATED)
output9706/A                          320.00  523.75 -203.75 (VIOLATED)
output9567/A                          320.00  523.72 -203.72 (VIOLATED)
_480416_/A1                           320.00  523.70 -203.70 (VIOLATED)
output9736/A                          320.00  523.68 -203.68 (VIOLATED)
output9656/A                          320.00  523.68 -203.68 (VIOLATED)
output9676/A                          320.00  523.68 -203.68 (VIOLATED)
output9685/A                          320.00  523.68 -203.68 (VIOLATED)
output9796/A                          320.00  523.62 -203.62 (VIOLATED)
output9869/A                          320.00  523.62 -203.62 (VIOLATED)
output9979/A                          320.00  523.61 -203.61 (VIOLATED)
output9949/A                          320.00  523.61 -203.61 (VIOLATED)
output9904/A                          320.00  523.61 -203.61 (VIOLATED)
output9888/A                          320.00  523.58 -203.58 (VIOLATED)
output9947/A                          320.00  523.50 -203.50 (VIOLATED)
output9926/A                          320.00  523.49 -203.49 (VIOLATED)
output10007/A                         320.00  523.49 -203.49 (VIOLATED)
output9847/A                          320.00  523.47 -203.47 (VIOLATED)
output9937/A                          320.00  523.47 -203.47 (VIOLATED)
output9916/A                          320.00  523.46 -203.46 (VIOLATED)
output9836/A                          320.00  523.46 -203.46 (VIOLATED)
_486253_/A1                           320.00  523.45 -203.45 (VIOLATED)
output9918/A                          320.00  523.44 -203.44 (VIOLATED)
output9977/A                          320.00  523.44 -203.44 (VIOLATED)
output9838/A                          320.00  523.43 -203.43 (VIOLATED)
_747480_/A                            320.00  523.42 -203.42 (VIOLATED)
output9967/A                          320.00  523.42 -203.42 (VIOLATED)
output9997/A                          320.00  523.38 -203.38 (VIOLATED)
_755850_/A                            320.00  523.36 -203.36 (VIOLATED)
output9886/A                          320.00  523.36 -203.36 (VIOLATED)
output9896/A                          320.00  523.35 -203.35 (VIOLATED)
output9908/A                          320.00  523.33 -203.33 (VIOLATED)
output9867/A                          320.00  523.33 -203.33 (VIOLATED)
output9898/A                          320.00  523.31 -203.31 (VIOLATED)
output9957/A                          320.00  523.30 -203.30 (VIOLATED)
output9826/A                          320.00  523.30 -203.30 (VIOLATED)
in_data_q[68]$_DFFE_PN0P_/QN          320.00  523.30 -203.30 (VIOLATED)
output9876/A                          320.00  523.29 -203.29 (VIOLATED)
output9906/A                          320.00  523.27 -203.27 (VIOLATED)
output9885/A                          320.00  523.27 -203.27 (VIOLATED)
output9857/A                          320.00  523.26 -203.26 (VIOLATED)
output9987/A                          320.00  523.25 -203.25 (VIOLATED)
output9878/A                          320.00  523.20 -203.20 (VIOLATED)
_767285_/Y                            320.00  523.14 -203.14 (VIOLATED)
output9828/A                          320.00  523.12 -203.12 (VIOLATED)
output9849/A                          320.00  523.03 -203.03 (VIOLATED)
place73246/A                          320.00  522.98 -202.98 (VIOLATED)
output9860/A                          320.00  522.85 -202.85 (VIOLATED)
_759996_/B                            320.00  522.77 -202.77 (VIOLATED)
output9989/A                          320.00  522.62 -202.62 (VIOLATED)
_762255_/A1                           320.00  522.42 -202.42 (VIOLATED)
_759992_/A                            320.00  522.30 -202.30 (VIOLATED)
_759993_/A1                           320.00  522.05 -202.05 (VIOLATED)
_759354_/A                            320.00  521.78 -201.78 (VIOLATED)
output9939/A                          320.00  521.56 -201.56 (VIOLATED)
_759486_/A                            320.00  521.50 -201.50 (VIOLATED)
output10000/A                         320.00  521.42 -201.42 (VIOLATED)
output9960/A                          320.00  521.37 -201.37 (VIOLATED)
m_1h[27]$_DFFE_PN0P_/QN               320.00  520.92 -200.92 (VIOLATED)
output9969/A                          320.00  520.87 -200.87 (VIOLATED)
_756252_/A1                           320.00  520.71 -200.71 (VIOLATED)
output9928/A                          320.00  520.33 -200.33 (VIOLATED)
output9588/A                          320.00  519.75 -199.75 (VIOLATED)
output9618/A                          320.00  519.74 -199.74 (VIOLATED)
output9669/A                          320.00  519.74 -199.74 (VIOLATED)
output9778/A                          320.00  519.74 -199.74 (VIOLATED)
output9628/A                          320.00  519.73 -199.73 (VIOLATED)
output9748/A                          320.00  519.72 -199.72 (VIOLATED)
output9788/A                          320.00  519.71 -199.71 (VIOLATED)
output9648/A                          320.00  519.66 -199.66 (VIOLATED)
output9798/A                          320.00  519.51 -199.51 (VIOLATED)
output9688/A                          320.00  519.51 -199.51 (VIOLATED)
output9818/A                          320.00  519.50 -199.50 (VIOLATED)
output9608/A                          320.00  519.49 -199.49 (VIOLATED)
output9708/A                          320.00  519.44 -199.44 (VIOLATED)
output9638/A                          320.00  519.37 -199.37 (VIOLATED)
output9660/A                          320.00  519.35 -199.35 (VIOLATED)
output9698/A                          320.00  519.35 -199.35 (VIOLATED)
output9704/A                          320.00  519.27 -199.27 (VIOLATED)
output9578/A                          320.00  519.20 -199.20 (VIOLATED)
output9569/A                          320.00  519.16 -199.16 (VIOLATED)
place74133/A                          320.00  519.07 -199.07 (VIOLATED)
output9804/A                          320.00  519.01 -199.01 (VIOLATED)
output9808/A                          320.00  519.00 -199.00 (VIOLATED)
output9760/A                          320.00  519.00 -199.00 (VIOLATED)
output9769/A                          320.00  519.00 -199.00 (VIOLATED)
output9604/A                          320.00  518.99 -198.99 (VIOLATED)
output9738/A                          320.00  518.72 -198.72 (VIOLATED)
output9728/A                          320.00  518.61 -198.61 (VIOLATED)
output9718/A                          320.00  518.33 -198.33 (VIOLATED)
output9678/A                          320.00  518.32 -198.32 (VIOLATED)
output9598/A                          320.00  518.22 -198.22 (VIOLATED)
_768723_/A                            320.00  518.12 -198.12 (VIOLATED)
_666134_/B                            320.00  518.11 -198.11 (VIOLATED)
_746391_/B                            320.00  517.90 -197.90 (VIOLATED)
_758561_/A                            320.00  517.69 -197.69 (VIOLATED)
output9750/A                          320.00  517.61 -197.61 (VIOLATED)
_757811_/A                            320.00  517.60 -197.60 (VIOLATED)
_759234_/A1                           320.00  517.58 -197.58 (VIOLATED)
place73614/A                          320.00  517.37 -197.37 (VIOLATED)
place73605/A                          320.00  517.37 -197.37 (VIOLATED)
in_data_q[85]$_DFFE_PN0P_/QN          320.00  516.83 -196.83 (VIOLATED)
_767283_/Y                            320.00  516.32 -196.32 (VIOLATED)
_759742_/A2                           320.00  515.98 -195.98 (VIOLATED)
_544457_/A1                           320.00  515.79 -195.79 (VIOLATED)
_526517_/A1                           320.00  515.71 -195.71 (VIOLATED)
_752459_/A                            320.00  515.68 -195.68 (VIOLATED)
place73860/A                          320.00  515.22 -195.22 (VIOLATED)
in_data_q[67]$_DFFE_PN0P_/QN          320.00  515.19 -195.19 (VIOLATED)
_683663_/A                            320.00  515.10 -195.10 (VIOLATED)
_635147_/A1                           320.00  514.72 -194.72 (VIOLATED)
_711912_/A                            320.00  514.32 -194.32 (VIOLATED)
_640545_/B                            320.00  513.88 -193.88 (VIOLATED)
_745506_/B                            320.00  513.55 -193.55 (VIOLATED)
_756109_/A                            320.00  512.98 -192.98 (VIOLATED)
_554499_/A1                           320.00  512.82 -192.82 (VIOLATED)
_490839_/A1                           320.00  512.73 -192.73 (VIOLATED)
_750157_/A                            320.00  512.55 -192.55 (VIOLATED)
_747536_/A                            320.00  512.34 -192.34 (VIOLATED)
place74128/A                          320.00  512.02 -192.02 (VIOLATED)
a_sym[7][3]$_DFFE_PN0P_/QN            320.00  511.61 -191.61 (VIOLATED)
_760276_/B                            320.00  511.07 -191.07 (VIOLATED)
_758276_/B                            320.00  510.87 -190.87 (VIOLATED)
output9779/A                          320.00  509.62 -189.62 (VIOLATED)
output9599/A                          320.00  509.62 -189.62 (VIOLATED)
output9589/A                          320.00  509.62 -189.62 (VIOLATED)
output9719/A                          320.00  509.61 -189.61 (VIOLATED)
output9570/A                          320.00  509.60 -189.60 (VIOLATED)
output9813/A                          320.00  509.60 -189.60 (VIOLATED)
output9809/A                          320.00  509.54 -189.54 (VIOLATED)
output9679/A                          320.00  509.48 -189.48 (VIOLATED)
output9770/A                          320.00  509.47 -189.47 (VIOLATED)
output9799/A                          320.00  509.45 -189.45 (VIOLATED)
output9699/A                          320.00  509.44 -189.44 (VIOLATED)
output9689/A                          320.00  509.43 -189.43 (VIOLATED)
output9619/A                          320.00  509.43 -189.43 (VIOLATED)
output9661/A                          320.00  509.42 -189.42 (VIOLATED)
output9609/A                          320.00  509.38 -189.38 (VIOLATED)
output9613/A                          320.00  509.35 -189.35 (VIOLATED)
output9751/A                          320.00  509.35 -189.35 (VIOLATED)
output9739/A                          320.00  509.34 -189.34 (VIOLATED)
output9713/A                          320.00  509.32 -189.32 (VIOLATED)
output9650/A                          320.00  509.20 -189.20 (VIOLATED)
output9579/A                          320.00  509.10 -189.10 (VIOLATED)
output9729/A                          320.00  509.04 -189.04 (VIOLATED)
output9670/A                          320.00  509.03 -189.03 (VIOLATED)
output9789/A                          320.00  508.89 -188.89 (VIOLATED)
output9761/A                          320.00  508.87 -188.87 (VIOLATED)
output9709/A                          320.00  508.77 -188.77 (VIOLATED)
output9639/A                          320.00  508.77 -188.77 (VIOLATED)
output9819/A                          320.00  508.76 -188.76 (VIOLATED)
output9629/A                          320.00  508.75 -188.75 (VIOLATED)
in_data_q[47]$_DFFE_PN0P_/QN          320.00  508.60 -188.60 (VIOLATED)
output9841/A                          320.00  508.02 -188.02 (VIOLATED)
output9851/A                          320.00  508.02 -188.02 (VIOLATED)
output9889/A                          320.00  508.02 -188.02 (VIOLATED)
output9829/A                          320.00  508.02 -188.02 (VIOLATED)
output9870/A                          320.00  508.01 -188.01 (VIOLATED)
output9839/A                          320.00  508.01 -188.01 (VIOLATED)
output9991/A                          320.00  507.98 -187.98 (VIOLATED)
output9909/A                          320.00  507.94 -187.94 (VIOLATED)
output10001/A                         320.00  507.94 -187.94 (VIOLATED)
output9879/A                          320.00  507.93 -187.93 (VIOLATED)
output9929/A                          320.00  507.90 -187.90 (VIOLATED)
output9940/A                          320.00  507.89 -187.89 (VIOLATED)
output9970/A                          320.00  507.89 -187.89 (VIOLATED)
output9861/A                          320.00  507.87 -187.87 (VIOLATED)
output9951/A                          320.00  507.84 -187.84 (VIOLATED)
output9919/A                          320.00  507.80 -187.80 (VIOLATED)
output9913/A                          320.00  507.77 -187.77 (VIOLATED)
output9961/A                          320.00  507.75 -187.75 (VIOLATED)
output9899/A                          320.00  507.73 -187.73 (VIOLATED)
output9980/A                          320.00  507.73 -187.73 (VIOLATED)
_480301_/B                            320.00  507.68 -187.68 (VIOLATED)
_480246_/C                            320.00  507.67 -187.67 (VIOLATED)
_480210_/A                            320.00  507.65 -187.65 (VIOLATED)
_767282_/Y                            320.00  507.64 -187.64 (VIOLATED)
_480022_/B                            320.00  507.60 -187.60 (VIOLATED)
_480466_/B                            320.00  507.53 -187.53 (VIOLATED)
_480431_/C                            320.00  507.39 -187.39 (VIOLATED)
_480216_/A                            320.00  507.21 -187.21 (VIOLATED)
_480363_/C                            320.00  506.98 -186.98 (VIOLATED)
_480541_/C                            320.00  506.92 -186.92 (VIOLATED)
_479987_/A                            320.00  506.90 -186.90 (VIOLATED)
_480550_/C                            320.00  506.74 -186.74 (VIOLATED)
_753604_/A                            320.00  506.34 -186.34 (VIOLATED)
place73840/A                          320.00  505.66 -185.66 (VIOLATED)
_744615_/B                            320.00  505.57 -185.57 (VIOLATED)
place75104/A                          320.00  505.50 -185.50 (VIOLATED)
place75097/A                          320.00  505.16 -185.16 (VIOLATED)
place73604/A                          320.00  504.52 -184.52 (VIOLATED)
place73595/A                          320.00  504.50 -184.50 (VIOLATED)
_480863_/B                            320.00  503.40 -183.40 (VIOLATED)
_480337_/A1                           320.00  503.37 -183.37 (VIOLATED)
_480303_/A2                           320.00  503.33 -183.33 (VIOLATED)
_745482_/B                            320.00  503.33 -183.33 (VIOLATED)
_480366_/A1                           320.00  503.21 -183.21 (VIOLATED)
_480774_/A1                           320.00  503.13 -183.13 (VIOLATED)
_480212_/C                            320.00  502.97 -182.97 (VIOLATED)
_480278_/A2                           320.00  502.93 -182.93 (VIOLATED)
_480387_/B                            320.00  502.79 -182.79 (VIOLATED)
_480378_/A3                           320.00  502.70 -182.70 (VIOLATED)
_480238_/D                            320.00  502.60 -182.60 (VIOLATED)
place73884/A                          320.00  502.54 -182.54 (VIOLATED)
_480166_/C                            320.00  502.48 -182.48 (VIOLATED)
in_data_q[65]$_DFFE_PN0P_/QN          320.00  502.45 -182.45 (VIOLATED)
_480202_/A2                           320.00  502.22 -182.22 (VIOLATED)
_480616_/D                            320.00  502.19 -182.19 (VIOLATED)
_479991_/A                            320.00  501.97 -181.97 (VIOLATED)
_860351_/B                            320.00  501.90 -181.90 (VIOLATED)
_480099_/A                            320.00  501.88 -181.88 (VIOLATED)
place73832/A                          320.00  501.64 -181.64 (VIOLATED)
_480010_/A                            320.00  501.60 -181.60 (VIOLATED)
_480027_/A1                           320.00  501.11 -181.11 (VIOLATED)
_480069_/A2                           320.00  501.10 -181.10 (VIOLATED)
_480218_/B                            320.00  501.02 -181.02 (VIOLATED)
_521815_/A                            320.00  500.91 -180.91 (VIOLATED)
_750464_/A                            320.00  500.60 -180.60 (VIOLATED)
_480190_/A3                           320.00  500.58 -180.58 (VIOLATED)
_480048_/A1                           320.00  500.58 -180.58 (VIOLATED)
_480133_/A2                           320.00  500.48 -180.48 (VIOLATED)
_745255_/B                            320.00  500.45 -180.45 (VIOLATED)
_860350_/B                            320.00  500.44 -180.44 (VIOLATED)
_480315_/B                            320.00  500.44 -180.44 (VIOLATED)
tlo_f[1]$_DFFE_PN0P_/QN               320.00  500.43 -180.43 (VIOLATED)
_736866_/A                            320.00  500.31 -180.31 (VIOLATED)
_745286_/B                            320.00  500.30 -180.30 (VIOLATED)
place74435/A                          320.00  500.19 -180.19 (VIOLATED)
in_data_q[24]$_DFFE_PN0P_/QN          320.00  500.11 -180.11 (VIOLATED)
_745595_/B                            320.00  499.70 -179.70 (VIOLATED)
_745463_/B                            320.00  499.20 -179.20 (VIOLATED)
_746494_/B                            320.00  498.34 -178.34 (VIOLATED)
place73594/A                          320.00  498.28 -178.28 (VIOLATED)
_844250_/B                            320.00  497.95 -177.95 (VIOLATED)
_754333_/A1                           320.00  497.62 -177.62 (VIOLATED)
_758434_/A                            320.00  497.54 -177.54 (VIOLATED)
place74620/A                          320.00  497.47 -177.47 (VIOLATED)
_787662_/A1                           320.00  497.34 -177.34 (VIOLATED)
_787588_/A                            320.00  497.34 -177.34 (VIOLATED)
_787661_/A                            320.00  497.31 -177.31 (VIOLATED)
_787591_/A                            320.00  497.28 -177.28 (VIOLATED)
_787589_/A1                           320.00  497.27 -177.27 (VIOLATED)
in_data_q[69]$_DFFE_PN0P_/QN          320.00  497.23 -177.23 (VIOLATED)
_745432_/B                            320.00  497.19 -177.19 (VIOLATED)
_787592_/A1                           320.00  497.03 -177.03 (VIOLATED)
in_data_q[86]$_DFFE_PN0P_/QN          320.00  496.72 -176.72 (VIOLATED)
_787668_/A                            320.00  496.04 -176.04 (VIOLATED)
_787669_/A1                           320.00  495.91 -175.91 (VIOLATED)
_787598_/A                            320.00  495.56 -175.56 (VIOLATED)
place73591/A                          320.00  495.43 -175.43 (VIOLATED)
_634079_/A                            320.00  495.17 -175.17 (VIOLATED)
_744241_/B                            320.00  495.15 -175.15 (VIOLATED)
_787596_/A1                           320.00  495.07 -175.07 (VIOLATED)
_787599_/A1                           320.00  495.02 -175.02 (VIOLATED)
_787595_/A                            320.00  494.96 -174.96 (VIOLATED)
place74625/A                          320.00  494.62 -174.62 (VIOLATED)
output9954/A                          320.00  494.57 -174.57 (VIOLATED)
output9994/A                          320.00  494.56 -174.56 (VIOLATED)
output9882/A                          320.00  494.56 -174.56 (VIOLATED)
output9923/A                          320.00  494.56 -174.56 (VIOLATED)
place73564/A                          320.00  494.53 -174.53 (VIOLATED)
output9934/A                          320.00  494.52 -174.52 (VIOLATED)
output9944/A                          320.00  494.48 -174.48 (VIOLATED)
_528260_/A                            320.00  494.44 -174.44 (VIOLATED)
output9854/A                          320.00  494.43 -174.43 (VIOLATED)
place73555/A                          320.00  494.42 -174.42 (VIOLATED)
output9892/A                          320.00  494.38 -174.38 (VIOLATED)
output9941/A                          320.00  494.36 -174.36 (VIOLATED)
_760523_/A                            320.00  494.34 -174.34 (VIOLATED)
output10004/A                         320.00  494.30 -174.30 (VIOLATED)
place73581/A                          320.00  494.27 -174.27 (VIOLATED)
output9981/A                          320.00  494.18 -174.18 (VIOLATED)
output9984/A                          320.00  494.17 -174.17 (VIOLATED)
_754318_/A1                           320.00  494.10 -174.10 (VIOLATED)
output9912/A                          320.00  494.03 -174.03 (VIOLATED)
output9844/A                          320.00  494.02 -174.02 (VIOLATED)
output9873/A                          320.00  493.95 -173.95 (VIOLATED)
output9840/A                          320.00  493.83 -173.83 (VIOLATED)
in_data_q[151]$_DFFE_PN0P_/QN         320.00  493.77 -173.77 (VIOLATED)
output9964/A                          320.00  493.73 -173.73 (VIOLATED)
output9864/A                          320.00  493.55 -173.55 (VIOLATED)
_759614_/A                            320.00  493.53 -173.53 (VIOLATED)
_754965_/A                            320.00  493.24 -173.24 (VIOLATED)
output9833/A                          320.00  493.15 -173.15 (VIOLATED)
output9974/A                          320.00  492.91 -172.91 (VIOLATED)
_611863_/B                            320.00  492.78 -172.78 (VIOLATED)
_480675_/A                            320.00  492.57 -172.57 (VIOLATED)
_480677_/A                            320.00  492.56 -172.56 (VIOLATED)
_480676_/B                            320.00  492.56 -172.56 (VIOLATED)
_480692_/A                            320.00  492.55 -172.55 (VIOLATED)
_480643_/A                            320.00  492.54 -172.54 (VIOLATED)
_480667_/A                            320.00  492.53 -172.53 (VIOLATED)
_479891_/A                            320.00  492.52 -172.52 (VIOLATED)
output9902/A                          320.00  492.52 -172.52 (VIOLATED)
_480647_/A                            320.00  492.51 -172.51 (VIOLATED)
_479931_/A                            320.00  492.49 -172.49 (VIOLATED)
_479895_/A                            320.00  492.45 -172.45 (VIOLATED)
_479921_/A                            320.00  492.45 -172.45 (VIOLATED)
_479887_/A1                           320.00  492.41 -172.41 (VIOLATED)
_479924_/A                            320.00  492.40 -172.40 (VIOLATED)
_479904_/A1                           320.00  492.39 -172.39 (VIOLATED)
_479935_/A                            320.00  492.31 -172.31 (VIOLATED)
_745285_/B                            320.00  492.30 -172.30 (VIOLATED)
_479882_/A                            320.00  492.29 -172.29 (VIOLATED)
ymod_f[2]$_DFFE_PN0P_/QN              320.00  492.27 -172.27 (VIOLATED)
_750694_/C                            320.00  492.13 -172.13 (VIOLATED)
output9723/A                          320.00  491.88 -171.88 (VIOLATED)
output9692/A                          320.00  491.81 -171.81 (VIOLATED)
_754955_/A                            320.00  491.75 -171.75 (VIOLATED)
output9740/A                          320.00  491.74 -171.74 (VIOLATED)
output9682/A                          320.00  491.74 -171.74 (VIOLATED)
_666140_/B                            320.00  491.68 -171.68 (VIOLATED)
output9592/A                          320.00  491.68 -171.68 (VIOLATED)
output9582/A                          320.00  491.68 -171.68 (VIOLATED)
output9573/A                          320.00  491.67 -171.67 (VIOLATED)
output9773/A                          320.00  491.66 -171.66 (VIOLATED)
output9612/A                          320.00  491.65 -171.65 (VIOLATED)
output9733/A                          320.00  491.64 -171.64 (VIOLATED)
output9764/A                          320.00  491.63 -171.63 (VIOLATED)
output9664/A                          320.00  491.63 -171.63 (VIOLATED)
output9712/A                          320.00  491.63 -171.63 (VIOLATED)
output9653/A                          320.00  491.61 -171.61 (VIOLATED)
output9602/A                          320.00  491.61 -171.61 (VIOLATED)
output9643/A                          320.00  491.60 -171.60 (VIOLATED)
output9623/A                          320.00  491.59 -171.59 (VIOLATED)
output9633/A                          320.00  491.57 -171.57 (VIOLATED)
output9823/A                          320.00  491.54 -171.54 (VIOLATED)
output9782/A                          320.00  491.42 -171.42 (VIOLATED)
output9743/A                          320.00  491.42 -171.42 (VIOLATED)
output9754/A                          320.00  491.42 -171.42 (VIOLATED)
output9792/A                          320.00  491.41 -171.41 (VIOLATED)
output9702/A                          320.00  491.41 -171.41 (VIOLATED)
_745462_/B                            320.00  491.37 -171.37 (VIOLATED)
output9640/A                          320.00  491.37 -171.37 (VIOLATED)
output9812/A                          320.00  491.32 -171.32 (VIOLATED)
output9673/A                          320.00  491.29 -171.29 (VIOLATED)
output9802/A                          320.00  491.25 -171.25 (VIOLATED)
_767279_/Y                            320.00  490.65 -170.65 (VIOLATED)
_763097_/B                            320.00  490.57 -170.57 (VIOLATED)
place74538/A                          320.00  490.44 -170.44 (VIOLATED)
in_data_q[87]$_DFFE_PN0P_/QN          320.00  490.21 -170.21 (VIOLATED)
place73554/A                          320.00  489.66 -169.66 (VIOLATED)
_764246_/A1                           320.00  489.65 -169.65 (VIOLATED)
_764245_/A                            320.00  489.21 -169.21 (VIOLATED)
rdata_q[6936]$_DFFE_PP_/QN            320.00  489.09 -169.09 (VIOLATED)
_742390_/B                            320.00  488.90 -168.90 (VIOLATED)
place75096/A                          320.00  488.57 -168.57 (VIOLATED)
place73553/A                          320.00  488.30 -168.30 (VIOLATED)
place74512/A                          320.00  488.25 -168.25 (VIOLATED)
part_q[36][14]$_DFFE_PP_/QN           320.00  488.10 -168.10 (VIOLATED)
_744140_/B                            320.00  488.07 -168.07 (VIOLATED)
_764243_/A                            320.00  487.99 -167.99 (VIOLATED)
_775903_/A                            320.00  487.97 -167.97 (VIOLATED)
_763460_/A                            320.00  487.93 -167.93 (VIOLATED)
_764244_/A1                           320.00  487.89 -167.89 (VIOLATED)
in_data_q[89]$_DFFE_PN0P_/QN          320.00  487.80 -167.80 (VIOLATED)
_763463_/A1                           320.00  487.72 -167.72 (VIOLATED)
place73869/A                          320.00  487.65 -167.65 (VIOLATED)
in_data_q[114]$_DFFE_PN0P_/QN         320.00  487.60 -167.60 (VIOLATED)
_746370_/B                            320.00  487.38 -167.38 (VIOLATED)
place74250/A                          320.00  487.21 -167.21 (VIOLATED)
_736892_/A                            320.00  486.98 -166.98 (VIOLATED)
_743941_/B                            320.00  486.62 -166.62 (VIOLATED)
place75135/A                          320.00  486.26 -166.26 (VIOLATED)
place74192/A                          320.00  486.16 -166.16 (VIOLATED)
_743936_/B                            320.00  486.10 -166.10 (VIOLATED)
_744568_/B                            320.00  485.77 -165.77 (VIOLATED)
output9952/A                          320.00  484.11 -164.11 (VIOLATED)
output9962/A                          320.00  484.11 -164.11 (VIOLATED)
output9971/A                          320.00  484.11 -164.11 (VIOLATED)
output9842/A                          320.00  484.10 -164.10 (VIOLATED)
output9942/A                          320.00  484.10 -164.10 (VIOLATED)
output9930/A                          320.00  484.09 -164.09 (VIOLATED)
output9762/A                          320.00  484.07 -164.07 (VIOLATED)
output9830/A                          320.00  484.07 -164.07 (VIOLATED)
output9982/A                          320.00  484.07 -164.07 (VIOLATED)
output10002/A                         320.00  484.06 -164.06 (VIOLATED)
output9890/A                          320.00  484.06 -164.06 (VIOLATED)
output9862/A                          320.00  484.06 -164.06 (VIOLATED)
output9910/A                          320.00  484.06 -164.06 (VIOLATED)
_746497_/B                            320.00  483.97 -163.97 (VIOLATED)
output9992/A                          320.00  483.95 -163.95 (VIOLATED)
_745258_/B                            320.00  483.95 -163.95 (VIOLATED)
output9820/A                          320.00  483.94 -163.94 (VIOLATED)
output9900/A                          320.00  483.79 -163.79 (VIOLATED)
output9920/A                          320.00  483.75 -163.75 (VIOLATED)
_786204_/A                            320.00  483.72 -163.72 (VIOLATED)
place68206/A                          320.00  483.64 -163.64 (VIOLATED)
output9780/A                          320.00  483.40 -163.40 (VIOLATED)
output9922/A                          320.00  483.36 -163.36 (VIOLATED)
output9790/A                          320.00  483.36 -163.36 (VIOLATED)
output9880/A                          320.00  483.30 -163.30 (VIOLATED)
_764249_/A1                           320.00  483.28 -163.28 (VIOLATED)
output9871/A                          320.00  483.28 -163.28 (VIOLATED)
output9852/A                          320.00  483.28 -163.28 (VIOLATED)
output9800/A                          320.00  483.20 -163.20 (VIOLATED)
output9571/A                          320.00  483.20 -163.20 (VIOLATED)
output9752/A                          320.00  483.20 -163.20 (VIOLATED)
output9720/A                          320.00  483.20 -163.20 (VIOLATED)
output9610/A                          320.00  483.19 -163.19 (VIOLATED)
output9690/A                          320.00  483.19 -163.19 (VIOLATED)
output9590/A                          320.00  483.19 -163.19 (VIOLATED)
output9932/A                          320.00  483.19 -163.19 (VIOLATED)
output9810/A                          320.00  483.19 -163.19 (VIOLATED)
output9600/A                          320.00  483.19 -163.19 (VIOLATED)
output9741/A                          320.00  483.19 -163.19 (VIOLATED)
output9662/A                          320.00  483.19 -163.19 (VIOLATED)
output9651/A                          320.00  483.18 -163.18 (VIOLATED)
output9771/A                          320.00  483.16 -163.16 (VIOLATED)
output9710/A                          320.00  483.16 -163.16 (VIOLATED)
output9630/A                          320.00  483.15 -163.15 (VIOLATED)
output9722/A                          320.00  483.13 -163.13 (VIOLATED)
output9822/A                          320.00  483.11 -163.11 (VIOLATED)
output9730/A                          320.00  483.11 -163.11 (VIOLATED)
output9622/A                          320.00  483.09 -163.09 (VIOLATED)
output9580/A                          320.00  483.03 -163.03 (VIOLATED)
output9641/A                          320.00  483.02 -163.02 (VIOLATED)
output9671/A                          320.00  483.01 -163.01 (VIOLATED)
output9620/A                          320.00  483.00 -163.00 (VIOLATED)
output9700/A                          320.00  482.99 -162.99 (VIOLATED)
output9680/A                          320.00  482.99 -162.99 (VIOLATED)
_767281_/Y                            320.00  482.85 -162.85 (VIOLATED)
_740110_/B                            320.00  482.29 -162.29 (VIOLATED)
place74772/A                          320.00  482.28 -162.28 (VIOLATED)
_764248_/A                            320.00  482.20 -162.20 (VIOLATED)
_540283_/A                            320.00  481.71 -161.71 (VIOLATED)
_768881_/A                            320.00  481.59 -161.59 (VIOLATED)
_768661_/A                            320.00  481.54 -161.54 (VIOLATED)
place83520/A                          320.00  481.48 -161.48 (VIOLATED)
_682922_/A                            320.00  481.43 -161.43 (VIOLATED)
_756574_/A                            320.00  481.36 -161.36 (VIOLATED)
_763466_/A                            320.00  481.25 -161.25 (VIOLATED)
_745435_/B                            320.00  481.22 -161.22 (VIOLATED)
place74705/A                          320.00  481.21 -161.21 (VIOLATED)
_745398_/B                            320.00  481.18 -161.18 (VIOLATED)
_751052_/A                            320.00  481.04 -161.04 (VIOLATED)
_753068_/A                            320.00  481.01 -161.01 (VIOLATED)
_749432_/A                            320.00  480.64 -160.64 (VIOLATED)
_868158_/A                            320.00  480.51 -160.51 (VIOLATED)
_764250_/A                            320.00  480.45 -160.45 (VIOLATED)
place74698/A                          320.00  480.43 -160.43 (VIOLATED)
_764251_/A1                           320.00  479.62 -159.62 (VIOLATED)
_737786_/B                            320.00  479.53 -159.53 (VIOLATED)
_737282_/B                            320.00  479.50 -159.50 (VIOLATED)
place74516/A                          320.00  479.34 -159.34 (VIOLATED)
out_pix_data[69]$_DFFE_PN0P_/RESETN   320.00  479.22 -159.22 (VIOLATED)
in_data_q[18]$_DFFE_PN0P_/QN          320.00  479.12 -159.12 (VIOLATED)
_743290_/A                            320.00  478.66 -158.66 (VIOLATED)
_743446_/A                            320.00  478.61 -158.61 (VIOLATED)
_737609_/B                            320.00  478.49 -158.49 (VIOLATED)
_743315_/A                            320.00  478.47 -158.47 (VIOLATED)
in_data_q[145]$_DFFE_PN0P_/QN         320.00  478.40 -158.40 (VIOLATED)
_743296_/A                            320.00  478.25 -158.25 (VIOLATED)
_763467_/A1                           320.00  478.16 -158.16 (VIOLATED)
_745542_/B                            320.00  478.09 -158.09 (VIOLATED)
_743308_/A                            320.00  478.05 -158.05 (VIOLATED)
_743299_/A                            320.00  478.01 -158.01 (VIOLATED)
place75140/A                          320.00  477.81 -157.81 (VIOLATED)
_743326_/A                            320.00  477.80 -157.80 (VIOLATED)
_748540_/C                            320.00  477.70 -157.70 (VIOLATED)
_745719_/B                            320.00  477.34 -157.34 (VIOLATED)
_743344_/A                            320.00  477.03 -157.03 (VIOLATED)
in_data_q[112]$_DFFE_PN0P_/RESETN     320.00  476.96 -156.96 (VIOLATED)
_743325_/A                            320.00  476.89 -156.89 (VIOLATED)
in_data_q[111]$_DFFE_PN0P_/RESETN     320.00  476.75 -156.75 (VIOLATED)
_743292_/A                            320.00  476.73 -156.73 (VIOLATED)
_737963_/B                            320.00  476.49 -156.49 (VIOLATED)
in_data_q[90]$_DFFE_PN0P_/RESETN      320.00  476.42 -156.42 (VIOLATED)
place83509/A                          320.00  476.34 -156.34 (VIOLATED)
in_data_q[71]$_DFFE_PN0P_/RESETN      320.00  476.23 -156.23 (VIOLATED)
_743317_/A                            320.00  475.92 -155.92 (VIOLATED)
_743440_/A                            320.00  475.72 -155.72 (VIOLATED)
place74624/A                          320.00  475.70 -155.70 (VIOLATED)
_743302_/A                            320.00  475.69 -155.69 (VIOLATED)
_743363_/A                            320.00  475.61 -155.61 (VIOLATED)
in_data_q[98]$_DFFE_PN0P_/RESETN      320.00  475.58 -155.58 (VIOLATED)
_741178_/B                            320.00  475.27 -155.27 (VIOLATED)
in_data_q[111]$_DFFE_PN0P_/QN         320.00  475.19 -155.19 (VIOLATED)
_743443_/A                            320.00  475.17 -155.17 (VIOLATED)
in_data_q[94]$_DFFE_PN0P_/RESETN      320.00  474.82 -154.82 (VIOLATED)
_762264_/A2                           320.00  474.73 -154.73 (VIOLATED)
_763437_/A1                           320.00  474.73 -154.73 (VIOLATED)
_743450_/A                            320.00  474.58 -154.58 (VIOLATED)
_738140_/B                            320.00  474.44 -154.44 (VIOLATED)
_743451_/A                            320.00  473.92 -153.92 (VIOLATED)
in_data_q[138]$_DFFE_PN0P_/RESETN     320.00  473.73 -153.73 (VIOLATED)
place75241/A                          320.00  473.61 -153.61 (VIOLATED)
_754370_/B1                           320.00  472.53 -152.53 (VIOLATED)
_788013_/A                            320.00  472.45 -152.45 (VIOLATED)
oskid_d[80]$_DFFE_PN0P_/RESETN        320.00  471.91 -151.91 (VIOLATED)
_743382_/A                            320.00  471.73 -151.73 (VIOLATED)
part_q[36][13]$_DFFE_PP_/QN           320.00  471.67 -151.67 (VIOLATED)
_764237_/A                            320.00  471.66 -151.66 (VIOLATED)
oskid_d[83]$_DFFE_PN0P_/RESETN        320.00  471.53 -151.53 (VIOLATED)
oskid_d[82]$_DFFE_PN0P_/RESETN        320.00  471.49 -151.49 (VIOLATED)
in_data_q[76]$_DFFE_PN0P_/RESETN      320.00  471.47 -151.47 (VIOLATED)
in_data_q[78]$_DFFE_PN0P_/RESETN      320.00  471.46 -151.46 (VIOLATED)
place71931/A                          320.00  471.43 -151.43 (VIOLATED)
out_pix_data[82]$_DFFE_PN0P_/RESETN   320.00  471.36 -151.36 (VIOLATED)
oskid_d[85]$_DFFE_PN0P_/RESETN        320.00  471.33 -151.33 (VIOLATED)
out_pix_data[83]$_DFFE_PN0P_/RESETN   320.00  471.30 -151.30 (VIOLATED)
out_pix_data[80]$_DFFE_PN0P_/RESETN   320.00  471.18 -151.18 (VIOLATED)
out_pix_data[85]$_DFFE_PN0P_/RESETN   320.00  470.97 -150.97 (VIOLATED)
in_data_q[134]$_DFFE_PN0P_/RESETN     320.00  470.65 -150.65 (VIOLATED)
_743303_/A                            320.00  470.62 -150.62 (VIOLATED)
out_pix_data[87]$_DFFE_PN0P_/RESETN   320.00  470.61 -150.61 (VIOLATED)
in_data_q[114]$_DFFE_PN0P_/RESETN     320.00  470.57 -150.57 (VIOLATED)
oskid_d[87]$_DFFE_PN0P_/RESETN        320.00  470.53 -150.53 (VIOLATED)
_764238_/A1                           320.00  470.52 -150.52 (VIOLATED)
out_pix_data[81]$_DFFE_PN0P_/RESETN   320.00  470.52 -150.52 (VIOLATED)
_743385_/A                            320.00  470.40 -150.40 (VIOLATED)
_743431_/A                            320.00  470.39 -150.39 (VIOLATED)
_743435_/A                            320.00  470.39 -150.39 (VIOLATED)
_743447_/A                            320.00  470.35 -150.35 (VIOLATED)
place71993/A                          320.00  470.35 -150.35 (VIOLATED)
in_data_q[135]$_DFFE_PN0P_/RESETN     320.00  470.26 -150.26 (VIOLATED)
in_data_q[17]$_DFFE_PN0P_/RESETN      320.00  470.19 -150.19 (VIOLATED)
_743449_/A                            320.00  470.18 -150.18 (VIOLATED)
_743351_/A                            320.00  470.09 -150.09 (VIOLATED)
_743433_/A                            320.00  469.84 -149.84 (VIOLATED)
out_pix_data[84]$_DFFE_PN0P_/RESETN   320.00  469.75 -149.75 (VIOLATED)
_768876_/A                            320.00  469.69 -149.69 (VIOLATED)
in_data_q[133]$_DFFE_PN0P_/RESETN     320.00  469.64 -149.64 (VIOLATED)
oskid_d[84]$_DFFE_PN0P_/RESETN        320.00  469.60 -149.60 (VIOLATED)
out_pix_data[60]$_DFFE_PN0P_/RESETN   320.00  469.57 -149.57 (VIOLATED)
_764240_/A1                           320.00  469.37 -149.37 (VIOLATED)
_743448_/A                            320.00  469.32 -149.32 (VIOLATED)
oskid_d[81]$_DFFE_PN0P_/RESETN        320.00  469.27 -149.27 (VIOLATED)
oskid_d[47]$_DFFE_PN0P_/RESETN        320.00  469.11 -149.11 (VIOLATED)
oskid_d[49]$_DFFE_PN0P_/RESETN        320.00  469.10 -149.10 (VIOLATED)
_764239_/A                            320.00  469.06 -149.06 (VIOLATED)
oskid_d[48]$_DFFE_PN0P_/RESETN        320.00  469.02 -149.02 (VIOLATED)
place73827/A                          320.00  469.02 -149.02 (VIOLATED)
oskid_d[40]$_DFFE_PN0P_/RESETN        320.00  468.94 -148.94 (VIOLATED)
oskid_d[41]$_DFFE_PN0P_/RESETN        320.00  468.82 -148.82 (VIOLATED)
_743436_/A                            320.00  468.68 -148.68 (VIOLATED)
oskid_d[89]$_DFFE_PN0P_/RESETN        320.00  468.64 -148.64 (VIOLATED)
in_data_q[132]$_DFFE_PN0P_/RESETN     320.00  468.52 -148.52 (VIOLATED)
place73281/A                          320.00  467.81 -147.81 (VIOLATED)
place74440/A                          320.00  467.72 -147.72 (VIOLATED)
in_data_q[137]$_DFFE_PN0P_/RESETN     320.00  467.36 -147.36 (VIOLATED)
out_pix_data[89]$_DFFE_PN0P_/RESETN   320.00  467.34 -147.34 (VIOLATED)
_743384_/A                            320.00  467.29 -147.29 (VIOLATED)
_763436_/A                            320.00  467.25 -147.25 (VIOLATED)
in_data_q[7]$_DFFE_PN0P_/RESETN       320.00  467.24 -147.24 (VIOLATED)
_743374_/A                            320.00  467.09 -147.09 (VIOLATED)
_757819_/A1                           320.00  467.01 -147.01 (VIOLATED)
_749648_/A                            320.00  466.87 -146.87 (VIOLATED)
_757988_/A1                           320.00  466.82 -146.82 (VIOLATED)
_754527_/A1                           320.00  466.77 -146.77 (VIOLATED)
_754811_/B2                           320.00  466.76 -146.76 (VIOLATED)
_755670_/B3                           320.00  466.75 -146.75 (VIOLATED)
_757464_/C2                           320.00  466.74 -146.74 (VIOLATED)
_757478_/A1                           320.00  466.72 -146.72 (VIOLATED)
_757266_/C2                           320.00  466.72 -146.72 (VIOLATED)
output9784/A                          320.00  466.67 -146.67 (VIOLATED)
output9655/A                          320.00  466.67 -146.67 (VIOLATED)
output9658/A                          320.00  466.66 -146.66 (VIOLATED)
output9875/A                          320.00  466.66 -146.66 (VIOLATED)
output9986/A                          320.00  466.66 -146.66 (VIOLATED)
output9946/A                          320.00  466.66 -146.66 (VIOLATED)
output9936/A                          320.00  466.66 -146.66 (VIOLATED)
output9835/A                          320.00  466.66 -146.66 (VIOLATED)
output9866/A                          320.00  466.66 -146.66 (VIOLATED)
output9884/A                          320.00  466.66 -146.66 (VIOLATED)
output9846/A                          320.00  466.65 -146.65 (VIOLATED)
output9999/A                          320.00  466.65 -146.65 (VIOLATED)
output9956/A                          320.00  466.65 -146.65 (VIOLATED)
output9915/A                          320.00  466.65 -146.65 (VIOLATED)
_757465_/A1                           320.00  466.63 -146.63 (VIOLATED)
output9645/A                          320.00  466.62 -146.62 (VIOLATED)
output9905/A                          320.00  466.61 -146.61 (VIOLATED)
output9976/A                          320.00  466.60 -146.60 (VIOLATED)
output9859/A                          320.00  466.53 -146.53 (VIOLATED)
output9805/A                          320.00  466.53 -146.53 (VIOLATED)
_754079_/A                            320.00  466.52 -146.52 (VIOLATED)
output9996/A                          320.00  466.52 -146.52 (VIOLATED)
in_data_q[141]$_DFFE_PN0P_/RESETN     320.00  466.49 -146.49 (VIOLATED)
output9856/A                          320.00  466.49 -146.49 (VIOLATED)
output9725/A                          320.00  466.48 -146.48 (VIOLATED)
output9605/A                          320.00  466.48 -146.48 (VIOLATED)
output9715/A                          320.00  466.48 -146.48 (VIOLATED)
_753415_/B2                           320.00  466.48 -146.48 (VIOLATED)
output9625/A                          320.00  466.48 -146.48 (VIOLATED)
output9594/A                          320.00  466.48 -146.48 (VIOLATED)
output9794/A                          320.00  466.47 -146.47 (VIOLATED)
output9675/A                          320.00  466.47 -146.47 (VIOLATED)
output9756/A                          320.00  466.47 -146.47 (VIOLATED)
output9966/A                          320.00  466.47 -146.47 (VIOLATED)
output9759/A                          320.00  466.47 -146.47 (VIOLATED)
output9635/A                          320.00  466.46 -146.46 (VIOLATED)
output9894/A                          320.00  466.46 -146.46 (VIOLATED)
output9825/A                          320.00  466.46 -146.46 (VIOLATED)
output9959/A                          320.00  466.46 -146.46 (VIOLATED)
output10006/A                         320.00  466.46 -146.46 (VIOLATED)
output9705/A                          320.00  466.46 -146.46 (VIOLATED)
output9925/A                          320.00  466.42 -146.42 (VIOLATED)
output9694/A                          320.00  466.41 -146.41 (VIOLATED)
output9745/A                          320.00  466.41 -146.41 (VIOLATED)
output9666/A                          320.00  466.40 -146.40 (VIOLATED)
output9575/A                          320.00  466.40 -146.40 (VIOLATED)
output9775/A                          320.00  466.40 -146.40 (VIOLATED)
output9615/A                          320.00  466.40 -146.40 (VIOLATED)
output9815/A                          320.00  466.40 -146.40 (VIOLATED)
output9766/A                          320.00  466.39 -146.39 (VIOLATED)
output9584/A                          320.00  466.38 -146.38 (VIOLATED)
output9684/A                          320.00  466.37 -146.37 (VIOLATED)
output9735/A                          320.00  466.36 -146.36 (VIOLATED)
_743432_/A                            320.00  466.32 -146.32 (VIOLATED)
_786468_/Y                            320.00  466.29 -146.29 (VIOLATED)
_743957_/B                            320.00  466.01 -146.01 (VIOLATED)
_748669_/A                            320.00  465.97 -145.97 (VIOLATED)
_754924_/A                            320.00  465.89 -145.89 (VIOLATED)
_750268_/A                            320.00  465.83 -145.83 (VIOLATED)
_747905_/A                            320.00  465.81 -145.81 (VIOLATED)
_747940_/A                            320.00  465.80 -145.80 (VIOLATED)
rdata_q[6934]$_DFFE_PP_/QN            320.00  465.74 -145.74 (VIOLATED)
place74834/A                          320.00  465.64 -145.64 (VIOLATED)
_747746_/A                            320.00  465.32 -145.32 (VIOLATED)
_844287_/B                            320.00  465.16 -145.16 (VIOLATED)
_758418_/B2                           320.00  465.06 -145.06 (VIOLATED)
_756851_/A                            320.00  464.94 -144.94 (VIOLATED)
place73287/A                          320.00  464.90 -144.90 (VIOLATED)
_756847_/A                            320.00  464.86 -144.86 (VIOLATED)
place74257/A                          320.00  464.52 -144.52 (VIOLATED)
in_data_q[38]$_DFFE_PN0P_/QN          320.00  464.31 -144.31 (VIOLATED)
_747778_/A                            320.00  464.27 -144.27 (VIOLATED)
_755415_/B3                           320.00  464.23 -144.23 (VIOLATED)
_754844_/B                            320.00  464.22 -144.22 (VIOLATED)
_751680_/C2                           320.00  464.17 -144.17 (VIOLATED)
_752675_/B2                           320.00  464.17 -144.17 (VIOLATED)
_759228_/B                            320.00  464.02 -144.02 (VIOLATED)
_752645_/B2                           320.00  464.00 -144.00 (VIOLATED)
_751651_/C2                           320.00  463.96 -143.96 (VIOLATED)
_752788_/B2                           320.00  463.89 -143.89 (VIOLATED)
_756548_/B                            320.00  463.89 -143.89 (VIOLATED)
_523134_/B1                           320.00  463.84 -143.84 (VIOLATED)
_663200_/B                            320.00  463.71 -143.71 (VIOLATED)
_762261_/A1                           320.00  463.62 -143.62 (VIOLATED)
oskid_d[86]$_DFFE_PN0P_/RESETN        320.00  463.55 -143.55 (VIOLATED)
_743439_/A                            320.00  463.42 -143.42 (VIOLATED)
_756592_/C                            320.00  463.26 -143.26 (VIOLATED)
place74801/A                          320.00  463.15 -143.15 (VIOLATED)
a_sym[2][1]$_DFFE_PN0P_/QN            320.00  463.14 -143.14 (VIOLATED)
_696393_/B                            320.00  462.77 -142.77 (VIOLATED)
_743378_/A                            320.00  462.29 -142.29 (VIOLATED)
_743323_/A                            320.00  462.25 -142.25 (VIOLATED)
_743381_/A                            320.00  462.19 -142.19 (VIOLATED)
_758879_/A1                           320.00  462.12 -142.12 (VIOLATED)
_753448_/A1                           320.00  462.08 -142.08 (VIOLATED)
_757220_/A                            320.00  462.05 -142.05 (VIOLATED)
_743377_/A                            320.00  462.02 -142.02 (VIOLATED)
_754111_/A                            320.00  461.95 -141.95 (VIOLATED)
_482558_/A                            320.00  461.90 -141.90 (VIOLATED)
_480810_/A                            320.00  461.90 -141.90 (VIOLATED)
oskid_d[88]$_DFFE_PN0P_/RESETN        320.00  461.88 -141.88 (VIOLATED)
_752676_/A1                           320.00  461.86 -141.86 (VIOLATED)
_490887_/A                            320.00  461.82 -141.82 (VIOLATED)
_753476_/A1                           320.00  461.73 -141.73 (VIOLATED)
_757217_/A                            320.00  461.69 -141.69 (VIOLATED)
in_data_q[74]$_DFFE_PN0P_/RESETN      320.00  461.57 -141.57 (VIOLATED)
_758770_/A                            320.00  461.39 -141.39 (VIOLATED)
_758771_/A1                           320.00  461.38 -141.38 (VIOLATED)
_758776_/A1                           320.00  461.32 -141.32 (VIOLATED)
_745229_/B                            320.00  461.09 -141.09 (VIOLATED)
_751681_/C                            320.00  460.91 -140.91 (VIOLATED)
_758775_/A                            320.00  460.77 -140.77 (VIOLATED)
output9632/A                          320.00  460.77 -140.77 (VIOLATED)
output9572/A                          320.00  460.77 -140.77 (VIOLATED)
output9652/A                          320.00  460.77 -140.77 (VIOLATED)
output9753/A                          320.00  460.76 -140.76 (VIOLATED)
output9831/A                          320.00  460.74 -140.74 (VIOLATED)
output9801/A                          320.00  460.72 -140.72 (VIOLATED)
output9853/A                          320.00  460.72 -140.72 (VIOLATED)
output9872/A                          320.00  460.70 -140.70 (VIOLATED)
output9943/A                          320.00  460.66 -140.66 (VIOLATED)
_750443_/A1                           320.00  460.64 -140.64 (VIOLATED)
output9732/A                          320.00  460.63 -140.63 (VIOLATED)
output9963/A                          320.00  460.63 -140.63 (VIOLATED)
output9742/A                          320.00  460.61 -140.61 (VIOLATED)
output9691/A                          320.00  460.57 -140.57 (VIOLATED)
output9711/A                          320.00  460.57 -140.57 (VIOLATED)
output9611/A                          320.00  460.54 -140.54 (VIOLATED)
output9631/A                          320.00  460.54 -140.54 (VIOLATED)
output9911/A                          320.00  460.50 -140.50 (VIOLATED)
_752682_/A1                           320.00  460.42 -140.42 (VIOLATED)
output9993/A                          320.00  460.41 -140.41 (VIOLATED)
output9891/A                          320.00  460.41 -140.41 (VIOLATED)
output9763/A                          320.00  460.38 -140.38 (VIOLATED)
in_data_q[14]$_DFFE_PN0P_/RESETN      320.00  460.37 -140.37 (VIOLATED)
in_data_q[1]$_DFFE_PN0P_/RESETN       320.00  460.36 -140.36 (VIOLATED)
_745406_/B                            320.00  460.35 -140.35 (VIOLATED)
output9781/A                          320.00  460.34 -140.34 (VIOLATED)
output9731/A                          320.00  460.34 -140.34 (VIOLATED)
output9973/A                          320.00  460.34 -140.34 (VIOLATED)
_758777_/A1                           320.00  460.29 -140.29 (VIOLATED)
_751713_/A                            320.00  460.29 -140.29 (VIOLATED)
output9721/A                          320.00  460.29 -140.29 (VIOLATED)
output9843/A                          320.00  460.27 -140.27 (VIOLATED)
_751707_/A1                           320.00  460.23 -140.23 (VIOLATED)
output9972/A                          320.00  460.22 -140.22 (VIOLATED)
output9863/A                          320.00  460.21 -140.21 (VIOLATED)
_752700_/A1                           320.00  460.14 -140.14 (VIOLATED)
output9642/A                          320.00  460.05 -140.05 (VIOLATED)
output9791/A                          320.00  460.02 -140.02 (VIOLATED)
output9621/A                          320.00  459.96 -139.96 (VIOLATED)
_743367_/A                            320.00  459.86 -139.86 (VIOLATED)
_748723_/A                            320.00  459.85 -139.85 (VIOLATED)
output9581/A                          320.00  459.79 -139.79 (VIOLATED)
_748632_/A                            320.00  459.74 -139.74 (VIOLATED)
_753454_/A                            320.00  459.68 -139.68 (VIOLATED)
output9811/A                          320.00  459.58 -139.58 (VIOLATED)
output9591/A                          320.00  459.55 -139.55 (VIOLATED)
out_pix_data[46]$_DFFE_PN0P_/RESETN   320.00  459.55 -139.55 (VIOLATED)
_758675_/A                            320.00  459.55 -139.55 (VIOLATED)
out_pix_data[45]$_DFFE_PN0P_/RESETN   320.00  459.49 -139.49 (VIOLATED)
_651802_/B                            320.00  459.46 -139.46 (VIOLATED)
_730172_/A                            320.00  459.41 -139.41 (VIOLATED)
_755785_/A1                           320.00  459.39 -139.39 (VIOLATED)
_755784_/A                            320.00  459.35 -139.35 (VIOLATED)
output9983/A                          320.00  459.33 -139.33 (VIOLATED)
out_pix_data[44]$_DFFE_PN0P_/RESETN   320.00  459.33 -139.33 (VIOLATED)
_759463_/A1                           320.00  459.32 -139.32 (VIOLATED)
_738671_/B                            320.00  459.30 -139.30 (VIOLATED)
output9601/A                          320.00  459.29 -139.29 (VIOLATED)
output9901/A                          320.00  459.23 -139.23 (VIOLATED)
output9672/A                          320.00  459.23 -139.23 (VIOLATED)
output9663/A                          320.00  459.22 -139.22 (VIOLATED)
output9821/A                          320.00  459.22 -139.22 (VIOLATED)
_758245_/A                            320.00  459.18 -139.18 (VIOLATED)
_666131_/B                            320.00  459.11 -139.11 (VIOLATED)
output9701/A                          320.00  459.08 -139.08 (VIOLATED)
output9921/A                          320.00  459.02 -139.02 (VIOLATED)
_748321_/A1                           320.00  459.02 -139.02 (VIOLATED)
rdata_q[7432]$_DFFE_PP_/QN            320.00  459.01 -139.01 (VIOLATED)
oskid_d[44]$_DFFE_PN0P_/RESETN        320.00  458.83 -138.83 (VIOLATED)
output9881/A                          320.00  458.83 -138.83 (VIOLATED)
_739348_/B                            320.00  458.77 -138.77 (VIOLATED)
oskid_d[45]$_DFFE_PN0P_/RESETN        320.00  458.76 -138.76 (VIOLATED)
oskid_d[43]$_DFFE_PN0P_/RESETN        320.00  458.73 -138.73 (VIOLATED)
_496855_/A                            320.00  458.73 -138.73 (VIOLATED)
_486257_/A                            320.00  458.71 -138.71 (VIOLATED)
_482525_/A                            320.00  458.66 -138.66 (VIOLATED)
_480760_/A                            320.00  458.65 -138.65 (VIOLATED)
output9931/A                          320.00  458.63 -138.63 (VIOLATED)
_760668_/A1                           320.00  458.61 -138.61 (VIOLATED)
_745599_/B                            320.00  458.58 -138.58 (VIOLATED)
output9953/A                          320.00  458.58 -138.58 (VIOLATED)
output9772/A                          320.00  458.54 -138.54 (VIOLATED)
output9832/A                          320.00  458.50 -138.50 (VIOLATED)
_480032_/A                            320.00  458.47 -138.47 (VIOLATED)
output10003/A                         320.00  458.46 -138.46 (VIOLATED)
output9681/A                          320.00  458.46 -138.46 (VIOLATED)
output9933/A                          320.00  458.46 -138.46 (VIOLATED)
oskid_d[46]$_DFFE_PN0P_/RESETN        320.00  458.42 -138.42 (VIOLATED)
_767280_/Y                            320.00  458.42 -138.42 (VIOLATED)
oskid_d[42]$_DFFE_PN0P_/RESETN        320.00  458.32 -138.32 (VIOLATED)
out_pix_data[42]$_DFFE_PN0P_/RESETN   320.00  458.17 -138.17 (VIOLATED)
_760667_/C                            320.00  458.17 -138.17 (VIOLATED)
_482447_/A                            320.00  458.16 -138.16 (VIOLATED)
_486196_/A                            320.00  458.13 -138.13 (VIOLATED)
place75152/A                          320.00  457.98 -137.98 (VIOLATED)
_743424_/A                            320.00  457.92 -137.92 (VIOLATED)
place75145/A                          320.00  457.82 -137.82 (VIOLATED)
_661933_/B                            320.00  457.70 -137.70 (VIOLATED)
_760218_/A1                           320.00  457.53 -137.53 (VIOLATED)
_760722_/C                            320.00  457.47 -137.47 (VIOLATED)
_758214_/A                            320.00  457.05 -137.05 (VIOLATED)
out_pix_data[47]$_DFFE_PN0P_/RESETN   320.00  456.83 -136.83 (VIOLATED)
_480372_/A                            320.00  456.70 -136.70 (VIOLATED)
m_1h[21]$_DFFE_PN0P_/QN               320.00  456.69 -136.69 (VIOLATED)
_754275_/A1                           320.00  456.60 -136.60 (VIOLATED)
place74198/A                          320.00  456.59 -136.59 (VIOLATED)
_748232_/A                            320.00  456.57 -136.57 (VIOLATED)
_759756_/A                            320.00  456.55 -136.55 (VIOLATED)
_751862_/A                            320.00  456.52 -136.52 (VIOLATED)
in_data_q[42]$_DFFE_PN0P_/QN          320.00  456.49 -136.49 (VIOLATED)
_751700_/A1                           320.00  456.46 -136.46 (VIOLATED)
_751939_/B2                           320.00  456.45 -136.45 (VIOLATED)
_760365_/A                            320.00  456.40 -136.40 (VIOLATED)
output9747/A                          320.00  456.33 -136.33 (VIOLATED)
output9707/A                          320.00  456.33 -136.33 (VIOLATED)
output9668/A                          320.00  456.32 -136.32 (VIOLATED)
output9577/A                          320.00  456.32 -136.32 (VIOLATED)
output9717/A                          320.00  456.30 -136.30 (VIOLATED)
output9695/A                          320.00  456.30 -136.30 (VIOLATED)
output9727/A                          320.00  456.29 -136.29 (VIOLATED)
output9597/A                          320.00  456.28 -136.28 (VIOLATED)
output9737/A                          320.00  456.27 -136.27 (VIOLATED)
output9948/A                          320.00  456.24 -136.24 (VIOLATED)
output9827/A                          320.00  456.22 -136.22 (VIOLATED)
output9797/A                          320.00  456.22 -136.22 (VIOLATED)
output9637/A                          320.00  456.22 -136.22 (VIOLATED)
output9848/A                          320.00  456.22 -136.22 (VIOLATED)
_787357_/B3                           320.00  456.20 -136.20 (VIOLATED)
output9837/A                          320.00  456.19 -136.19 (VIOLATED)
output9758/A                          320.00  456.19 -136.19 (VIOLATED)
output9777/A                          320.00  456.19 -136.19 (VIOLATED)
output9587/A                          320.00  456.19 -136.19 (VIOLATED)
output9568/A                          320.00  456.18 -136.18 (VIOLATED)
output9595/A                          320.00  456.18 -136.18 (VIOLATED)
output9768/A                          320.00  456.18 -136.18 (VIOLATED)
output9627/A                          320.00  456.18 -136.18 (VIOLATED)
output9659/A                          320.00  456.17 -136.17 (VIOLATED)
output9858/A                          320.00  456.17 -136.17 (VIOLATED)
output9817/A                          320.00  456.17 -136.17 (VIOLATED)
output9807/A                          320.00  456.17 -136.17 (VIOLATED)
output9687/A                          320.00  456.17 -136.17 (VIOLATED)
output9607/A                          320.00  456.17 -136.17 (VIOLATED)
output9877/A                          320.00  456.17 -136.17 (VIOLATED)
output9887/A                          320.00  456.17 -136.17 (VIOLATED)
output9998/A                          320.00  456.17 -136.17 (VIOLATED)
output9958/A                          320.00  456.17 -136.17 (VIOLATED)
output9897/A                          320.00  456.16 -136.16 (VIOLATED)
output9868/A                          320.00  456.16 -136.16 (VIOLATED)
output9907/A                          320.00  456.16 -136.16 (VIOLATED)
output9677/A                          320.00  456.16 -136.16 (VIOLATED)
output9787/A                          320.00  456.16 -136.16 (VIOLATED)
output9917/A                          320.00  456.16 -136.16 (VIOLATED)
output9895/A                          320.00  456.16 -136.16 (VIOLATED)
output9617/A                          320.00  456.15 -136.15 (VIOLATED)
output9968/A                          320.00  456.15 -136.15 (VIOLATED)
output9657/A                          320.00  456.15 -136.15 (VIOLATED)
output9978/A                          320.00  456.15 -136.15 (VIOLATED)
output9647/A                          320.00  456.15 -136.15 (VIOLATED)
output9927/A                          320.00  456.15 -136.15 (VIOLATED)
output9697/A                          320.00  456.15 -136.15 (VIOLATED)
output9988/A                          320.00  456.15 -136.15 (VIOLATED)
output9938/A                          320.00  456.14 -136.14 (VIOLATED)
output9795/A                          320.00  456.14 -136.14 (VIOLATED)
_480857_/B                            320.00  456.13 -136.13 (VIOLATED)
_767284_/Y                            320.00  456.12 -136.12 (VIOLATED)
_480824_/A                            320.00  456.10 -136.10 (VIOLATED)
out_pix_data[43]$_DFFE_PN0P_/RESETN   320.00  456.09 -136.09 (VIOLATED)
_759208_/A1                           320.00  456.07 -136.07 (VIOLATED)
_486264_/A                            320.00  456.03 -136.03 (VIOLATED)
_759275_/B2                           320.00  455.99 -135.99 (VIOLATED)
_758411_/A                            320.00  455.91 -135.91 (VIOLATED)
_758886_/A                            320.00  455.86 -135.86 (VIOLATED)
_758887_/A1                           320.00  455.83 -135.83 (VIOLATED)
_496854_/A                            320.00  455.83 -135.83 (VIOLATED)
_751697_/A                            320.00  455.77 -135.77 (VIOLATED)
out_pix_data[61]$_DFFE_PN0P_/RESETN   320.00  455.74 -135.74 (VIOLATED)
_753453_/A1                           320.00  455.67 -135.67 (VIOLATED)
_743346_/A                            320.00  455.59 -135.59 (VIOLATED)
_758881_/A1                           320.00  455.58 -135.58 (VIOLATED)
wire18492/A                           320.00  455.56 -135.56 (VIOLATED)
_754852_/A1                           320.00  455.52 -135.52 (VIOLATED)
_769478_/Y                            320.00  455.47 -135.47 (VIOLATED)
_761201_/A1                           320.00  455.46 -135.46 (VIOLATED)
_759881_/A1                           320.00  455.34 -135.34 (VIOLATED)
_754855_/A1                           320.00  455.32 -135.32 (VIOLATED)
_758794_/A1                           320.00  455.32 -135.32 (VIOLATED)
out_pix_data[86]$_DFFE_PN0P_/RESETN   320.00  455.26 -135.26 (VIOLATED)
_745259_/B                            320.00  455.18 -135.18 (VIOLATED)
_754851_/B                            320.00  455.08 -135.08 (VIOLATED)
_748591_/A                            320.00  454.99 -134.99 (VIOLATED)
_748563_/A                            320.00  454.97 -134.97 (VIOLATED)
_745555_/B                            320.00  454.96 -134.96 (VIOLATED)
in_data_q[4]$_DFFE_PN0P_/RESETN       320.00  454.93 -134.93 (VIOLATED)
_745436_/B                            320.00  454.80 -134.80 (VIOLATED)
_753461_/A1                           320.00  454.77 -134.77 (VIOLATED)
part_q[28][4]$_DFFE_PP_/QN            320.00  454.68 -134.68 (VIOLATED)
_756688_/A1                           320.00  454.63 -134.63 (VIOLATED)
_760191_/A                            320.00  454.58 -134.58 (VIOLATED)
place73164/A                          320.00  454.51 -134.51 (VIOLATED)
_759782_/A1                           320.00  454.43 -134.43 (VIOLATED)
_479341_/A                            320.00  454.43 -134.43 (VIOLATED)
place72776/A                          320.00  454.42 -134.42 (VIOLATED)
place74795/A                          320.00  454.34 -134.34 (VIOLATED)
place73877/A                          320.00  454.28 -134.28 (VIOLATED)
in_data_q[66]$_DFFE_PN0P_/QN          320.00  454.23 -134.23 (VIOLATED)
_758793_/A                            320.00  454.08 -134.08 (VIOLATED)
_503007_/B3                           320.00  454.07 -134.07 (VIOLATED)
_759047_/A                            320.00  454.02 -134.02 (VIOLATED)
_479947_/B2                           320.00  453.99 -133.99 (VIOLATED)
a_sym[1][0]$_DFFE_PN0P_/QN            320.00  453.85 -133.85 (VIOLATED)
_761104_/A1                           320.00  453.78 -133.78 (VIOLATED)
_658131_/A                            320.00  453.78 -133.78 (VIOLATED)
_764232_/A                            320.00  453.73 -133.73 (VIOLATED)
_658132_/A                            320.00  453.72 -133.72 (VIOLATED)
_758569_/A                            320.00  453.70 -133.70 (VIOLATED)
_482754_/A                            320.00  453.67 -133.67 (VIOLATED)
_479338_/Y                            320.00  453.66 -133.66 (VIOLATED)
_658133_/A                            320.00  453.65 -133.65 (VIOLATED)
_745524_/B                            320.00  453.62 -133.62 (VIOLATED)
_739932_/A                            320.00  453.60 -133.60 (VIOLATED)
_763449_/A                            320.00  453.56 -133.56 (VIOLATED)
_739942_/A                            320.00  453.42 -133.42 (VIOLATED)
_764233_/A1                           320.00  453.35 -133.35 (VIOLATED)
_751835_/C                            320.00  453.30 -133.30 (VIOLATED)
out_pix_data[88]$_DFFE_PN0P_/RESETN   320.00  453.21 -133.21 (VIOLATED)
hold105756/A                          320.00  453.20 -133.20 (VIOLATED)
_747682_/A                            320.00  453.20 -133.20 (VIOLATED)
_658134_/A                            320.00  453.18 -133.18 (VIOLATED)
_810178_/CI                           320.00  453.18 -133.18 (VIOLATED)
in_data_q[138]$_DFFE_PN0P_/QN         320.00  453.14 -133.14 (VIOLATED)
_751667_/A                            320.00  453.10 -133.10 (VIOLATED)
_763451_/A1                           320.00  453.06 -133.06 (VIOLATED)
_745732_/B                            320.00  452.82 -132.82 (VIOLATED)
_745701_/B                            320.00  452.79 -132.79 (VIOLATED)
_759458_/C                            320.00  452.78 -132.78 (VIOLATED)
_739919_/A                            320.00  452.71 -132.71 (VIOLATED)
_763447_/A1                           320.00  452.61 -132.61 (VIOLATED)
in_data_q[10]$_DFFE_PN0P_/RESETN      320.00  452.59 -132.59 (VIOLATED)
_763446_/A                            320.00  452.54 -132.54 (VIOLATED)
part_q[28][9]$_DFFE_PP_/QN            320.00  452.52 -132.52 (VIOLATED)
_748289_/A                            320.00  452.31 -132.31 (VIOLATED)
_739946_/A                            320.00  452.26 -132.26 (VIOLATED)
_747663_/A                            320.00  452.26 -132.26 (VIOLATED)
_759462_/A1                           320.00  452.24 -132.24 (VIOLATED)
_658135_/A                            320.00  452.20 -132.20 (VIOLATED)
_748194_/A                            320.00  452.16 -132.16 (VIOLATED)
_755780_/A1                           320.00  452.14 -132.14 (VIOLATED)
a_sym[6][0]$_DFFE_PN0P_/RESETN        320.00  451.89 -131.89 (VIOLATED)
_756239_/A1                           320.00  451.84 -131.84 (VIOLATED)
_756238_/A                            320.00  451.80 -131.80 (VIOLATED)
a_sym[14][1]$_DFFE_PN0P_/RESETN       320.00  451.79 -131.79 (VIOLATED)
_758407_/C                            320.00  451.78 -131.78 (VIOLATED)
a_sym[22][6]$_DFFE_PN0P_/RESETN       320.00  451.76 -131.76 (VIOLATED)
a_sym[14][5]$_DFFE_PN0P_/RESETN       320.00  451.75 -131.75 (VIOLATED)
_480251_/A                            320.00  451.68 -131.68 (VIOLATED)
_750650_/C                            320.00  451.68 -131.68 (VIOLATED)
_756180_/A1                           320.00  451.67 -131.67 (VIOLATED)
place74349/A                          320.00  451.64 -131.64 (VIOLATED)
_743949_/B                            320.00  451.62 -131.62 (VIOLATED)
_658136_/A                            320.00  451.61 -131.61 (VIOLATED)
_759457_/A                            320.00  451.55 -131.55 (VIOLATED)
_480274_/A                            320.00  451.55 -131.55 (VIOLATED)
_746498_/B                            320.00  451.49 -131.49 (VIOLATED)
a_sym[10][5]$_DFFE_PN0P_/RESETN       320.00  451.44 -131.44 (VIOLATED)
_757756_/C                            320.00  451.39 -131.39 (VIOLATED)
_751535_/A                            320.00  451.37 -131.37 (VIOLATED)
_760191_/B                            320.00  451.34 -131.34 (VIOLATED)
_677146_/B                            320.00  451.32 -131.32 (VIOLATED)
_754838_/A                            320.00  451.30 -131.30 (VIOLATED)
_514465_/B2                           320.00  451.27 -131.27 (VIOLATED)
place74828/A                          320.00  451.17 -131.17 (VIOLATED)
_658137_/A                            320.00  451.01 -131.01 (VIOLATED)
_749523_/A                            320.00  450.95 -130.95 (VIOLATED)
a_sym[11][0]$_DFFE_PN0P_/RESETN       320.00  450.89 -130.89 (VIOLATED)
a_sym[3][6]$_DFFE_PN0P_/RESETN        320.00  450.89 -130.89 (VIOLATED)
_749482_/A                            320.00  450.83 -130.83 (VIOLATED)
a_sym[23][4]$_DFFE_PN0P_/RESETN       320.00  450.82 -130.82 (VIOLATED)
_757830_/A1                           320.00  450.80 -130.80 (VIOLATED)
_749503_/A                            320.00  450.78 -130.78 (VIOLATED)
a_sym[15][4]$_DFFE_PN0P_/RESETN       320.00  450.71 -130.71 (VIOLATED)
place73937/A                          320.00  450.70 -130.70 (VIOLATED)
_761160_/B2                           320.00  450.70 -130.70 (VIOLATED)
_496875_/A                            320.00  450.68 -130.68 (VIOLATED)
_496909_/B2                           320.00  450.66 -130.66 (VIOLATED)
_759762_/A1                           320.00  450.66 -130.66 (VIOLATED)
_759889_/A1                           320.00  450.66 -130.66 (VIOLATED)
a_sym[9][4]$_DFFE_PN0P_/RESETN        320.00  450.64 -130.64 (VIOLATED)
_737808_/B                            320.00  450.58 -130.58 (VIOLATED)
_752192_/A                            320.00  450.55 -130.55 (VIOLATED)
_761200_/B                            320.00  450.53 -130.53 (VIOLATED)
a_sym[7][4]$_DFFE_PN0P_/RESETN        320.00  450.53 -130.53 (VIOLATED)
_480722_/B                            320.00  450.46 -130.46 (VIOLATED)
_480867_/A                            320.00  450.46 -130.46 (VIOLATED)
_480724_/A                            320.00  450.46 -130.46 (VIOLATED)
_482503_/A                            320.00  450.46 -130.46 (VIOLATED)
_480669_/A                            320.00  450.45 -130.45 (VIOLATED)
_480687_/B                            320.00  450.45 -130.45 (VIOLATED)
_480688_/B                            320.00  450.45 -130.45 (VIOLATED)
_480680_/A                            320.00  450.44 -130.44 (VIOLATED)
_480658_/B                            320.00  450.40 -130.40 (VIOLATED)
a_sym[2][2]$_DFFE_PN0P_/RESETN        320.00  450.40 -130.40 (VIOLATED)
a_sym[6][4]$_DFFE_PN0P_/RESETN        320.00  450.27 -130.27 (VIOLATED)
_743428_/A                            320.00  450.18 -130.18 (VIOLATED)
_749576_/A                            320.00  450.12 -130.12 (VIOLATED)
a_sym[2][6]$_DFFE_PN0P_/RESETN        320.00  450.10 -130.10 (VIOLATED)
a_sym[22][1]$_DFFE_PN0P_/RESETN       320.00  450.10 -130.10 (VIOLATED)
_479945_/Y                            320.00  450.08 -130.08 (VIOLATED)
_745588_/B                            320.00  450.00 -130.00 (VIOLATED)
a_sym[14][4]$_DFFE_PN0P_/RESETN       320.00  449.97 -129.97 (VIOLATED)
_753592_/B                            320.00  449.97 -129.97 (VIOLATED)
_759630_/A1                           320.00  449.88 -129.88 (VIOLATED)
_756190_/A1                           320.00  449.71 -129.71 (VIOLATED)
a_sym[12][0]$_DFFE_PN0P_/RESETN       320.00  449.68 -129.68 (VIOLATED)
a_sym[18][7]$_DFFE_PN0P_/RESETN       320.00  449.66 -129.66 (VIOLATED)
m_ce[7]$_DFFE_PN0P_/RESETN            320.00  449.59 -129.59 (VIOLATED)
a_sym[4][0]$_DFFE_PN0P_/RESETN        320.00  449.56 -129.56 (VIOLATED)
_749633_/A                            320.00  449.51 -129.51 (VIOLATED)
a_sym[0][7]$_DFFE_PN0P_/RESETN        320.00  449.49 -129.49 (VIOLATED)
_751157_/A                            320.00  449.34 -129.34 (VIOLATED)
_754847_/A                            320.00  449.33 -129.33 (VIOLATED)
a_sym[22][0]$_DFFE_PN0P_/RESETN       320.00  449.29 -129.29 (VIOLATED)
_768831_/A                            320.00  449.27 -129.27 (VIOLATED)
a_sym[14][6]$_DFFE_PN0P_/RESETN       320.00  449.25 -129.25 (VIOLATED)
a_sym[22][4]$_DFFE_PN0P_/RESETN       320.00  449.23 -129.23 (VIOLATED)
a_sym[18][2]$_DFFE_PN0P_/RESETN       320.00  449.22 -129.22 (VIOLATED)
_741042_/B                            320.00  449.22 -129.22 (VIOLATED)
_737631_/B                            320.00  449.20 -129.20 (VIOLATED)
a_sym[18][6]$_DFFE_PN0P_/RESETN       320.00  449.17 -129.17 (VIOLATED)
place74830/A                          320.00  449.13 -129.13 (VIOLATED)
a_sym[2][3]$_DFFE_PN0P_/RESETN        320.00  449.11 -129.11 (VIOLATED)
a_sym[2][5]$_DFFE_PN0P_/RESETN        320.00  449.04 -129.04 (VIOLATED)
a_sym[22][5]$_DFFE_PN0P_/RESETN       320.00  448.96 -128.96 (VIOLATED)
in_data_q[75]$_DFFE_PN0P_/RESETN      320.00  448.96 -128.96 (VIOLATED)
a_sym[2][4]$_DFFE_PN0P_/RESETN        320.00  448.89 -128.89 (VIOLATED)
_763480_/A                            320.00  448.88 -128.88 (VIOLATED)
_748158_/A                            320.00  448.86 -128.86 (VIOLATED)
a_sym[6][7]$_DFFE_PN0P_/RESETN        320.00  448.76 -128.76 (VIOLATED)
_759461_/B2                           320.00  448.64 -128.64 (VIOLATED)
a_sym[18][0]$_DFFE_PN0P_/RESETN       320.00  448.55 -128.55 (VIOLATED)
_756196_/A1                           320.00  448.53 -128.53 (VIOLATED)
_614855_/A                            320.00  448.45 -128.45 (VIOLATED)
_760412_/A1                           320.00  448.45 -128.45 (VIOLATED)
place83510/A                          320.00  448.44 -128.44 (VIOLATED)
in_data_q[37]$_DFFE_PN0P_/RESETN      320.00  448.37 -128.37 (VIOLATED)
_737364_/B                            320.00  448.36 -128.36 (VIOLATED)
in_data_q[34]$_DFFE_PN0P_/RESETN      320.00  448.30 -128.30 (VIOLATED)
in_data_q[155]$_DFFE_PN0P_/RESETN     320.00  448.26 -128.26 (VIOLATED)
_769414_/Y                            320.00  448.20 -128.20 (VIOLATED)
_745579_/B                            320.00  448.18 -128.18 (VIOLATED)
_747806_/A                            320.00  448.08 -128.08 (VIOLATED)
a_sym[13][0]$_DFFE_PN0P_/QN           320.00  448.08 -128.08 (VIOLATED)
in_data_q[36]$_DFFE_PN0P_/RESETN      320.00  447.96 -127.96 (VIOLATED)
_658138_/A                            320.00  447.87 -127.87 (VIOLATED)
in_data_q[159]$_DFFE_PN0P_/RESETN     320.00  447.82 -127.82 (VIOLATED)
_760383_/A1                           320.00  447.69 -127.69 (VIOLATED)
_758403_/A1                           320.00  447.69 -127.69 (VIOLATED)
in_data_q[44]$_DFFE_PN0P_/RESETN      320.00  447.68 -127.68 (VIOLATED)
_763481_/A1                           320.00  447.67 -127.67 (VIOLATED)
_756525_/C2                           320.00  447.64 -127.64 (VIOLATED)
a_sym[8][0]$_DFFE_PN0P_/RESETN        320.00  447.58 -127.58 (VIOLATED)
a_sym[22][2]$_DFFE_PN0P_/RESETN       320.00  447.41 -127.41 (VIOLATED)
_745553_/B                            320.00  447.36 -127.36 (VIOLATED)
_751660_/A                            320.00  447.35 -127.35 (VIOLATED)
in_data_q[35]$_DFFE_PN0P_/RESETN      320.00  447.26 -127.26 (VIOLATED)
_743329_/A                            320.00  447.17 -127.17 (VIOLATED)
_750353_/A1                           320.00  446.92 -126.92 (VIOLATED)
in_data_q[30]$_DFFE_PN0P_/RESETN      320.00  446.80 -126.80 (VIOLATED)
_756171_/A                            320.00  446.76 -126.76 (VIOLATED)
_768877_/A                            320.00  446.68 -126.68 (VIOLATED)
_764221_/A1                           320.00  446.67 -126.67 (VIOLATED)
place75144/A                          320.00  446.64 -126.64 (VIOLATED)
_759592_/A1                           320.00  446.61 -126.61 (VIOLATED)
place83391/A                          320.00  446.45 -126.45 (VIOLATED)
_745730_/B                            320.00  446.45 -126.45 (VIOLATED)
_756518_/A1                           320.00  446.45 -126.45 (VIOLATED)
_658140_/A                            320.00  446.45 -126.45 (VIOLATED)
_743986_/B                            320.00  446.20 -126.20 (VIOLATED)
a_sym[3][7]$_DFFE_PN0P_/QN            320.00  446.16 -126.16 (VIOLATED)
place74575/A                          320.00  446.14 -126.14 (VIOLATED)
oskid_d[98]$_DFFE_PN0P_/RESETN        320.00  446.05 -126.05 (VIOLATED)
in_data_q[110]$_DFFE_PN0P_/QN         320.00  445.90 -125.90 (VIOLATED)
_748191_/A                            320.00  445.88 -125.88 (VIOLATED)
place74627/A                          320.00  445.86 -125.86 (VIOLATED)
rdata_q[6784]$_DFFE_PP_/QN            320.00  445.83 -125.83 (VIOLATED)
_658139_/A                            320.00  445.39 -125.39 (VIOLATED)
place74200/A                          320.00  445.29 -125.29 (VIOLATED)
_756523_/C2                           320.00  445.23 -125.23 (VIOLATED)
_758767_/A1                           320.00  444.99 -124.99 (VIOLATED)
_754538_/A1                           320.00  444.94 -124.94 (VIOLATED)
_751653_/A                            320.00  444.88 -124.88 (VIOLATED)
_754530_/A                            320.00  444.85 -124.85 (VIOLATED)
_584447_/A                            320.00  444.74 -124.74 (VIOLATED)
_763477_/A                            320.00  444.61 -124.61 (VIOLATED)
in_data_q[154]$_DFFE_PN0P_/RESETN     320.00  444.59 -124.59 (VIOLATED)
_752647_/A                            320.00  444.54 -124.54 (VIOLATED)
_673368_/B                            320.00  444.53 -124.53 (VIOLATED)
_740829_/A                            320.00  444.26 -124.26 (VIOLATED)
in_data_q[55]$_DFFE_PN0P_/RESETN      320.00  444.25 -124.25 (VIOLATED)
_740677_/A                            320.00  444.24 -124.24 (VIOLATED)
_752795_/A1                           320.00  444.22 -124.22 (VIOLATED)
_755997_/A                            320.00  444.16 -124.16 (VIOLATED)
a_sym[14][2]$_DFFE_PN0P_/RESETN       320.00  444.12 -124.12 (VIOLATED)
_740728_/A                            320.00  444.01 -124.01 (VIOLATED)
_756195_/A                            320.00  443.99 -123.99 (VIOLATED)
place73431/A                          320.00  443.98 -123.98 (VIOLATED)
_740702_/A                            320.00  443.97 -123.97 (VIOLATED)
oskid_d[91]$_DFFE_PN0P_/RESETN        320.00  443.96 -123.96 (VIOLATED)
_754132_/A                            320.00  443.93 -123.93 (VIOLATED)
oskid_d[90]$_DFFE_PN0P_/RESETN        320.00  443.89 -123.89 (VIOLATED)
_745526_/B                            320.00  443.86 -123.86 (VIOLATED)
rdata_q[2805]$_DFFE_PP_/QN            320.00  443.80 -123.80 (VIOLATED)
out_pix_data[90]$_DFFE_PN0P_/RESETN   320.00  443.79 -123.79 (VIOLATED)
rdata_q[2888]$_DFFE_PP_/QN            320.00  443.74 -123.74 (VIOLATED)
_740719_/A                            320.00  443.67 -123.67 (VIOLATED)
oskid_d[97]$_DFFE_PN0P_/RESETN        320.00  443.60 -123.60 (VIOLATED)
_747863_/A                            320.00  443.58 -123.58 (VIOLATED)
out_pix_data[91]$_DFFE_PN0P_/RESETN   320.00  443.54 -123.54 (VIOLATED)
_751834_/A1                           320.00  443.49 -123.49 (VIOLATED)
_740818_/A                            320.00  443.49 -123.49 (VIOLATED)
out_pix_data[98]$_DFFE_PN0P_/RESETN   320.00  443.48 -123.48 (VIOLATED)
oskid_d[95]$_DFFE_PN0P_/RESETN        320.00  443.47 -123.47 (VIOLATED)
_759586_/A                            320.00  443.46 -123.46 (VIOLATED)
_740700_/A                            320.00  443.42 -123.42 (VIOLATED)
_480243_/Y                            320.00  443.40 -123.40 (VIOLATED)
in_data_q[73]$_DFFE_PN0P_/RESETN      320.00  443.39 -123.39 (VIOLATED)
_760468_/A1                           320.00  443.38 -123.38 (VIOLATED)
_758556_/A                            320.00  443.34 -123.34 (VIOLATED)
_756377_/A                            320.00  443.32 -123.32 (VIOLATED)
_740691_/A                            320.00  443.28 -123.28 (VIOLATED)
_740821_/A                            320.00  443.26 -123.26 (VIOLATED)
place74604/A                          320.00  443.26 -123.26 (VIOLATED)
_740831_/A                            320.00  443.19 -123.19 (VIOLATED)
out_pix_data[95]$_DFFE_PN0P_/RESETN   320.00  443.10 -123.10 (VIOLATED)
_748330_/A                            320.00  443.06 -123.06 (VIOLATED)
_748401_/A                            320.00  443.00 -123.00 (VIOLATED)
_752035_/B                            320.00  442.94 -122.94 (VIOLATED)
_749207_/B                            320.00  442.92 -122.92 (VIOLATED)
_750875_/A                            320.00  442.92 -122.92 (VIOLATED)
_752034_/A                            320.00  442.91 -122.91 (VIOLATED)
_764220_/A                            320.00  442.88 -122.88 (VIOLATED)
place74161/A                          320.00  442.86 -122.86 (VIOLATED)
_750876_/A                            320.00  442.85 -122.85 (VIOLATED)
in_data_q[158]$_DFFE_PN0P_/RESETN     320.00  442.85 -122.85 (VIOLATED)
_754429_/B                            320.00  442.84 -122.84 (VIOLATED)
_749193_/B                            320.00  442.79 -122.79 (VIOLATED)
_749203_/B                            320.00  442.75 -122.75 (VIOLATED)
_585095_/A                            320.00  442.71 -122.71 (VIOLATED)
_739778_/B                            320.00  442.60 -122.60 (VIOLATED)
out_pix_data[97]$_DFFE_PN0P_/RESETN   320.00  442.59 -122.59 (VIOLATED)
_749201_/B                            320.00  442.58 -122.58 (VIOLATED)
_749645_/B                            320.00  442.52 -122.52 (VIOLATED)
_740709_/A                            320.00  442.52 -122.52 (VIOLATED)
_749211_/A                            320.00  442.51 -122.51 (VIOLATED)
_754830_/A                            320.00  442.50 -122.50 (VIOLATED)
_745703_/B                            320.00  442.46 -122.46 (VIOLATED)
a_sym[10][3]$_DFFE_PN0P_/RESETN       320.00  442.40 -122.40 (VIOLATED)
_747921_/A                            320.00  442.40 -122.40 (VIOLATED)
oskid_d[92]$_DFFE_PN0P_/RESETN        320.00  442.39 -122.39 (VIOLATED)
_740721_/A                            320.00  442.31 -122.31 (VIOLATED)
_666149_/B                            320.00  442.31 -122.31 (VIOLATED)
in_data_q[153]$_DFFE_PN0P_/RESETN     320.00  442.09 -122.09 (VIOLATED)
_749189_/A                            320.00  442.09 -122.09 (VIOLATED)
a_sym[17][4]$_DFFE_PN0P_/RESETN       320.00  442.00 -122.00 (VIOLATED)
_738162_/B                            320.00  441.91 -121.91 (VIOLATED)
_787352_/C                            320.00  441.91 -121.91 (VIOLATED)
oskid_d[96]$_DFFE_PN0P_/RESETN        320.00  441.89 -121.89 (VIOLATED)
_749283_/B                            320.00  441.89 -121.89 (VIOLATED)
in_data_q[156]$_DFFE_PN0P_/RESETN     320.00  441.87 -121.87 (VIOLATED)
_751123_/B                            320.00  441.87 -121.87 (VIOLATED)
_787322_/A1                           320.00  441.76 -121.76 (VIOLATED)
_663206_/B                            320.00  441.75 -121.75 (VIOLATED)
_763478_/A1                           320.00  441.62 -121.62 (VIOLATED)
_740828_/A                            320.00  441.61 -121.61 (VIOLATED)
_740708_/A                            320.00  441.59 -121.59 (VIOLATED)
_750924_/B                            320.00  441.53 -121.53 (VIOLATED)
_750884_/A                            320.00  441.47 -121.47 (VIOLATED)
_749274_/B                            320.00  441.44 -121.44 (VIOLATED)
_740720_/A                            320.00  441.44 -121.44 (VIOLATED)
_739345_/B                            320.00  441.44 -121.44 (VIOLATED)
_758585_/B                            320.00  441.43 -121.43 (VIOLATED)
_754418_/A                            320.00  441.40 -121.40 (VIOLATED)
_759335_/B2                           320.00  441.38 -121.38 (VIOLATED)
_759332_/A                            320.00  441.32 -121.32 (VIOLATED)
_760482_/A1                           320.00  441.27 -121.27 (VIOLATED)
_749624_/C                            320.00  441.25 -121.25 (VIOLATED)
_635149_/A1                           320.00  441.18 -121.18 (VIOLATED)
_560184_/C                            320.00  441.15 -121.15 (VIOLATED)
_683671_/A1                           320.00  441.13 -121.13 (VIOLATED)
_683670_/C                            320.00  441.01 -121.01 (VIOLATED)
_758666_/A                            320.00  440.98 -120.98 (VIOLATED)
_759623_/A                            320.00  440.98 -120.98 (VIOLATED)
_754417_/A                            320.00  440.97 -120.97 (VIOLATED)
_755793_/A1                           320.00  440.95 -120.95 (VIOLATED)
out_pix_data[96]$_DFFE_PN0P_/RESETN   320.00  440.94 -120.94 (VIOLATED)
place72785/A                          320.00  440.86 -120.86 (VIOLATED)
_748090_/A                            320.00  440.83 -120.83 (VIOLATED)
_750882_/A                            320.00  440.82 -120.82 (VIOLATED)
place73668/A                          320.00  440.78 -120.78 (VIOLATED)
_756889_/B                            320.00  440.78 -120.78 (VIOLATED)
out_pix_data[93]$_DFFE_PN0P_/RESETN   320.00  440.78 -120.78 (VIOLATED)
_759331_/A1                           320.00  440.78 -120.78 (VIOLATED)
out_pix_data[92]$_DFFE_PN0P_/RESETN   320.00  440.77 -120.77 (VIOLATED)
_526526_/C                            320.00  440.75 -120.75 (VIOLATED)
_750928_/A                            320.00  440.73 -120.73 (VIOLATED)
_755410_/A1                           320.00  440.67 -120.67 (VIOLATED)
_743716_/B                            320.00  440.57 -120.57 (VIOLATED)
oskid_d[93]$_DFFE_PN0P_/RESETN        320.00  440.56 -120.56 (VIOLATED)
in_data_q[50]$_DFFE_PN0P_/RESETN      320.00  440.51 -120.51 (VIOLATED)
_740830_/A                            320.00  440.49 -120.49 (VIOLATED)
_760423_/A                            320.00  440.45 -120.45 (VIOLATED)
_750883_/A                            320.00  440.43 -120.43 (VIOLATED)
_755783_/A1                           320.00  440.42 -120.42 (VIOLATED)
_737985_/B                            320.00  440.40 -120.40 (VIOLATED)
a_sym[14][7]$_DFFE_PN0P_/RESETN       320.00  440.32 -120.32 (VIOLATED)
place74393/A                          320.00  440.25 -120.25 (VIOLATED)
oskid_d[94]$_DFFE_PN0P_/RESETN        320.00  440.10 -120.10 (VIOLATED)
_748765_/A                            320.00  439.98 -119.98 (VIOLATED)
place74149/A                          320.00  439.94 -119.94 (VIOLATED)
_640549_/A1                           320.00  439.88 -119.88 (VIOLATED)
_538485_/A1                           320.00  439.85 -119.85 (VIOLATED)
_758923_/A1                           320.00  439.85 -119.85 (VIOLATED)
_538478_/A1                           320.00  439.82 -119.82 (VIOLATED)
_743953_/B                            320.00  439.82 -119.82 (VIOLATED)
a_sym[23][1]$_DFFE_PN0P_/QN           320.00  439.80 -119.80 (VIOLATED)
_696531_/B                            320.00  439.78 -119.78 (VIOLATED)
_759723_/A1                           320.00  439.62 -119.62 (VIOLATED)
_523147_/A1                           320.00  439.51 -119.51 (VIOLATED)
_523088_/A1                           320.00  439.48 -119.48 (VIOLATED)
_760090_/B                            320.00  439.47 -119.47 (VIOLATED)
_757749_/A                            320.00  439.46 -119.46 (VIOLATED)
_526569_/A                            320.00  439.43 -119.43 (VIOLATED)
_743371_/A                            320.00  439.41 -119.41 (VIOLATED)
_750907_/A                            320.00  439.34 -119.34 (VIOLATED)
_749230_/A1                           320.00  439.30 -119.30 (VIOLATED)
place73900/A                          320.00  439.27 -119.27 (VIOLATED)
_753481_/C                            320.00  439.25 -119.25 (VIOLATED)
_538484_/A                            320.00  439.25 -119.25 (VIOLATED)
_560191_/A1                           320.00  439.25 -119.25 (VIOLATED)
_768871_/A                            320.00  439.25 -119.25 (VIOLATED)
_751775_/C                            320.00  439.22 -119.22 (VIOLATED)
_752721_/A1                           320.00  439.22 -119.22 (VIOLATED)
_740784_/A                            320.00  439.21 -119.21 (VIOLATED)
_751676_/A                            320.00  439.20 -119.20 (VIOLATED)
_758545_/A1                           320.00  439.19 -119.19 (VIOLATED)
_739538_/B                            320.00  439.16 -119.16 (VIOLATED)
_760520_/B                            320.00  439.11 -119.11 (VIOLATED)
_753510_/C                            320.00  439.11 -119.11 (VIOLATED)
_752761_/A1                           320.00  439.07 -119.07 (VIOLATED)
_769375_/A                            320.00  439.04 -119.04 (VIOLATED)
_758682_/A                            320.00  439.03 -119.03 (VIOLATED)
_768882_/A                            320.00  439.02 -119.02 (VIOLATED)
_752735_/B                            320.00  439.01 -119.01 (VIOLATED)
_758785_/A                            320.00  439.01 -119.00 (VIOLATED)
_758243_/C                            320.00  438.86 -118.86 (VIOLATED)
_751782_/A                            320.00  438.78 -118.78 (VIOLATED)
_761136_/B                            320.00  438.76 -118.76 (VIOLATED)
_697057_/A                            320.00  438.74 -118.74 (VIOLATED)
place73822/A                          320.00  438.69 -118.69 (VIOLATED)
_754207_/A                            320.00  438.68 -118.68 (VIOLATED)
in_data_q[6]$_DFFE_PN0P_/QN           320.00  438.68 -118.68 (VIOLATED)
_752958_/A                            320.00  438.67 -118.67 (VIOLATED)
place72796/A                          320.00  438.61 -118.61 (VIOLATED)
_526566_/C                            320.00  438.61 -118.61 (VIOLATED)
_750896_/B                            320.00  438.56 -118.56 (VIOLATED)
in_data_q[59]$_DFFE_PN0P_/RESETN      320.00  438.51 -118.51 (VIOLATED)
_740794_/A                            320.00  438.34 -118.34 (VIOLATED)
_769000_/A                            320.00  438.33 -118.33 (VIOLATED)
_750570_/A1                           320.00  438.17 -118.17 (VIOLATED)
_746372_/B                            320.00  438.15 -118.15 (VIOLATED)
a_sym[16][0]$_DFFE_PN0P_/RESETN       320.00  438.00 -118.00 (VIOLATED)
_544469_/A                            320.00  437.96 -117.96 (VIOLATED)
_711926_/B                            320.00  437.84 -117.84 (VIOLATED)
_756527_/A1                           320.00  437.81 -117.81 (VIOLATED)
place73439/A                          320.00  437.80 -117.80 (VIOLATED)
in_data_q[57]$_DFFE_PN0P_/RESETN      320.00  437.65 -117.65 (VIOLATED)
_528158_/A                            320.00  437.59 -117.59 (VIOLATED)
in_data_q[58]$_DFFE_PN0P_/RESETN      320.00  437.53 -117.53 (VIOLATED)
_754108_/A1                           320.00  437.46 -117.46 (VIOLATED)
_556021_/C                            320.00  437.45 -117.45 (VIOLATED)
_755414_/A1                           320.00  437.40 -117.40 (VIOLATED)
_544467_/A                            320.00  437.33 -117.33 (VIOLATED)
_754840_/A1                           320.00  437.32 -117.32 (VIOLATED)
_562836_/A                            320.00  437.32 -117.32 (VIOLATED)
_748121_/A1                           320.00  437.31 -117.31 (VIOLATED)
_749500_/A                            320.00  437.28 -117.28 (VIOLATED)
in_data_q[53]$_DFFE_PN0P_/RESETN      320.00  437.28 -117.28 (VIOLATED)
_748606_/A                            320.00  437.26 -117.26 (VIOLATED)
_748527_/A                            320.00  437.25 -117.25 (VIOLATED)
_749529_/A                            320.00  437.24 -117.24 (VIOLATED)
place73232/A                          320.00  437.21 -117.21 (VIOLATED)
_749485_/A                            320.00  437.20 -117.20 (VIOLATED)
in_data_q[52]$_DFFE_PN0P_/RESETN      320.00  437.19 -117.19 (VIOLATED)
in_data_q[54]$_DFFE_PN0P_/RESETN      320.00  437.18 -117.18 (VIOLATED)
_528273_/A                            320.00  437.18 -117.18 (VIOLATED)
_740718_/A                            320.00  437.08 -117.08 (VIOLATED)
_497038_/A                            320.00  437.04 -117.04 (VIOLATED)
_740819_/A                            320.00  437.03 -117.03 (VIOLATED)
place73437/A                          320.00  436.94 -116.94 (VIOLATED)
_562841_/A1                           320.00  436.91 -116.91 (VIOLATED)
_549375_/A                            320.00  436.81 -116.81 (VIOLATED)
_752032_/A                            320.00  436.81 -116.81 (VIOLATED)
_755055_/A1                           320.00  436.80 -116.80 (VIOLATED)
_749207_/A                            320.00  436.79 -116.79 (VIOLATED)
_748133_/A                            320.00  436.75 -116.75 (VIOLATED)
_749194_/A                            320.00  436.74 -116.74 (VIOLATED)
_740669_/A                            320.00  436.73 -116.73 (VIOLATED)
_740703_/A                            320.00  436.67 -116.67 (VIOLATED)
_740754_/A                            320.00  436.66 -116.66 (VIOLATED)
in_data_q[51]$_DFFE_PN0P_/RESETN      320.00  436.64 -116.64 (VIOLATED)
_754842_/A                            320.00  436.61 -116.61 (VIOLATED)
_755917_/A                            320.00  436.60 -116.60 (VIOLATED)
_755590_/A1                           320.00  436.57 -116.57 (VIOLATED)
_752118_/A                            320.00  436.55 -116.55 (VIOLATED)
_740711_/A                            320.00  436.50 -116.50 (VIOLATED)
_740729_/A                            320.00  436.46 -116.46 (VIOLATED)
_754130_/A1                           320.00  436.44 -116.44 (VIOLATED)
_740717_/A                            320.00  436.41 -116.41 (VIOLATED)
in_data_q[98]$_DFFE_PN0P_/QN          320.00  436.39 -116.39 (VIOLATED)
_759716_/A1                           320.00  436.37 -116.37 (VIOLATED)
in_data_q[152]$_DFFE_PN0P_/RESETN     320.00  436.35 -116.35 (VIOLATED)
in_data_q[61]$_DFFE_PN0P_/RESETN      320.00  436.18 -116.18 (VIOLATED)
_740824_/A                            320.00  436.13 -116.13 (VIOLATED)
_750811_/A                            320.00  436.10 -116.10 (VIOLATED)
_752917_/A                            320.00  436.08 -116.08 (VIOLATED)
_692221_/A1                           320.00  436.07 -116.07 (VIOLATED)
_584402_/A1                           320.00  435.94 -115.94 (VIOLATED)
_740753_/A                            320.00  435.91 -115.91 (VIOLATED)
_506111_/A                            320.00  435.85 -115.85 (VIOLATED)
_662922_/A                            320.00  435.77 -115.77 (VIOLATED)
_752816_/B                            320.00  435.77 -115.77 (VIOLATED)
_740783_/A                            320.00  435.68 -115.68 (VIOLATED)
_740777_/A                            320.00  435.62 -115.62 (VIOLATED)
_759717_/A1                           320.00  435.55 -115.55 (VIOLATED)
rdata_q[6402]$_DFFE_PP_/QN            320.00  435.53 -115.53 (VIOLATED)
_759719_/A1                           320.00  435.52 -115.52 (VIOLATED)
_745556_/B                            320.00  435.47 -115.47 (VIOLATED)
_812454_/A                            320.00  435.33 -115.33 (VIOLATED)
_754384_/B                            320.00  435.31 -115.31 (VIOLATED)
_740676_/A                            320.00  435.31 -115.31 (VIOLATED)
place71991/A                          320.00  435.24 -115.24 (VIOLATED)
_723018_/B                            320.00  435.23 -115.23 (VIOLATED)
_740686_/A                            320.00  435.21 -115.21 (VIOLATED)
_554489_/A1                           320.00  435.18 -115.18 (VIOLATED)
_695597_/A                            320.00  435.06 -115.06 (VIOLATED)
_748552_/B                            320.00  434.92 -114.92 (VIOLATED)
_740825_/A                            320.00  434.91 -114.91 (VIOLATED)
_751799_/A                            320.00  434.88 -114.88 (VIOLATED)
_747423_/A                            320.00  434.88 -114.88 (VIOLATED)
_750031_/C                            320.00  434.86 -114.86 (VIOLATED)
_748578_/A                            320.00  434.86 -114.86 (VIOLATED)
_750589_/A                            320.00  434.80 -114.80 (VIOLATED)
a_sym[8][4]$_DFFE_PN0P_/RESETN        320.00  434.80 -114.80 (VIOLATED)
_754126_/A                            320.00  434.76 -114.76 (VIOLATED)
a_sym[6][3]$_DFFE_PN0P_/RESETN        320.00  434.76 -114.76 (VIOLATED)
_750521_/B                            320.00  434.71 -114.71 (VIOLATED)
place74142/A                          320.00  434.67 -114.67 (VIOLATED)
place73272/A                          320.00  434.63 -114.63 (VIOLATED)
_750812_/B                            320.00  434.62 -114.62 (VIOLATED)
_764227_/A1                           320.00  434.61 -114.61 (VIOLATED)
_753595_/A1                           320.00  434.53 -114.53 (VIOLATED)
_758908_/A                            320.00  434.48 -114.48 (VIOLATED)
_538440_/A1                           320.00  434.47 -114.47 (VIOLATED)
_746739_/A                            320.00  434.46 -114.46 (VIOLATED)
_745878_/B                            320.00  434.40 -114.40 (VIOLATED)
_745533_/B                            320.00  434.35 -114.35 (VIOLATED)
hold122343/A                          320.00  434.32 -114.32 (VIOLATED)
m_ce[18]$_DFFE_PN0P_/QN               320.00  434.31 -114.31 (VIOLATED)
_747422_/Y                            320.00  434.30 -114.30 (VIOLATED)
_745733_/B                            320.00  434.21 -114.21 (VIOLATED)
_762199_/A                            320.00  434.10 -114.10 (VIOLATED)
_749280_/A                            320.00  434.09 -114.09 (VIOLATED)
_756516_/C                            320.00  434.05 -114.05 (VIOLATED)
rdata_q[6937]$_DFFE_PP_/QN            320.00  433.97 -113.97 (VIOLATED)
in_data_q[56]$_DFFE_PN0P_/RESETN      320.00  433.93 -113.93 (VIOLATED)
_749281_/B                            320.00  433.85 -113.85 (VIOLATED)
_749258_/A                            320.00  433.77 -113.77 (VIOLATED)
_747221_/A                            320.00  433.74 -113.74 (VIOLATED)
_748260_/A                            320.00  433.73 -113.73 (VIOLATED)
_753093_/B2                           320.00  433.64 -113.64 (VIOLATED)
_749421_/A                            320.00  433.63 -113.63 (VIOLATED)
_639411_/A                            320.00  433.51 -113.51 (VIOLATED)
a_sym[24][6]$_DFFE_PN0P_/QN           320.00  433.48 -113.48 (VIOLATED)
_760670_/B2                           320.00  433.37 -113.37 (VIOLATED)
_758531_/A                            320.00  433.36 -113.36 (VIOLATED)
_749122_/A                            320.00  433.35 -113.35 (VIOLATED)
_639412_/A                            320.00  433.35 -113.35 (VIOLATED)
_750895_/A                            320.00  433.35 -113.35 (VIOLATED)
_758003_/B2                           320.00  433.33 -113.33 (VIOLATED)
_749051_/A                            320.00  433.33 -113.33 (VIOLATED)
_748313_/A                            320.00  433.31 -113.31 (VIOLATED)
_506132_/A1                           320.00  433.30 -113.30 (VIOLATED)
_748257_/A                            320.00  433.27 -113.27 (VIOLATED)
_759050_/B2                           320.00  433.19 -113.19 (VIOLATED)
_757986_/B2                           320.00  433.19 -113.19 (VIOLATED)
_753475_/A1                           320.00  433.16 -113.16 (VIOLATED)
_749235_/B                            320.00  433.14 -113.14 (VIOLATED)
_757743_/B2                           320.00  433.11 -113.11 (VIOLATED)
_613288_/B                            320.00  432.88 -112.88 (VIOLATED)
_640547_/A                            320.00  432.87 -112.87 (VIOLATED)
_749621_/B2                           320.00  432.85 -112.85 (VIOLATED)
_759328_/A1                           320.00  432.84 -112.84 (VIOLATED)
_639413_/A                            320.00  432.82 -112.82 (VIOLATED)
place73186/A                          320.00  432.75 -112.75 (VIOLATED)
_757466_/B2                           320.00  432.72 -112.72 (VIOLATED)
_745710_/B                            320.00  432.68 -112.68 (VIOLATED)
_747228_/A                            320.00  432.53 -112.53 (VIOLATED)
place74355/A                          320.00  432.52 -112.52 (VIOLATED)
_528263_/B                            320.00  432.51 -112.51 (VIOLATED)
a_sym[6][2]$_DFFE_PN0P_/RESETN        320.00  432.43 -112.43 (VIOLATED)
in_data_q[30]$_DFFE_PN0P_/QN          320.00  432.42 -112.42 (VIOLATED)
_677293_/B                            320.00  432.42 -112.42 (VIOLATED)
_639414_/A                            320.00  432.38 -112.38 (VIOLATED)
a_sym[10][7]$_DFFE_PN0P_/RESETN       320.00  432.37 -112.37 (VIOLATED)
in_data_q[23]$_DFFE_PN0P_/RESETN      320.00  432.35 -112.35 (VIOLATED)
a_sym[14][3]$_DFFE_PN0P_/RESETN       320.00  432.33 -112.33 (VIOLATED)
_748073_/A1                           320.00  432.30 -112.30 (VIOLATED)
a_sym[2][7]$_DFFE_PN0P_/RESETN        320.00  432.28 -112.28 (VIOLATED)
_758907_/A1                           320.00  432.25 -112.25 (VIOLATED)
out_pix_data[94]$_DFFE_PN0P_/RESETN   320.00  432.22 -112.22 (VIOLATED)
_749155_/A                            320.00  432.21 -112.21 (VIOLATED)
in_data_q[157]$_DFFE_PN0P_/RESETN     320.00  432.21 -112.21 (VIOLATED)
a_sym[10][2]$_DFFE_PN0P_/RESETN       320.00  432.21 -112.21 (VIOLATED)
in_data_q[33]$_DFFE_PN0P_/RESETN      320.00  432.17 -112.17 (VIOLATED)
place73189/A                          320.00  432.08 -112.08 (VIOLATED)
in_data_q[150]$_DFFE_PN0P_/RESETN     320.00  432.06 -112.06 (VIOLATED)
_760676_/B2                           320.00  431.99 -111.99 (VIOLATED)
a_sym[17][0]$_DFFE_PN0P_/RESETN       320.00  431.99 -111.99 (VIOLATED)
_760838_/A1                           320.00  431.98 -111.98 (VIOLATED)
_759060_/B2                           320.00  431.98 -111.98 (VIOLATED)
_747150_/A                            320.00  431.95 -111.95 (VIOLATED)
_528264_/A1                           320.00  431.94 -111.94 (VIOLATED)
_750804_/B                            320.00  431.94 -111.94 (VIOLATED)
_758442_/A1                           320.00  431.91 -111.91 (VIOLATED)
a_sym[18][3]$_DFFE_PN0P_/RESETN       320.00  431.91 -111.91 (VIOLATED)
in_data_q[38]$_DFFE_PN0P_/RESETN      320.00  431.89 -111.89 (VIOLATED)
_749082_/A1                           320.00  431.89 -111.89 (VIOLATED)
_639415_/A                            320.00  431.87 -111.87 (VIOLATED)
place74835/A                          320.00  431.78 -111.78 (VIOLATED)
in_data_q[135]$_DFFE_PN0P_/QN         320.00  431.73 -111.73 (VIOLATED)
place74450/A                          320.00  431.70 -111.70 (VIOLATED)
_743319_/A                            320.00  431.69 -111.69 (VIOLATED)
_757788_/B2                           320.00  431.68 -111.68 (VIOLATED)
_743330_/A                            320.00  431.67 -111.67 (VIOLATED)
_743334_/A                            320.00  431.62 -111.62 (VIOLATED)
_742383_/B                            320.00  431.55 -111.55 (VIOLATED)
_758406_/B2                           320.00  431.55 -111.55 (VIOLATED)
_757995_/A1                           320.00  431.55 -111.55 (VIOLATED)
_754834_/B2                           320.00  431.53 -111.53 (VIOLATED)
place74812/A                          320.00  431.52 -111.52 (VIOLATED)
_743318_/A                            320.00  431.52 -111.52 (VIOLATED)
_758409_/B2                           320.00  431.43 -111.43 (VIOLATED)
_743304_/A                            320.00  431.41 -111.41 (VIOLATED)
place72780/A                          320.00  431.40 -111.40 (VIOLATED)
a_sym[6][5]$_DFFE_PN0P_/RESETN        320.00  431.40 -111.40 (VIOLATED)
place74286/A                          320.00  431.38 -111.38 (VIOLATED)
_747790_/A                            320.00  431.37 -111.37 (VIOLATED)
_747743_/A                            320.00  431.37 -111.37 (VIOLATED)
_750177_/A                            320.00  431.33 -111.33 (VIOLATED)
_753996_/A                            320.00  431.30 -111.30 (VIOLATED)
_756525_/B2                           320.00  431.26 -111.26 (VIOLATED)
in_data_q[46]$_DFFE_PN0P_/RESETN      320.00  431.25 -111.25 (VIOLATED)
_743343_/A                            320.00  431.21 -111.21 (VIOLATED)
in_data_q[41]$_DFFE_PN0P_/RESETN      320.00  431.21 -111.21 (VIOLATED)
_754427_/B                            320.00  431.18 -111.18 (VIOLATED)
_756517_/B2                           320.00  431.17 -111.17 (VIOLATED)
_758565_/A                            320.00  431.17 -111.17 (VIOLATED)
_756523_/A1                           320.00  431.15 -111.15 (VIOLATED)
_754387_/A                            320.00  431.12 -111.12 (VIOLATED)
a_sym[18][1]$_DFFE_PN0P_/RESETN       320.00  431.06 -111.06 (VIOLATED)
_758213_/A                            320.00  431.03 -111.03 (VIOLATED)
_760364_/A                            320.00  430.98 -110.98 (VIOLATED)
_743338_/A                            320.00  430.96 -110.96 (VIOLATED)
a_sym[7][0]$_DFFE_PN0P_/RESETN        320.00  430.94 -110.94 (VIOLATED)
m_ce[2]$_DFFE_PN0P_/RESETN            320.00  430.93 -110.93 (VIOLATED)
a_sym[2][0]$_DFFE_PN0P_/QN            320.00  430.91 -110.91 (VIOLATED)
_756555_/A1                           320.00  430.88 -110.88 (VIOLATED)
a_sym[0][0]$_DFFE_PN0P_/RESETN        320.00  430.83 -110.83 (VIOLATED)
a_sym[10][6]$_DFFE_PN0P_/RESETN       320.00  430.83 -110.83 (VIOLATED)
_759610_/A                            320.00  430.83 -110.83 (VIOLATED)
a_sym[5][0]$_DFFE_PN0P_/RESETN        320.00  430.82 -110.82 (VIOLATED)
_751332_/A                            320.00  430.82 -110.82 (VIOLATED)
_639416_/A                            320.00  430.81 -110.81 (VIOLATED)
_759053_/B2                           320.00  430.80 -110.80 (VIOLATED)
_759227_/B                            320.00  430.79 -110.79 (VIOLATED)
_549376_/A1                           320.00  430.78 -110.78 (VIOLATED)
_759339_/B2                           320.00  430.76 -110.76 (VIOLATED)
in_data_q[49]$_DFFE_PN0P_/RESETN      320.00  430.75 -110.75 (VIOLATED)
_743429_/A                            320.00  430.75 -110.75 (VIOLATED)
a_sym[22][3]$_DFFE_PN0P_/RESETN       320.00  430.73 -110.73 (VIOLATED)
_754949_/B                            320.00  430.68 -110.68 (VIOLATED)
_747267_/A                            320.00  430.68 -110.68 (VIOLATED)
_760672_/B2                           320.00  430.66 -110.66 (VIOLATED)
a_sym[14][0]$_DFFE_PN0P_/RESETN       320.00  430.63 -110.63 (VIOLATED)
_743438_/A                            320.00  430.62 -110.62 (VIOLATED)
_756509_/B2                           320.00  430.59 -110.59 (VIOLATED)
a_sym[2][0]$_DFFE_PN0P_/RESETN        320.00  430.54 -110.54 (VIOLATED)
_764226_/A                            320.00  430.53 -110.53 (VIOLATED)
a_sym[10][4]$_DFFE_PN0P_/RESETN       320.00  430.47 -110.47 (VIOLATED)
_754123_/A                            320.00  430.45 -110.45 (VIOLATED)
_755829_/A                            320.00  430.43 -110.43 (VIOLATED)
_758692_/B2                           320.00  430.39 -110.39 (VIOLATED)
_756234_/A1                           320.00  430.38 -110.38 (VIOLATED)
_740755_/A                            320.00  430.38 -110.38 (VIOLATED)
a_sym[10][0]$_DFFE_PN0P_/RESETN       320.00  430.38 -110.38 (VIOLATED)
_758526_/A2                           320.00  430.35 -110.35 (VIOLATED)
_755598_/B                            320.00  430.33 -110.33 (VIOLATED)
_756503_/B                            320.00  430.30 -110.30 (VIOLATED)
_756233_/A                            320.00  430.23 -110.23 (VIOLATED)
in_data_q[67]$_DFFE_PN0P_/RESETN      320.00  430.17 -110.17 (VIOLATED)
_756169_/B2                           320.00  430.16 -110.16 (VIOLATED)
place74124/A                          320.00  430.14 -110.14 (VIOLATED)
a_sym[17][5]$_DFFE_PN0P_/QN           320.00  430.07 -110.07 (VIOLATED)
_759335_/A1                           320.00  430.06 -110.06 (VIOLATED)
_759333_/A1                           320.00  430.06 -110.06 (VIOLATED)
_757272_/A2                           320.00  430.05 -110.05 (VIOLATED)
a_sym[18][5]$_DFFE_PN0P_/RESETN       320.00  430.01 -110.01 (VIOLATED)
_639417_/A                            320.00  429.97 -109.97 (VIOLATED)
_757993_/B                            320.00  429.93 -109.93 (VIOLATED)
_760667_/B2                           320.00  429.93 -109.93 (VIOLATED)
_749024_/A                            320.00  429.93 -109.93 (VIOLATED)
_758920_/A                            320.00  429.89 -109.89 (VIOLATED)
_760722_/B2                           320.00  429.85 -109.85 (VIOLATED)
_759203_/B2                           320.00  429.83 -109.83 (VIOLATED)
a_sym[18][4]$_DFFE_PN0P_/RESETN       320.00  429.83 -109.83 (VIOLATED)
_758800_/C                            320.00  429.82 -109.82 (VIOLATED)
a_sym[5][6]$_DFFE_PN0P_/RESETN        320.00  429.77 -109.77 (VIOLATED)
_522603_/A1                           320.00  429.76 -109.76 (VIOLATED)
_757473_/B2                           320.00  429.74 -109.74 (VIOLATED)
a_sym[6][6]$_DFFE_PN0P_/RESETN        320.00  429.74 -109.74 (VIOLATED)
_748655_/A                            320.00  429.73 -109.73 (VIOLATED)
_759048_/B2                           320.00  429.73 -109.73 (VIOLATED)
in_data_q[66]$_DFFE_PN0P_/RESETN      320.00  429.73 -109.73 (VIOLATED)
_756227_/B2                           320.00  429.73 -109.73 (VIOLATED)
_765075_/A                            320.00  429.71 -109.71 (VIOLATED)
_754285_/B                            320.00  429.71 -109.71 (VIOLATED)
_766380_/A                            320.00  429.70 -109.70 (VIOLATED)
_764436_/A1                           320.00  429.68 -109.68 (VIOLATED)
_758269_/A                            320.00  429.68 -109.68 (VIOLATED)
_765076_/A1                           320.00  429.68 -109.68 (VIOLATED)
a_sym[6][1]$_DFFE_PN0P_/RESETN        320.00  429.67 -109.67 (VIOLATED)
_758406_/A1                           320.00  429.62 -109.62 (VIOLATED)
_756552_/A1                           320.00  429.62 -109.62 (VIOLATED)
_757752_/A1                           320.00  429.61 -109.61 (VIOLATED)
_758409_/A1                           320.00  429.55 -109.55 (VIOLATED)
_759461_/A1                           320.00  429.51 -109.51 (VIOLATED)
_755667_/B                            320.00  429.50 -109.50 (VIOLATED)
_759055_/B2                           320.00  429.46 -109.46 (VIOLATED)
_757763_/A1                           320.00  429.45 -109.45 (VIOLATED)
_754870_/A                            320.00  429.44 -109.44 (VIOLATED)
_758004_/A1                           320.00  429.40 -109.40 (VIOLATED)
_758268_/A1                           320.00  429.36 -109.36 (VIOLATED)
_751811_/B2                           320.00  429.33 -109.33 (VIOLATED)
_760719_/A1                           320.00  429.29 -109.29 (VIOLATED)
_758267_/C                            320.00  429.29 -109.29 (VIOLATED)
_756525_/A1                           320.00  429.26 -109.26 (VIOLATED)
_740780_/A                            320.00  429.26 -109.26 (VIOLATED)
in_data_q[29]$_DFFE_PN0P_/RESETN      320.00  429.25 -109.25 (VIOLATED)
in_data_q[63]$_DFFE_PN0P_/RESETN      320.00  429.22 -109.22 (VIOLATED)
_757744_/A1                           320.00  429.21 -109.21 (VIOLATED)
_763485_/A1                           320.00  429.21 -109.21 (VIOLATED)
_762248_/A1                           320.00  429.15 -109.15 (VIOLATED)
_765068_/A                            320.00  429.12 -109.12 (VIOLATED)
_764407_/A1                           320.00  429.08 -109.07 (VIOLATED)
_765069_/A1                           320.00  429.07 -109.07 (VIOLATED)
_530012_/A3                           320.00  429.02 -109.02 (VIOLATED)
_758541_/A2                           320.00  429.00 -109.00 (VIOLATED)
in_data_q[68]$_DFFE_PN0P_/RESETN      320.00  428.97 -108.97 (VIOLATED)
_482540_/A                            320.00  428.96 -108.96 (VIOLATED)
in_data_q[40]$_DFFE_PN0P_/RESETN      320.00  428.96 -108.96 (VIOLATED)
_480776_/A                            320.00  428.96 -108.96 (VIOLATED)
_756517_/A2                           320.00  428.96 -108.96 (VIOLATED)
_760472_/A1                           320.00  428.93 -108.93 (VIOLATED)
_480163_/C                            320.00  428.93 -108.93 (VIOLATED)
_480400_/B                            320.00  428.92 -108.92 (VIOLATED)
_756533_/A1                           320.00  428.91 -108.91 (VIOLATED)
_480363_/B                            320.00  428.90 -108.90 (VIOLATED)
in_data_q[45]$_DFFE_PN0P_/RESETN      320.00  428.89 -108.89 (VIOLATED)
_797414_/CI                           320.00  428.86 -108.86 (VIOLATED)
_480265_/C                            320.00  428.85 -108.85 (VIOLATED)
_754379_/B                            320.00  428.84 -108.84 (VIOLATED)
_756507_/C                            320.00  428.83 -108.83 (VIOLATED)
_599187_/B                            320.00  428.82 -108.82 (VIOLATED)
_758570_/A1                           320.00  428.81 -108.81 (VIOLATED)
_755485_/B2                           320.00  428.80 -108.80 (VIOLATED)
_766359_/C                            320.00  428.78 -108.78 (VIOLATED)
in_data_q[64]$_DFFE_PN0P_/RESETN      320.00  428.76 -108.76 (VIOLATED)
_754919_/B1                           320.00  428.75 -108.75 (VIOLATED)
in_data_q[140]$_DFFE_PN0P_/RESETN     320.00  428.75 -108.75 (VIOLATED)
_750807_/A                            320.00  428.74 -108.74 (VIOLATED)
_766356_/C                            320.00  428.74 -108.74 (VIOLATED)
_759342_/B2                           320.00  428.71 -108.71 (VIOLATED)
_479986_/C                            320.00  428.71 -108.71 (VIOLATED)
in_data_q[69]$_DFFE_PN0P_/RESETN      320.00  428.71 -108.71 (VIOLATED)
_786912_/B                            320.00  428.70 -108.70 (VIOLATED)
m_1h[33]$_DFFE_PN0P_/QN               320.00  428.70 -108.70 (VIOLATED)
part_q[40][0]$_DFFE_PP_/QN            320.00  428.68 -108.68 (VIOLATED)
_757791_/A1                           320.00  428.66 -108.66 (VIOLATED)
_756562_/A                            320.00  428.64 -108.64 (VIOLATED)
place83511/A                          320.00  428.63 -108.63 (VIOLATED)
_480547_/B                            320.00  428.61 -108.61 (VIOLATED)
_751975_/A                            320.00  428.59 -108.59 (VIOLATED)
_749106_/A                            320.00  428.57 -108.57 (VIOLATED)
_480550_/B                            320.00  428.56 -108.56 (VIOLATED)
in_data_q[148]$_DFFE_PN0P_/RESETN     320.00  428.55 -108.55 (VIOLATED)
_765080_/A                            320.00  428.55 -108.55 (VIOLATED)
_743442_/A                            320.00  428.55 -108.55 (VIOLATED)
_639418_/A                            320.00  428.54 -108.54 (VIOLATED)
iwr$_DFFE_PN0P_/RESETN                320.00  428.54 -108.54 (VIOLATED)
_480573_/B                            320.00  428.53 -108.53 (VIOLATED)
_480375_/B                            320.00  428.52 -108.52 (VIOLATED)
oskid_d[99]$_DFFE_PN0P_/RESETN        320.00  428.49 -108.49 (VIOLATED)
_764465_/A                            320.00  428.47 -108.47 (VIOLATED)
_759351_/A1                           320.00  428.45 -108.44 (VIOLATED)
place74102/A                          320.00  428.40 -108.40 (VIOLATED)
_753475_/B2                           320.00  428.38 -108.38 (VIOLATED)
_755770_/A1                           320.00  428.33 -108.33 (VIOLATED)
a_sym[22][7]$_DFFE_PN0P_/RESETN       320.00  428.33 -108.33 (VIOLATED)
_757273_/B2                           320.00  428.29 -108.29 (VIOLATED)
_754399_/A                            320.00  428.26 -108.26 (VIOLATED)
_743929_/B                            320.00  428.25 -108.25 (VIOLATED)
place73264/A                          320.00  428.25 -108.25 (VIOLATED)
_704056_/B2                           320.00  428.25 -108.25 (VIOLATED)
_744344_/B                            320.00  428.21 -108.21 (VIOLATED)
_757474_/A1                           320.00  428.20 -108.20 (VIOLATED)
place74948/A                          320.00  428.19 -108.19 (VIOLATED)
_759480_/A1                           320.00  428.16 -108.16 (VIOLATED)
place74607/A                          320.00  428.16 -108.16 (VIOLATED)
_748073_/B3                           320.00  428.15 -108.15 (VIOLATED)
_755797_/A                            320.00  428.13 -108.13 (VIOLATED)
icnt[1]$_DFF_PN0_/RESETN              320.00  428.11 -108.11 (VIOLATED)
_726153_/A1                           320.00  428.11 -108.10 (VIOLATED)
_754932_/B2                           320.00  428.10 -108.10 (VIOLATED)
_757800_/A1                           320.00  428.09 -108.09 (VIOLATED)
_692222_/A2                           320.00  428.02 -108.02 (VIOLATED)
_760678_/B2                           320.00  427.96 -107.96 (VIOLATED)
_755516_/B2                           320.00  427.95 -107.95 (VIOLATED)
_765078_/A1                           320.00  427.91 -107.91 (VIOLATED)
_765077_/A                            320.00  427.90 -107.90 (VIOLATED)
in_data_q[28]$_DFFE_PN0P_/RESETN      320.00  427.90 -107.90 (VIOLATED)
_756509_/A2                           320.00  427.86 -107.86 (VIOLATED)
place74943/A                          320.00  427.84 -107.84 (VIOLATED)
_765702_/A1                           320.00  427.81 -107.81 (VIOLATED)
_759226_/B2                           320.00  427.80 -107.80 (VIOLATED)
place83514/A                          320.00  427.80 -107.80 (VIOLATED)
_755809_/A1                           320.00  427.80 -107.80 (VIOLATED)
_683683_/A2                           320.00  427.76 -107.76 (VIOLATED)
_754895_/A1                           320.00  427.71 -107.71 (VIOLATED)
_764419_/A                            320.00  427.63 -107.63 (VIOLATED)
_764420_/A1                           320.00  427.62 -107.62 (VIOLATED)
_764994_/C                            320.00  427.62 -107.62 (VIOLATED)
_765087_/A                            320.00  427.61 -107.61 (VIOLATED)
_764497_/A                            320.00  427.60 -107.60 (VIOLATED)
_765089_/A                            320.00  427.60 -107.60 (VIOLATED)
_748584_/A1                           320.00  427.59 -107.59 (VIOLATED)
_747634_/A                            320.00  427.58 -107.58 (VIOLATED)
_764509_/A                            320.00  427.57 -107.57 (VIOLATED)
_760620_/A1                           320.00  427.57 -107.57 (VIOLATED)
_550458_/A2                           320.00  427.53 -107.53 (VIOLATED)
rdata_q[7434]$_DFFE_PP_/QN            320.00  427.51 -107.51 (VIOLATED)
_739166_/B                            320.00  427.51 -107.51 (VIOLATED)
_753552_/A                            320.00  427.46 -107.46 (VIOLATED)
_754240_/A                            320.00  427.43 -107.43 (VIOLATED)
place74446/A                          320.00  427.40 -107.40 (VIOLATED)
in_data_q[23]$_DFFE_PN0P_/QN          320.00  427.40 -107.40 (VIOLATED)
_739134_/B                            320.00  427.31 -107.31 (VIOLATED)
_665973_/B                            320.00  427.24 -107.24 (VIOLATED)
_763484_/A                            320.00  427.24 -107.24 (VIOLATED)
icnt[0]$_DFF_PN0_/RESETN              320.00  427.20 -107.20 (VIOLATED)
_756504_/A1                           320.00  427.15 -107.15 (VIOLATED)
_750027_/A                            320.00  427.15 -107.15 (VIOLATED)
_738693_/B                            320.00  427.13 -107.13 (VIOLATED)
_751429_/A                            320.00  427.13 -107.13 (VIOLATED)
_740672_/A                            320.00  427.13 -107.13 (VIOLATED)
_666125_/B                            320.00  427.10 -107.10 (VIOLATED)
_740813_/A                            320.00  427.08 -107.08 (VIOLATED)
_740732_/A                            320.00  427.06 -107.06 (VIOLATED)
_787655_/C                            320.00  427.00 -107.00 (VIOLATED)
_740782_/A                            320.00  427.00 -107.00 (VIOLATED)
_787651_/A                            320.00  426.99 -106.99 (VIOLATED)
_760203_/A                            320.00  426.99 -106.99 (VIOLATED)
_787640_/C                            320.00  426.94 -106.94 (VIOLATED)
rdata_q[7639]$_DFFE_PP_/QN            320.00  426.93 -106.93 (VIOLATED)
_787836_/A                            320.00  426.92 -106.92 (VIOLATED)
_747331_/A                            320.00  426.90 -106.90 (VIOLATED)
_787748_/A                            320.00  426.90 -106.90 (VIOLATED)
_787751_/A1                           320.00  426.89 -106.89 (VIOLATED)
_757255_/C                            320.00  426.81 -106.81 (VIOLATED)
_745230_/B                            320.00  426.81 -106.81 (VIOLATED)
_787749_/A1                           320.00  426.81 -106.81 (VIOLATED)
_759845_/A1                           320.00  426.81 -106.81 (VIOLATED)
in_need_q$_DFF_PN0_/RESETN            320.00  426.79 -106.79 (VIOLATED)
_740772_/A                            320.00  426.72 -106.72 (VIOLATED)
_758692_/A1                           320.00  426.71 -106.71 (VIOLATED)
_758525_/B                            320.00  426.71 -106.71 (VIOLATED)
place75030/A                          320.00  426.66 -106.66 (VIOLATED)
_740827_/A                            320.00  426.63 -106.63 (VIOLATED)
_645354_/B                            320.00  426.55 -106.55 (VIOLATED)
_750199_/A                            320.00  426.54 -106.54 (VIOLATED)
_750801_/B                            320.00  426.53 -106.53 (VIOLATED)
_756563_/A1                           320.00  426.48 -106.48 (VIOLATED)
_747704_/A                            320.00  426.45 -106.45 (VIOLATED)
a_sym[2][1]$_DFFE_PN0P_/RESETN        320.00  426.30 -106.30 (VIOLATED)
_743126_/B                            320.00  426.28 -106.28 (VIOLATED)
_516974_/A                            320.00  426.27 -106.27 (VIOLATED)
_740663_/A                            320.00  426.27 -106.27 (VIOLATED)
_513074_/B1                           320.00  426.23 -106.23 (VIOLATED)
_517039_/B1                           320.00  426.23 -106.23 (VIOLATED)
_740724_/A                            320.00  426.21 -106.21 (VIOLATED)
_763826_/A1                           320.00  426.20 -106.20 (VIOLATED)
_740774_/A                            320.00  426.20 -106.20 (VIOLATED)
_763825_/A                            320.00  426.18 -106.18 (VIOLATED)
_740762_/A                            320.00  426.10 -106.10 (VIOLATED)
_584399_/B1                           320.00  426.10 -106.10 (VIOLATED)
_482423_/A                            320.00  426.08 -106.08 (VIOLATED)
_746511_/B                            320.00  426.05 -106.05 (VIOLATED)
_756512_/A                            320.00  426.04 -106.04 (VIOLATED)
_766422_/A                            320.00  425.99 -105.99 (VIOLATED)
_760105_/C                            320.00  425.99 -105.99 (VIOLATED)
_764535_/A                            320.00  425.97 -105.97 (VIOLATED)
_748558_/A1                           320.00  425.97 -105.97 (VIOLATED)
_751811_/A1                           320.00  425.95 -105.95 (VIOLATED)
_765107_/A1                           320.00  425.93 -105.93 (VIOLATED)
_756533_/B2                           320.00  425.92 -105.92 (VIOLATED)
place73702/A                          320.00  425.89 -105.89 (VIOLATED)
_530013_/A1                           320.00  425.88 -105.88 (VIOLATED)
_550457_/B2                           320.00  425.87 -105.87 (VIOLATED)
_764396_/A1                           320.00  425.87 -105.87 (VIOLATED)
_764395_/A                            320.00  425.87 -105.87 (VIOLATED)
_766250_/C                            320.00  425.87 -105.87 (VIOLATED)
_765060_/A                            320.00  425.87 -105.87 (VIOLATED)
_765061_/A1                           320.00  425.87 -105.87 (VIOLATED)
_754379_/A                            320.00  425.87 -105.87 (VIOLATED)
_764316_/A2                           320.00  425.86 -105.86 (VIOLATED)
_704056_/A1                           320.00  425.86 -105.86 (VIOLATED)
_765001_/B                            320.00  425.85 -105.85 (VIOLATED)
_764312_/A2                           320.00  425.84 -105.84 (VIOLATED)
_755010_/A1                           320.00  425.83 -105.83 (VIOLATED)
place67374/A                          320.00  425.83 -105.83 (VIOLATED)
_765000_/A2                           320.00  425.82 -105.82 (VIOLATED)
_480450_/B                            320.00  425.82 -105.82 (VIOLATED)
_749075_/A                            320.00  425.81 -105.81 (VIOLATED)
_752662_/A                            320.00  425.80 -105.80 (VIOLATED)
_480446_/C                            320.00  425.80 -105.80 (VIOLATED)
_764786_/B                            320.00  425.76 -105.76 (VIOLATED)
_757528_/B3                           320.00  425.75 -105.75 (VIOLATED)
a_sym[4][6]$_DFFE_PN0P_/RESETN        320.00  425.72 -105.72 (VIOLATED)
_766280_/C                            320.00  425.71 -105.71 (VIOLATED)
_597616_/B                            320.00  425.65 -105.65 (VIOLATED)
_745407_/B                            320.00  425.65 -105.65 (VIOLATED)
_743356_/A                            320.00  425.63 -105.63 (VIOLATED)
_765014_/B                            320.00  425.63 -105.63 (VIOLATED)
_765015_/A2                           320.00  425.63 -105.63 (VIOLATED)
_765016_/B                            320.00  425.55 -105.55 (VIOLATED)
_741613_/B                            320.00  425.52 -105.52 (VIOLATED)
place73662/A                          320.00  425.51 -105.51 (VIOLATED)
_764338_/A2                           320.00  425.50 -105.50 (VIOLATED)
_749065_/A                            320.00  425.50 -105.50 (VIOLATED)
_763820_/A                            320.00  425.47 -105.47 (VIOLATED)
_765052_/A2                           320.00  425.45 -105.45 (VIOLATED)
_765053_/B                            320.00  425.43 -105.43 (VIOLATED)
_479550_/A                            320.00  425.43 -105.43 (VIOLATED)
_479212_/A                            320.00  425.40 -105.40 (VIOLATED)
_787842_/A                            320.00  425.40 -105.40 (VIOLATED)
_764381_/B                            320.00  425.38 -105.38 (VIOLATED)
_480576_/A                            320.00  425.36 -105.36 (VIOLATED)
_758041_/A                            320.00  425.36 -105.36 (VIOLATED)
_787771_/A                            320.00  425.35 -105.35 (VIOLATED)
_764385_/B                            320.00  425.26 -105.26 (VIOLATED)
_765104_/A                            320.00  425.24 -105.24 (VIOLATED)
a_sym[24][4]$_DFFE_PN0P_/RESETN       320.00  425.16 -105.16 (VIOLATED)
_479207_/Y                            320.00  425.15 -105.15 (VIOLATED)
_764358_/B                            320.00  425.13 -105.13 (VIOLATED)
_763821_/A1                           320.00  425.13 -105.13 (VIOLATED)
_765105_/A1                           320.00  425.10 -105.10 (VIOLATED)
_763819_/A1                           320.00  425.09 -105.09 (VIOLATED)
_764361_/B                            320.00  425.09 -105.09 (VIOLATED)
_764357_/B                            320.00  425.00 -105.00 (VIOLATED)
place74579/A                          320.00  424.97 -104.97 (VIOLATED)
_765100_/A                            320.00  424.94 -104.94 (VIOLATED)
in_data_q[157]$_DFFE_PN0P_/QN         320.00  424.94 -104.94 (VIOLATED)
_639419_/A                            320.00  424.93 -104.93 (VIOLATED)
place74580/A                          320.00  424.93 -104.93 (VIOLATED)
_740781_/A                            320.00  424.90 -104.90 (VIOLATED)
_764547_/A1                           320.00  424.86 -104.86 (VIOLATED)
_764285_/A                            320.00  424.79 -104.79 (VIOLATED)
_764286_/A1                           320.00  424.78 -104.78 (VIOLATED)
_744147_/B                            320.00  424.74 -104.74 (VIOLATED)
_685715_/B                            320.00  424.74 -104.74 (VIOLATED)
_752727_/A1                           320.00  424.74 -104.74 (VIOLATED)
_758790_/A1                           320.00  424.69 -104.69 (VIOLATED)
_661791_/B                            320.00  424.68 -104.68 (VIOLATED)
_749909_/C                            320.00  424.66 -104.66 (VIOLATED)
_747107_/A                            320.00  424.66 -104.66 (VIOLATED)
a_sym[19][2]$_DFFE_PN0P_/QN           320.00  424.65 -104.65 (VIOLATED)
_759986_/A1                           320.00  424.60 -104.60 (VIOLATED)
_740751_/A                            320.00  424.59 -104.59 (VIOLATED)
_753108_/B                            320.00  424.58 -104.58 (VIOLATED)
_750593_/A                            320.00  424.58 -104.58 (VIOLATED)
_759282_/A                            320.00  424.56 -104.56 (VIOLATED)
_739775_/B                            320.00  424.54 -104.54 (VIOLATED)
_739361_/B                            320.00  424.46 -104.46 (VIOLATED)
_761082_/B2                           320.00  424.42 -104.42 (VIOLATED)
_480795_/A                            320.00  424.34 -104.34 (VIOLATED)
_747074_/A                            320.00  424.30 -104.30 (VIOLATED)
_763818_/A                            320.00  424.27 -104.27 (VIOLATED)
_747085_/A                            320.00  424.23 -104.23 (VIOLATED)
_757519_/A1                           320.00  424.11 -104.11 (VIOLATED)
_765535_/A                            320.00  424.11 -104.11 (VIOLATED)
_763793_/A                            320.00  424.08 -104.08 (VIOLATED)
_755832_/A1                           320.00  424.05 -104.05 (VIOLATED)
_747052_/A                            320.00  424.04 -104.04 (VIOLATED)
_748137_/A                            320.00  424.00 -104.00 (VIOLATED)
_768186_/A                            320.00  423.99 -103.99 (VIOLATED)
_759404_/B2                           320.00  423.96 -103.96 (VIOLATED)
_748112_/B                            320.00  423.96 -103.96 (VIOLATED)
out_pix_data[99]$_DFFE_PN0P_/RESETN   320.00  423.96 -103.96 (VIOLATED)
_763794_/A1                           320.00  423.93 -103.93 (VIOLATED)
_749586_/A                            320.00  423.90 -103.90 (VIOLATED)
_759909_/C                            320.00  423.85 -103.85 (VIOLATED)
_764225_/A1                           320.00  423.82 -103.82 (VIOLATED)
_758687_/A1                           320.00  423.82 -103.82 (VIOLATED)
_740763_/A                            320.00  423.81 -103.81 (VIOLATED)
_757113_/B                            320.00  423.79 -103.79 (VIOLATED)
_757131_/A1                           320.00  423.74 -103.74 (VIOLATED)
_762282_/A2                           320.00  423.72 -103.72 (VIOLATED)
_763790_/A                            320.00  423.67 -103.67 (VIOLATED)
_755991_/A1                           320.00  423.64 -103.64 (VIOLATED)
_760631_/B                            320.00  423.55 -103.55 (VIOLATED)
_763791_/A1                           320.00  423.50 -103.50 (VIOLATED)
place74597/A                          320.00  423.49 -103.49 (VIOLATED)
_754335_/A1                           320.00  423.48 -103.48 (VIOLATED)
_750596_/A1                           320.00  423.41 -103.41 (VIOLATED)
rdata_q[6931]$_DFFE_PP_/QN            320.00  423.40 -103.40 (VIOLATED)
_748273_/A                            320.00  423.36 -103.36 (VIOLATED)
_750612_/A1                           320.00  423.35 -103.35 (VIOLATED)
_750896_/A                            320.00  423.29 -103.29 (VIOLATED)
_760760_/A1                           320.00  423.29 -103.29 (VIOLATED)
_753543_/A                            320.00  423.27 -103.27 (VIOLATED)
_754989_/A                            320.00  423.27 -103.27 (VIOLATED)
_763809_/A                            320.00  423.24 -103.24 (VIOLATED)
_758117_/A1                           320.00  423.15 -103.15 (VIOLATED)
_740746_/A                            320.00  423.12 -103.12 (VIOLATED)
part_q[30][17]$_DFFE_PP_/QN           320.00  423.10 -103.10 (VIOLATED)
place72607/A                          320.00  423.10 -103.10 (VIOLATED)
place75244/A                          320.00  423.10 -103.10 (VIOLATED)
_763808_/A                            320.00  423.06 -103.06 (VIOLATED)
_750459_/B                            320.00  423.04 -103.04 (VIOLATED)
_750480_/A                            320.00  423.03 -103.03 (VIOLATED)
_740814_/A                            320.00  423.03 -103.03 (VIOLATED)
_750603_/A                            320.00  423.00 -103.00 (VIOLATED)
_739777_/B                            320.00  422.94 -102.94 (VIOLATED)
rdata_q[6945]$_DFFE_PP_/QN            320.00  422.93 -102.93 (VIOLATED)
_747083_/Y                            320.00  422.89 -102.89 (VIOLATED)
_749214_/A                            320.00  422.84 -102.84 (VIOLATED)
rdata_q[2886]$_DFFE_PP_/QN            320.00  422.73 -102.73 (VIOLATED)
wire18524/A                           320.00  422.71 -102.71 (VIOLATED)
_737303_/B                            320.00  422.60 -102.60 (VIOLATED)
_750821_/A                            320.00  422.54 -102.54 (VIOLATED)
_749116_/A                            320.00  422.49 -102.49 (VIOLATED)
_750412_/B                            320.00  422.45 -102.45 (VIOLATED)
_760577_/A                            320.00  422.44 -102.44 (VIOLATED)
part_q[51][14]$_DFFE_PP_/QN           320.00  422.43 -102.43 (VIOLATED)
place74204/A                          320.00  422.39 -102.39 (VIOLATED)
_763769_/A                            320.00  422.38 -102.38 (VIOLATED)
rdata_q[548]$_DFFE_PP_/QN             320.00  422.27 -102.27 (VIOLATED)
_743937_/B                            320.00  422.24 -102.24 (VIOLATED)
_745546_/B                            320.00  422.17 -102.17 (VIOLATED)
part_q[28][8]$_DFFE_PP_/QN            320.00  422.17 -102.17 (VIOLATED)
place74884/A                          320.00  422.15 -102.15 (VIOLATED)
_755126_/A1                           320.00  422.13 -102.13 (VIOLATED)
place74881/A                          320.00  422.02 -102.02 (VIOLATED)
_497324_/A                            320.00  422.02 -102.02 (VIOLATED)
_760847_/A                            320.00  422.01 -102.01 (VIOLATED)
in_data_q[65]$_DFFE_PN0P_/RESETN      320.00  421.99 -101.99 (VIOLATED)
_763770_/A1                           320.00  421.98 -101.98 (VIOLATED)
_503045_/B2                           320.00  421.79 -101.79 (VIOLATED)
_763767_/A1                           320.00  421.73 -101.73 (VIOLATED)
_759606_/B                            320.00  421.67 -101.67 (VIOLATED)
_763766_/A                            320.00  421.61 -101.61 (VIOLATED)
place74942/A                          320.00  421.54 -101.54 (VIOLATED)
_743966_/A                            320.00  421.52 -101.52 (VIOLATED)
_749059_/B                            320.00  421.51 -101.51 (VIOLATED)
place74621/A                          320.00  421.45 -101.45 (VIOLATED)
_743864_/A                            320.00  421.41 -101.41 (VIOLATED)
part_q[50][6]$_DFFE_PP_/QN            320.00  421.38 -101.38 (VIOLATED)
_743909_/A                            320.00  421.35 -101.35 (VIOLATED)
_743916_/A                            320.00  421.35 -101.35 (VIOLATED)
_640506_/A                            320.00  421.34 -101.34 (VIOLATED)
_635151_/A                            320.00  421.33 -101.33 (VIOLATED)
_759671_/A1                           320.00  421.32 -101.32 (VIOLATED)
_760136_/A                            320.00  421.31 -101.31 (VIOLATED)
_743866_/A                            320.00  421.30 -101.30 (VIOLATED)
_743834_/A                            320.00  421.29 -101.29 (VIOLATED)
_759715_/A1                           320.00  421.24 -101.24 (VIOLATED)
_743355_/A                            320.00  421.23 -101.23 (VIOLATED)
_740725_/A                            320.00  421.21 -101.21 (VIOLATED)
_787440_/A                            320.00  421.15 -101.15 (VIOLATED)
_759116_/C                            320.00  421.12 -101.12 (VIOLATED)
_756510_/A                            320.00  421.10 -101.10 (VIOLATED)
place74158/A                          320.00  421.05 -101.05 (VIOLATED)
_745723_/B                            320.00  421.04 -101.04 (VIOLATED)
_748882_/A                            320.00  421.04 -101.04 (VIOLATED)
_749173_/D                            320.00  421.04 -101.04 (VIOLATED)
_749638_/D                            320.00  420.97 -100.97 (VIOLATED)
_749062_/B                            320.00  420.95 -100.95 (VIOLATED)
_743853_/A                            320.00  420.95 -100.95 (VIOLATED)
_755674_/A1                           320.00  420.91 -100.91 (VIOLATED)
_857661_/A                            320.00  420.88 -100.88 (VIOLATED)
place74568/A                          320.00  420.87 -100.87 (VIOLATED)
_747042_/A                            320.00  420.84 -100.84 (VIOLATED)
_749805_/A                            320.00  420.83 -100.83 (VIOLATED)
place74941/A                          320.00  420.83 -100.83 (VIOLATED)
_746989_/A                            320.00  420.82 -100.82 (VIOLATED)
rdata_q[7279]$_DFFE_PP_/QN            320.00  420.79 -100.79 (VIOLATED)
_756749_/A                            320.00  420.75 -100.75 (VIOLATED)
_749576_/D                            320.00  420.72 -100.72 (VIOLATED)
_743327_/A                            320.00  420.69 -100.69 (VIOLATED)
a_sym[3][4]$_DFFE_PN0P_/QN            320.00  420.60 -100.60 (VIOLATED)
place73767/A                          320.00  420.54 -100.54 (VIOLATED)
_737307_/B                            320.00  420.51 -100.51 (VIOLATED)
_752855_/C                            320.00  420.47 -100.47 (VIOLATED)
_749649_/B                            320.00  420.46 -100.46 (VIOLATED)
_742321_/B                            320.00  420.38 -100.38 (VIOLATED)
_745539_/B                            320.00  420.30 -100.30 (VIOLATED)
prep_cnt[3]$_DFFE_PN0P_/RESETN        320.00  420.30 -100.30 (VIOLATED)
_749420_/A                            320.00  420.26 -100.26 (VIOLATED)
_749259_/C                            320.00  420.22 -100.22 (VIOLATED)
_486364_/B                            320.00  420.21 -100.21 (VIOLATED)
_751025_/A                            320.00  420.17 -100.17 (VIOLATED)
_530011_/A                            320.00  420.16 -100.16 (VIOLATED)
a_sym[8][5]$_DFFE_PN0P_/QN            320.00  420.15 -100.15 (VIOLATED)
_544472_/C1                           320.00  420.15 -100.15 (VIOLATED)
_763488_/A                            320.00  420.14 -100.14 (VIOLATED)
_763489_/A1                           320.00  420.13 -100.13 (VIOLATED)
prep_cnt[2]$_DFFE_PN0P_/RESETN        320.00  420.12 -100.12 (VIOLATED)
_755125_/B                            320.00  420.12 -100.12 (VIOLATED)
_614483_/A                            320.00  420.08 -100.08 (VIOLATED)
_743970_/A                            320.00  420.02 -100.02 (VIOLATED)
_743965_/A                            320.00  419.99  -99.99 (VIOLATED)
_754349_/A1                           320.00  419.98  -99.98 (VIOLATED)
_743848_/A                            320.00  419.98  -99.98 (VIOLATED)
_752104_/A                            320.00  419.97  -99.97 (VIOLATED)
_751047_/A                            320.00  419.92  -99.92 (VIOLATED)
_743833_/A                            320.00  419.91  -99.91 (VIOLATED)
place74247/A                          320.00  419.90  -99.90 (VIOLATED)
_757478_/B2                           320.00  419.87  -99.87 (VIOLATED)
_759975_/B                            320.00  419.87  -99.87 (VIOLATED)
_743194_/B                            320.00  419.87  -99.87 (VIOLATED)
place73661/A                          320.00  419.82  -99.82 (VIOLATED)
in_data_q[81]$_DFFE_PN0P_/QN          320.00  419.82  -99.82 (VIOLATED)
_754811_/A1                           320.00  419.82  -99.82 (VIOLATED)
_749609_/C                            320.00  419.81  -99.81 (VIOLATED)
_759043_/A                            320.00  419.81  -99.81 (VIOLATED)
_758873_/A1                           320.00  419.77  -99.77 (VIOLATED)
rdata_q[6927]$_DFFE_PP_/QN            320.00  419.76  -99.76 (VIOLATED)
_749985_/A                            320.00  419.75  -99.75 (VIOLATED)
_743978_/A                            320.00  419.75  -99.75 (VIOLATED)
_739160_/B                            320.00  419.60  -99.60 (VIOLATED)
_704057_/B2                           320.00  419.53  -99.53 (VIOLATED)
_743915_/A                            320.00  419.43  -99.43 (VIOLATED)
_749641_/B                            320.00  419.41  -99.41 (VIOLATED)
_760839_/A                            320.00  419.39  -99.39 (VIOLATED)
_749635_/B                            320.00  419.39  -99.39 (VIOLATED)
_755673_/A1                           320.00  419.37  -99.37 (VIOLATED)
_748000_/A                            320.00  419.37  -99.37 (VIOLATED)
_752147_/D                            320.00  419.33  -99.33 (VIOLATED)
_737319_/B                            320.00  419.33  -99.33 (VIOLATED)
_763752_/A                            320.00  419.32  -99.32 (VIOLATED)
_755516_/A1                           320.00  419.31  -99.31 (VIOLATED)
_745716_/B                            320.00  419.28  -99.28 (VIOLATED)
_744339_/B                            320.00  419.24  -99.24 (VIOLATED)
_749180_/B                            320.00  419.21  -99.21 (VIOLATED)
_756898_/A1                           320.00  419.14  -99.14 (VIOLATED)
_749156_/D                            320.00  419.13  -99.13 (VIOLATED)
_752697_/A1                           320.00  419.12  -99.12 (VIOLATED)
place73730/A                          320.00  418.99  -98.99 (VIOLATED)
_756316_/C                            320.00  418.95  -98.95 (VIOLATED)
_750726_/A                            320.00  418.93  -98.93 (VIOLATED)
_758563_/A                            320.00  418.92  -98.92 (VIOLATED)
_760471_/A1                           320.00  418.92  -98.92 (VIOLATED)
_751888_/A                            320.00  418.86  -98.86 (VIOLATED)
_745508_/B                            320.00  418.85  -98.85 (VIOLATED)
_755424_/B                            320.00  418.84  -98.84 (VIOLATED)
_750468_/B2                           320.00  418.72  -98.72 (VIOLATED)
_749159_/D                            320.00  418.69  -98.69 (VIOLATED)
prep_cnt[0]$_DFFE_PN0P_/RESETN        320.00  418.52  -98.52 (VIOLATED)
_763753_/A1                           320.00  418.41  -98.41 (VIOLATED)
_751157_/C                            320.00  418.38  -98.38 (VIOLATED)
_754152_/A                            320.00  418.37  -98.37 (VIOLATED)
a_sym[21][0]$_DFFE_PN0P_/QN           320.00  418.34  -98.34 (VIOLATED)
in_data_q[126]$_DFFE_PN0P_/QN         320.00  418.30  -98.30 (VIOLATED)
_756890_/B3                           320.00  418.28  -98.28 (VIOLATED)
_764224_/A                            320.00  418.27  -98.27 (VIOLATED)
_756911_/A1                           320.00  418.26  -98.26 (VIOLATED)
a_sym[16][4]$_DFFE_PN0P_/RESETN       320.00  418.26  -98.26 (VIOLATED)
_751656_/A1                           320.00  418.21  -98.21 (VIOLATED)
_754149_/A                            320.00  418.20  -98.20 (VIOLATED)
_743968_/A                            320.00  418.14  -98.14 (VIOLATED)
_750510_/A                            320.00  418.13  -98.13 (VIOLATED)
_752767_/B2                           320.00  418.10  -98.10 (VIOLATED)
_742144_/B                            320.00  418.08  -98.08 (VIOLATED)
_763749_/A                            320.00  418.01  -98.01 (VIOLATED)
_758424_/B                            320.00  418.01  -98.01 (VIOLATED)
_747154_/A                            320.00  417.96  -97.96 (VIOLATED)
_749212_/Y                            320.00  417.89  -97.89 (VIOLATED)
_550452_/B                            320.00  417.88  -97.88 (VIOLATED)
_743901_/A                            320.00  417.88  -97.88 (VIOLATED)
prep_cnt[1]$_DFFE_PN0P_/RESETN        320.00  417.84  -97.84 (VIOLATED)
_858062_/A                            320.00  417.79  -97.79 (VIOLATED)
_806118_/CI                           320.00  417.76  -97.76 (VIOLATED)
_616546_/B                            320.00  417.74  -97.74 (VIOLATED)
part_q[28][3]$_DFFE_PP_/QN            320.00  417.73  -97.73 (VIOLATED)
_743889_/A                            320.00  417.71  -97.71 (VIOLATED)
_743871_/A                            320.00  417.69  -97.69 (VIOLATED)
_743877_/A                            320.00  417.68  -97.68 (VIOLATED)
_544472_/A1                           320.00  417.67  -97.67 (VIOLATED)
_743820_/A                            320.00  417.65  -97.65 (VIOLATED)
_743975_/A                            320.00  417.65  -97.65 (VIOLATED)
_759238_/A                            320.00  417.63  -97.63 (VIOLATED)
_750572_/A1                           320.00  417.52  -97.52 (VIOLATED)
_743905_/A                            320.00  417.48  -97.48 (VIOLATED)
_755401_/B                            320.00  417.43  -97.43 (VIOLATED)
place74097/A                          320.00  417.35  -97.35 (VIOLATED)
_760527_/A                            320.00  417.27  -97.27 (VIOLATED)
_768661_/Y                            320.00  417.23  -97.23 (VIOLATED)
_742441_/B                            320.00  417.22  -97.22 (VIOLATED)
_743826_/A                            320.00  417.21  -97.21 (VIOLATED)
_754837_/A                            320.00  417.14  -97.14 (VIOLATED)
_763750_/A1                           320.00  417.05  -97.05 (VIOLATED)
_743191_/B                            320.00  416.99  -96.99 (VIOLATED)
_762281_/A2                           320.00  416.96  -96.96 (VIOLATED)
_743841_/A                            320.00  416.92  -96.92 (VIOLATED)
_756693_/A                            320.00  416.76  -96.76 (VIOLATED)
_751703_/A                            320.00  416.62  -96.62 (VIOLATED)
_737299_/B                            320.00  416.58  -96.58 (VIOLATED)
_749560_/D                            320.00  416.39  -96.39 (VIOLATED)
place73379/A                          320.00  416.32  -96.32 (VIOLATED)
_743250_/B                            320.00  416.31  -96.31 (VIOLATED)
_787558_/A                            320.00  416.30  -96.30 (VIOLATED)
in_data_q[27]$_DFFE_PN0P_/RESETN      320.00  416.26  -96.26 (VIOLATED)
_787559_/A1                           320.00  416.26  -96.26 (VIOLATED)
_762252_/A1                           320.00  416.24  -96.24 (VIOLATED)
place73309/A                          320.00  416.24  -96.24 (VIOLATED)
_746612_/A                            320.00  416.20  -96.20 (VIOLATED)
_859344_/A                            320.00  416.18  -96.18 (VIOLATED)
_787561_/A                            320.00  416.14  -96.14 (VIOLATED)
_797326_/CI                           320.00  416.14  -96.14 (VIOLATED)
_787562_/A1                           320.00  416.13  -96.13 (VIOLATED)
_671705_/A                            320.00  416.10  -96.10 (VIOLATED)
_787691_/A1                           320.00  416.07  -96.07 (VIOLATED)
_743293_/A                            320.00  416.00  -96.00 (VIOLATED)
_806119_/CI                           320.00  415.89  -95.89 (VIOLATED)
_787689_/A1                           320.00  415.86  -95.86 (VIOLATED)
_677125_/B                            320.00  415.83  -95.83 (VIOLATED)
_749167_/A                            320.00  415.81  -95.81 (VIOLATED)
_755594_/B3                           320.00  415.79  -95.79 (VIOLATED)
_749201_/A                            320.00  415.79  -95.79 (VIOLATED)
_760678_/A1                           320.00  415.76  -95.76 (VIOLATED)
_756697_/B                            320.00  415.73  -95.73 (VIOLATED)
_759481_/A                            320.00  415.72  -95.72 (VIOLATED)
_787688_/A                            320.00  415.71  -95.71 (VIOLATED)
_757866_/C                            320.00  415.70  -95.70 (VIOLATED)
_750897_/A                            320.00  415.64  -95.64 (VIOLATED)
_568647_/A                            320.00  415.60  -95.60 (VIOLATED)
_740680_/A                            320.00  415.53  -95.53 (VIOLATED)
place72778/A                          320.00  415.51  -95.51 (VIOLATED)
_676537_/A                            320.00  415.51  -95.51 (VIOLATED)
ce_d2[12]$_DFFE_PN0P_/RESETN          320.00  415.41  -95.41 (VIOLATED)
ce_d2[13]$_DFFE_PN0P_/RESETN          320.00  415.34  -95.34 (VIOLATED)
_751721_/C                            320.00  415.30  -95.30 (VIOLATED)
place74583/A                          320.00  415.29  -95.29 (VIOLATED)
_748342_/A1                           320.00  415.28  -95.28 (VIOLATED)
_629526_/A                            320.00  415.28  -95.28 (VIOLATED)
_787690_/A                            320.00  415.28  -95.28 (VIOLATED)
rdata_q[7670]$_DFFE_PP_/QN            320.00  415.27  -95.27 (VIOLATED)
place73861/A                          320.00  415.27  -95.27 (VIOLATED)
_760628_/A1                           320.00  415.27  -95.27 (VIOLATED)
_743987_/B                            320.00  415.25  -95.25 (VIOLATED)
_748419_/A                            320.00  415.25  -95.25 (VIOLATED)
_739775_/A                            320.00  415.16  -95.16 (VIOLATED)
_739780_/A                            320.00  415.16  -95.16 (VIOLATED)
_747308_/A                            320.00  415.11  -95.11 (VIOLATED)
_743967_/A                            320.00  415.08  -95.08 (VIOLATED)
_754348_/A                            320.00  415.05  -95.05 (VIOLATED)
_749107_/A                            320.00  415.04  -95.04 (VIOLATED)
_739777_/A                            320.00  415.01  -95.01 (VIOLATED)
_739779_/A                            320.00  415.00  -95.00 (VIOLATED)
_787552_/A1                           320.00  414.97  -94.97 (VIOLATED)
_787555_/A1                           320.00  414.96  -94.96 (VIOLATED)
_787551_/A                            320.00  414.90  -94.90 (VIOLATED)
_745523_/B                            320.00  414.86  -94.86 (VIOLATED)
_745532_/B                            320.00  414.86  -94.86 (VIOLATED)
_749210_/A                            320.00  414.84  -94.84 (VIOLATED)
_758600_/A                            320.00  414.80  -94.80 (VIOLATED)
ce_d1[13]$_DFFE_PN0P_/RESETN          320.00  414.78  -94.78 (VIOLATED)
_753462_/B                            320.00  414.75  -94.75 (VIOLATED)
_760840_/A1                           320.00  414.73  -94.73 (VIOLATED)
_748250_/A                            320.00  414.72  -94.72 (VIOLATED)
_739778_/A                            320.00  414.69  -94.69 (VIOLATED)
place74153/A                          320.00  414.67  -94.67 (VIOLATED)
_744940_/A                            320.00  414.54  -94.54 (VIOLATED)
_787554_/A                            320.00  414.53  -94.53 (VIOLATED)
_744953_/A                            320.00  414.53  -94.53 (VIOLATED)
_747294_/A                            320.00  414.40  -94.40 (VIOLATED)
_744926_/A                            320.00  414.40  -94.40 (VIOLATED)
_751699_/A                            320.00  414.30  -94.30 (VIOLATED)
ce_d1[12]$_DFFE_PN0P_/RESETN          320.00  414.30  -94.30 (VIOLATED)
_787693_/A                            320.00  414.20  -94.20 (VIOLATED)
_744928_/A                            320.00  414.17  -94.17 (VIOLATED)
place73165/A                          320.00  414.17  -94.17 (VIOLATED)
_744955_/A                            320.00  414.12  -94.12 (VIOLATED)
_743422_/A                            320.00  414.11  -94.11 (VIOLATED)
_763763_/A                            320.00  414.02  -94.02 (VIOLATED)
_744961_/A                            320.00  414.00  -94.00 (VIOLATED)
ce_d2[16]$_DFFE_PN0P_/RESETN          320.00  413.98  -93.98 (VIOLATED)
a_sym[0][4]$_DFFE_PN0P_/RESETN        320.00  413.98  -93.98 (VIOLATED)
a_sym[1][4]$_DFFE_PN0P_/RESETN        320.00  413.96  -93.96 (VIOLATED)
a_sym[3][4]$_DFFE_PN0P_/RESETN        320.00  413.95  -93.95 (VIOLATED)
a_sym[4][4]$_DFFE_PN0P_/RESETN        320.00  413.94  -93.94 (VIOLATED)
_750815_/D                            320.00  413.90  -93.90 (VIOLATED)
_745700_/B                            320.00  413.90  -93.90 (VIOLATED)
ce_d1[16]$_DFFE_PN0P_/RESETN          320.00  413.84  -93.84 (VIOLATED)
_598837_/A                            320.00  413.82  -93.82 (VIOLATED)
_750411_/A                            320.00  413.71  -93.71 (VIOLATED)
_748147_/A                            320.00  413.70  -93.70 (VIOLATED)
_762205_/A                            320.00  413.62  -93.62 (VIOLATED)
in_data_q[45]$_DFFE_PN0P_/QN          320.00  413.60  -93.60 (VIOLATED)
_787695_/A                            320.00  413.57  -93.57 (VIOLATED)
_742341_/B                            320.00  413.53  -93.53 (VIOLATED)
_748128_/A                            320.00  413.50  -93.50 (VIOLATED)
_740817_/A                            320.00  413.47  -93.47 (VIOLATED)
part_q[50][13]$_DFFE_PP_/QN           320.00  413.38  -93.38 (VIOLATED)
_744945_/A                            320.00  413.34  -93.34 (VIOLATED)
_745623_/B                            320.00  413.29  -93.29 (VIOLATED)
_787694_/A1                           320.00  413.19  -93.19 (VIOLATED)
_787696_/A1                           320.00  413.15  -93.15 (VIOLATED)
_754853_/B                            320.00  413.12  -93.12 (VIOLATED)
_740786_/A                            320.00  413.08  -93.08 (VIOLATED)
_749563_/D                            320.00  412.93  -92.93 (VIOLATED)
_763760_/A                            320.00  412.92  -92.92 (VIOLATED)
_737807_/B                            320.00  412.89  -92.89 (VIOLATED)
_750799_/A                            320.00  412.88  -92.88 (VIOLATED)
a_sym[10][2]$_DFFE_PN0P_/QN           320.00  412.84  -92.84 (VIOLATED)
_744959_/A                            320.00  412.82  -92.82 (VIOLATED)
_744957_/A                            320.00  412.76  -92.76 (VIOLATED)
_744951_/A                            320.00  412.75  -92.75 (VIOLATED)
_750035_/A                            320.00  412.71  -92.71 (VIOLATED)
_744934_/A                            320.00  412.66  -92.66 (VIOLATED)
_671704_/A                            320.00  412.59  -92.59 (VIOLATED)
_740731_/A                            320.00  412.50  -92.50 (VIOLATED)
_754951_/A1                           320.00  412.47  -92.47 (VIOLATED)
_754987_/B3                           320.00  412.40  -92.40 (VIOLATED)
_745709_/B                            320.00  412.31  -92.31 (VIOLATED)
_764017_/A1                           320.00  412.29  -92.29 (VIOLATED)
place73905/A                          320.00  412.28  -92.28 (VIOLATED)
_759474_/B                            320.00  412.27  -92.27 (VIOLATED)
rdata_q[6565]$_DFFE_PP_/QN            320.00  412.25  -92.25 (VIOLATED)
_681547_/B                            320.00  412.13  -92.13 (VIOLATED)
a_sym[21][5]$_DFFE_PN0P_/QN           320.00  412.12  -92.12 (VIOLATED)
_749052_/D                            320.00  411.94  -91.94 (VIOLATED)
part_q[28][14]$_DFFE_PP_/QN           320.00  411.87  -91.87 (VIOLATED)
place73207/A                          320.00  411.84  -91.84 (VIOLATED)
place72764/A                          320.00  411.83  -91.83 (VIOLATED)
_758914_/A                            320.00  411.72  -91.72 (VIOLATED)
part_q[51][10]$_DFFE_PP_/QN           320.00  411.69  -91.69 (VIOLATED)
place74806/A                          320.00  411.61  -91.61 (VIOLATED)
_744932_/A                            320.00  411.60  -91.60 (VIOLATED)
_806125_/CI                           320.00  411.55  -91.55 (VIOLATED)
place83521/A                          320.00  411.35  -91.35 (VIOLATED)
_765508_/A                            320.00  411.32  -91.32 (VIOLATED)
_740661_/A                            320.00  411.32  -91.32 (VIOLATED)
out_pix_data[121]$_DFFE_PN0P_/RESETN  320.00  411.30  -91.30 (VIOLATED)
_754346_/B                            320.00  411.29  -91.29 (VIOLATED)
_749173_/C                            320.00  411.29  -91.29 (VIOLATED)
_749638_/C                            320.00  411.25  -91.25 (VIOLATED)
hold123199/A                          320.00  411.20  -91.20 (VIOLATED)
in_data_q[137]$_DFFE_PN0P_/QN         320.00  411.18  -91.18 (VIOLATED)
place73464/A                          320.00  411.13  -91.13 (VIOLATED)
_740787_/A                            320.00  411.13  -91.13 (VIOLATED)
_759228_/A                            320.00  411.13  -91.13 (VIOLATED)
_759227_/A                            320.00  411.12  -91.12 (VIOLATED)
_744947_/A                            320.00  411.09  -91.09 (VIOLATED)
_737630_/B                            320.00  411.08  -91.08 (VIOLATED)
place74395/A                          320.00  411.07  -91.07 (VIOLATED)
out_pix_data[129]$_DFFE_PN0P_/RESETN  320.00  411.03  -91.03 (VIOLATED)
_743844_/A                            320.00  411.01  -91.01 (VIOLATED)
_749576_/C                            320.00  410.99  -90.99 (VIOLATED)
_740760_/A                            320.00  410.99  -90.99 (VIOLATED)
_740689_/A                            320.00  410.97  -90.97 (VIOLATED)
oskid_d[123]$_DFFE_PN0P_/RESETN       320.00  410.95  -90.95 (VIOLATED)
_759230_/B2                           320.00  410.95  -90.95 (VIOLATED)
oskid_d[122]$_DFFE_PN0P_/RESETN       320.00  410.93  -90.93 (VIOLATED)
_749641_/A                            320.00  410.89  -90.89 (VIOLATED)
_740682_/A                            320.00  410.83  -90.83 (VIOLATED)
_752147_/C                            320.00  410.82  -90.82 (VIOLATED)
_719203_/B                            320.00  410.82  -90.82 (VIOLATED)
_749635_/A                            320.00  410.82  -90.82 (VIOLATED)
in_data_q[77]$_DFFE_PN0P_/RESETN      320.00  410.75  -90.75 (VIOLATED)
_749259_/B                            320.00  410.64  -90.64 (VIOLATED)
_739564_/B                            320.00  410.62  -90.62 (VIOLATED)
_750520_/A                            320.00  410.60  -90.60 (VIOLATED)
_750504_/A                            320.00  410.60  -90.60 (VIOLATED)
_745275_/B                            320.00  410.60  -90.60 (VIOLATED)
_749200_/Y                            320.00  410.55  -90.55 (VIOLATED)
_749180_/A                            320.00  410.51  -90.51 (VIOLATED)
_743976_/A                            320.00  410.48  -90.48 (VIOLATED)
_749256_/C                            320.00  410.46  -90.46 (VIOLATED)
_749609_/B                            320.00  410.45  -90.45 (VIOLATED)
_749612_/C                            320.00  410.43  -90.43 (VIOLATED)
_755503_/A                            320.00  410.43  -90.43 (VIOLATED)
_765509_/A1                           320.00  410.31  -90.31 (VIOLATED)
_749156_/C                            320.00  410.25  -90.25 (VIOLATED)
place73896/A                          320.00  410.21  -90.21 (VIOLATED)
_747032_/A                            320.00  410.16  -90.16 (VIOLATED)
_749798_/A                            320.00  410.15  -90.15 (VIOLATED)
_744963_/A                            320.00  410.15  -90.15 (VIOLATED)
_756761_/A                            320.00  410.14  -90.14 (VIOLATED)
in_data_q[64]$_DFFE_PN0P_/QN          320.00  410.13  -90.13 (VIOLATED)
_758978_/A                            320.00  410.13  -90.13 (VIOLATED)
_740662_/A                            320.00  410.13  -90.13 (VIOLATED)
_764016_/A                            320.00  410.12  -90.12 (VIOLATED)
_746996_/A                            320.00  410.10  -90.10 (VIOLATED)
_480334_/C                            320.00  410.10  -90.10 (VIOLATED)
_480289_/B                            320.00  410.09  -90.09 (VIOLATED)
_480301_/C                            320.00  410.08  -90.08 (VIOLATED)
_480276_/C                            320.00  410.08  -90.08 (VIOLATED)
_740674_/A                            320.00  410.00  -90.00 (VIOLATED)
_758686_/B                            320.00  410.00  -90.00 (VIOLATED)
_758781_/A1                           320.00  409.98  -89.98 (VIOLATED)
_749159_/C                            320.00  409.98  -89.98 (VIOLATED)
oskid_d[127]$_DFFE_PN0P_/RESETN       320.00  409.97  -89.97 (VIOLATED)
_757867_/A1                           320.00  409.96  -89.96 (VIOLATED)
a_sym[5][4]$_DFFE_PN0P_/QN            320.00  409.93  -89.93 (VIOLATED)
_696537_/B                            320.00  409.88  -89.88 (VIOLATED)
_480460_/C                            320.00  409.88  -89.88 (VIOLATED)
_758780_/A                            320.00  409.82  -89.82 (VIOLATED)
_480466_/C                            320.00  409.81  -89.81 (VIOLATED)
_737295_/B                            320.00  409.80  -89.80 (VIOLATED)
_748236_/A                            320.00  409.78  -89.78 (VIOLATED)
_748423_/A                            320.00  409.75  -89.75 (VIOLATED)
_749123_/C                            320.00  409.73  -89.73 (VIOLATED)
_480475_/C                            320.00  409.67  -89.67 (VIOLATED)
_758439_/C                            320.00  409.59  -89.59 (VIOLATED)
_480007_/C                            320.00  409.58  -89.58 (VIOLATED)
in_data_q[122]$_DFFE_PN0P_/RESETN     320.00  409.55  -89.55 (VIOLATED)
rdata_q[6621]$_DFFE_PP_/QN            320.00  409.55  -89.55 (VIOLATED)
in_data_q[108]$_DFFE_PN0P_/RESETN     320.00  409.50  -89.50 (VIOLATED)
in_data_q[87]$_DFFE_PN0P_/RESETN      320.00  409.46  -89.46 (VIOLATED)
in_data_q[124]$_DFFE_PN0P_/RESETN     320.00  409.40  -89.40 (VIOLATED)
in_data_q[100]$_DFFE_PN0P_/RESETN     320.00  409.37  -89.37 (VIOLATED)
_480577_/C                            320.00  409.33  -89.33 (VIOLATED)
in_data_q[62]$_DFFE_PN0P_/RESETN      320.00  409.28  -89.28 (VIOLATED)
in_data_q[149]$_DFFE_PN0P_/RESETN     320.00  409.28  -89.28 (VIOLATED)
oskid_d[124]$_DFFE_PN0P_/RESETN       320.00  409.27  -89.27 (VIOLATED)
in_data_q[146]$_DFFE_PN0P_/RESETN     320.00  409.25  -89.25 (VIOLATED)
a_sym[12][4]$_DFFE_PN0P_/RESETN       320.00  409.24  -89.24 (VIOLATED)
_759064_/A1                           320.00  409.24  -89.24 (VIOLATED)
oskid_d[125]$_DFFE_PN0P_/RESETN       320.00  409.23  -89.23 (VIOLATED)
in_data_q[70]$_DFFE_PN0P_/RESETN      320.00  409.22  -89.22 (VIOLATED)
_509959_/A                            320.00  409.22  -89.22 (VIOLATED)
_737360_/B                            320.00  409.22  -89.22 (VIOLATED)
in_data_q[142]$_DFFE_PN0P_/RESETN     320.00  409.21  -89.21 (VIOLATED)
in_data_q[42]$_DFFE_PN0P_/RESETN      320.00  409.21  -89.21 (VIOLATED)
in_data_q[151]$_DFFE_PN0P_/RESETN     320.00  409.19  -89.19 (VIOLATED)
_743911_/A                            320.00  409.18  -89.18 (VIOLATED)
in_data_q[102]$_DFFE_PN0P_/RESETN     320.00  409.16  -89.16 (VIOLATED)
in_data_q[32]$_DFFE_PN0P_/RESETN      320.00  409.14  -89.14 (VIOLATED)
_745452_/B                            320.00  409.11  -89.11 (VIOLATED)
in_data_q[147]$_DFFE_PN0P_/RESETN     320.00  409.09  -89.09 (VIOLATED)
_755789_/B2                           320.00  409.06  -89.06 (VIOLATED)
_760785_/A                            320.00  409.06  -89.06 (VIOLATED)
_751157_/B                            320.00  409.03  -89.03 (VIOLATED)
_748244_/B2                           320.00  409.01  -89.01 (VIOLATED)
place74187/A                          320.00  408.99  -88.99 (VIOLATED)
in_data_q[80]$_DFFE_PN0P_/RESETN      320.00  408.97  -88.97 (VIOLATED)
_758278_/A1                           320.00  408.91  -88.91 (VIOLATED)
_760208_/C1                           320.00  408.90  -88.90 (VIOLATED)
_748729_/A1                           320.00  408.86  -88.86 (VIOLATED)
_748879_/A1                           320.00  408.85  -88.85 (VIOLATED)
rdata_q[6779]$_DFFE_PP_/QN            320.00  408.85  -88.85 (VIOLATED)
_756316_/B                            320.00  408.83  -88.83 (VIOLATED)
in_data_q[25]$_DFFE_PN0P_/RESETN      320.00  408.81  -88.81 (VIOLATED)
_744888_/A                            320.00  408.78  -88.78 (VIOLATED)
place75028/A                          320.00  408.77  -88.77 (VIOLATED)
_744890_/A                            320.00  408.77  -88.77 (VIOLATED)
oskid_d[126]$_DFFE_PN0P_/RESETN       320.00  408.73  -88.73 (VIOLATED)
_740289_/B                            320.00  408.72  -88.72 (VIOLATED)
_763772_/A                            320.00  408.72  -88.72 (VIOLATED)
_744886_/A                            320.00  408.72  -88.72 (VIOLATED)
_763773_/A1                           320.00  408.71  -88.71 (VIOLATED)
in_data_q[31]$_DFFE_PN0P_/RESETN      320.00  408.71  -88.71 (VIOLATED)
_740795_/A                            320.00  408.70  -88.70 (VIOLATED)
_754118_/C                            320.00  408.67  -88.67 (VIOLATED)
_755839_/B2                           320.00  408.63  -88.63 (VIOLATED)
in_data_q[127]$_DFFE_PN0P_/RESETN     320.00  408.61  -88.61 (VIOLATED)
m_1h[29]$_DFFE_PN0P_/QN               320.00  408.57  -88.57 (VIOLATED)
_756940_/C                            320.00  408.57  -88.57 (VIOLATED)
in_data_q[19]$_DFFE_PN0P_/RESETN      320.00  408.56  -88.56 (VIOLATED)
_750644_/A                            320.00  408.55  -88.55 (VIOLATED)
_748661_/A                            320.00  408.55  -88.55 (VIOLATED)
_760794_/A1                           320.00  408.54  -88.54 (VIOLATED)
in_data_q[125]$_DFFE_PN0P_/RESETN     320.00  408.48  -88.48 (VIOLATED)
_759736_/B2                           320.00  408.46  -88.46 (VIOLATED)
in_data_q[123]$_DFFE_PN0P_/RESETN     320.00  408.45  -88.45 (VIOLATED)
_649107_/B                            320.00  408.44  -88.44 (VIOLATED)
in_data_q[16]$_DFFE_PN0P_/RESETN      320.00  408.42  -88.42 (VIOLATED)
_759273_/A                            320.00  408.40  -88.40 (VIOLATED)
_744884_/A                            320.00  408.40  -88.40 (VIOLATED)
_748703_/A                            320.00  408.39  -88.39 (VIOLATED)
in_data_q[107]$_DFFE_PN0P_/RESETN     320.00  408.39  -88.39 (VIOLATED)
_764001_/A                            320.00  408.35  -88.35 (VIOLATED)
_759484_/C                            320.00  408.34  -88.34 (VIOLATED)
_759352_/A                            320.00  408.34  -88.34 (VIOLATED)
in_data_q[60]$_DFFE_PN0P_/RESETN      320.00  408.34  -88.34 (VIOLATED)
place74641/A                          320.00  408.32  -88.32 (VIOLATED)
_764002_/A1                           320.00  408.31  -88.31 (VIOLATED)
_761210_/A                            320.00  408.21  -88.21 (VIOLATED)
_756244_/B1                           320.00  408.21  -88.21 (VIOLATED)
in_data_q[24]$_DFFE_PN0P_/RESETN      320.00  408.20  -88.20 (VIOLATED)
in_data_q[3]$_DFFE_PN0P_/RESETN       320.00  408.18  -88.18 (VIOLATED)
_749110_/A                            320.00  408.17  -88.17 (VIOLATED)
a_sym[15][0]$_DFFE_PN0P_/RESETN       320.00  408.15  -88.15 (VIOLATED)
_745534_/B                            320.00  408.10  -88.10 (VIOLATED)
_754290_/A                            320.00  408.07  -88.07 (VIOLATED)
_745618_/B                            320.00  408.05  -88.05 (VIOLATED)
_744144_/B                            320.00  408.04  -88.04 (VIOLATED)
_749232_/A                            320.00  408.01  -88.01 (VIOLATED)
_757821_/B2                           320.00  408.00  -88.00 (VIOLATED)
_750925_/A                            320.00  407.96  -87.96 (VIOLATED)
_759356_/A1                           320.00  407.92  -87.92 (VIOLATED)
place74622/A                          320.00  407.89  -87.89 (VIOLATED)
_748427_/B                            320.00  407.86  -87.86 (VIOLATED)
_760205_/A1                           320.00  407.83  -87.83 (VIOLATED)
_745622_/B                            320.00  407.82  -87.82 (VIOLATED)
_743830_/A                            320.00  407.82  -87.82 (VIOLATED)
_857643_/B                            320.00  407.81  -87.81 (VIOLATED)
_751801_/B                            320.00  407.80  -87.80 (VIOLATED)
_751799_/D                            320.00  407.79  -87.79 (VIOLATED)
_754947_/A                            320.00  407.78  -87.78 (VIOLATED)
_743340_/A                            320.00  407.69  -87.69 (VIOLATED)
_762259_/A1                           320.00  407.64  -87.64 (VIOLATED)
_503067_/B                            320.00  407.63  -87.63 (VIOLATED)
_758435_/C                            320.00  407.63  -87.63 (VIOLATED)
_759731_/A                            320.00  407.57  -87.57 (VIOLATED)
_482504_/E                            320.00  407.54  -87.54 (VIOLATED)
in_data_q[129]$_DFFE_PN0P_/RESETN     320.00  407.50  -87.50 (VIOLATED)
_749028_/D                            320.00  407.49  -87.49 (VIOLATED)
_739780_/B                            320.00  407.47  -87.47 (VIOLATED)
m_1h[23]$_DFFE_PN0P_/QN               320.00  407.46  -87.46 (VIOLATED)
_753488_/A2                           320.00  407.43  -87.43 (VIOLATED)
_753485_/A2                           320.00  407.43  -87.43 (VIOLATED)
_748355_/A2                           320.00  407.42  -87.42 (VIOLATED)
_743958_/B                            320.00  407.42  -87.42 (VIOLATED)
_756927_/A1                           320.00  407.41  -87.41 (VIOLATED)
_750489_/A2                           320.00  407.39  -87.39 (VIOLATED)
_750490_/A2                           320.00  407.39  -87.39 (VIOLATED)
_748413_/B                            320.00  407.38  -87.38 (VIOLATED)
_763999_/A                            320.00  407.38  -87.38 (VIOLATED)
_748419_/D                            320.00  407.37  -87.37 (VIOLATED)
_751718_/B                            320.00  407.34  -87.34 (VIOLATED)
_751720_/B                            320.00  407.30  -87.30 (VIOLATED)
_748505_/D                            320.00  407.30  -87.30 (VIOLATED)
_748364_/D                            320.00  407.30  -87.30 (VIOLATED)
_764000_/A1                           320.00  407.28  -87.28 (VIOLATED)
_751765_/B                            320.00  407.27  -87.27 (VIOLATED)
_748368_/B                            320.00  407.26  -87.26 (VIOLATED)
_757535_/C                            320.00  407.26  -87.26 (VIOLATED)
_752715_/D                            320.00  407.24  -87.24 (VIOLATED)
_753493_/D                            320.00  407.21  -87.21 (VIOLATED)
a_sym[5][4]$_DFFE_PN0P_/RESETN        320.00  407.19  -87.19 (VIOLATED)
_745529_/B                            320.00  407.17  -87.17 (VIOLATED)
_753527_/D                            320.00  407.13  -87.13 (VIOLATED)
_758022_/B                            320.00  407.13  -87.13 (VIOLATED)
in_data_q[5]$_DFFE_PN0P_/RESETN       320.00  407.12  -87.12 (VIOLATED)
in_data_q[120]$_DFFE_PN0P_/RESETN     320.00  407.10  -87.10 (VIOLATED)
_758023_/D                            320.00  407.09  -87.09 (VIOLATED)
_763160_/A                            320.00  407.07  -87.07 (VIOLATED)
_754210_/A2                           320.00  407.06  -87.06 (VIOLATED)
_758280_/A1                           320.00  407.06  -87.06 (VIOLATED)
_763161_/A1                           320.00  407.04  -87.04 (VIOLATED)
_751762_/B                            320.00  407.01  -87.01 (VIOLATED)
_744882_/A                            320.00  406.99  -86.99 (VIOLATED)
_754287_/A                            320.00  406.98  -86.98 (VIOLATED)
rdata_q[2726]$_DFFE_PP_/QN            320.00  406.98  -86.98 (VIOLATED)
_756381_/A1                           320.00  406.98  -86.98 (VIOLATED)
_757592_/A1                           320.00  406.93  -86.93 (VIOLATED)
_750069_/A                            320.00  406.93  -86.93 (VIOLATED)
_750544_/A2                           320.00  406.91  -86.91 (VIOLATED)
_750543_/A2                           320.00  406.91  -86.91 (VIOLATED)
_748445_/A2                           320.00  406.90  -86.90 (VIOLATED)
_759232_/B                            320.00  406.87  -86.87 (VIOLATED)
_749560_/C                            320.00  406.86  -86.86 (VIOLATED)
_743977_/A                            320.00  406.86  -86.86 (VIOLATED)
_750432_/B                            320.00  406.84  -86.84 (VIOLATED)
_751820_/A                            320.00  406.83  -86.83 (VIOLATED)
place73458/A                          320.00  406.83  -86.83 (VIOLATED)
_745711_/B                            320.00  406.81  -86.81 (VIOLATED)
_758048_/A1                           320.00  406.78  -86.78 (VIOLATED)
_764015_/A1                           320.00  406.77  -86.77 (VIOLATED)
_754829_/A                            320.00  406.76  -86.76 (VIOLATED)
_639420_/A                            320.00  406.75  -86.75 (VIOLATED)
_753521_/A2                           320.00  406.70  -86.70 (VIOLATED)
_748216_/B                            320.00  406.65  -86.65 (VIOLATED)
_757311_/B2                           320.00  406.64  -86.64 (VIOLATED)
_747240_/A                            320.00  406.63  -86.63 (VIOLATED)
in_data_q[12]$_DFFE_PN0P_/RESETN      320.00  406.63  -86.63 (VIOLATED)
_748456_/A2                           320.00  406.63  -86.63 (VIOLATED)
in_data_q[15]$_DFFE_PN0P_/RESETN      320.00  406.51  -86.51 (VIOLATED)
_740796_/A                            320.00  406.50  -86.50 (VIOLATED)
_740666_/A                            320.00  406.49  -86.49 (VIOLATED)
in_data_q[121]$_DFFE_PN0P_/RESETN     320.00  406.47  -86.47 (VIOLATED)
in_data_q[88]$_DFFE_PN0P_/RESETN      320.00  406.46  -86.46 (VIOLATED)
in_data_q[117]$_DFFE_PN0P_/RESETN     320.00  406.45  -86.45 (VIOLATED)
_740683_/A                            320.00  406.43  -86.43 (VIOLATED)
place75039/A                          320.00  406.38  -86.38 (VIOLATED)
in_data_q[2]$_DFFE_PN0P_/RESETN       320.00  406.38  -86.38 (VIOLATED)
_749036_/B                            320.00  406.38  -86.38 (VIOLATED)
_748120_/A                            320.00  406.32  -86.32 (VIOLATED)
in_data_q[126]$_DFFE_PN0P_/RESETN     320.00  406.30  -86.30 (VIOLATED)
_755824_/A1                           320.00  406.29  -86.29 (VIOLATED)
_754849_/A                            320.00  406.26  -86.26 (VIOLATED)
_748161_/A                            320.00  406.21  -86.21 (VIOLATED)
_744560_/B                            320.00  406.17  -86.17 (VIOLATED)
_754109_/B                            320.00  406.12  -86.12 (VIOLATED)
place74761/A                          320.00  406.11  -86.11 (VIOLATED)
_753443_/A                            320.00  406.09  -86.09 (VIOLATED)
in_data_q[89]$_DFFE_PN0P_/RESETN      320.00  406.09  -86.09 (VIOLATED)
in_data_q[128]$_DFFE_PN0P_/RESETN     320.00  406.06  -86.06 (VIOLATED)
part_q[1][13]$_DFFE_PP_/QN            320.00  406.06  -86.06 (VIOLATED)
_763125_/A1                           320.00  406.06  -86.06 (VIOLATED)
in_data_q[105]$_DFFE_PN0P_/RESETN     320.00  406.05  -86.05 (VIOLATED)
in_data_q[83]$_DFFE_PN0P_/RESETN      320.00  406.05  -86.05 (VIOLATED)
in_data_q[18]$_DFFE_PN0P_/RESETN      320.00  406.04  -86.04 (VIOLATED)
in_data_q[43]$_DFFE_PN0P_/RESETN      320.00  406.02  -86.02 (VIOLATED)
_751661_/A                            320.00  406.01  -86.01 (VIOLATED)
_748171_/A                            320.00  406.00  -86.00 (VIOLATED)
in_data_q[96]$_DFFE_PN0P_/QN          320.00  405.94  -85.94 (VIOLATED)
_768885_/Y                            320.00  405.88  -85.88 (VIOLATED)
_756963_/B1                           320.00  405.87  -85.87 (VIOLATED)
_745706_/B                            320.00  405.83  -85.83 (VIOLATED)
in_data_q[103]$_DFFE_PN0P_/RESETN     320.00  405.80  -85.80 (VIOLATED)
place83504/A                          320.00  405.74  -85.74 (VIOLATED)
_750432_/A                            320.00  405.73  -85.73 (VIOLATED)
_764014_/A                            320.00  405.72  -85.72 (VIOLATED)
_749419_/Y                            320.00  405.72  -85.72 (VIOLATED)
_747376_/A                            320.00  405.70  -85.70 (VIOLATED)
_740804_/A                            320.00  405.67  -85.67 (VIOLATED)
_754107_/B                            320.00  405.57  -85.57 (VIOLATED)
_743336_/A                            320.00  405.57  -85.57 (VIOLATED)
_764022_/A                            320.00  405.52  -85.52 (VIOLATED)
place75149/A                          320.00  405.51  -85.51 (VIOLATED)
_754278_/A                            320.00  405.48  -85.48 (VIOLATED)
in_data_q[9]$_DFFE_PN0P_/RESETN       320.00  405.46  -85.46 (VIOLATED)
_764023_/A1                           320.00  405.44  -85.44 (VIOLATED)
_745427_/B                            320.00  405.42  -85.42 (VIOLATED)
_480127_/A                            320.00  405.40  -85.40 (VIOLATED)
_764021_/A1                           320.00  405.40  -85.40 (VIOLATED)
_480507_/A                            320.00  405.40  -85.40 (VIOLATED)
in_data_q[97]$_DFFE_PN0P_/RESETN      320.00  405.27  -85.27 (VIOLATED)
place74399/A                          320.00  405.23  -85.23 (VIOLATED)
_747708_/B                            320.00  405.21  -85.21 (VIOLATED)
in_data_q[27]$_DFFE_PN0P_/QN          320.00  405.19  -85.19 (VIOLATED)
_746961_/B                            320.00  405.14  -85.14 (VIOLATED)
_751099_/A1                           320.00  405.12  -85.12 (VIOLATED)
_754839_/A1                           320.00  405.12  -85.12 (VIOLATED)
_751669_/A1                           320.00  405.12  -85.12 (VIOLATED)
_748216_/A                            320.00  405.11  -85.11 (VIOLATED)
_757754_/A1                           320.00  405.10  -85.10 (VIOLATED)
_745250_/B                            320.00  405.09  -85.09 (VIOLATED)
_738012_/A                            320.00  405.08  -85.08 (VIOLATED)
_738010_/A                            320.00  405.07  -85.07 (VIOLATED)
_748134_/A1                           320.00  405.07  -85.07 (VIOLATED)
_748676_/A                            320.00  405.05  -85.05 (VIOLATED)
_528182_/B                            320.00  405.04  -85.04 (VIOLATED)
place75252/A                          320.00  405.01  -85.01 (VIOLATED)
_737941_/A                            320.00  405.00  -85.00 (VIOLATED)
_764020_/A                            320.00  404.98  -84.98 (VIOLATED)
in_data_q[86]$_DFFE_PN0P_/RESETN      320.00  404.97  -84.97 (VIOLATED)
in_data_q[106]$_DFFE_PN0P_/RESETN     320.00  404.96  -84.96 (VIOLATED)
_739571_/B                            320.00  404.93  -84.93 (VIOLATED)
_746489_/B                            320.00  404.93  -84.93 (VIOLATED)
_746729_/B                            320.00  404.93  -84.93 (VIOLATED)
_504036_/D                            320.00  404.92  -84.92 (VIOLATED)
_747490_/B                            320.00  404.88  -84.88 (VIOLATED)
_751438_/D                            320.00  404.86  -84.86 (VIOLATED)
_751332_/C                            320.00  404.86  -84.86 (VIOLATED)
_759177_/D                            320.00  404.84  -84.84 (VIOLATED)
in_data_q[82]$_DFFE_PN0P_/RESETN      320.00  404.79  -84.79 (VIOLATED)
_745620_/B                            320.00  404.79  -84.79 (VIOLATED)
_748325_/A                            320.00  404.76  -84.76 (VIOLATED)
_737994_/A                            320.00  404.72  -84.72 (VIOLATED)
_754832_/A1                           320.00  404.71  -84.71 (VIOLATED)
place74476/A                          320.00  404.69  -84.69 (VIOLATED)
_754860_/A                            320.00  404.68  -84.68 (VIOLATED)
_750636_/B                            320.00  404.66  -84.66 (VIOLATED)
_757994_/A1                           320.00  404.65  -84.65 (VIOLATED)
_745557_/B                            320.00  404.61  -84.61 (VIOLATED)
ce_d2[46]$_DFFE_PN0P_/RESETN          320.00  404.57  -84.57 (VIOLATED)
_677308_/B                            320.00  404.52  -84.52 (VIOLATED)
ce_d1[46]$_DFFE_PN0P_/RESETN          320.00  404.51  -84.51 (VIOLATED)
in_data_q[136]$_DFFE_PN0P_/RESETN     320.00  404.51  -84.51 (VIOLATED)
_739176_/B                            320.00  404.44  -84.44 (VIOLATED)
_737858_/A                            320.00  404.27  -84.27 (VIOLATED)
in_data_q[101]$_DFFE_PN0P_/RESETN     320.00  404.26  -84.26 (VIOLATED)
in_data_q[11]$_DFFE_PN0P_/RESETN      320.00  404.24  -84.24 (VIOLATED)
in_data_q[145]$_DFFE_PN0P_/RESETN     320.00  404.20  -84.20 (VIOLATED)
_754131_/A                            320.00  404.17  -84.17 (VIOLATED)
in_data_q[116]$_DFFE_PN0P_/RESETN     320.00  404.13  -84.13 (VIOLATED)
in_data_q[143]$_DFFE_PN0P_/RESETN     320.00  404.12  -84.12 (VIOLATED)
in_data_q[119]$_DFFE_PN0P_/RESETN     320.00  404.09  -84.09 (VIOLATED)
_740713_/A                            320.00  404.03  -84.03 (VIOLATED)
_737988_/A                            320.00  404.01  -84.01 (VIOLATED)
in_data_q[81]$_DFFE_PN0P_/RESETN      320.00  403.99  -83.99 (VIOLATED)
_763124_/A                            320.00  403.95  -83.95 (VIOLATED)
in_data_q[131]$_DFFE_PN0P_/RESETN     320.00  403.94  -83.94 (VIOLATED)
_748178_/A                            320.00  403.94  -83.94 (VIOLATED)
_737992_/A                            320.00  403.93  -83.93 (VIOLATED)
place74569/A                          320.00  403.92  -83.92 (VIOLATED)
place75081/A                          320.00  403.89  -83.89 (VIOLATED)
_744892_/A                            320.00  403.89  -83.89 (VIOLATED)
_738161_/B                            320.00  403.83  -83.83 (VIOLATED)
_754161_/A                            320.00  403.82  -83.82 (VIOLATED)
_751677_/A1                           320.00  403.79  -83.79 (VIOLATED)
in_data_q[139]$_DFFE_PN0P_/RESETN     320.00  403.77  -83.77 (VIOLATED)
_748186_/A                            320.00  403.75  -83.75 (VIOLATED)
_486270_/A                            320.00  403.71  -83.71 (VIOLATED)
_740357_/B                            320.00  403.68  -83.68 (VIOLATED)
_756225_/A1                           320.00  403.67  -83.67 (VIOLATED)
place75044/A                          320.00  403.67  -83.67 (VIOLATED)
_748202_/B                            320.00  403.57  -83.57 (VIOLATED)
_745617_/B                            320.00  403.52  -83.52 (VIOLATED)
_754158_/A                            320.00  403.51  -83.51 (VIOLATED)
_759586_/B                            320.00  403.48  -83.48 (VIOLATED)
_752655_/A1                           320.00  403.48  -83.48 (VIOLATED)
_754841_/A                            320.00  403.47  -83.47 (VIOLATED)
_745734_/B                            320.00  403.46  -83.46 (VIOLATED)
_754129_/A                            320.00  403.45  -83.45 (VIOLATED)
in_data_q[130]$_DFFE_PN0P_/RESETN     320.00  403.43  -83.43 (VIOLATED)
_744209_/B                            320.00  403.43  -83.43 (VIOLATED)
in_data_q[85]$_DFFE_PN0P_/RESETN      320.00  403.39  -83.39 (VIOLATED)
_756691_/C                            320.00  403.33  -83.33 (VIOLATED)
_752169_/A3                           320.00  403.31  -83.31 (VIOLATED)
in_data_q[99]$_DFFE_PN0P_/RESETN      320.00  403.29  -83.29 (VIOLATED)
out_pix_data[122]$_DFFE_PN0P_/RESETN  320.00  403.29  -83.29 (VIOLATED)
_757804_/A                            320.00  403.25  -83.25 (VIOLATED)
_752015_/C                            320.00  403.22  -83.22 (VIOLATED)
_748134_/C                            320.00  403.18  -83.18 (VIOLATED)
in_data_q[104]$_DFFE_PN0P_/RESETN     320.00  403.18  -83.18 (VIOLATED)
_756628_/C                            320.00  403.17  -83.17 (VIOLATED)
_749105_/A                            320.00  403.14  -83.14 (VIOLATED)
_738013_/A                            320.00  403.14  -83.14 (VIOLATED)
_760525_/A                            320.00  403.10  -83.10 (VIOLATED)
_753450_/A1                           320.00  403.06  -83.06 (VIOLATED)
in_data_q[20]$_DFFE_PN0P_/RESETN      320.00  403.06  -83.06 (VIOLATED)
_752946_/B                            320.00  403.02  -83.02 (VIOLATED)
_740705_/A                            320.00  403.01  -83.01 (VIOLATED)
_747067_/D                            320.00  403.00  -83.00 (VIOLATED)
_747194_/B                            320.00  402.99  -82.99 (VIOLATED)
_754108_/B                            320.00  402.98  -82.98 (VIOLATED)
rdata_q[3180]$_DFFE_PP_/QN            320.00  402.96  -82.96 (VIOLATED)
_750815_/C                            320.00  402.87  -82.87 (VIOLATED)
in_data_q[47]$_DFFE_PN0P_/RESETN      320.00  402.86  -82.86 (VIOLATED)
in_data_q[79]$_DFFE_PN0P_/RESETN      320.00  402.84  -82.84 (VIOLATED)
_751678_/A                            320.00  402.83  -82.83 (VIOLATED)
_739748_/B                            320.00  402.75  -82.75 (VIOLATED)
_480327_/B1                           320.00  402.75  -82.75 (VIOLATED)
_751668_/A1                           320.00  402.72  -82.72 (VIOLATED)
_740803_/A                            320.00  402.68  -82.68 (VIOLATED)
_747900_/B                            320.00  402.63  -82.63 (VIOLATED)
_737967_/A                            320.00  402.62  -82.62 (VIOLATED)
_747977_/D                            320.00  402.59  -82.59 (VIOLATED)
_757009_/C                            320.00  402.58  -82.58 (VIOLATED)
_538435_/B                            320.00  402.58  -82.58 (VIOLATED)
_749652_/D                            320.00  402.45  -82.45 (VIOLATED)
_767960_/Y                            320.00  402.45  -82.45 (VIOLATED)
_523085_/A1                           320.00  402.44  -82.44 (VIOLATED)
_747239_/Y                            320.00  402.43  -82.43 (VIOLATED)
_747282_/B                            320.00  402.40  -82.40 (VIOLATED)
rdata_q[6939]$_DFFE_PP_/QN            320.00  402.40  -82.40 (VIOLATED)
_487143_/B                            320.00  402.37  -82.37 (VIOLATED)
_750892_/A1                           320.00  402.37  -82.37 (VIOLATED)
_752954_/A1                           320.00  402.37  -82.37 (VIOLATED)
_743845_/A                            320.00  402.35  -82.35 (VIOLATED)
_753691_/A1                           320.00  402.34  -82.34 (VIOLATED)
_750439_/B                            320.00  402.29  -82.29 (VIOLATED)
_753472_/A                            320.00  402.26  -82.26 (VIOLATED)
_747393_/D                            320.00  402.24  -82.24 (VIOLATED)
_737973_/A                            320.00  402.19  -82.19 (VIOLATED)
_748192_/A                            320.00  402.15  -82.15 (VIOLATED)
_754125_/A                            320.00  402.14  -82.14 (VIOLATED)
_556003_/B2                           320.00  402.10  -82.10 (VIOLATED)
_671703_/A                            320.00  402.10  -82.10 (VIOLATED)
_763775_/A1                           320.00  402.09  -82.09 (VIOLATED)
_745543_/B                            320.00  402.08  -82.08 (VIOLATED)
m_1h[38]$_DFFE_PN0P_/RESETN           320.00  402.06  -82.06 (VIOLATED)
m_1h[41]$_DFFE_PN0P_/RESETN           320.00  402.03  -82.03 (VIOLATED)
place73054/A                          320.00  401.99  -81.99 (VIOLATED)
_748172_/A                            320.00  401.97  -81.97 (VIOLATED)
_740820_/A                            320.00  401.93  -81.93 (VIOLATED)
_755413_/B                            320.00  401.92  -81.92 (VIOLATED)
_759890_/C2                           320.00  401.91  -81.91 (VIOLATED)
place73276/A                          320.00  401.91  -81.91 (VIOLATED)
_721819_/A                            320.00  401.84  -81.84 (VIOLATED)
_584417_/A                            320.00  401.79  -81.79 (VIOLATED)
_737878_/A                            320.00  401.78  -81.78 (VIOLATED)
_489899_/A                            320.00  401.77  -81.77 (VIOLATED)
_832837_/B                            320.00  401.70  -81.70 (VIOLATED)
place74112/A                          320.00  401.68  -81.68 (VIOLATED)
_757553_/C2                           320.00  401.62  -81.62 (VIOLATED)
in_data_q[109]$_DFFE_PN0P_/RESETN     320.00  401.62  -81.62 (VIOLATED)
_757329_/B2                           320.00  401.62  -81.62 (VIOLATED)
_752057_/A3                           320.00  401.60  -81.60 (VIOLATED)
_751663_/A                            320.00  401.60  -81.60 (VIOLATED)
_737910_/A                            320.00  401.59  -81.59 (VIOLATED)
_752162_/A                            320.00  401.54  -81.54 (VIOLATED)
_759885_/A                            320.00  401.52  -81.52 (VIOLATED)
out_pix_data[124]$_DFFE_PN0P_/RESETN  320.00  401.51  -81.51 (VIOLATED)
_737932_/A                            320.00  401.48  -81.48 (VIOLATED)
_737861_/A                            320.00  401.45  -81.45 (VIOLATED)
_745720_/B                            320.00  401.40  -81.40 (VIOLATED)
_737971_/A                            320.00  401.39  -81.39 (VIOLATED)
_749563_/C                            320.00  401.38  -81.38 (VIOLATED)
_737991_/A                            320.00  401.37  -81.37 (VIOLATED)
_757061_/A2                           320.00  401.33  -81.33 (VIOLATED)
_753014_/A2                           320.00  401.32  -81.32 (VIOLATED)
place73534/A                          320.00  401.30  -81.30 (VIOLATED)
place75196/A                          320.00  401.29  -81.29 (VIOLATED)
_738015_/A                            320.00  401.29  -81.29 (VIOLATED)
in_data_q[119]$_DFFE_PN0P_/QN         320.00  401.28  -81.28 (VIOLATED)
_512985_/B                            320.00  401.28  -81.28 (VIOLATED)
_763111_/A1                           320.00  401.25  -81.25 (VIOLATED)
_482275_/B                            320.00  401.24  -81.24 (VIOLATED)
_740802_/A                            320.00  401.20  -81.20 (VIOLATED)
_752672_/B                            320.00  401.19  -81.19 (VIOLATED)
_751902_/A2                           320.00  401.19  -81.19 (VIOLATED)
_756588_/C                            320.00  401.19  -81.19 (VIOLATED)
_752869_/A3                           320.00  401.17  -81.17 (VIOLATED)
m_1h[4]$_DFFE_PN0P_/RESETN            320.00  401.09  -81.09 (VIOLATED)
_752821_/A3                           320.00  401.08  -81.08 (VIOLATED)
_763110_/A                            320.00  401.07  -81.07 (VIOLATED)
in_data_q[118]$_DFFE_PN0P_/RESETN     320.00  400.97  -80.97 (VIOLATED)
_740733_/A                            320.00  400.96  -80.96 (VIOLATED)
_738007_/A                            320.00  400.95  -80.95 (VIOLATED)
in_data_q[92]$_DFFE_PN0P_/RESETN      320.00  400.93  -80.93 (VIOLATED)
_737935_/A                            320.00  400.88  -80.88 (VIOLATED)
_759759_/A1                           320.00  400.83  -80.83 (VIOLATED)
_751688_/A                            320.00  400.80  -80.80 (VIOLATED)
in_data_q[84]$_DFFE_PN0P_/RESETN      320.00  400.77  -80.77 (VIOLATED)
_482485_/A1                           320.00  400.74  -80.74 (VIOLATED)
_756959_/C                            320.00  400.73  -80.73 (VIOLATED)
_749052_/C                            320.00  400.70  -80.70 (VIOLATED)
_739830_/B                            320.00  400.69  -80.69 (VIOLATED)
_605121_/B                            320.00  400.69  -80.69 (VIOLATED)
_749025_/D                            320.00  400.68  -80.68 (VIOLATED)
_737968_/A                            320.00  400.63  -80.63 (VIOLATED)
_742485_/B                            320.00  400.61  -80.61 (VIOLATED)
_747603_/B                            320.00  400.54  -80.54 (VIOLATED)
_497037_/B2                           320.00  400.53  -80.53 (VIOLATED)
_737965_/A                            320.00  400.49  -80.49 (VIOLATED)
_738005_/A                            320.00  400.48  -80.48 (VIOLATED)
_759636_/B2                           320.00  400.46  -80.46 (VIOLATED)
_737911_/A                            320.00  400.46  -80.46 (VIOLATED)
in_data_q[22]$_DFFE_PN0P_/RESETN      320.00  400.44  -80.44 (VIOLATED)
in_data_q[93]$_DFFE_PN0P_/RESETN      320.00  400.43  -80.43 (VIOLATED)
in_data_q[72]$_DFFE_PN0P_/RESETN      320.00  400.42  -80.42 (VIOLATED)
_766345_/B                            320.00  400.42  -80.42 (VIOLATED)
in_data_q[96]$_DFFE_PN0P_/RESETN      320.00  400.42  -80.42 (VIOLATED)
_766340_/C                            320.00  400.40  -80.40 (VIOLATED)
in_data_q[8]$_DFFE_PN0P_/RESETN       320.00  400.40  -80.40 (VIOLATED)
_753668_/B2                           320.00  400.35  -80.35 (VIOLATED)
_758946_/A1                           320.00  400.34  -80.34 (VIOLATED)
_753708_/A1                           320.00  400.33  -80.33 (VIOLATED)
in_data_q[13]$_DFFE_PN0P_/RESETN      320.00  400.30  -80.30 (VIOLATED)
_747445_/D                            320.00  400.30  -80.30 (VIOLATED)
_753022_/A1                           320.00  400.26  -80.26 (VIOLATED)
_509958_/A                            320.00  400.23  -80.23 (VIOLATED)
_765078_/B                            320.00  400.22  -80.22 (VIOLATED)
_765703_/C                            320.00  400.18  -80.18 (VIOLATED)
_755343_/A                            320.00  400.16  -80.16 (VIOLATED)
_748660_/Y                            320.00  400.15  -80.15 (VIOLATED)
oskid_d[39]$_DFFE_PN0P_/RESETN        320.00  400.15  -80.15 (VIOLATED)
_757082_/B2                           320.00  400.14  -80.14 (VIOLATED)
_765082_/B                            320.00  400.11  -80.11 (VIOLATED)
_757570_/B2                           320.00  400.10  -80.10 (VIOLATED)
_754281_/A                            320.00  400.10  -80.10 (VIOLATED)
_755405_/B                            320.00  400.03  -80.03 (VIOLATED)
_482273_/Y                            320.00  400.03  -80.03 (VIOLATED)
_765092_/A1                           320.00  399.99  -79.99 (VIOLATED)
a_sym[13][0]$_DFFE_PN0P_/RESETN       320.00  399.97  -79.97 (VIOLATED)
_743858_/A                            320.00  399.95  -79.95 (VIOLATED)
_750416_/B                            320.00  399.94  -79.94 (VIOLATED)
_743897_/A                            320.00  399.94  -79.94 (VIOLATED)
_748139_/A                            320.00  399.93  -79.93 (VIOLATED)
_743902_/A                            320.00  399.91  -79.91 (VIOLATED)
_504063_/B2                           320.00  399.90  -79.90 (VIOLATED)
_766389_/A1                           320.00  399.89  -79.89 (VIOLATED)
_765097_/A1                           320.00  399.89  -79.89 (VIOLATED)
_737864_/A                            320.00  399.89  -79.89 (VIOLATED)
place74715/A                          320.00  399.88  -79.88 (VIOLATED)
_765096_/A                            320.00  399.86  -79.86 (VIOLATED)
_750424_/A                            320.00  399.84  -79.84 (VIOLATED)
_744795_/A                            320.00  399.82  -79.82 (VIOLATED)
_750408_/A                            320.00  399.81  -79.81 (VIOLATED)
_748145_/A                            320.00  399.79  -79.79 (VIOLATED)
in_data_q[6]$_DFFE_PN0P_/RESETN       320.00  399.79  -79.79 (VIOLATED)
_743912_/A                            320.00  399.77  -79.77 (VIOLATED)
_765712_/A1                           320.00  399.77  -79.77 (VIOLATED)
_748132_/A                            320.00  399.75  -79.75 (VIOLATED)
_765710_/C                            320.00  399.72  -79.72 (VIOLATED)
place71992/A                          320.00  399.72  -79.72 (VIOLATED)
_754119_/A                            320.00  399.71  -79.71 (VIOLATED)
_757350_/B2                           320.00  399.69  -79.69 (VIOLATED)
_743898_/A                            320.00  399.69  -79.69 (VIOLATED)
_757371_/B2                           320.00  399.61  -79.61 (VIOLATED)
_743868_/A                            320.00  399.56  -79.56 (VIOLATED)
_753752_/B2                           320.00  399.56  -79.56 (VIOLATED)
_743867_/A                            320.00  399.55  -79.55 (VIOLATED)
_765070_/A                            320.00  399.54  -79.54 (VIOLATED)
_752175_/B2                           320.00  399.52  -79.52 (VIOLATED)
place75076/A                          320.00  399.50  -79.50 (VIOLATED)
_763774_/A                            320.00  399.49  -79.49 (VIOLATED)
in_data_q[115]$_DFFE_PN0P_/RESETN     320.00  399.49  -79.49 (VIOLATED)
_748892_/A                            320.00  399.44  -79.44 (VIOLATED)
_760246_/A1                           320.00  399.40  -79.40 (VIOLATED)
_528152_/A1                           320.00  399.38  -79.38 (VIOLATED)
_765071_/A1                           320.00  399.34  -79.34 (VIOLATED)
_759786_/A1                           320.00  399.33  -79.33 (VIOLATED)
_743981_/A                            320.00  399.29  -79.29 (VIOLATED)
_753611_/A                            320.00  399.28  -79.28 (VIOLATED)
_788010_/A                            320.00  399.25  -79.25 (VIOLATED)
_504102_/B                            320.00  399.18  -79.18 (VIOLATED)
_504119_/B2                           320.00  399.18  -79.18 (VIOLATED)
_758338_/A                            320.00  399.16  -79.16 (VIOLATED)
_741968_/A                            320.00  399.11  -79.11 (VIOLATED)
_753750_/A                            320.00  399.08  -79.08 (VIOLATED)
_754198_/A                            320.00  399.04  -79.04 (VIOLATED)
place73058/A                          320.00  399.03  -79.03 (VIOLATED)
_765699_/C                            320.00  399.03  -79.03 (VIOLATED)
_765701_/A1                           320.00  398.99  -78.99 (VIOLATED)
place74610/A                          320.00  398.96  -78.96 (VIOLATED)
in_data_q[153]$_DFFE_PN0P_/QN         320.00  398.95  -78.95 (VIOLATED)
_749557_/D                            320.00  398.93  -78.93 (VIOLATED)
_765062_/B                            320.00  398.92  -78.92 (VIOLATED)
_738578_/A                            320.00  398.91  -78.91 (VIOLATED)
_748924_/A1                           320.00  398.90  -78.90 (VIOLATED)
_738575_/A                            320.00  398.89  -78.89 (VIOLATED)
_765064_/A1                           320.00  398.88  -78.88 (VIOLATED)
_746784_/B                            320.00  398.86  -78.86 (VIOLATED)
_746667_/D                            320.00  398.86  -78.86 (VIOLATED)
_738568_/A                            320.00  398.84  -78.84 (VIOLATED)
_749566_/D                            320.00  398.82  -78.82 (VIOLATED)
_748119_/A                            320.00  398.81  -78.81 (VIOLATED)
_755691_/A1                           320.00  398.81  -78.81 (VIOLATED)
_750439_/A                            320.00  398.81  -78.81 (VIOLATED)
place74645/A                          320.00  398.80  -78.80 (VIOLATED)
in_data_q[110]$_DFFE_PN0P_/RESETN     320.00  398.72  -78.72 (VIOLATED)
in_data_q[144]$_DFFE_PN0P_/RESETN     320.00  398.71  -78.71 (VIOLATED)
out_pix_data[127]$_DFFE_PN0P_/RESETN  320.00  398.68  -78.68 (VIOLATED)
_755543_/A                            320.00  398.68  -78.68 (VIOLATED)
_738011_/A                            320.00  398.65  -78.65 (VIOLATED)
_766367_/B                            320.00  398.63  -78.63 (VIOLATED)
_745531_/B                            320.00  398.62  -78.62 (VIOLATED)
_738563_/A                            320.00  398.62  -78.62 (VIOLATED)
_766371_/A2                           320.00  398.61  -78.61 (VIOLATED)
_766402_/C                            320.00  398.61  -78.61 (VIOLATED)
_757020_/B2                           320.00  398.60  -78.60 (VIOLATED)
oskid_d[35]$_DFFE_PN0P_/RESETN        320.00  398.59  -78.59 (VIOLATED)
_743828_/A                            320.00  398.58  -78.58 (VIOLATED)
_788040_/A                            320.00  398.56  -78.56 (VIOLATED)
_749572_/A2                           320.00  398.55  -78.55 (VIOLATED)
out_pix_data[123]$_DFFE_PN0P_/RESETN  320.00  398.54  -78.54 (VIOLATED)
_787928_/A                            320.00  398.53  -78.53 (VIOLATED)
_753743_/A2                           320.00  398.53  -78.53 (VIOLATED)
_768869_/A                            320.00  398.51  -78.51 (VIOLATED)
_749666_/D                            320.00  398.50  -78.50 (VIOLATED)
_545174_/B2                           320.00  398.49  -78.49 (VIOLATED)
_820137_/A                            320.00  398.49  -78.49 (VIOLATED)
_754122_/A                            320.00  398.47  -78.47 (VIOLATED)
_756238_/B                            320.00  398.47  -78.47 (VIOLATED)
_738633_/A                            320.00  398.47  -78.47 (VIOLATED)
_748777_/A1                           320.00  398.45  -78.45 (VIOLATED)
_755521_/A                            320.00  398.44  -78.44 (VIOLATED)
_758428_/A1                           320.00  398.41  -78.41 (VIOLATED)
_754307_/A                            320.00  398.40  -78.40 (VIOLATED)
_755518_/A1                           320.00  398.39  -78.39 (VIOLATED)
_766238_/A                            320.00  398.35  -78.35 (VIOLATED)
_752807_/A1                           320.00  398.35  -78.35 (VIOLATED)
_753592_/A1                           320.00  398.34  -78.34 (VIOLATED)
_766395_/C                            320.00  398.34  -78.34 (VIOLATED)
_766418_/A                            320.00  398.34  -78.34 (VIOLATED)
_748953_/C                            320.00  398.33  -78.33 (VIOLATED)
_754311_/B3                           320.00  398.32  -78.32 (VIOLATED)
_749256_/B                            320.00  398.32  -78.32 (VIOLATED)
_743831_/A                            320.00  398.29  -78.29 (VIOLATED)
_755539_/A                            320.00  398.28  -78.28 (VIOLATED)
_743969_/A                            320.00  398.27  -78.27 (VIOLATED)
oskid_d[34]$_DFFE_PN0P_/RESETN        320.00  398.26  -78.26 (VIOLATED)
_750650_/A1                           320.00  398.26  -78.26 (VIOLATED)
_750663_/A1                           320.00  398.25  -78.25 (VIOLATED)
_749612_/B                            320.00  398.25  -78.25 (VIOLATED)
place73261/A                          320.00  398.24  -78.24 (VIOLATED)
_766429_/A1                           320.00  398.23  -78.23 (VIOLATED)
_755541_/A1                           320.00  398.22  -78.22 (VIOLATED)
in_data_q[95]$_DFFE_PN0P_/RESETN      320.00  398.13  -78.13 (VIOLATED)
_757596_/B2                           320.00  398.12  -78.12 (VIOLATED)
ce_d2[32]$_DFFE_PN0P_/RESETN          320.00  398.08  -78.08 (VIOLATED)
rdata_q[6409]$_DFFE_PP_/QN            320.00  398.04  -78.04 (VIOLATED)
_479596_/D                            320.00  398.03  -78.03 (VIOLATED)
rdata_q[6680]$_DFFE_PP_/QN            320.00  398.03  -78.03 (VIOLATED)
_738723_/A                            320.00  398.02  -78.02 (VIOLATED)
place67331/A                          320.00  398.01  -78.01 (VIOLATED)
_744169_/B                            320.00  397.99  -77.99 (VIOLATED)
_766333_/C                            320.00  397.99  -77.99 (VIOLATED)
_787931_/A                            320.00  397.99  -77.99 (VIOLATED)
_787845_/C                            320.00  397.98  -77.98 (VIOLATED)
_737859_/A                            320.00  397.97  -77.97 (VIOLATED)
ce_d1[32]$_DFFE_PN0P_/RESETN          320.00  397.91  -77.91 (VIOLATED)
_749241_/A2                           320.00  397.87  -77.87 (VIOLATED)
_806121_/CI                           320.00  397.85  -77.85 (VIOLATED)
m_ce[32]$_DFFE_PN0P_/RESETN           320.00  397.81  -77.81 (VIOLATED)
place74415/A                          320.00  397.76  -77.76 (VIOLATED)
_747673_/B                            320.00  397.75  -77.75 (VIOLATED)
_747754_/D                            320.00  397.75  -77.75 (VIOLATED)
in_data_q[14]$_DFFE_PN0P_/QN          320.00  397.73  -77.73 (VIOLATED)
_747019_/D                            320.00  397.72  -77.72 (VIOLATED)
_750771_/A1                           320.00  397.69  -77.69 (VIOLATED)
_766270_/B                            320.00  397.65  -77.65 (VIOLATED)
_752052_/B2                           320.00  397.65  -77.65 (VIOLATED)
place74108/A                          320.00  397.62  -77.62 (VIOLATED)
in_data_q[49]$_DFFE_PN0P_/QN          320.00  397.58  -77.58 (VIOLATED)
in_data_q[26]$_DFFE_PN0P_/RESETN      320.00  397.58  -77.58 (VIOLATED)
m_ce[5]$_DFFE_PN0P_/RESETN            320.00  397.58  -77.58 (VIOLATED)
_737989_/A                            320.00  397.57  -77.57 (VIOLATED)
place73041/A                          320.00  397.54  -77.54 (VIOLATED)
_760036_/A1                           320.00  397.53  -77.53 (VIOLATED)
_677128_/B                            320.00  397.53  -77.53 (VIOLATED)
_746238_/B                            320.00  397.45  -77.44 (VIOLATED)
_504061_/B1                           320.00  397.42  -77.42 (VIOLATED)
_744898_/A                            320.00  397.42  -77.42 (VIOLATED)
_523080_/B1                           320.00  397.40  -77.40 (VIOLATED)
_721817_/B1                           320.00  397.40  -77.40 (VIOLATED)
_559462_/B1                           320.00  397.40  -77.40 (VIOLATED)
_754130_/C                            320.00  397.39  -77.39 (VIOLATED)
_752970_/C                            320.00  397.37  -77.37 (VIOLATED)
_758802_/A1                           320.00  397.37  -77.37 (VIOLATED)
_757318_/B2                           320.00  397.36  -77.36 (VIOLATED)
_750904_/D                            320.00  397.35  -77.35 (VIOLATED)
_738698_/A                            320.00  397.34  -77.34 (VIOLATED)
_744896_/A                            320.00  397.32  -77.32 (VIOLATED)
_757544_/B2                           320.00  397.31  -77.31 (VIOLATED)
_760520_/C                            320.00  397.30  -77.30 (VIOLATED)
_751642_/B                            320.00  397.27  -77.27 (VIOLATED)
_740710_/A                            320.00  397.24  -77.24 (VIOLATED)
place72767/A                          320.00  397.24  -77.24 (VIOLATED)
_765102_/B                            320.00  397.23  -77.23 (VIOLATED)
_749669_/D                            320.00  397.21  -77.21 (VIOLATED)
_766314_/C                            320.00  397.20  -77.20 (VIOLATED)
_738571_/A                            320.00  397.20  -77.20 (VIOLATED)
_749659_/D                            320.00  397.19  -77.19 (VIOLATED)
_751887_/B2                           320.00  397.17  -77.17 (VIOLATED)
_745708_/B                            320.00  397.15  -77.15 (VIOLATED)
_756602_/B2                           320.00  397.15  -77.15 (VIOLATED)
_744894_/A                            320.00  397.13  -77.13 (VIOLATED)
_765108_/A                            320.00  397.06  -77.06 (VIOLATED)
_744900_/A                            320.00  397.04  -77.04 (VIOLATED)
_749658_/B1                           320.00  397.01  -77.01 (VIOLATED)
_760723_/A1                           320.00  396.98  -76.98 (VIOLATED)
in_data_q[0]$_DFFE_PN0P_/RESETN       320.00  396.93  -76.93 (VIOLATED)
_754351_/A                            320.00  396.89  -76.89 (VIOLATED)
_480341_/C                            320.00  396.86  -76.86 (VIOLATED)
_480255_/C                            320.00  396.85  -76.85 (VIOLATED)
_757309_/B2                           320.00  396.85  -76.85 (VIOLATED)
_480246_/B                            320.00  396.84  -76.84 (VIOLATED)
_480235_/B                            320.00  396.84  -76.84 (VIOLATED)
_753070_/A                            320.00  396.84  -76.84 (VIOLATED)
_755417_/A1                           320.00  396.83  -76.83 (VIOLATED)
_757359_/B2                           320.00  396.81  -76.81 (VIOLATED)
_765718_/A1                           320.00  396.81  -76.81 (VIOLATED)
_765716_/C                            320.00  396.80  -76.80 (VIOLATED)
_749637_/B                            320.00  396.79  -76.79 (VIOLATED)
_743376_/A                            320.00  396.79  -76.79 (VIOLATED)
_749172_/B                            320.00  396.77  -76.77 (VIOLATED)
_755416_/A                            320.00  396.77  -76.77 (VIOLATED)
_749065_/D                            320.00  396.76  -76.76 (VIOLATED)
_766322_/C                            320.00  396.74  -76.74 (VIOLATED)
ce_d1[33]$_DFFE_PN0P_/RESETN          320.00  396.73  -76.73 (VIOLATED)
_759334_/B2                           320.00  396.70  -76.70 (VIOLATED)
_749112_/A                            320.00  396.70  -76.70 (VIOLATED)
_749148_/A                            320.00  396.69  -76.69 (VIOLATED)
place83516/A                          320.00  396.67  -76.67 (VIOLATED)
_480441_/C                            320.00  396.67  -76.67 (VIOLATED)
ce_d2[33]$_DFFE_PN0P_/RESETN          320.00  396.67  -76.67 (VIOLATED)
_749043_/A                            320.00  396.66  -76.66 (VIOLATED)
_755833_/A                            320.00  396.64  -76.64 (VIOLATED)
_677287_/B                            320.00  396.62  -76.62 (VIOLATED)
_480042_/C                            320.00  396.61  -76.61 (VIOLATED)
_480431_/B                            320.00  396.60  -76.60 (VIOLATED)
_766307_/B                            320.00  396.59  -76.59 (VIOLATED)
_749027_/B                            320.00  396.58  -76.58 (VIOLATED)
_480423_/B                            320.00  396.55  -76.55 (VIOLATED)
rdata_q[5828]$_DFFE_PP_/QN            320.00  396.53  -76.53 (VIOLATED)
rdata_q[2562]$_DFFE_PP_/QN            320.00  396.51  -76.51 (VIOLATED)
_756964_/B2                           320.00  396.49  -76.49 (VIOLATED)
place75222/A                          320.00  396.47  -76.47 (VIOLATED)
_480564_/C                            320.00  396.45  -76.45 (VIOLATED)
_738701_/A                            320.00  396.44  -76.44 (VIOLATED)
_806117_/CI                           320.00  396.43  -76.43 (VIOLATED)
_742470_/B                            320.00  396.42  -76.42 (VIOLATED)
_744840_/A                            320.00  396.41  -76.41 (VIOLATED)
m_1h[10]$_DFFE_PN0P_/RESETN           320.00  396.39  -76.39 (VIOLATED)
_756507_/A1                           320.00  396.35  -76.35 (VIOLATED)
_749123_/B                            320.00  396.34  -76.34 (VIOLATED)
_759336_/A                            320.00  396.32  -76.32 (VIOLATED)
_765019_/B                            320.00  396.30  -76.30 (VIOLATED)
_757254_/A1                           320.00  396.30  -76.30 (VIOLATED)
_749662_/D                            320.00  396.28  -76.28 (VIOLATED)
_750826_/B                            320.00  396.26  -76.26 (VIOLATED)
_748013_/A                            320.00  396.25  -76.25 (VIOLATED)
_523124_/B                            320.00  396.24  -76.24 (VIOLATED)
_757511_/C                            320.00  396.23  -76.23 (VIOLATED)
oskid_d[128]$_DFFE_PN0P_/RESETN       320.00  396.23  -76.23 (VIOLATED)
_761017_/A1                           320.00  396.19  -76.19 (VIOLATED)
_763804_/A1                           320.00  396.19  -76.19 (VIOLATED)
_742518_/B                            320.00  396.17  -76.17 (VIOLATED)
_763800_/A1                           320.00  396.16  -76.16 (VIOLATED)
_765021_/A1                           320.00  396.15  -76.15 (VIOLATED)
_756528_/A                            320.00  396.13  -76.13 (VIOLATED)
_744724_/A                            320.00  396.13  -76.13 (VIOLATED)
_763802_/A                            320.00  396.09  -76.09 (VIOLATED)
_749322_/B                            320.00  396.08  -76.08 (VIOLATED)
_751677_/C                            320.00  396.08  -76.08 (VIOLATED)
_748202_/A                            320.00  396.07  -76.07 (VIOLATED)
_671702_/A                            320.00  396.06  -76.06 (VIOLATED)
_756506_/A                            320.00  396.05  -76.05 (VIOLATED)
_480794_/A                            320.00  396.05  -76.05 (VIOLATED)
_765686_/C                            320.00  396.04  -76.04 (VIOLATED)
_765688_/A1                           320.00  396.03  -76.03 (VIOLATED)
_763799_/A                            320.00  396.03  -76.03 (VIOLATED)
_759337_/A1                           320.00  396.00  -76.00 (VIOLATED)
_766290_/C                            320.00  395.99  -75.99 (VIOLATED)
_766251_/B                            320.00  395.99  -75.99 (VIOLATED)
place83515/A                          320.00  395.96  -75.96 (VIOLATED)
_766297_/C                            320.00  395.95  -75.95 (VIOLATED)
_765034_/A                            320.00  395.93  -75.93 (VIOLATED)
_757512_/A1                           320.00  395.93  -75.93 (VIOLATED)
_744714_/A                            320.00  395.93  -75.93 (VIOLATED)
place73234/A                          320.00  395.92  -75.92 (VIOLATED)
_747988_/A                            320.00  395.92  -75.92 (VIOLATED)
m_1h[7]$_DFFE_PN0P_/RESETN            320.00  395.82  -75.82 (VIOLATED)
out_pix_data[31]$_DFFE_PN0P_/RESETN   320.00  395.80  -75.80 (VIOLATED)
place72814/A                          320.00  395.77  -75.77 (VIOLATED)
out_pix_data[125]$_DFFE_PN0P_/RESETN  320.00  395.75  -75.75 (VIOLATED)
_764987_/A                            320.00  395.74  -75.74 (VIOLATED)
_766131_/C                            320.00  395.73  -75.73 (VIOLATED)
_769300_/A                            320.00  395.68  -75.68 (VIOLATED)
out_pix_data[35]$_DFFE_PN0P_/RESETN   320.00  395.66  -75.66 (VIOLATED)
out_pix_data[32]$_DFFE_PN0P_/RESETN   320.00  395.63  -75.63 (VIOLATED)
_743982_/A                            320.00  395.62  -75.62 (VIOLATED)
_756169_/A1                           320.00  395.62  -75.62 (VIOLATED)
_759523_/A1                           320.00  395.60  -75.60 (VIOLATED)
_765676_/C                            320.00  395.57  -75.57 (VIOLATED)
in_data_q[91]$_DFFE_PN0P_/RESETN      320.00  395.56  -75.56 (VIOLATED)
_764996_/B                            320.00  395.56  -75.56 (VIOLATED)
_749631_/D                            320.00  395.56  -75.56 (VIOLATED)
_760732_/A1                           320.00  395.55  -75.55 (VIOLATED)
place73010/A                          320.00  395.55  -75.55 (VIOLATED)
_665979_/B                            320.00  395.53  -75.53 (VIOLATED)
_765005_/A                            320.00  395.51  -75.51 (VIOLATED)
_480462_/B                            320.00  395.50  -75.50 (VIOLATED)
m_ce[31]$_DFFE_PN0P_/RESETN           320.00  395.45  -75.45 (VIOLATED)
_758246_/A1                           320.00  395.45  -75.45 (VIOLATED)
_752623_/A                            320.00  395.43  -75.43 (VIOLATED)
_747056_/A                            320.00  395.42  -75.42 (VIOLATED)
_749922_/C                            320.00  395.42  -75.42 (VIOLATED)
_738697_/A                            320.00  395.41  -75.41 (VIOLATED)
_760285_/A1                           320.00  395.40  -75.40 (VIOLATED)
place73829/A                          320.00  395.37  -75.37 (VIOLATED)
_788005_/A                            320.00  395.36  -75.36 (VIOLATED)
_765681_/A1                           320.00  395.34  -75.34 (VIOLATED)
_737947_/A                            320.00  395.33  -75.33 (VIOLATED)
_766281_/B                            320.00  395.31  -75.31 (VIOLATED)
_738702_/A                            320.00  395.31  -75.31 (VIOLATED)
_755016_/A                            320.00  395.30  -75.30 (VIOLATED)
_765693_/C                            320.00  395.29  -75.29 (VIOLATED)
_765695_/A1                           320.00  395.24  -75.24 (VIOLATED)
_765583_/C                            320.00  395.23  -75.23 (VIOLATED)
_747165_/A                            320.00  395.20  -75.20 (VIOLATED)
_754165_/A                            320.00  395.19  -75.19 (VIOLATED)
_759217_/A                            320.00  395.16  -75.16 (VIOLATED)
_751741_/A1                           320.00  395.15  -75.15 (VIOLATED)
_765057_/A1                           320.00  395.09  -75.09 (VIOLATED)
_765043_/B                            320.00  395.08  -75.08 (VIOLATED)
_752665_/B                            320.00  395.06  -75.06 (VIOLATED)
_765045_/A1                           320.00  395.06  -75.06 (VIOLATED)
place74593/A                          320.00  395.06  -75.06 (VIOLATED)
_757082_/C2                           320.00  394.99  -74.99 (VIOLATED)
_758094_/B2                           320.00  394.98  -74.98 (VIOLATED)
in_data_q[113]$_DFFE_PN0P_/RESETN     320.00  394.97  -74.97 (VIOLATED)
_605133_/B                            320.00  394.97  -74.97 (VIOLATED)
place75239/A                          320.00  394.94  -74.94 (VIOLATED)
_765573_/A                            320.00  394.93  -74.93 (VIOLATED)
place83509/Y                          320.00  394.92  -74.92 (VIOLATED)
_490896_/B                            320.00  394.90  -74.90 (VIOLATED)
hold104347/A                          320.00  394.88  -74.88 (VIOLATED)
_738682_/A                            320.00  394.88  -74.88 (VIOLATED)
m_ce[1]$_DFFE_PN0P_/QN                320.00  394.87  -74.87 (VIOLATED)
m_1h[5]$_DFFE_PN0P_/RESETN            320.00  394.86  -74.86 (VIOLATED)
rdata_q[3036]$_DFFE_PP_/QN            320.00  394.85  -74.85 (VIOLATED)
_748227_/A1                           320.00  394.83  -74.83 (VIOLATED)
_754198_/B                            320.00  394.81  -74.81 (VIOLATED)
_737315_/B                            320.00  394.79  -74.79 (VIOLATED)
_768878_/A                            320.00  394.78  -74.78 (VIOLATED)
m_1h[9]$_DFFE_PN0P_/RESETN            320.00  394.75  -74.75 (VIOLATED)
_497037_/A1                           320.00  394.72  -74.72 (VIOLATED)
_759263_/A1                           320.00  394.60  -74.60 (VIOLATED)
_739892_/B                            320.00  394.60  -74.60 (VIOLATED)
_756522_/B                            320.00  394.57  -74.57 (VIOLATED)
_760232_/B2                           320.00  394.55  -74.55 (VIOLATED)
_738678_/A                            320.00  394.54  -74.54 (VIOLATED)
ce_d1[42]$_DFFE_PN0P_/RESETN          320.00  394.54  -74.54 (VIOLATED)
output10018/A                         320.00  394.47  -74.47 (VIOLATED)
oskid_d[31]$_DFFE_PN0P_/RESETN        320.00  394.44  -74.44 (VIOLATED)
_760675_/A1                           320.00  394.43  -74.43 (VIOLATED)
_756933_/A1                           320.00  394.41  -74.41 (VIOLATED)
_748759_/B                            320.00  394.40  -74.40 (VIOLATED)
_738001_/A                            320.00  394.40  -74.40 (VIOLATED)
_743515_/B                            320.00  394.37  -74.37 (VIOLATED)
ce_d2[42]$_DFFE_PN0P_/RESETN          320.00  394.34  -74.34 (VIOLATED)
m_1h[33]$_DFFE_PN0P_/RESETN           320.00  394.33  -74.33 (VIOLATED)
_749482_/B                            320.00  394.31  -74.31 (VIOLATED)
_748905_/B                            320.00  394.31  -74.31 (VIOLATED)
_759462_/C                            320.00  394.30  -74.30 (VIOLATED)
_742147_/A                            320.00  394.26  -74.26 (VIOLATED)
_742086_/A                            320.00  394.26  -74.26 (VIOLATED)
_752672_/A                            320.00  394.22  -74.22 (VIOLATED)
_742144_/A                            320.00  394.16  -74.16 (VIOLATED)
_764827_/A1                           320.00  394.15  -74.15 (VIOLATED)
_763871_/A                            320.00  394.13  -74.13 (VIOLATED)
_763872_/A1                           320.00  394.12  -74.12 (VIOLATED)
_762263_/A2                           320.00  394.08  -74.08 (VIOLATED)
_737993_/A                            320.00  394.05  -74.05 (VIOLATED)
_749217_/D                            320.00  394.04  -74.04 (VIOLATED)
_738704_/A                            320.00  394.03  -74.03 (VIOLATED)
_742145_/A                            320.00  393.99  -73.99 (VIOLATED)
place75167/A                          320.00  393.98  -73.98 (VIOLATED)
_721824_/A1                           320.00  393.93  -73.93 (VIOLATED)
_752052_/C2                           320.00  393.93  -73.93 (VIOLATED)
_738700_/A                            320.00  393.93  -73.93 (VIOLATED)
_482545_/B                            320.00  393.92  -73.92 (VIOLATED)
in_data_q[21]$_DFFE_PN0P_/RESETN      320.00  393.88  -73.88 (VIOLATED)
m_1h[40]$_DFFE_PN0P_/RESETN           320.00  393.84  -73.84 (VIOLATED)
_760674_/A                            320.00  393.82  -73.82 (VIOLATED)
_749036_/A                            320.00  393.82  -73.82 (VIOLATED)
ce_d1[31]$_DFFE_PN0P_/RESETN          320.00  393.82  -73.82 (VIOLATED)
_748813_/A                            320.00  393.77  -73.77 (VIOLATED)
_788071_/ENA                          320.00  393.74  -73.74 (VIOLATED)
place73977/A                          320.00  393.70  -73.70 (VIOLATED)
_750612_/C                            320.00  393.68  -73.68 (VIOLATED)
_742085_/A                            320.00  393.68  -73.68 (VIOLATED)
_597601_/B                            320.00  393.67  -73.67 (VIOLATED)
_739776_/B                            320.00  393.67  -73.67 (VIOLATED)
_754895_/B                            320.00  393.66  -73.66 (VIOLATED)
_760399_/A                            320.00  393.64  -73.64 (VIOLATED)
_486309_/A                            320.00  393.63  -73.63 (VIOLATED)
_742084_/A                            320.00  393.61  -73.61 (VIOLATED)
_788044_/A                            320.00  393.56  -73.56 (VIOLATED)
_743827_/A                            320.00  393.55  -73.55 (VIOLATED)
_756767_/A                            320.00  393.53  -73.53 (VIOLATED)
_759218_/A1                           320.00  393.52  -73.52 (VIOLATED)
_683682_/B                            320.00  393.50  -73.50 (VIOLATED)
_763873_/A                            320.00  393.45  -73.45 (VIOLATED)
_517037_/A1                           320.00  393.39  -73.39 (VIOLATED)
_756550_/B                            320.00  393.36  -73.36 (VIOLATED)
_756227_/A1                           320.00  393.36  -73.36 (VIOLATED)
_743341_/A                            320.00  393.35  -73.35 (VIOLATED)
_747028_/A                            320.00  393.35  -73.35 (VIOLATED)
_742649_/B                            320.00  393.33  -73.33 (VIOLATED)
_759203_/C                            320.00  393.33  -73.33 (VIOLATED)
_738635_/A                            320.00  393.32  -73.32 (VIOLATED)
_749800_/A                            320.00  393.31  -73.31 (VIOLATED)
_742146_/A                            320.00  393.21  -73.21 (VIOLATED)
_737984_/B                            320.00  393.17  -73.17 (VIOLATED)
place73343/A                          320.00  393.17  -73.17 (VIOLATED)
_742153_/A                            320.00  393.16  -73.16 (VIOLATED)
_755141_/A1                           320.00  393.12  -73.12 (VIOLATED)
_533053_/A                            320.00  393.10  -73.10 (VIOLATED)
part_q[11][2]$_DFFE_PP_/D             320.00  393.07  -73.07 (VIOLATED)
place83505/A                          320.00  393.06  -73.06 (VIOLATED)
_763787_/A                            320.00  393.03  -73.03 (VIOLATED)
_760621_/A1                           320.00  393.02  -73.02 (VIOLATED)
_755637_/B2                           320.00  393.01  -73.01 (VIOLATED)
_743821_/A                            320.00  393.00  -73.00 (VIOLATED)
ymod_f[2]$_DFFE_PN0P_/RESETN          320.00  393.00  -73.00 (VIOLATED)
_757366_/A1                           320.00  392.99  -72.99 (VIOLATED)
_755177_/D                            320.00  392.99  -72.99 (VIOLATED)
_769119_/A                            320.00  392.98  -72.98 (VIOLATED)
in_data_q[39]$_DFFE_PN0P_/RESETN      320.00  392.98  -72.98 (VIOLATED)
_747718_/D                            320.00  392.97  -72.97 (VIOLATED)
place75023/A                          320.00  392.95  -72.95 (VIOLATED)
_746982_/A                            320.00  392.95  -72.95 (VIOLATED)
_737882_/A                            320.00  392.95  -72.95 (VIOLATED)
_760033_/A1                           320.00  392.95  -72.95 (VIOLATED)
_742178_/A                            320.00  392.94  -72.94 (VIOLATED)
_738004_/A                            320.00  392.93  -72.93 (VIOLATED)
_763788_/A1                           320.00  392.92  -72.92 (VIOLATED)
_757365_/A                            320.00  392.92  -72.92 (VIOLATED)
_763784_/A                            320.00  392.86  -72.86 (VIOLATED)
_763869_/A                            320.00  392.81  -72.81 (VIOLATED)
_737860_/A                            320.00  392.78  -72.78 (VIOLATED)
in_data_q[11]$_DFFE_PN0P_/QN          320.00  392.78  -72.78 (VIOLATED)
_765519_/C                            320.00  392.76  -72.76 (VIOLATED)
_763785_/A1                           320.00  392.76  -72.76 (VIOLATED)
_768868_/A                            320.00  392.75  -72.75 (VIOLATED)
oskid_d[38]$_DFFE_PN0P_/RESETN        320.00  392.75  -72.75 (VIOLATED)
_749602_/C                            320.00  392.74  -72.74 (VIOLATED)
_635826_/A                            320.00  392.74  -72.74 (VIOLATED)
_528164_/A1                           320.00  392.73  -72.73 (VIOLATED)
_747184_/B                            320.00  392.71  -72.71 (VIOLATED)
_651805_/B                            320.00  392.71  -72.71 (VIOLATED)
_765547_/C                            320.00  392.69  -72.69 (VIOLATED)
_750041_/B                            320.00  392.69  -72.69 (VIOLATED)
ce_d2[43]$_DFFE_PN0P_/RESETN          320.00  392.67  -72.67 (VIOLATED)
_747875_/B                            320.00  392.64  -72.64 (VIOLATED)
_496974_/B                            320.00  392.63  -72.63 (VIOLATED)
_749028_/C                            320.00  392.63  -72.63 (VIOLATED)
_769475_/Y                            320.00  392.62  -72.62 (VIOLATED)
_757136_/D                            320.00  392.61  -72.61 (VIOLATED)
_755480_/A1                           320.00  392.61  -72.61 (VIOLATED)
_750508_/A                            320.00  392.60  -72.60 (VIOLATED)
_756016_/A                            320.00  392.58  -72.58 (VIOLATED)
_751212_/A                            320.00  392.58  -72.58 (VIOLATED)
_752446_/D                            320.00  392.52  -72.52 (VIOLATED)
_746977_/D                            320.00  392.51  -72.51 (VIOLATED)
_753280_/B                            320.00  392.49  -72.49 (VIOLATED)
_747987_/Y                            320.00  392.43  -72.43 (VIOLATED)
_755677_/A1                           320.00  392.41  -72.41 (VIOLATED)
_760923_/C                            320.00  392.40  -72.40 (VIOLATED)
_738695_/A                            320.00  392.36  -72.36 (VIOLATED)
a_sym[6][4]$_DFFE_PN0P_/QN            320.00  392.35  -72.35 (VIOLATED)
_757666_/E                            320.00  392.33  -72.33 (VIOLATED)
_757665_/D                            320.00  392.33  -72.33 (VIOLATED)
_768875_/A                            320.00  392.33  -72.33 (VIOLATED)
_758139_/A2                           320.00  392.28  -72.28 (VIOLATED)
_746722_/D                            320.00  392.26  -72.26 (VIOLATED)
_747506_/B                            320.00  392.23  -72.23 (VIOLATED)
_742184_/A                            320.00  392.22  -72.22 (VIOLATED)
_754168_/A                            320.00  392.21  -72.21 (VIOLATED)
_764832_/A                            320.00  392.18  -72.18 (VIOLATED)
_764833_/A1                           320.00  392.17  -72.17 (VIOLATED)
a_sym[9][6]$_DFFE_PN0P_/RESETN        320.00  392.13  -72.13 (VIOLATED)
_739884_/B                            320.00  392.12  -72.12 (VIOLATED)
_751714_/A                            320.00  392.08  -72.08 (VIOLATED)
_751498_/B                            320.00  392.07  -72.07 (VIOLATED)
_760389_/B                            320.00  392.07  -72.07 (VIOLATED)
ce_d2[31]$_DFFE_PN0P_/RESETN          320.00  392.05  -72.05 (VIOLATED)
_752360_/D                            320.00  392.05  -72.05 (VIOLATED)
_753382_/C                            320.00  392.04  -72.04 (VIOLATED)
_753238_/C                            320.00  392.02  -72.02 (VIOLATED)
_761200_/A                            320.00  392.02  -72.02 (VIOLATED)
_754115_/B                            320.00  391.98  -71.98 (VIOLATED)
rdata_q[7433]$_DFFE_PP_/QN            320.00  391.97  -71.97 (VIOLATED)
_753478_/B2                           320.00  391.95  -71.95 (VIOLATED)
_480014_/A1                           320.00  391.94  -71.94 (VIOLATED)
in_data_q[48]$_DFFE_PN0P_/RESETN      320.00  391.93  -71.93 (VIOLATED)
_747341_/D                            320.00  391.93  -71.93 (VIOLATED)
_760192_/A1                           320.00  391.92  -71.92 (VIOLATED)
_480451_/A1                           320.00  391.90  -71.90 (VIOLATED)
_749473_/A1                           320.00  391.90  -71.90 (VIOLATED)
_768837_/A                            320.00  391.89  -71.89 (VIOLATED)
_749582_/D                            320.00  391.87  -71.87 (VIOLATED)
_749971_/B                            320.00  391.84  -71.84 (VIOLATED)
place72650/A                          320.00  391.84  -71.84 (VIOLATED)
_763857_/A                            320.00  391.83  -71.83 (VIOLATED)
_766170_/C                            320.00  391.82  -71.82 (VIOLATED)
_820126_/CI                           320.00  391.80  -71.80 (VIOLATED)
_487398_/B                            320.00  391.75  -71.75 (VIOLATED)
_757006_/D                            320.00  391.72  -71.72 (VIOLATED)
_757046_/D                            320.00  391.71  -71.71 (VIOLATED)
_763856_/A1                           320.00  391.64  -71.64 (VIOLATED)
place74443/A                          320.00  391.62  -71.62 (VIOLATED)
_806124_/CI                           320.00  391.62  -71.62 (VIOLATED)
_746949_/B                            320.00  391.60  -71.60 (VIOLATED)
_747652_/B                            320.00  391.60  -71.60 (VIOLATED)
place73448/A                          320.00  391.59  -71.59 (VIOLATED)
_742152_/A                            320.00  391.58  -71.58 (VIOLATED)
_755815_/C                            320.00  391.57  -71.57 (VIOLATED)
_480458_/Y                            320.00  391.57  -71.57 (VIOLATED)
place74125/A                          320.00  391.56  -71.56 (VIOLATED)
_482772_/B                            320.00  391.53  -71.53 (VIOLATED)
place73549/A                          320.00  391.53  -71.53 (VIOLATED)
_760386_/C                            320.00  391.52  -71.52 (VIOLATED)
_746850_/B                            320.00  391.52  -71.52 (VIOLATED)
_749220_/C                            320.00  391.51  -71.51 (VIOLATED)
_755516_/C                            320.00  391.51  -71.51 (VIOLATED)
_748610_/A                            320.00  391.51  -71.51 (VIOLATED)
_748528_/A                            320.00  391.50  -71.50 (VIOLATED)
_671701_/A                            320.00  391.49  -71.49 (VIOLATED)
_750192_/B                            320.00  391.48  -71.48 (VIOLATED)
place73487/A                          320.00  391.47  -71.47 (VIOLATED)
_752017_/C                            320.00  391.46  -71.46 (VIOLATED)
_763859_/A                            320.00  391.45  -71.45 (VIOLATED)
_749163_/D                            320.00  391.45  -71.45 (VIOLATED)
_740018_/B                            320.00  391.45  -71.45 (VIOLATED)
_764775_/A1                           320.00  391.45  -71.45 (VIOLATED)
_750089_/B                            320.00  391.43  -71.43 (VIOLATED)
_764835_/A1                           320.00  391.38  -71.38 (VIOLATED)
_746739_/B                            320.00  391.34  -71.34 (VIOLATED)
_737862_/A                            320.00  391.32  -71.32 (VIOLATED)
_742179_/A                            320.00  391.32  -71.32 (VIOLATED)
_749830_/D                            320.00  391.30  -71.30 (VIOLATED)
_760837_/C                            320.00  391.29  -71.29 (VIOLATED)
_753085_/C                            320.00  391.29  -71.29 (VIOLATED)
_756231_/A                            320.00  391.27  -71.27 (VIOLATED)
_752356_/D                            320.00  391.27  -71.27 (VIOLATED)
_754136_/A                            320.00  391.26  -71.26 (VIOLATED)
_749269_/C                            320.00  391.26  -71.26 (VIOLATED)
_742181_/A                            320.00  391.25  -71.25 (VIOLATED)
_758292_/A1                           320.00  391.22  -71.22 (VIOLATED)
_746824_/B                            320.00  391.20  -71.20 (VIOLATED)
_757044_/D                            320.00  391.20  -71.20 (VIOLATED)
place73514/A                          320.00  391.19  -71.19 (VIOLATED)
_758286_/A1                           320.00  391.17  -71.17 (VIOLATED)
_742129_/A                            320.00  391.16  -71.16 (VIOLATED)
_763860_/A1                           320.00  391.16  -71.16 (VIOLATED)
_742201_/A                            320.00  391.12  -71.12 (VIOLATED)
_755054_/B3                           320.00  391.11  -71.11 (VIOLATED)
_758961_/A1                           320.00  391.10  -71.10 (VIOLATED)
_752035_/A                            320.00  391.09  -71.09 (VIOLATED)
_745277_/B                            320.00  391.08  -71.08 (VIOLATED)
oskid_d[37]$_DFFE_PN0P_/RESETN        320.00  391.08  -71.08 (VIOLATED)
_742186_/A                            320.00  391.07  -71.07 (VIOLATED)
_747815_/B                            320.00  391.06  -71.06 (VIOLATED)
_749168_/D                            320.00  391.06  -71.06 (VIOLATED)
_742183_/A                            320.00  391.05  -71.05 (VIOLATED)
_479504_/B                            320.00  391.04  -71.04 (VIOLATED)
_749191_/A                            320.00  391.04  -71.04 (VIOLATED)
oskid_d[32]$_DFFE_PN0P_/RESETN        320.00  391.02  -71.02 (VIOLATED)
_756281_/B2                           320.00  391.01  -71.01 (VIOLATED)
_742200_/A                            320.00  391.00  -71.00 (VIOLATED)
_745653_/B                            320.00  391.00  -71.00 (VIOLATED)
_758280_/C1                           320.00  390.97  -70.97 (VIOLATED)
_742803_/B                            320.00  390.95  -70.95 (VIOLATED)
_759984_/A                            320.00  390.91  -70.91 (VIOLATED)
_738676_/A                            320.00  390.89  -70.89 (VIOLATED)
_479584_/A2                           320.00  390.87  -70.87 (VIOLATED)
_759074_/B2                           320.00  390.87  -70.87 (VIOLATED)
_479475_/A                            320.00  390.86  -70.86 (VIOLATED)
_479512_/A                            320.00  390.86  -70.86 (VIOLATED)
_750416_/A                            320.00  390.84  -70.84 (VIOLATED)
_753004_/A1                           320.00  390.83  -70.83 (VIOLATED)
_754124_/A                            320.00  390.82  -70.82 (VIOLATED)
_755057_/A1                           320.00  390.82  -70.82 (VIOLATED)
_755405_/A                            320.00  390.80  -70.80 (VIOLATED)
_742087_/A                            320.00  390.79  -70.79 (VIOLATED)
_759510_/B2                           320.00  390.79  -70.79 (VIOLATED)
_742204_/A                            320.00  390.79  -70.79 (VIOLATED)
_750407_/B                            320.00  390.79  -70.79 (VIOLATED)
oskid_d[33]$_DFFE_PN0P_/RESETN        320.00  390.78  -70.78 (VIOLATED)
ce_d2[19]$_DFFE_PN0P_/RESETN          320.00  390.77  -70.77 (VIOLATED)
_748789_/A                            320.00  390.74  -70.74 (VIOLATED)
_748678_/A                            320.00  390.72  -70.72 (VIOLATED)
_749219_/A                            320.00  390.70  -70.70 (VIOLATED)
oskid_d[36]$_DFFE_PN0P_/RESETN        320.00  390.69  -70.69 (VIOLATED)
_764823_/A                            320.00  390.68  -70.68 (VIOLATED)
_742399_/B                            320.00  390.67  -70.67 (VIOLATED)
place75266/A                          320.00  390.66  -70.66 (VIOLATED)
_743896_/A                            320.00  390.65  -70.65 (VIOLATED)
_759664_/A1                           320.00  390.65  -70.65 (VIOLATED)
_751823_/A                            320.00  390.64  -70.64 (VIOLATED)
oskid_d[30]$_DFFE_PN0P_/RESETN        320.00  390.61  -70.61 (VIOLATED)
_751211_/A                            320.00  390.60  -70.60 (VIOLATED)
_738828_/B                            320.00  390.59  -70.59 (VIOLATED)
_759667_/A1                           320.00  390.58  -70.58 (VIOLATED)
_742128_/A                            320.00  390.57  -70.57 (VIOLATED)
_755001_/A1                           320.00  390.55  -70.55 (VIOLATED)
_742185_/A                            320.00  390.54  -70.54 (VIOLATED)
_756559_/A                            320.00  390.52  -70.52 (VIOLATED)
_759666_/A                            320.00  390.51  -70.51 (VIOLATED)
_747010_/B                            320.00  390.48  -70.48 (VIOLATED)
_749249_/D                            320.00  390.48  -70.48 (VIOLATED)
_479537_/A                            320.00  390.47  -70.47 (VIOLATED)
place72645/A                          320.00  390.46  -70.46 (VIOLATED)
_748372_/A                            320.00  390.45  -70.45 (VIOLATED)
_764824_/A1                           320.00  390.43  -70.43 (VIOLATED)
_479451_/A                            320.00  390.40  -70.40 (VIOLATED)
_754553_/B                            320.00  390.39  -70.39 (VIOLATED)
_753083_/C                            320.00  390.38  -70.38 (VIOLATED)
_482770_/A                            320.00  390.38  -70.38 (VIOLATED)
_737113_/A                            320.00  390.34  -70.34 (VIOLATED)
_758832_/A1                           320.00  390.33  -70.33 (VIOLATED)
_738632_/A                            320.00  390.33  -70.33 (VIOLATED)
_737939_/A                            320.00  390.33  -70.33 (VIOLATED)
_746835_/A                            320.00  390.31  -70.31 (VIOLATED)
_749493_/A                            320.00  390.31  -70.31 (VIOLATED)
_737943_/A                            320.00  390.30  -70.30 (VIOLATED)
_749176_/D                            320.00  390.30  -70.30 (VIOLATED)
m_ce[33]$_DFFE_PN0P_/RESETN           320.00  390.30  -70.30 (VIOLATED)
_748531_/A                            320.00  390.29  -70.29 (VIOLATED)
_752950_/C                            320.00  390.28  -70.28 (VIOLATED)
place68209/A                          320.00  390.27  -70.27 (VIOLATED)
_737952_/A                            320.00  390.27  -70.27 (VIOLATED)
_760541_/A1                           320.00  390.27  -70.27 (VIOLATED)
_737948_/A                            320.00  390.24  -70.24 (VIOLATED)
_737974_/A                            320.00  390.23  -70.23 (VIOLATED)
_755533_/B2                           320.00  390.22  -70.22 (VIOLATED)
place74312/A                          320.00  390.19  -70.19 (VIOLATED)
_738784_/A                            320.00  390.18  -70.18 (VIOLATED)
m_ce[30]$_DFFE_PN0P_/RESETN           320.00  390.18  -70.18 (VIOLATED)
out_pix_data[33]$_DFFE_PN0P_/RESETN   320.00  390.17  -70.17 (VIOLATED)
_737890_/A                            320.00  390.16  -70.16 (VIOLATED)
_751829_/B                            320.00  390.16  -70.16 (VIOLATED)
_758465_/A                            320.00  390.15  -70.15 (VIOLATED)
_748923_/B                            320.00  390.11  -70.11 (VIOLATED)
_738829_/A                            320.00  390.10  -70.10 (VIOLATED)
_758722_/A1                           320.00  390.08  -70.08 (VIOLATED)
_748295_/A                            320.00  390.07  -70.07 (VIOLATED)
out_pix_data[37]$_DFFE_PN0P_/RESETN   320.00  390.06  -70.06 (VIOLATED)
_742205_/A                            320.00  390.05  -70.05 (VIOLATED)
_742180_/A                            320.00  390.04  -70.04 (VIOLATED)
_744913_/A                            320.00  390.03  -70.03 (VIOLATED)
out_pix_data[30]$_DFFE_PN0P_/RESETN   320.00  390.02  -70.02 (VIOLATED)
_748922_/B                            320.00  390.02  -70.02 (VIOLATED)
_758587_/A                            320.00  390.00  -70.00 (VIOLATED)
_759736_/A1                           320.00  389.96  -69.96 (VIOLATED)
_750732_/B                            320.00  389.94  -69.94 (VIOLATED)
_486042_/A                            320.00  389.94  -69.94 (VIOLATED)
_738820_/A                            320.00  389.90  -69.90 (VIOLATED)
_755886_/A                            320.00  389.87  -69.87 (VIOLATED)
out_pix_data[128]$_DFFE_PN0P_/RESETN  320.00  389.86  -69.86 (VIOLATED)
_760789_/A                            320.00  389.86  -69.86 (VIOLATED)
_760790_/A1                           320.00  389.84  -69.84 (VIOLATED)
_741964_/A                            320.00  389.83  -69.83 (VIOLATED)
place75232/A                          320.00  389.82  -69.82 (VIOLATED)
_738810_/A                            320.00  389.81  -69.81 (VIOLATED)
_758591_/A                            320.00  389.81  -69.81 (VIOLATED)
place83510/Y                          320.00  389.80  -69.80 (VIOLATED)
_738807_/A                            320.00  389.80  -69.80 (VIOLATED)
_806122_/CI                           320.00  389.80  -69.80 (VIOLATED)
place73220/A                          320.00  389.80  -69.80 (VIOLATED)
_747055_/Y                            320.00  389.77  -69.77 (VIOLATED)
_760843_/A                            320.00  389.75  -69.75 (VIOLATED)
_748956_/B                            320.00  389.72  -69.72 (VIOLATED)
out_pix_data[36]$_DFFE_PN0P_/RESETN   320.00  389.72  -69.72 (VIOLATED)
_738017_/A                            320.00  389.72  -69.72 (VIOLATED)
place74832/A                          320.00  389.66  -69.66 (VIOLATED)
_746997_/B                            320.00  389.65  -69.65 (VIOLATED)
_755840_/B2                           320.00  389.64  -69.64 (VIOLATED)
_748960_/B                            320.00  389.64  -69.64 (VIOLATED)
_751352_/B                            320.00  389.64  -69.64 (VIOLATED)
_760844_/A1                           320.00  389.62  -69.62 (VIOLATED)
_749467_/A                            320.00  389.59  -69.59 (VIOLATED)
_749533_/A                            320.00  389.58  -69.58 (VIOLATED)
_738831_/A                            320.00  389.56  -69.56 (VIOLATED)
_755115_/A                            320.00  389.55  -69.55 (VIOLATED)
_738830_/A                            320.00  389.54  -69.54 (VIOLATED)
_754936_/A                            320.00  389.50  -69.50 (VIOLATED)
_751919_/B                            320.00  389.48  -69.48 (VIOLATED)
_479554_/A                            320.00  389.47  -69.47 (VIOLATED)
_756252_/B2                           320.00  389.46  -69.46 (VIOLATED)
ce_d1[19]$_DFFE_PN0P_/RESETN          320.00  389.43  -69.43 (VIOLATED)
_750810_/A                            320.00  389.43  -69.43 (VIOLATED)
_752894_/A1                           320.00  389.42  -69.42 (VIOLATED)
_751896_/A1                           320.00  389.42  -69.42 (VIOLATED)
_749117_/A                            320.00  389.41  -69.41 (VIOLATED)
_742149_/A                            320.00  389.40  -69.40 (VIOLATED)
place74799/A                          320.00  389.39  -69.39 (VIOLATED)
_750798_/A                            320.00  389.38  -69.38 (VIOLATED)
_757803_/A                            320.00  389.33  -69.33 (VIOLATED)
_758412_/A1                           320.00  389.31  -69.31 (VIOLATED)
_754938_/B                            320.00  389.31  -69.31 (VIOLATED)
_746154_/B                            320.00  389.30  -69.30 (VIOLATED)
_759459_/A1                           320.00  389.29  -69.29 (VIOLATED)
_741963_/A                            320.00  389.28  -69.28 (VIOLATED)
_759473_/A1                           320.00  389.27  -69.27 (VIOLATED)
_749506_/A                            320.00  389.26  -69.26 (VIOLATED)
_743423_/A                            320.00  389.26  -69.26 (VIOLATED)
m_ce[48]$_DFFE_PN0P_/RESETN           320.00  389.24  -69.24 (VIOLATED)
_742206_/A                            320.00  389.22  -69.22 (VIOLATED)
_739799_/B                            320.00  389.22  -69.22 (VIOLATED)
_758408_/A1                           320.00  389.22  -69.22 (VIOLATED)
_741942_/B                            320.00  389.21  -69.21 (VIOLATED)
_743373_/A                            320.00  389.21  -69.21 (VIOLATED)
_743822_/A                            320.00  389.20  -69.20 (VIOLATED)
_743349_/A                            320.00  389.20  -69.20 (VIOLATED)
_759048_/C                            320.00  389.19  -69.19 (VIOLATED)
rdata_q[6943]$_DFFE_PP_/QN            320.00  389.17  -69.17 (VIOLATED)
rdata_q[6560]$_DFFE_PP_/QN            320.00  389.16  -69.16 (VIOLATED)
_748221_/A                            320.00  389.14  -69.14 (VIOLATED)
_750729_/A                            320.00  389.12  -69.12 (VIOLATED)
m_1h[36]$_DFFE_PN0P_/RESETN           320.00  389.12  -69.12 (VIOLATED)
_745454_/B                            320.00  389.11  -69.11 (VIOLATED)
_748159_/A                            320.00  389.08  -69.08 (VIOLATED)
_747709_/A                            320.00  389.08  -69.08 (VIOLATED)
_752167_/C                            320.00  389.06  -69.06 (VIOLATED)
_747451_/B                            320.00  389.05  -69.05 (VIOLATED)
_748279_/A                            320.00  389.05  -69.05 (VIOLATED)
_754857_/A                            320.00  389.05  -69.05 (VIOLATED)
_759985_/A1                           320.00  388.99  -68.99 (VIOLATED)
_742150_/A                            320.00  388.99  -68.99 (VIOLATED)
_753468_/A                            320.00  388.98  -68.98 (VIOLATED)
_487250_/B                            320.00  388.98  -68.98 (VIOLATED)
_749468_/A                            320.00  388.96  -68.96 (VIOLATED)
_538461_/B                            320.00  388.94  -68.94 (VIOLATED)
_750782_/A                            320.00  388.92  -68.92 (VIOLATED)
place74838/A                          320.00  388.91  -68.91 (VIOLATED)
_752665_/A                            320.00  388.90  -68.90 (VIOLATED)
m_1h[6]$_DFFE_PN0P_/RESETN            320.00  388.88  -68.88 (VIOLATED)
_754365_/A                            320.00  388.87  -68.87 (VIOLATED)
_747645_/A                            320.00  388.86  -68.86 (VIOLATED)
_762229_/A                            320.00  388.85  -68.85 (VIOLATED)
place74571/A                          320.00  388.83  -68.83 (VIOLATED)
in_data_q[158]$_DFFE_PN0P_/QN         320.00  388.83  -68.83 (VIOLATED)
place75176/A                          320.00  388.82  -68.82 (VIOLATED)
_479531_/A                            320.00  388.81  -68.81 (VIOLATED)
_752948_/C                            320.00  388.78  -68.78 (VIOLATED)
_763841_/A                            320.00  388.78  -68.78 (VIOLATED)
place73367/A                          320.00  388.76  -68.76 (VIOLATED)
_743333_/A                            320.00  388.75  -68.75 (VIOLATED)
_752881_/A                            320.00  388.74  -68.74 (VIOLATED)
_738717_/A                            320.00  388.73  -68.73 (VIOLATED)
a_sym[19][6]$_DFFE_PN0P_/RESETN       320.00  388.72  -68.72 (VIOLATED)
place74667/A                          320.00  388.72  -68.72 (VIOLATED)
_738732_/A                            320.00  388.70  -68.70 (VIOLATED)
_768496_/Y                            320.00  388.70  -68.70 (VIOLATED)
_763842_/A1                           320.00  388.70  -68.70 (VIOLATED)
m_1h[47]$_DFFE_PN0P_/RESETN           320.00  388.67  -68.67 (VIOLATED)
_612411_/A                            320.00  388.64  -68.64 (VIOLATED)
_479566_/A                            320.00  388.61  -68.61 (VIOLATED)
hold104039/A                          320.00  388.60  -68.60 (VIOLATED)
_752015_/A                            320.00  388.59  -68.59 (VIOLATED)
_479574_/A                            320.00  388.57  -68.57 (VIOLATED)
_756929_/A                            320.00  388.55  -68.55 (VIOLATED)
_752873_/A                            320.00  388.54  -68.54 (VIOLATED)
_752870_/A                            320.00  388.53  -68.53 (VIOLATED)
_749208_/A                            320.00  388.53  -68.53 (VIOLATED)
_742422_/B                            320.00  388.52  -68.52 (VIOLATED)
_747643_/A                            320.00  388.50  -68.50 (VIOLATED)
_749606_/C                            320.00  388.49  -68.49 (VIOLATED)
_756628_/A                            320.00  388.49  -68.49 (VIOLATED)
_612414_/A                            320.00  388.48  -68.48 (VIOLATED)
_738576_/A                            320.00  388.48  -68.48 (VIOLATED)
_749019_/B                            320.00  388.46  -68.46 (VIOLATED)
_745527_/B                            320.00  388.46  -68.46 (VIOLATED)
_748901_/A                            320.00  388.46  -68.46 (VIOLATED)
ce_d1[30]$_DFFE_PN0P_/RESETN          320.00  388.44  -68.44 (VIOLATED)
_752946_/A                            320.00  388.44  -68.44 (VIOLATED)
ce_d2[41]$_DFFE_PN0P_/RESETN          320.00  388.43  -68.43 (VIOLATED)
_760679_/A1                           320.00  388.42  -68.42 (VIOLATED)
m_1h[45]$_DFFE_PN0P_/RESETN           320.00  388.42  -68.42 (VIOLATED)
_751320_/A                            320.00  388.41  -68.41 (VIOLATED)
place82276/A                          320.00  388.39  -68.39 (VIOLATED)
_756274_/A                            320.00  388.39  -68.39 (VIOLATED)
ce_d1[41]$_DFFE_PN0P_/RESETN          320.00  388.38  -68.38 (VIOLATED)
_753638_/A                            320.00  388.38  -68.38 (VIOLATED)
_479631_/B                            320.00  388.37  -68.37 (VIOLATED)
oskid_d[129]$_DFFE_PN0P_/RESETN       320.00  388.35  -68.35 (VIOLATED)
_757289_/C                            320.00  388.34  -68.34 (VIOLATED)
_749193_/A                            320.00  388.34  -68.34 (VIOLATED)
_757287_/A1                           320.00  388.32  -68.32 (VIOLATED)
in_data_q[109]$_DFFE_PN0P_/QN         320.00  388.31  -68.31 (VIOLATED)
ce_d2[36]$_DFFE_PN0P_/RESETN          320.00  388.27  -68.27 (VIOLATED)
_742207_/A                            320.00  388.26  -68.26 (VIOLATED)
_654043_/B                            320.00  388.24  -68.24 (VIOLATED)
_738867_/A                            320.00  388.23  -68.23 (VIOLATED)
_768120_/A                            320.00  388.22  -68.22 (VIOLATED)
_749652_/C                            320.00  388.18  -68.18 (VIOLATED)
_755919_/A                            320.00  388.18  -68.18 (VIOLATED)
part_q[51][8]$_DFFE_PP_/QN            320.00  388.17  -68.17 (VIOLATED)
ce_d1[36]$_DFFE_PN0P_/RESETN          320.00  388.16  -68.16 (VIOLATED)
_742030_/A                            320.00  388.16  -68.16 (VIOLATED)
_750409_/A1                           320.00  388.15  -68.15 (VIOLATED)
_787212_/A1                           320.00  388.13  -68.13 (VIOLATED)
_756003_/A1                           320.00  388.11  -68.11 (VIOLATED)
part_q[48][12]$_DFFE_PP_/QN           320.00  388.09  -68.09 (VIOLATED)
_663197_/B                            320.00  388.07  -68.07 (VIOLATED)
_759525_/A1                           320.00  388.06  -68.06 (VIOLATED)
m_1h[44]$_DFFE_PN0P_/RESETN           320.00  388.05  -68.05 (VIOLATED)
_737915_/A                            320.00  388.05  -68.05 (VIOLATED)
_750451_/A                            320.00  387.99  -67.99 (VIOLATED)
_612417_/A                            320.00  387.97  -67.97 (VIOLATED)
_762221_/B                            320.00  387.97  -67.97 (VIOLATED)
place74003/A                          320.00  387.96  -67.96 (VIOLATED)
_762217_/B                            320.00  387.96  -67.96 (VIOLATED)
place73279/A                          320.00  387.94  -67.94 (VIOLATED)
_760281_/A1                           320.00  387.94  -67.94 (VIOLATED)
_738782_/A                            320.00  387.93  -67.93 (VIOLATED)
m_1h[42]$_DFFE_PN0P_/RESETN           320.00  387.93  -67.93 (VIOLATED)
_750784_/A                            320.00  387.92  -67.92 (VIOLATED)
m_ce[24]$_DFFE_PN0P_/RESETN           320.00  387.88  -67.88 (VIOLATED)
_738818_/A                            320.00  387.86  -67.86 (VIOLATED)
m_1h[43]$_DFFE_PN0P_/RESETN           320.00  387.85  -67.85 (VIOLATED)
_738869_/A                            320.00  387.84  -67.84 (VIOLATED)
_749116_/Y                            320.00  387.83  -67.83 (VIOLATED)
_752878_/A                            320.00  387.83  -67.83 (VIOLATED)
_584416_/A2                           320.00  387.83  -67.83 (VIOLATED)
_479294_/D                            320.00  387.82  -67.82 (VIOLATED)
_751920_/B                            320.00  387.81  -67.81 (VIOLATED)
_752200_/A                            320.00  387.79  -67.79 (VIOLATED)
_743857_/A                            320.00  387.78  -67.78 (VIOLATED)
_760278_/A                            320.00  387.71  -67.71 (VIOLATED)
m_1h[46]$_DFFE_PN0P_/RESETN           320.00  387.71  -67.71 (VIOLATED)
out_pix_data[38]$_DFFE_PN0P_/RESETN   320.00  387.66  -67.66 (VIOLATED)
a_sym[19][0]$_DFFE_PN0P_/QN           320.00  387.64  -67.64 (VIOLATED)
place74018/A                          320.00  387.63  -67.63 (VIOLATED)
_756760_/A                            320.00  387.63  -67.63 (VIOLATED)
_748131_/Y                            320.00  387.60  -67.60 (VIOLATED)
_749190_/Y                            320.00  387.58  -67.58 (VIOLATED)
_762223_/B                            320.00  387.54  -67.54 (VIOLATED)
_743421_/A                            320.00  387.51  -67.51 (VIOLATED)
_749070_/C                            320.00  387.48  -67.48 (VIOLATED)
_787903_/A                            320.00  387.48  -67.48 (VIOLATED)
_764633_/B                            320.00  387.47  -67.47 (VIOLATED)
_766148_/A                            320.00  387.44  -67.44 (VIOLATED)
_743347_/A                            320.00  387.43  -67.43 (VIOLATED)
_749025_/C                            320.00  387.43  -67.43 (VIOLATED)
_762219_/B                            320.00  387.41  -67.41 (VIOLATED)
_740154_/B                            320.00  387.41  -67.41 (VIOLATED)
_743437_/A                            320.00  387.40  -67.40 (VIOLATED)
_762218_/B                            320.00  387.37  -67.37 (VIOLATED)
_554506_/B                            320.00  387.37  -67.37 (VIOLATED)
_743297_/A                            320.00  387.36  -67.36 (VIOLATED)
_612420_/A                            320.00  387.35  -67.35 (VIOLATED)
_763834_/A                            320.00  387.34  -67.34 (VIOLATED)
_747407_/B                            320.00  387.33  -67.33 (VIOLATED)
_762216_/B                            320.00  387.29  -67.29 (VIOLATED)
m_1h[37]$_DFFE_PN0P_/RESETN           320.00  387.29  -67.29 (VIOLATED)
ce_d2[30]$_DFFE_PN0P_/RESETN          320.00  387.27  -67.27 (VIOLATED)
_658097_/A                            320.00  387.25  -67.25 (VIOLATED)
_757004_/D                            320.00  387.24  -67.24 (VIOLATED)
_757572_/A                            320.00  387.23  -67.23 (VIOLATED)
place74659/A                          320.00  387.20  -67.20 (VIOLATED)
place73443/A                          320.00  387.15  -67.15 (VIOLATED)
_738900_/A                            320.00  387.15  -67.15 (VIOLATED)
_747425_/B                            320.00  387.14  -67.14 (VIOLATED)
_759034_/B                            320.00  387.14  -67.14 (VIOLATED)
_740063_/B                            320.00  387.11  -67.11 (VIOLATED)
_762194_/B                            320.00  387.10  -67.10 (VIOLATED)
m_1h[3]$_DFFE_PN0P_/RESETN            320.00  387.10  -67.10 (VIOLATED)
_806126_/CI                           320.00  387.07  -67.07 (VIOLATED)
_738564_/B                            320.00  387.05  -67.05 (VIOLATED)
_742208_/A                            320.00  387.03  -67.03 (VIOLATED)
_745704_/B                            320.00  387.01  -67.01 (VIOLATED)
_763835_/A1                           320.00  387.00  -67.00 (VIOLATED)
_748371_/Y                            320.00  386.97  -66.97 (VIOLATED)
m_1h[39]$_DFFE_PN0P_/RESETN           320.00  386.97  -66.97 (VIOLATED)
_747770_/A                            320.00  386.96  -66.96 (VIOLATED)
_738880_/A                            320.00  386.95  -66.95 (VIOLATED)
_738877_/A                            320.00  386.92  -66.92 (VIOLATED)
_738715_/A                            320.00  386.84  -66.84 (VIOLATED)
_738841_/A                            320.00  386.81  -66.81 (VIOLATED)
_738858_/A                            320.00  386.79  -66.79 (VIOLATED)
_612423_/A                            320.00  386.79  -66.79 (VIOLATED)
_762215_/B                            320.00  386.79  -66.79 (VIOLATED)
_755874_/A                            320.00  386.78  -66.78 (VIOLATED)
hold123252/A                          320.00  386.75  -66.75 (VIOLATED)
m_ce[2]$_DFFE_PN0P_/QN                320.00  386.74  -66.74 (VIOLATED)
_658098_/A                            320.00  386.73  -66.73 (VIOLATED)
oskid_d[120]$_DFFE_PN0P_/RESETN       320.00  386.70  -66.70 (VIOLATED)
_759201_/B                            320.00  386.67  -66.67 (VIOLATED)
_740773_/A                            320.00  386.66  -66.66 (VIOLATED)
_752661_/A                            320.00  386.66  -66.66 (VIOLATED)
place74201/A                          320.00  386.66  -66.66 (VIOLATED)
_742607_/B                            320.00  386.55  -66.55 (VIOLATED)
_738808_/A                            320.00  386.55  -66.55 (VIOLATED)
_658099_/A                            320.00  386.53  -66.53 (VIOLATED)
_738891_/A                            320.00  386.48  -66.48 (VIOLATED)
place73424/A                          320.00  386.46  -66.46 (VIOLATED)
_755746_/A                            320.00  386.42  -66.42 (VIOLATED)
_738599_/A                            320.00  386.39  -66.39 (VIOLATED)
_737877_/A                            320.00  386.36  -66.36 (VIOLATED)
_562851_/C1                           320.00  386.35  -66.35 (VIOLATED)
place73471/A                          320.00  386.32  -66.32 (VIOLATED)
output10017/A                         320.00  386.31  -66.31 (VIOLATED)
_747716_/A                            320.00  386.27  -66.27 (VIOLATED)
_738819_/A                            320.00  386.25  -66.25 (VIOLATED)
m_1h[14]$_DFFE_PN0P_/RESETN           320.00  386.21  -66.21 (VIOLATED)
_739170_/B                            320.00  386.20  -66.20 (VIOLATED)
_749134_/D                            320.00  386.17  -66.17 (VIOLATED)
place73482/A                          320.00  386.11  -66.11 (VIOLATED)
_741965_/A                            320.00  386.10  -66.10 (VIOLATED)
_749044_/D                            320.00  386.09  -66.09 (VIOLATED)
_749020_/A1                           320.00  386.07  -66.07 (VIOLATED)
_768874_/A                            320.00  386.06  -66.06 (VIOLATED)
place74670/A                          320.00  386.06  -66.06 (VIOLATED)
_612429_/A                            320.00  386.00  -66.00 (VIOLATED)
_745016_/A                            320.00  385.98  -65.98 (VIOLATED)
_742182_/A                            320.00  385.94  -65.94 (VIOLATED)
_787908_/A                            320.00  385.93  -65.93 (VIOLATED)
_741411_/B                            320.00  385.88  -65.88 (VIOLATED)
_754933_/A                            320.00  385.84  -65.84 (VIOLATED)
m_1h[48]$_DFFE_PN0P_/RESETN           320.00  385.81  -65.81 (VIOLATED)
_658100_/A                            320.00  385.80  -65.80 (VIOLATED)
out_pix_data[120]$_DFFE_PN0P_/RESETN  320.00  385.80  -65.80 (VIOLATED)
_750437_/A                            320.00  385.79  -65.79 (VIOLATED)
_748118_/A                            320.00  385.76  -65.76 (VIOLATED)
_764763_/A                            320.00  385.74  -65.74 (VIOLATED)
_749655_/C                            320.00  385.74  -65.74 (VIOLATED)
_751693_/A                            320.00  385.74  -65.74 (VIOLATED)
_737855_/A                            320.00  385.72  -65.72 (VIOLATED)
oskid_d[121]$_DFFE_PN0P_/RESETN       320.00  385.70  -65.70 (VIOLATED)
a_sym[19][4]$_DFFE_PN0P_/RESETN       320.00  385.70  -65.70 (VIOLATED)
_737291_/B                            320.00  385.65  -65.65 (VIOLATED)
place74585/A                          320.00  385.64  -65.64 (VIOLATED)
_764764_/A1                           320.00  385.64  -65.64 (VIOLATED)
in_data_q[156]$_DFFE_PN0P_/QN         320.00  385.63  -65.63 (VIOLATED)
place73843/A                          320.00  385.57  -65.57 (VIOLATED)
_760968_/A1                           320.00  385.56  -65.56 (VIOLATED)
_749113_/C                            320.00  385.55  -65.55 (VIOLATED)
_768219_/A                            320.00  385.55  -65.55 (VIOLATED)
place73949/A                          320.00  385.52  -65.52 (VIOLATED)
_743247_/B                            320.00  385.52  -65.52 (VIOLATED)
m_1h[15]$_DFFE_PN0P_/RESETN           320.00  385.51  -65.51 (VIOLATED)
_743310_/A                            320.00  385.46  -65.46 (VIOLATED)
_764760_/A                            320.00  385.46  -65.46 (VIOLATED)
_768216_/A                            320.00  385.45  -65.45 (VIOLATED)
_738720_/A                            320.00  385.43  -65.43 (VIOLATED)
_764761_/A1                           320.00  385.41  -65.41 (VIOLATED)
_745571_/B                            320.00  385.36  -65.36 (VIOLATED)
_745877_/B                            320.00  385.32  -65.32 (VIOLATED)
_738859_/A                            320.00  385.29  -65.29 (VIOLATED)
_758946_/B2                           320.00  385.28  -65.28 (VIOLATED)
_753013_/A1                           320.00  385.27  -65.27 (VIOLATED)
_758939_/B                            320.00  385.24  -65.24 (VIOLATED)
_749117_/C                            320.00  385.23  -65.23 (VIOLATED)
_751021_/A1                           320.00  385.20  -65.20 (VIOLATED)
_671700_/A                            320.00  385.17  -65.17 (VIOLATED)
place83521/Y                          320.00  385.13  -65.13 (VIOLATED)
m_1h[23]$_DFFE_PN0P_/RESETN           320.00  385.09  -65.09 (VIOLATED)
_742022_/A                            320.00  385.08  -65.08 (VIOLATED)
_753708_/B2                           320.00  385.07  -65.07 (VIOLATED)
_742024_/A                            320.00  385.07  -65.07 (VIOLATED)
_755597_/A                            320.00  385.06  -65.06 (VIOLATED)
_758316_/C1                           320.00  385.00  -65.00 (VIOLATED)
_764757_/A1                           320.00  385.00  -65.00 (VIOLATED)
_658101_/A                            320.00  384.96  -64.96 (VIOLATED)
_742148_/A                            320.00  384.95  -64.95 (VIOLATED)
place74343/A                          320.00  384.95  -64.95 (VIOLATED)
_745838_/B                            320.00  384.94  -64.94 (VIOLATED)
_762197_/B                            320.00  384.93  -64.93 (VIOLATED)
_750446_/B                            320.00  384.92  -64.92 (VIOLATED)
_738677_/B                            320.00  384.89  -64.89 (VIOLATED)
_760026_/A1                           320.00  384.89  -64.89 (VIOLATED)
_739786_/B                            320.00  384.88  -64.88 (VIOLATED)
_612435_/A                            320.00  384.86  -64.86 (VIOLATED)
_764756_/A                            320.00  384.86  -64.86 (VIOLATED)
_556000_/B1                           320.00  384.84  -64.84 (VIOLATED)
_612432_/A                            320.00  384.84  -64.84 (VIOLATED)
_612438_/A                            320.00  384.80  -64.80 (VIOLATED)
_737287_/B                            320.00  384.73  -64.73 (VIOLATED)
_738806_/A                            320.00  384.73  -64.73 (VIOLATED)
_742199_/A                            320.00  384.72  -64.72 (VIOLATED)
_747134_/B                            320.00  384.68  -64.68 (VIOLATED)
_747898_/B                            320.00  384.67  -64.67 (VIOLATED)
_759385_/B                            320.00  384.66  -64.66 (VIOLATED)
m_1h[19]$_DFFE_PN0P_/RESETN           320.00  384.60  -64.60 (VIOLATED)
_764753_/A                            320.00  384.55  -64.55 (VIOLATED)
_764754_/A1                           320.00  384.54  -64.54 (VIOLATED)
_749414_/A1                           320.00  384.53  -64.53 (VIOLATED)
_753456_/A                            320.00  384.51  -64.51 (VIOLATED)
_747137_/E                            320.00  384.51  -64.51 (VIOLATED)
_745550_/B                            320.00  384.50  -64.50 (VIOLATED)
_749065_/C                            320.00  384.50  -64.50 (VIOLATED)
_747284_/B                            320.00  384.46  -64.46 (VIOLATED)
in_data_q[94]$_DFFE_PN0P_/QN          320.00  384.46  -64.46 (VIOLATED)
_750413_/B2                           320.00  384.45  -64.45 (VIOLATED)
_747675_/B                            320.00  384.44  -64.44 (VIOLATED)
_787909_/A1                           320.00  384.41  -64.41 (VIOLATED)
m_1h[0]$_DFFE_PN0P_/RESETN            320.00  384.41  -64.41 (VIOLATED)
_747768_/E                            320.00  384.40  -64.40 (VIOLATED)
_752364_/E                            320.00  384.40  -64.40 (VIOLATED)
_749895_/E                            320.00  384.39  -64.39 (VIOLATED)
place83371/A                          320.00  384.37  -64.37 (VIOLATED)
_757924_/E                            320.00  384.37  -64.37 (VIOLATED)
_746911_/B                            320.00  384.36  -64.36 (VIOLATED)
_747376_/E                            320.00  384.36  -64.36 (VIOLATED)
_745528_/B                            320.00  384.36  -64.36 (VIOLATED)
_743900_/A                            320.00  384.34  -64.34 (VIOLATED)
_746098_/A                            320.00  384.34  -64.34 (VIOLATED)
_757535_/A1                           320.00  384.32  -64.32 (VIOLATED)
_750777_/B                            320.00  384.28  -64.28 (VIOLATED)
_739346_/B                            320.00  384.25  -64.25 (VIOLATED)
_756250_/A1                           320.00  384.24  -64.24 (VIOLATED)
_748637_/A                            320.00  384.20  -64.20 (VIOLATED)
_759485_/A1                           320.00  384.19  -64.19 (VIOLATED)
_742013_/A                            320.00  384.18  -64.18 (VIOLATED)
a_sym[20][0]$_DFFE_PN0P_/QN           320.00  384.18  -64.18 (VIOLATED)
_748706_/A                            320.00  384.17  -64.17 (VIOLATED)
_765503_/B                            320.00  384.16  -64.16 (VIOLATED)
_479459_/B                            320.00  384.11  -64.11 (VIOLATED)
_479453_/E                            320.00  384.11  -64.11 (VIOLATED)
place74329/A                          320.00  384.11  -64.11 (VIOLATED)
_763735_/A1                           320.00  384.11  -64.11 (VIOLATED)
_763734_/A                            320.00  384.10  -64.10 (VIOLATED)
_765844_/A1                           320.00  384.10  -64.10 (VIOLATED)
m_1h[11]$_DFFE_PN0P_/RESETN           320.00  384.07  -64.07 (VIOLATED)
_751276_/E                            320.00  384.02  -64.02 (VIOLATED)
_479497_/C                            320.00  383.99  -63.99 (VIOLATED)
_748780_/A                            320.00  383.90  -63.90 (VIOLATED)
_749691_/E                            320.00  383.90  -63.90 (VIOLATED)
place79276/A                          320.00  383.90  -63.90 (VIOLATED)
_748896_/A                            320.00  383.89  -63.89 (VIOLATED)
m_1h[21]$_DFFE_PN0P_/RESETN           320.00  383.88  -63.88 (VIOLATED)
place79272/A                          320.00  383.85  -63.85 (VIOLATED)
_747503_/B                            320.00  383.85  -63.85 (VIOLATED)
_746787_/B                            320.00  383.84  -63.84 (VIOLATED)
place72564/A                          320.00  383.84  -63.84 (VIOLATED)
_749410_/D                            320.00  383.84  -63.84 (VIOLATED)
_745705_/B                            320.00  383.82  -63.82 (VIOLATED)
_745600_/B                            320.00  383.80  -63.80 (VIOLATED)
_753734_/C                            320.00  383.78  -63.78 (VIOLATED)
_744856_/A                            320.00  383.75  -63.75 (VIOLATED)
_755025_/B                            320.00  383.74  -63.74 (VIOLATED)
_749550_/A1                           320.00  383.73  -63.73 (VIOLATED)
_748263_/A                            320.00  383.72  -63.72 (VIOLATED)
_749581_/A                            320.00  383.70  -63.70 (VIOLATED)
_749508_/C                            320.00  383.69  -63.69 (VIOLATED)
_755948_/A                            320.00  383.68  -63.68 (VIOLATED)
_755431_/A                            320.00  383.66  -63.66 (VIOLATED)
_749217_/C                            320.00  383.64  -63.64 (VIOLATED)
_745018_/A                            320.00  383.64  -63.64 (VIOLATED)
rdata_q[5339]$_DFFE_PP_/QN            320.00  383.62  -63.62 (VIOLATED)
m_1h[8]$_DFFE_PN0P_/RESETN            320.00  383.62  -63.62 (VIOLATED)
m_1h[28]$_DFFE_PN0P_/RESETN           320.00  383.61  -63.61 (VIOLATED)
m_1h[2]$_DFFE_PN0P_/RESETN            320.00  383.59  -63.59 (VIOLATED)
_749593_/A                            320.00  383.57  -63.57 (VIOLATED)
_751151_/A                            320.00  383.57  -63.57 (VIOLATED)
_754115_/A                            320.00  383.51  -63.51 (VIOLATED)
part_q[51][12]$_DFFE_PP_/QN           320.00  383.47  -63.47 (VIOLATED)
_658102_/A                            320.00  383.46  -63.46 (VIOLATED)
_748787_/B                            320.00  383.46  -63.46 (VIOLATED)
_754138_/A                            320.00  383.43  -63.43 (VIOLATED)
_753040_/C                            320.00  383.40  -63.40 (VIOLATED)
_806124_/A                            320.00  383.40  -63.40 (VIOLATED)
_755400_/A1                           320.00  383.39  -63.39 (VIOLATED)
_749422_/B                            320.00  383.35  -63.35 (VIOLATED)
_749420_/B                            320.00  383.33  -63.33 (VIOLATED)
_747413_/C                            320.00  383.33  -63.33 (VIOLATED)
_769303_/A                            320.00  383.32  -63.32 (VIOLATED)
_835855_/CI                           320.00  383.31  -63.31 (VIOLATED)
_738673_/A                            320.00  383.29  -63.29 (VIOLATED)
_751951_/C                            320.00  383.28  -63.28 (VIOLATED)
_787910_/A                            320.00  383.28  -63.28 (VIOLATED)
_749994_/A                            320.00  383.26  -63.26 (VIOLATED)
_752679_/B                            320.00  383.26  -63.26 (VIOLATED)
_749443_/A                            320.00  383.24  -63.24 (VIOLATED)
_763741_/A                            320.00  383.24  -63.24 (VIOLATED)
_753063_/A                            320.00  383.23  -63.23 (VIOLATED)
_747365_/A                            320.00  383.22  -63.22 (VIOLATED)
_756346_/A                            320.00  383.22  -63.22 (VIOLATED)
_755513_/A                            320.00  383.18  -63.18 (VIOLATED)
place72790/A                          320.00  383.12  -63.12 (VIOLATED)
place72530/A                          320.00  383.10  -63.10 (VIOLATED)
place74323/A                          320.00  383.09  -63.09 (VIOLATED)
_746612_/B                            320.00  383.07  -63.07 (VIOLATED)
_738692_/B                            320.00  383.07  -63.07 (VIOLATED)
m_1h[20]$_DFFE_PN0P_/RESETN           320.00  383.04  -63.04 (VIOLATED)
_741957_/A                            320.00  383.03  -63.03 (VIOLATED)
_748965_/B                            320.00  383.02  -63.02 (VIOLATED)
_749407_/C                            320.00  382.98  -62.98 (VIOLATED)
_745022_/A                            320.00  382.97  -62.97 (VIOLATED)
_745727_/B                            320.00  382.96  -62.96 (VIOLATED)
_753914_/A                            320.00  382.96  -62.96 (VIOLATED)
rdata_q[701]$_DFFE_PP_/QN             320.00  382.95  -62.95 (VIOLATED)
_763843_/A                            320.00  382.94  -62.94 (VIOLATED)
place83513/A                          320.00  382.93  -62.93 (VIOLATED)
_857660_/A                            320.00  382.91  -62.91 (VIOLATED)
_742202_/A                            320.00  382.91  -62.91 (VIOLATED)
a_sym[1][1]$_DFFE_PN0P_/RESETN        320.00  382.90  -62.90 (VIOLATED)
_747827_/A                            320.00  382.88  -62.88 (VIOLATED)
_759102_/A2                           320.00  382.86  -62.86 (VIOLATED)
_755074_/A2                           320.00  382.86  -62.86 (VIOLATED)
_755555_/B                            320.00  382.83  -62.83 (VIOLATED)
_835854_/CI                           320.00  382.79  -62.79 (VIOLATED)
m_1h[29]$_DFFE_PN0P_/RESETN           320.00  382.77  -62.77 (VIOLATED)
_763744_/A                            320.00  382.76  -62.76 (VIOLATED)
place74254/A                          320.00  382.75  -62.75 (VIOLATED)
place73862/A                          320.00  382.74  -62.74 (VIOLATED)
place73219/A                          320.00  382.68  -62.68 (VIOLATED)
_786177_/A1                           320.00  382.67  -62.67 (VIOLATED)
part_q[21][16]$_DFFE_PP_/QN           320.00  382.65  -62.65 (VIOLATED)
_750706_/A                            320.00  382.63  -62.63 (VIOLATED)
_740721_/B                            320.00  382.62  -62.62 (VIOLATED)
_758654_/A                            320.00  382.61  -62.61 (VIOLATED)
_737274_/B                            320.00  382.61  -62.61 (VIOLATED)
_857659_/A                            320.00  382.60  -62.60 (VIOLATED)
_758313_/B2                           320.00  382.59  -62.59 (VIOLATED)
_750705_/A                            320.00  382.56  -62.56 (VIOLATED)
_749041_/D                            320.00  382.54  -62.54 (VIOLATED)
_737784_/B                            320.00  382.51  -62.51 (VIOLATED)
ce_d2[35]$_DFFE_PN0P_/RESETN          320.00  382.50  -62.50 (VIOLATED)
_737934_/A                            320.00  382.50  -62.50 (VIOLATED)
_755963_/A1                           320.00  382.49  -62.49 (VIOLATED)
ce_d1[35]$_DFFE_PN0P_/RESETN          320.00  382.46  -62.46 (VIOLATED)
_737912_/A                            320.00  382.43  -62.43 (VIOLATED)
ce_d2[34]$_DFFE_PN0P_/RESETN          320.00  382.38  -62.38 (VIOLATED)
_755647_/A2                           320.00  382.38  -62.38 (VIOLATED)
ce_d1[34]$_DFFE_PN0P_/RESETN          320.00  382.38  -62.38 (VIOLATED)
_754481_/A                            320.00  382.36  -62.36 (VIOLATED)
_806130_/CI                           320.00  382.32  -62.32 (VIOLATED)
_612426_/A                            320.00  382.31  -62.31 (VIOLATED)
_737607_/B                            320.00  382.31  -62.31 (VIOLATED)
_748354_/B                            320.00  382.30  -62.30 (VIOLATED)
_737893_/A                            320.00  382.29  -62.29 (VIOLATED)
_751045_/B                            320.00  382.29  -62.29 (VIOLATED)
_788018_/B                            320.00  382.28  -62.28 (VIOLATED)
_755424_/A1                           320.00  382.26  -62.26 (VIOLATED)
place74210/A                          320.00  382.26  -62.26 (VIOLATED)
in_data_q[41]$_DFFE_PN0P_/QN          320.00  382.24  -62.24 (VIOLATED)
_749372_/D                            320.00  382.23  -62.23 (VIOLATED)
_750462_/A1                           320.00  382.22  -62.22 (VIOLATED)
_741958_/A                            320.00  382.22  -62.22 (VIOLATED)
_755656_/A                            320.00  382.22  -62.22 (VIOLATED)
_755632_/B2                           320.00  382.19  -62.19 (VIOLATED)
_750300_/C                            320.00  382.19  -62.19 (VIOLATED)
_747889_/A                            320.00  382.19  -62.19 (VIOLATED)
_742027_/A                            320.00  382.19  -62.19 (VIOLATED)
_754148_/A                            320.00  382.18  -62.18 (VIOLATED)
place75115/A                          320.00  382.16  -62.16 (VIOLATED)
rem_f[2]$_DFFE_PN0P_/RESETN           320.00  382.15  -62.15 (VIOLATED)
rem_q[0]$_DFFE_PN0P_/RESETN           320.00  382.15  -62.15 (VIOLATED)
_747856_/A                            320.00  382.14  -62.14 (VIOLATED)
_671699_/A                            320.00  382.14  -62.14 (VIOLATED)
place74542/A                          320.00  382.12  -62.12 (VIOLATED)
_748743_/B                            320.00  382.12  -62.12 (VIOLATED)
rem_q[1]$_DFFE_PN0P_/RESETN           320.00  382.11  -62.11 (VIOLATED)
_738566_/A                            320.00  382.10  -62.10 (VIOLATED)
_740000_/B                            320.00  382.10  -62.10 (VIOLATED)
_756222_/B                            320.00  382.10  -62.10 (VIOLATED)
m_1h[22]$_DFFE_PN0P_/RESETN           320.00  382.09  -62.09 (VIOLATED)
_759730_/A1                           320.00  382.08  -62.08 (VIOLATED)
_740108_/B                            320.00  382.08  -62.08 (VIOLATED)
place74548/A                          320.00  382.07  -62.07 (VIOLATED)
_751826_/A                            320.00  382.04  -62.04 (VIOLATED)
m_1h[48]$_DFFE_PN0P_/QN               320.00  382.03  -62.03 (VIOLATED)
_756542_/B                            320.00  382.02  -62.02 (VIOLATED)
_749601_/A                            320.00  382.01  -62.01 (VIOLATED)
rem_q[3]$_DFFE_PN0P_/RESETN           320.00  382.01  -62.01 (VIOLATED)
_743316_/A                            320.00  382.00  -62.00 (VIOLATED)
m_ce[34]$_DFFE_PN0P_/RESETN           320.00  381.99  -61.99 (VIOLATED)
place74556/A                          320.00  381.98  -61.98 (VIOLATED)
_749488_/A1                           320.00  381.96  -61.96 (VIOLATED)
_759490_/B                            320.00  381.91  -61.91 (VIOLATED)
_749668_/A                            320.00  381.89  -61.89 (VIOLATED)
_747855_/Y                            320.00  381.87  -61.87 (VIOLATED)
_755961_/B2                           320.00  381.87  -61.87 (VIOLATED)
_787911_/A1                           320.00  381.86  -61.86 (VIOLATED)
_745026_/A                            320.00  381.84  -61.84 (VIOLATED)
rem_f[4]$_DFFE_PN0P_/RESETN           320.00  381.83  -61.83 (VIOLATED)
_754673_/A                            320.00  381.82  -61.82 (VIOLATED)
_757820_/A                            320.00  381.81  -61.81 (VIOLATED)
rem_f[3]$_DFFE_PN0P_/RESETN           320.00  381.80  -61.80 (VIOLATED)
_756673_/B2                           320.00  381.80  -61.80 (VIOLATED)
rem_f[11]$_DFFE_PN0P_/RESETN          320.00  381.80  -61.80 (VIOLATED)
_755003_/B                            320.00  381.73  -61.73 (VIOLATED)
m_1h[25]$_DFFE_PN0P_/RESETN           320.00  381.73  -61.73 (VIOLATED)
_754324_/A                            320.00  381.73  -61.73 (VIOLATED)
m_1h[13]$_DFFE_PN0P_/RESETN           320.00  381.70  -61.70 (VIOLATED)
_755015_/A                            320.00  381.70  -61.70 (VIOLATED)
_752842_/A                            320.00  381.70  -61.70 (VIOLATED)
m_1h[24]$_DFFE_PN0P_/RESETN           320.00  381.69  -61.69 (VIOLATED)
_762196_/B                            320.00  381.69  -61.69 (VIOLATED)
_747024_/A                            320.00  381.65  -61.65 (VIOLATED)
_749423_/A1                           320.00  381.61  -61.61 (VIOLATED)
_755648_/A1                           320.00  381.61  -61.61 (VIOLATED)
_754419_/B                            320.00  381.60  -61.60 (VIOLATED)
wbank[3]$_DFFE_PN0P_/RESETN           320.00  381.59  -61.59 (VIOLATED)
rem_f[1]$_DFFE_PN0P_/RESETN           320.00  381.59  -61.59 (VIOLATED)
m_1h[31]$_DFFE_PN0P_/RESETN           320.00  381.54  -61.54 (VIOLATED)
wbank[5]$_DFFE_PN0P_/RESETN           320.00  381.51  -61.51 (VIOLATED)
_769374_/A                            320.00  381.49  -61.49 (VIOLATED)
_754151_/A                            320.00  381.48  -61.48 (VIOLATED)
_754415_/B                            320.00  381.48  -61.48 (VIOLATED)
a_sym[6][2]$_DFFE_PN0P_/QN            320.00  381.47  -61.47 (VIOLATED)
_755645_/A                            320.00  381.45  -61.45 (VIOLATED)
_754485_/B3                           320.00  381.43  -61.43 (VIOLATED)
wbank[4]$_DFFE_PN0P_/RESETN           320.00  381.41  -61.41 (VIOLATED)
_746986_/A                            320.00  381.39  -61.39 (VIOLATED)
_759859_/A                            320.00  381.38  -61.38 (VIOLATED)
_754598_/A                            320.00  381.38  -61.38 (VIOLATED)
_756768_/A                            320.00  381.37  -61.37 (VIOLATED)
_768190_/A                            320.00  381.37  -61.37 (VIOLATED)
_749849_/A                            320.00  381.37  -61.37 (VIOLATED)
_742391_/B                            320.00  381.37  -61.37 (VIOLATED)
_750688_/B                            320.00  381.36  -61.36 (VIOLATED)
_756335_/B2                           320.00  381.36  -61.36 (VIOLATED)
_756952_/A                            320.00  381.31  -61.31 (VIOLATED)
_752824_/A                            320.00  381.30  -61.30 (VIOLATED)
_745020_/A                            320.00  381.26  -61.26 (VIOLATED)
m_1h[26]$_DFFE_PN0P_/RESETN           320.00  381.25  -61.25 (VIOLATED)
m_ce[35]$_DFFE_PN0P_/RESETN           320.00  381.23  -61.23 (VIOLATED)
_757350_/C2                           320.00  381.22  -61.22 (VIOLATED)
_746930_/A                            320.00  381.22  -61.22 (VIOLATED)
_752055_/C                            320.00  381.20  -61.20 (VIOLATED)
_750485_/B2                           320.00  381.20  -61.20 (VIOLATED)
wbank[0]$_DFFE_PN0P_/RESETN           320.00  381.17  -61.17 (VIOLATED)
wbank[1]$_DFFE_PN0P_/RESETN           320.00  381.12  -61.12 (VIOLATED)
_739254_/B                            320.00  381.11  -61.11 (VIOLATED)
_746610_/B                            320.00  381.07  -61.07 (VIOLATED)
_748700_/A                            320.00  381.06  -61.06 (VIOLATED)
_751686_/A                            320.00  381.06  -61.06 (VIOLATED)
place74827/A                          320.00  381.05  -61.05 (VIOLATED)
_756951_/A                            320.00  381.03  -61.03 (VIOLATED)
_748239_/A                            320.00  381.02  -61.02 (VIOLATED)
_738899_/A                            320.00  381.01  -61.01 (VIOLATED)
a_sym[7][4]$_DFFE_PN0P_/QN            320.00  381.01  -61.01 (VIOLATED)
wbank[2]$_DFFE_PN0P_/RESETN           320.00  381.00  -61.00 (VIOLATED)
_753470_/A                            320.00  381.00  -61.00 (VIOLATED)
_745548_/B                            320.00  380.96  -60.96 (VIOLATED)
_753720_/C                            320.00  380.89  -60.89 (VIOLATED)
_738642_/A                            320.00  380.88  -60.88 (VIOLATED)
_754873_/A1                           320.00  380.78  -60.78 (VIOLATED)
_746099_/B                            320.00  380.78  -60.78 (VIOLATED)
_748561_/A                            320.00  380.75  -60.75 (VIOLATED)
rem_q[2]$_DFFE_PN0P_/RESETN           320.00  380.75  -60.75 (VIOLATED)
_750580_/A                            320.00  380.75  -60.75 (VIOLATED)
_755109_/A2                           320.00  380.71  -60.71 (VIOLATED)
place73290/A                          320.00  380.68  -60.68 (VIOLATED)
_737987_/A                            320.00  380.63  -60.63 (VIOLATED)
_555311_/A                            320.00  380.57  -60.57 (VIOLATED)
_762263_/Y                            320.00  380.53  -60.53 (VIOLATED)
_747826_/Y                            320.00  380.50  -60.50 (VIOLATED)
_758067_/B2                           320.00  380.49  -60.49 (VIOLATED)
_738862_/A                            320.00  380.48  -60.48 (VIOLATED)
_738778_/A                            320.00  380.48  -60.48 (VIOLATED)
_752112_/C                            320.00  380.46  -60.46 (VIOLATED)
_841362_/A                            320.00  380.46  -60.46 (VIOLATED)
_759081_/B2                           320.00  380.43  -60.43 (VIOLATED)
_768846_/A                            320.00  380.41  -60.41 (VIOLATED)
_754157_/A                            320.00  380.40  -60.40 (VIOLATED)
_751970_/B2                           320.00  380.39  -60.39 (VIOLATED)
_738297_/B                            320.00  380.38  -60.38 (VIOLATED)
_755949_/B2                           320.00  380.38  -60.38 (VIOLATED)
_743311_/A                            320.00  380.37  -60.37 (VIOLATED)
_750713_/B                            320.00  380.35  -60.35 (VIOLATED)
_763589_/A                            320.00  380.34  -60.34 (VIOLATED)
rdata_q[6567]$_DFFE_PP_/QN            320.00  380.32  -60.32 (VIOLATED)
_835858_/CI                           320.00  380.32  -60.32 (VIOLATED)
out_pix_data[34]$_DFFE_PN0P_/RESETN   320.00  380.32  -60.32 (VIOLATED)
_759601_/A                            320.00  380.26  -60.26 (VIOLATED)
_760222_/C2                           320.00  380.24  -60.24 (VIOLATED)
_644414_/B                            320.00  380.23  -60.23 (VIOLATED)
_763590_/A1                           320.00  380.23  -60.23 (VIOLATED)
_761022_/A                            320.00  380.21  -60.21 (VIOLATED)
_858119_/A                            320.00  380.18  -60.18 (VIOLATED)
_738776_/A                            320.00  380.17  -60.17 (VIOLATED)
_762198_/B                            320.00  380.17  -60.17 (VIOLATED)
_545179_/C1                           320.00  380.17  -60.17 (VIOLATED)
_750687_/B                            320.00  380.11  -60.11 (VIOLATED)
_759359_/A                            320.00  380.09  -60.09 (VIOLATED)
_533036_/B1                           320.00  380.08  -60.08 (VIOLATED)
_745926_/B                            320.00  380.01  -60.01 (VIOLATED)
_748314_/C                            320.00  379.99  -59.99 (VIOLATED)
_757834_/A                            320.00  379.94  -59.94 (VIOLATED)
rem_f[0]$_DFFE_PN0P_/RESETN           320.00  379.94  -59.94 (VIOLATED)
_760795_/A                            320.00  379.94  -59.94 (VIOLATED)
_738018_/A                            320.00  379.94  -59.94 (VIOLATED)
_787904_/A1                           320.00  379.93  -59.93 (VIOLATED)
_749655_/B                            320.00  379.93  -59.93 (VIOLATED)
_806130_/A                            320.00  379.90  -59.90 (VIOLATED)
_748197_/C                            320.00  379.90  -59.90 (VIOLATED)
_768225_/A                            320.00  379.90  -59.90 (VIOLATED)
_748306_/C                            320.00  379.87  -59.87 (VIOLATED)
_738856_/A                            320.00  379.84  -59.84 (VIOLATED)
_750586_/A                            320.00  379.83  -59.83 (VIOLATED)
_750608_/A                            320.00  379.83  -59.83 (VIOLATED)
_738652_/A                            320.00  379.82  -59.82 (VIOLATED)
_738611_/A                            320.00  379.80  -59.80 (VIOLATED)
_762195_/B                            320.00  379.80  -59.80 (VIOLATED)
_748283_/C                            320.00  379.78  -59.78 (VIOLATED)
_754339_/A                            320.00  379.75  -59.75 (VIOLATED)
rem_f[6]$_DFFE_PN0P_/RESETN           320.00  379.74  -59.74 (VIOLATED)
_746288_/B                            320.00  379.74  -59.74 (VIOLATED)
_748276_/C                            320.00  379.71  -59.71 (VIOLATED)
place72592/A                          320.00  379.67  -59.67 (VIOLATED)
output10034/A                         320.00  379.66  -59.66 (VIOLATED)
place72797/A                          320.00  379.60  -59.60 (VIOLATED)
_748776_/B                            320.00  379.54  -59.54 (VIOLATED)
_748774_/B                            320.00  379.52  -59.52 (VIOLATED)
_768233_/A                            320.00  379.52  -59.52 (VIOLATED)
place72596/A                          320.00  379.50  -59.50 (VIOLATED)
m_1h[30]$_DFFE_PN0P_/RESETN           320.00  379.50  -59.50 (VIOLATED)
_750760_/A                            320.00  379.48  -59.48 (VIOLATED)
_750754_/A                            320.00  379.46  -59.46 (VIOLATED)
_741943_/B                            320.00  379.45  -59.45 (VIOLATED)
_746967_/C                            320.00  379.44  -59.44 (VIOLATED)
rem_f[5]$_DFFE_PN0P_/RESETN           320.00  379.38  -59.38 (VIOLATED)
_658104_/A                            320.00  379.37  -59.37 (VIOLATED)
_748272_/C                            320.00  379.37  -59.37 (VIOLATED)
_763837_/A1                           320.00  379.37  -59.37 (VIOLATED)
_742127_/A                            320.00  379.33  -59.33 (VIOLATED)
_741956_/A                            320.00  379.30  -59.30 (VIOLATED)
place74861/A                          320.00  379.30  -59.30 (VIOLATED)
_754160_/A                            320.00  379.29  -59.29 (VIOLATED)
_545192_/A                            320.00  379.29  -59.29 (VIOLATED)
_755400_/B                            320.00  379.25  -59.25 (VIOLATED)
_745657_/B                            320.00  379.22  -59.22 (VIOLATED)
part_q[28][16]$_DFFE_PP_/QN           320.00  379.20  -59.20 (VIOLATED)
_752885_/A                            320.00  379.16  -59.16 (VIOLATED)
_755852_/A1                           320.00  379.16  -59.16 (VIOLATED)
_748169_/C                            320.00  379.16  -59.16 (VIOLATED)
_743973_/A                            320.00  379.14  -59.14 (VIOLATED)
rem_q[4]$_DFFE_PN0P_/RESETN           320.00  379.14  -59.14 (VIOLATED)
_658103_/A                            320.00  379.13  -59.13 (VIOLATED)
_743846_/A                            320.00  379.07  -59.07 (VIOLATED)
place74686/A                          320.00  379.05  -59.05 (VIOLATED)
_741961_/A                            320.00  379.03  -59.03 (VIOLATED)
place73050/A                          320.00  379.02  -59.02 (VIOLATED)
_743913_/A                            320.00  378.97  -58.97 (VIOLATED)
_759237_/A                            320.00  378.96  -58.96 (VIOLATED)
_753578_/A                            320.00  378.91  -58.91 (VIOLATED)
_727657_/B                            320.00  378.90  -58.90 (VIOLATED)
_757041_/B2                           320.00  378.89  -58.89 (VIOLATED)
_748257_/C                            320.00  378.88  -58.88 (VIOLATED)
_677137_/B                            320.00  378.87  -58.87 (VIOLATED)
_751821_/A                            320.00  378.86  -58.86 (VIOLATED)
_759602_/A1                           320.00  378.83  -58.83 (VIOLATED)
_746864_/C                            320.00  378.83  -58.83 (VIOLATED)
_762192_/B                            320.00  378.80  -58.80 (VIOLATED)
_762201_/B                            320.00  378.77  -58.77 (VIOLATED)
_753018_/C                            320.00  378.74  -58.74 (VIOLATED)
_752814_/A1                           320.00  378.71  -58.71 (VIOLATED)
_743348_/A                            320.00  378.68  -58.68 (VIOLATED)
_750665_/A                            320.00  378.65  -58.65 (VIOLATED)
_738474_/B                            320.00  378.65  -58.65 (VIOLATED)
_605118_/B                            320.00  378.65  -58.65 (VIOLATED)
_763592_/A                            320.00  378.62  -58.62 (VIOLATED)
_762193_/B                            320.00  378.61  -58.61 (VIOLATED)
_741340_/A                            320.00  378.59  -58.59 (VIOLATED)
_748315_/C                            320.00  378.58  -58.58 (VIOLATED)
_748264_/C                            320.00  378.57  -58.57 (VIOLATED)
_752810_/A                            320.00  378.57  -58.57 (VIOLATED)
_750666_/A                            320.00  378.57  -58.57 (VIOLATED)
_748260_/C                            320.00  378.55  -58.55 (VIOLATED)
_745220_/B                            320.00  378.51  -58.51 (VIOLATED)
_738754_/A                            320.00  378.48  -58.48 (VIOLATED)
_612072_/B                            320.00  378.44  -58.44 (VIOLATED)
_748749_/B                            320.00  378.44  -58.44 (VIOLATED)
_749837_/A                            320.00  378.40  -58.40 (VIOLATED)
_747283_/A                            320.00  378.40  -58.40 (VIOLATED)
_752972_/A                            320.00  378.39  -58.39 (VIOLATED)
_763836_/A                            320.00  378.38  -58.38 (VIOLATED)
_745725_/B                            320.00  378.38  -58.38 (VIOLATED)
_749256_/A                            320.00  378.36  -58.36 (VIOLATED)
_755508_/B                            320.00  378.35  -58.35 (VIOLATED)
rem_q[5]$_DFFE_PN0P_/RESETN           320.00  378.33  -58.33 (VIOLATED)
rem_f[9]$_DFFE_PN0P_/RESETN           320.00  378.33  -58.33 (VIOLATED)
_762200_/B                            320.00  378.30  -58.30 (VIOLATED)
_750640_/A                            320.00  378.30  -58.30 (VIOLATED)
_742011_/A                            320.00  378.28  -58.28 (VIOLATED)
rem_q[9]$_DFFE_PN0P_/RESETN           320.00  378.26  -58.26 (VIOLATED)
m_1h[27]$_DFFE_PN0P_/RESETN           320.00  378.26  -58.26 (VIOLATED)
_755504_/A                            320.00  378.25  -58.25 (VIOLATED)
_806127_/CI                           320.00  378.23  -58.23 (VIOLATED)
_741345_/A                            320.00  378.21  -58.21 (VIOLATED)
_750618_/A                            320.00  378.21  -58.21 (VIOLATED)
_677134_/B                            320.00  378.20  -58.20 (VIOLATED)
place79286/A                          320.00  378.20  -58.20 (VIOLATED)
_748721_/A                            320.00  378.18  -58.18 (VIOLATED)
_644805_/A                            320.00  378.17  -58.17 (VIOLATED)
_765563_/A1                           320.00  378.16  -58.16 (VIOLATED)
_748716_/C                            320.00  378.14  -58.14 (VIOLATED)
_750637_/B2                           320.00  378.13  -58.13 (VIOLATED)
_748708_/C                            320.00  378.12  -58.12 (VIOLATED)
_764674_/A                            320.00  378.12  -58.12 (VIOLATED)
_754164_/A                            320.00  378.10  -58.10 (VIOLATED)
_745568_/B                            320.00  378.08  -58.08 (VIOLATED)
_749070_/B                            320.00  378.08  -58.08 (VIOLATED)
_750617_/C                            320.00  378.05  -58.05 (VIOLATED)
_759077_/B2                           320.00  378.04  -58.04 (VIOLATED)
_738798_/A                            320.00  378.03  -58.03 (VIOLATED)
_644802_/A                            320.00  378.03  -58.03 (VIOLATED)
_710600_/A                            320.00  378.03  -58.03 (VIOLATED)
_742029_/A                            320.00  377.98  -57.98 (VIOLATED)
mod_x[1]$_DFFE_PN0P_/RESETN           320.00  377.97  -57.97 (VIOLATED)
mod_x[0]$_DFFE_PN0P_/RESETN           320.00  377.96  -57.96 (VIOLATED)
_766032_/A                            320.00  377.95  -57.95 (VIOLATED)
_748621_/A                            320.00  377.95  -57.95 (VIOLATED)
_742025_/A                            320.00  377.91  -57.91 (VIOLATED)
_748267_/C                            320.00  377.88  -57.88 (VIOLATED)
place79271/A                          320.00  377.88  -57.88 (VIOLATED)
place73124/A                          320.00  377.86  -57.86 (VIOLATED)
a_sym[20][4]$_DFFE_PN0P_/RESETN       320.00  377.85  -57.85 (VIOLATED)
m_ce[41]$_DFFE_PN0P_/RESETN           320.00  377.84  -57.84 (VIOLATED)
a_sym[0][6]$_DFFE_PN0P_/RESETN        320.00  377.83  -57.83 (VIOLATED)
_753727_/A1                           320.00  377.82  -57.82 (VIOLATED)
_755505_/A                            320.00  377.80  -57.80 (VIOLATED)
_749179_/A                            320.00  377.79  -57.79 (VIOLATED)
_768843_/A                            320.00  377.79  -57.79 (VIOLATED)
_644799_/A                            320.00  377.77  -57.77 (VIOLATED)
_737961_/B                            320.00  377.77  -57.77 (VIOLATED)
_752793_/C                            320.00  377.77  -57.77 (VIOLATED)
_748794_/A                            320.00  377.74  -57.74 (VIOLATED)
_755846_/A1                           320.00  377.74  -57.74 (VIOLATED)
_765774_/A1                           320.00  377.74  -57.74 (VIOLATED)
_737885_/A                            320.00  377.72  -57.72 (VIOLATED)
_742018_/A                            320.00  377.71  -57.71 (VIOLATED)
_748650_/C                            320.00  377.70  -57.70 (VIOLATED)
mod_x[2]$_DFFE_PN0P_/RESETN           320.00  377.70  -57.70 (VIOLATED)
place67283/A                          320.00  377.70  -57.70 (VIOLATED)
a_sym[1][6]$_DFFE_PN0P_/RESETN        320.00  377.68  -57.68 (VIOLATED)
_748858_/A                            320.00  377.68  -57.68 (VIOLATED)
_754972_/A                            320.00  377.66  -57.66 (VIOLATED)
_748624_/C                            320.00  377.64  -57.64 (VIOLATED)
_750404_/B                            320.00  377.64  -57.64 (VIOLATED)
_746524_/B                            320.00  377.63  -57.63 (VIOLATED)
mod_x[3]$_DFFE_PN0P_/RESETN           320.00  377.59  -57.59 (VIOLATED)
_751666_/A                            320.00  377.58  -57.58 (VIOLATED)
_745602_/B                            320.00  377.57  -57.57 (VIOLATED)
rem_f[7]$_DFFE_PN0P_/RESETN           320.00  377.55  -57.55 (VIOLATED)
_742017_/A                            320.00  377.55  -57.55 (VIOLATED)
m_1h[12]$_DFFE_PN0P_/RESETN           320.00  377.53  -57.53 (VIOLATED)
m_1h[16]$_DFFE_PN0P_/RESETN           320.00  377.53  -57.53 (VIOLATED)
_748114_/A                            320.00  377.52  -57.52 (VIOLATED)
rem_f[8]$_DFFE_PN0P_/RESETN           320.00  377.50  -57.50 (VIOLATED)
_748641_/C                            320.00  377.50  -57.50 (VIOLATED)
part_q[28][10]$_DFFE_PP_/QN           320.00  377.49  -57.49 (VIOLATED)
m_1h[32]$_DFFE_PN0P_/RESETN           320.00  377.48  -57.48 (VIOLATED)
_754221_/A                            320.00  377.47  -57.47 (VIOLATED)
_751546_/A                            320.00  377.46  -57.46 (VIOLATED)
_748512_/A                            320.00  377.44  -57.44 (VIOLATED)
_749418_/Y                            320.00  377.44  -57.44 (VIOLATED)
_644793_/A                            320.00  377.43  -57.43 (VIOLATED)
_753572_/A                            320.00  377.43  -57.43 (VIOLATED)
_762264_/Y                            320.00  377.41  -57.41 (VIOLATED)
_744978_/A                            320.00  377.37  -57.37 (VIOLATED)
_671698_/A                            320.00  377.37  -57.37 (VIOLATED)
rdata_q[7400]$_DFFE_PP_/QN            320.00  377.37  -57.37 (VIOLATED)
_752887_/B                            320.00  377.36  -57.36 (VIOLATED)
_738809_/A                            320.00  377.35  -57.35 (VIOLATED)
a_sym[7][6]$_DFFE_PN0P_/RESETN        320.00  377.34  -57.34 (VIOLATED)
_753575_/C                            320.00  377.34  -57.34 (VIOLATED)
_749183_/C                            320.00  377.33  -57.33 (VIOLATED)
_750577_/A                            320.00  377.32  -57.32 (VIOLATED)
_745639_/B                            320.00  377.31  -57.31 (VIOLATED)
_504070_/B                            320.00  377.30  -57.30 (VIOLATED)
_738800_/A                            320.00  377.27  -57.27 (VIOLATED)
place73014/A                          320.00  377.26  -57.26 (VIOLATED)
m_1h[9]$_DFFE_PN0P_/QN                320.00  377.24  -57.24 (VIOLATED)
_745745_/B                            320.00  377.22  -57.22 (VIOLATED)
_765407_/A1                           320.00  377.22  -57.22 (VIOLATED)
_753016_/C                            320.00  377.21  -57.21 (VIOLATED)
_755004_/A1                           320.00  377.18  -57.18 (VIOLATED)
_742014_/A                            320.00  377.17  -57.17 (VIOLATED)
mod_x[4]$_DFFE_PN0P_/RESETN           320.00  377.16  -57.16 (VIOLATED)
_758066_/A1                           320.00  377.15  -57.15 (VIOLATED)
_764031_/A1                           320.00  377.13  -57.13 (VIOLATED)
_738582_/A                            320.00  377.08  -57.08 (VIOLATED)
_644443_/A                            320.00  377.08  -57.08 (VIOLATED)
_749537_/B                            320.00  377.03  -57.03 (VIOLATED)
_741338_/A                            320.00  377.01  -57.01 (VIOLATED)
part_q[28][7]$_DFFE_PP_/QN            320.00  377.00  -57.00 (VIOLATED)
_644796_/A                            320.00  376.99  -56.99 (VIOLATED)
_742016_/A                            320.00  376.99  -56.99 (VIOLATED)
_752822_/A                            320.00  376.98  -56.98 (VIOLATED)
_741343_/A                            320.00  376.97  -56.97 (VIOLATED)
_750764_/B                            320.00  376.96  -56.96 (VIOLATED)
_754354_/B                            320.00  376.96  -56.96 (VIOLATED)
place73130/A                          320.00  376.95  -56.95 (VIOLATED)
_741342_/A                            320.00  376.94  -56.94 (VIOLATED)
place74185/A                          320.00  376.93  -56.93 (VIOLATED)
_754167_/A                            320.00  376.91  -56.91 (VIOLATED)
_752909_/C                            320.00  376.91  -56.91 (VIOLATED)
_742028_/A                            320.00  376.91  -56.91 (VIOLATED)
_753573_/C                            320.00  376.89  -56.89 (VIOLATED)
_741344_/A                            320.00  376.86  -56.86 (VIOLATED)
_753411_/A                            320.00  376.83  -56.83 (VIOLATED)
_748099_/A                            320.00  376.77  -56.77 (VIOLATED)
_754486_/A2                           320.00  376.77  -56.77 (VIOLATED)
_749581_/B                            320.00  376.75  -56.75 (VIOLATED)
_750831_/B                            320.00  376.75  -56.75 (VIOLATED)
oskid_d[147]$_DFFE_PN0P_/RESETN       320.00  376.73  -56.73 (VIOLATED)
_749513_/A                            320.00  376.72  -56.72 (VIOLATED)
_748886_/A                            320.00  376.70  -56.70 (VIOLATED)
_738814_/A                            320.00  376.70  -56.70 (VIOLATED)
_745615_/B                            320.00  376.67  -56.67 (VIOLATED)
_749133_/B                            320.00  376.64  -56.64 (VIOLATED)
_762280_/A1                           320.00  376.60  -56.60 (VIOLATED)
_745510_/B                            320.00  376.58  -56.58 (VIOLATED)
mod_x[5]$_DFFE_PN0P_/RESETN           320.00  376.55  -56.55 (VIOLATED)
_749248_/B                            320.00  376.55  -56.55 (VIOLATED)
_644790_/A                            320.00  376.45  -56.45 (VIOLATED)
_743819_/A                            320.00  376.44  -56.44 (VIOLATED)
_763593_/A1                           320.00  376.43  -56.43 (VIOLATED)
a_sym[11][6]$_DFFE_PN0P_/RESETN       320.00  376.43  -56.43 (VIOLATED)
_751816_/A                            320.00  376.42  -56.42 (VIOLATED)
_768331_/Y                            320.00  376.39  -56.39 (VIOLATED)
_760741_/A1                           320.00  376.39  -56.39 (VIOLATED)
_787866_/A1                           320.00  376.37  -56.37 (VIOLATED)
place75075/A                          320.00  376.37  -56.37 (VIOLATED)
rem_f[10]$_DFFE_PN0P_/RESETN          320.00  376.36  -56.36 (VIOLATED)
in_data_q[116]$_DFFE_PN0P_/QN         320.00  376.36  -56.36 (VIOLATED)
_738878_/A                            320.00  376.30  -56.30 (VIOLATED)
_666137_/B                            320.00  376.29  -56.29 (VIOLATED)
place74400/A                          320.00  376.28  -56.28 (VIOLATED)
_768880_/A                            320.00  376.26  -56.26 (VIOLATED)
_754357_/B3                           320.00  376.25  -56.25 (VIOLATED)
_658105_/A                            320.00  376.25  -56.25 (VIOLATED)
m_1h[3]$_DFFE_PN0P_/QN                320.00  376.21  -56.21 (VIOLATED)
_486196_/B                            320.00  376.19  -56.19 (VIOLATED)
_482447_/B                            320.00  376.18  -56.18 (VIOLATED)
m_1h[18]$_DFFE_PN0P_/RESETN           320.00  376.15  -56.15 (VIOLATED)
_644440_/A                            320.00  376.15  -56.15 (VIOLATED)
_749345_/B                            320.00  376.14  -56.14 (VIOLATED)
_747723_/A                            320.00  376.09  -56.09 (VIOLATED)
_738138_/B                            320.00  375.99  -55.99 (VIOLATED)
_745012_/A                            320.00  375.96  -55.96 (VIOLATED)
place74849/A                          320.00  375.89  -55.89 (VIOLATED)
_762262_/A1                           320.00  375.86  -55.86 (VIOLATED)
rem_q[8]$_DFFE_PN0P_/RESETN           320.00  375.86  -55.86 (VIOLATED)
_759724_/B2                           320.00  375.85  -55.85 (VIOLATED)
_738896_/A                            320.00  375.84  -55.84 (VIOLATED)
m_ce[20]$_DFFE_PN0P_/RESETN           320.00  375.84  -55.84 (VIOLATED)
_736871_/B                            320.00  375.84  -55.84 (VIOLATED)
_480792_/B                            320.00  375.69  -55.69 (VIOLATED)
place75006/A                          320.00  375.69  -55.69 (VIOLATED)
_742114_/A                            320.00  375.67  -55.67 (VIOLATED)
_741983_/A                            320.00  375.67  -55.67 (VIOLATED)
_741589_/B                            320.00  375.60  -55.60 (VIOLATED)
m_ce[46]$_DFFE_PN0P_/RESETN           320.00  375.58  -55.58 (VIOLATED)
ce_d2[47]$_DFFE_PN0P_/RESETN          320.00  375.58  -55.58 (VIOLATED)
ce_d1[47]$_DFFE_PN0P_/RESETN          320.00  375.57  -55.57 (VIOLATED)
_759504_/A1                           320.00  375.55  -55.55 (VIOLATED)
_749403_/A                            320.00  375.55  -55.55 (VIOLATED)
m_ce[25]$_DFFE_PN0P_/RESETN           320.00  375.54  -55.54 (VIOLATED)
m_ce[43]$_DFFE_PN0P_/RESETN           320.00  375.53  -55.53 (VIOLATED)
m_ce[21]$_DFFE_PN0P_/RESETN           320.00  375.53  -55.53 (VIOLATED)
_759778_/B2                           320.00  375.53  -55.53 (VIOLATED)
_749010_/A1                           320.00  375.52  -55.52 (VIOLATED)
_757839_/B2                           320.00  375.50  -55.50 (VIOLATED)
m_ce[47]$_DFFE_PN0P_/RESETN           320.00  375.50  -55.50 (VIOLATED)
_760239_/A1                           320.00  375.49  -55.49 (VIOLATED)
m_1h[1]$_DFFE_PN0P_/RESETN            320.00  375.47  -55.47 (VIOLATED)
m_ce[28]$_DFFE_PN0P_/RESETN           320.00  375.46  -55.46 (VIOLATED)
_746803_/A                            320.00  375.39  -55.39 (VIOLATED)
rdata_q[6777]$_DFFE_PP_/QN            320.00  375.38  -55.38 (VIOLATED)
_746658_/A                            320.00  375.38  -55.38 (VIOLATED)
_738767_/A                            320.00  375.37  -55.37 (VIOLATED)
_765736_/B                            320.00  375.36  -55.36 (VIOLATED)
_765739_/B                            320.00  375.36  -55.36 (VIOLATED)
_765742_/B                            320.00  375.36  -55.36 (VIOLATED)
_746657_/Y                            320.00  375.34  -55.34 (VIOLATED)
_766454_/D                            320.00  375.34  -55.34 (VIOLATED)
_762272_/A1                           320.00  375.34  -55.34 (VIOLATED)
_765983_/D                            320.00  375.33  -55.33 (VIOLATED)
ce_d2[38]$_DFFE_PN0P_/RESETN          320.00  375.32  -55.32 (VIOLATED)
_765371_/D                            320.00  375.32  -55.32 (VIOLATED)
ce_d2[39]$_DFFE_PN0P_/RESETN          320.00  375.32  -55.32 (VIOLATED)
ce_d1[38]$_DFFE_PN0P_/RESETN          320.00  375.32  -55.32 (VIOLATED)
_742100_/A                            320.00  375.31  -55.31 (VIOLATED)
m_ce[38]$_DFFE_PN0P_/RESETN           320.00  375.31  -55.31 (VIOLATED)
place74999/A                          320.00  375.31  -55.31 (VIOLATED)
_768063_/Y                            320.00  375.30  -55.30 (VIOLATED)
_765989_/D                            320.00  375.30  -55.30 (VIOLATED)
_738492_/B                            320.00  375.29  -55.29 (VIOLATED)
_765383_/D                            320.00  375.28  -55.28 (VIOLATED)
_754868_/A                            320.00  375.27  -55.27 (VIOLATED)
place74174/A                          320.00  375.27  -55.27 (VIOLATED)
m_ce[42]$_DFFE_PN0P_/RESETN           320.00  375.26  -55.26 (VIOLATED)
_765411_/A1                           320.00  375.25  -55.25 (VIOLATED)
rem_q[11]$_DFFE_PN0P_/RESETN          320.00  375.24  -55.24 (VIOLATED)
_737897_/A                            320.00  375.23  -55.23 (VIOLATED)
_765359_/D                            320.00  375.22  -55.22 (VIOLATED)
_751437_/A                            320.00  375.21  -55.21 (VIOLATED)
_762278_/A1                           320.00  375.21  -55.21 (VIOLATED)
place73692/A                          320.00  375.19  -55.19 (VIOLATED)
ce_d1[39]$_DFFE_PN0P_/RESETN          320.00  375.18  -55.18 (VIOLATED)
a_sym[16][2]$_DFFE_PN0P_/QN           320.00  375.18  -55.18 (VIOLATED)
_762199_/B                            320.00  375.18  -55.18 (VIOLATED)
_765977_/D                            320.00  375.18  -55.18 (VIOLATED)
_787717_/C                            320.00  375.17  -55.17 (VIOLATED)
_741766_/B                            320.00  375.17  -55.17 (VIOLATED)
m_1h[5]$_DFFE_PN0P_/QN                320.00  375.15  -55.15 (VIOLATED)
_644787_/A                            320.00  375.15  -55.15 (VIOLATED)
_787744_/D                            320.00  375.15  -55.15 (VIOLATED)
_738572_/A                            320.00  375.14  -55.14 (VIOLATED)
_763600_/A                            320.00  375.11  -55.11 (VIOLATED)
_787884_/D                            320.00  375.11  -55.11 (VIOLATED)
m_1h[34]$_DFFE_PN0P_/RESETN           320.00  375.10  -55.10 (VIOLATED)
_741341_/A                            320.00  375.09  -55.09 (VIOLATED)
_841551_/B                            320.00  375.09  -55.09 (VIOLATED)
m_ce[39]$_DFFE_PN0P_/RESETN           320.00  375.08  -55.08 (VIOLATED)
m_ce[19]$_DFFE_PN0P_/RESETN           320.00  375.08  -55.08 (VIOLATED)
_763602_/A1                           320.00  375.08  -55.08 (VIOLATED)
oskid_d[146]$_DFFE_PN0P_/RESETN       320.00  375.07  -55.07 (VIOLATED)
_787467_/D                            320.00  375.05  -55.05 (VIOLATED)
_745627_/B                            320.00  375.05  -55.05 (VIOLATED)
_756296_/C2                           320.00  375.02  -55.02 (VIOLATED)
_763599_/A1                           320.00  375.02  -55.02 (VIOLATED)
_763598_/A                            320.00  374.99  -54.99 (VIOLATED)
_744850_/A                            320.00  374.98  -54.98 (VIOLATED)
_787826_/B                            320.00  374.97  -54.97 (VIOLATED)
_764666_/A                            320.00  374.97  -54.97 (VIOLATED)
ce_d1[40]$_DFFE_PN0P_/RESETN          320.00  374.94  -54.94 (VIOLATED)
ce_d2[40]$_DFFE_PN0P_/RESETN          320.00  374.94  -54.94 (VIOLATED)
place73426/A                          320.00  374.93  -54.93 (VIOLATED)
_748282_/A                            320.00  374.92  -54.92 (VIOLATED)
_760617_/A1                           320.00  374.90  -54.90 (VIOLATED)
place73788/A                          320.00  374.88  -54.88 (VIOLATED)
_760616_/A                            320.00  374.87  -54.87 (VIOLATED)
_765395_/D                            320.00  374.86  -54.86 (VIOLATED)
_750857_/A                            320.00  374.86  -54.86 (VIOLATED)
_763494_/B                            320.00  374.86  -54.86 (VIOLATED)
_763431_/B                            320.00  374.86  -54.86 (VIOLATED)
_753466_/A                            320.00  374.86  -54.86 (VIOLATED)
m_ce[36]$_DFFE_PN0P_/RESETN           320.00  374.86  -54.86 (VIOLATED)
_748274_/A                            320.00  374.85  -54.85 (VIOLATED)
_751691_/A                            320.00  374.82  -54.82 (VIOLATED)
mod_x[10]$_DFFE_PN0P_/RESETN          320.00  374.79  -54.79 (VIOLATED)
_765995_/D                            320.00  374.78  -54.78 (VIOLATED)
m_ce[44]$_DFFE_PN0P_/RESETN           320.00  374.76  -54.76 (VIOLATED)
_748632_/C                            320.00  374.76  -54.76 (VIOLATED)
_755821_/A                            320.00  374.75  -54.75 (VIOLATED)
m_ce[22]$_DFFE_PN0P_/RESETN           320.00  374.75  -54.75 (VIOLATED)
m_ce[27]$_DFFE_PN0P_/RESETN           320.00  374.75  -54.75 (VIOLATED)
_749139_/A                            320.00  374.73  -54.73 (VIOLATED)
ce_d1[43]$_DFFE_PN0P_/RESETN          320.00  374.73  -54.73 (VIOLATED)
_757361_/A1                           320.00  374.72  -54.72 (VIOLATED)
_764667_/A1                           320.00  374.71  -54.71 (VIOLATED)
_745642_/A                            320.00  374.70  -54.70 (VIOLATED)
_644422_/A                            320.00  374.69  -54.69 (VIOLATED)
m_ce[45]$_DFFE_PN0P_/RESETN           320.00  374.69  -54.69 (VIOLATED)
_644416_/A                            320.00  374.69  -54.69 (VIOLATED)
_743495_/B                            320.00  374.68  -54.68 (VIOLATED)
ce_d2[37]$_DFFE_PN0P_/RESETN          320.00  374.68  -54.68 (VIOLATED)
_743301_/A                            320.00  374.66  -54.66 (VIOLATED)
_787951_/B                            320.00  374.62  -54.62 (VIOLATED)
_749120_/A                            320.00  374.61  -54.61 (VIOLATED)
_745624_/A                            320.00  374.60  -54.60 (VIOLATED)
m_ce[26]$_DFFE_PN0P_/RESETN           320.00  374.60  -54.60 (VIOLATED)
_765780_/C                            320.00  374.59  -54.59 (VIOLATED)
_765950_/D                            320.00  374.56  -54.56 (VIOLATED)
_748639_/A                            320.00  374.51  -54.51 (VIOLATED)
_765316_/D                            320.00  374.50  -54.50 (VIOLATED)
_745651_/A                            320.00  374.49  -54.49 (VIOLATED)
_748697_/A                            320.00  374.48  -54.48 (VIOLATED)
part_q[63][18]$_DFFE_PP_/QN           320.00  374.47  -54.47 (VIOLATED)
_765724_/B                            320.00  374.45  -54.45 (VIOLATED)
_644419_/A                            320.00  374.43  -54.43 (VIOLATED)
ce_d1[37]$_DFFE_PN0P_/RESETN          320.00  374.39  -54.39 (VIOLATED)
m_ce[37]$_DFFE_PN0P_/RESETN           320.00  374.39  -54.39 (VIOLATED)
_765414_/A1                           320.00  374.36  -54.36 (VIOLATED)
_742168_/B                            320.00  374.34  -54.34 (VIOLATED)
_765745_/B                            320.00  374.33  -54.33 (VIOLATED)
m_ce[40]$_DFFE_PN0P_/RESETN           320.00  374.33  -54.33 (VIOLATED)
_764675_/A1                           320.00  374.32  -54.32 (VIOLATED)
place73990/A                          320.00  374.30  -54.30 (VIOLATED)
place73294/A                          320.00  374.30  -54.30 (VIOLATED)
_743365_/A                            320.00  374.28  -54.28 (VIOLATED)
_743380_/A                            320.00  374.27  -54.27 (VIOLATED)
place83516/Y                          320.00  374.27  -54.27 (VIOLATED)
_765334_/D                            320.00  374.22  -54.22 (VIOLATED)
_765965_/D                            320.00  374.22  -54.22 (VIOLATED)
_743314_/A                            320.00  374.19  -54.19 (VIOLATED)
_745545_/B                            320.00  374.18  -54.18 (VIOLATED)
_765730_/B                            320.00  374.18  -54.18 (VIOLATED)
_763257_/B                            320.00  374.15  -54.15 (VIOLATED)
_765733_/B                            320.00  374.14  -54.14 (VIOLATED)
_752047_/D                            320.00  374.13  -54.13 (VIOLATED)
_745014_/A                            320.00  374.12  -54.12 (VIOLATED)
_752796_/A                            320.00  374.11  -54.11 (VIOLATED)
_745619_/B                            320.00  374.11  -54.11 (VIOLATED)
rdata_q[6408]$_DFFE_PP_/QN            320.00  374.10  -54.10 (VIOLATED)
_644784_/A                            320.00  374.10  -54.10 (VIOLATED)
_765971_/D                            320.00  374.06  -54.06 (VIOLATED)
_728967_/B                            320.00  374.06  -54.06 (VIOLATED)
_745638_/A                            320.00  374.05  -54.05 (VIOLATED)
_759371_/A                            320.00  374.04  -54.04 (VIOLATED)
_759272_/B2                           320.00  374.04  -54.04 (VIOLATED)
_765346_/D                            320.00  374.03  -54.03 (VIOLATED)
_742123_/A                            320.00  374.02  -54.02 (VIOLATED)
_806123_/A                            320.00  374.02  -54.02 (VIOLATED)
_745722_/B                            320.00  374.01  -54.01 (VIOLATED)
_766444_/D                            320.00  374.00  -54.00 (VIOLATED)
_766458_/D                            320.00  374.00  -54.00 (VIOLATED)
_765410_/A                            320.00  373.99  -53.99 (VIOLATED)
_742130_/A                            320.00  373.96  -53.96 (VIOLATED)
_738315_/B                            320.00  373.95  -53.95 (VIOLATED)
_742120_/A                            320.00  373.93  -53.93 (VIOLATED)
_737057_/A                            320.00  373.93  -53.93 (VIOLATED)
_737036_/A                            320.00  373.88  -53.88 (VIOLATED)
m_ce[12]$_DFFE_PN0P_/RESETN           320.00  373.84  -53.84 (VIOLATED)
_747231_/A                            320.00  373.83  -53.83 (VIOLATED)
_737135_/A                            320.00  373.83  -53.83 (VIOLATED)
_737467_/A                            320.00  373.82  -53.82 (VIOLATED)
_644425_/A                            320.00  373.82  -53.82 (VIOLATED)
_758260_/B2                           320.00  373.82  -53.82 (VIOLATED)
_749410_/C                            320.00  373.81  -53.81 (VIOLATED)
_738743_/A                            320.00  373.79  -53.79 (VIOLATED)
_762204_/B                            320.00  373.79  -53.79 (VIOLATED)
_745637_/A                            320.00  373.78  -53.78 (VIOLATED)
_748883_/B                            320.00  373.75  -53.75 (VIOLATED)
hold106706/A                          320.00  373.73  -53.73 (VIOLATED)
a_sym[21][4]$_DFFE_PN0P_/QN           320.00  373.71  -53.71 (VIOLATED)
_748635_/B                            320.00  373.70  -53.70 (VIOLATED)
m_1h[35]$_DFFE_PN0P_/RESETN           320.00  373.70  -53.70 (VIOLATED)
_748711_/A                            320.00  373.70  -53.70 (VIOLATED)
_756953_/A                            320.00  373.63  -53.63 (VIOLATED)
_750713_/A                            320.00  373.63  -53.63 (VIOLATED)
_752504_/D                            320.00  373.62  -53.62 (VIOLATED)
_760964_/C                            320.00  373.61  -53.61 (VIOLATED)
_745650_/A                            320.00  373.60  -53.60 (VIOLATED)
_745627_/A                            320.00  373.56  -53.56 (VIOLATED)
m_1h[20]$_DFFE_PN0P_/QN               320.00  373.54  -53.54 (VIOLATED)
_737479_/A                            320.00  373.54  -53.54 (VIOLATED)
rem_q[6]$_DFFE_PN0P_/RESETN           320.00  373.53  -53.53 (VIOLATED)
_747137_/A                            320.00  373.52  -53.52 (VIOLATED)
rem_q[7]$_DFFE_PN0P_/RESETN           320.00  373.52  -53.52 (VIOLATED)
_644437_/A                            320.00  373.50  -53.50 (VIOLATED)
rdata_q[6626]$_DFFE_PP_/QN            320.00  373.49  -53.49 (VIOLATED)
_763584_/A1                           320.00  373.47  -53.47 (VIOLATED)
_737471_/A                            320.00  373.47  -53.47 (VIOLATED)
_658106_/A                            320.00  373.46  -53.46 (VIOLATED)
_750622_/A                            320.00  373.45  -53.45 (VIOLATED)
_748648_/A                            320.00  373.44  -53.44 (VIOLATED)
_745641_/A                            320.00  373.43  -53.43 (VIOLATED)
_605109_/B                            320.00  373.42  -53.42 (VIOLATED)
_764678_/A                            320.00  373.42  -53.42 (VIOLATED)
h_m1_q[1]$_DFFE_PN0P_/RESETN          320.00  373.42  -53.42 (VIOLATED)
_745679_/A                            320.00  373.39  -53.39 (VIOLATED)
_671697_/A                            320.00  373.38  -53.38 (VIOLATED)
part_q[28][17]$_DFFE_PP_/QN           320.00  373.36  -53.36 (VIOLATED)
hold106368/A                          320.00  373.36  -53.36 (VIOLATED)
_759212_/A                            320.00  373.36  -53.36 (VIOLATED)
mod_x[6]$_DFFE_PN0P_/RESETN           320.00  373.34  -53.34 (VIOLATED)
place74692/A                          320.00  373.34  -53.34 (VIOLATED)
_747751_/A                            320.00  373.33  -53.33 (VIOLATED)
place74179/A                          320.00  373.33  -53.33 (VIOLATED)
_748259_/A                            320.00  373.30  -53.30 (VIOLATED)
rem_q[10]$_DFFE_PN0P_/RESETN          320.00  373.29  -53.29 (VIOLATED)
_763583_/A                            320.00  373.28  -53.28 (VIOLATED)
_744844_/A                            320.00  373.28  -53.28 (VIOLATED)
_737675_/B                            320.00  373.25  -53.25 (VIOLATED)
place79270/A                          320.00  373.25  -53.25 (VIOLATED)
_744852_/A                            320.00  373.24  -53.24 (VIOLATED)
h_m1_q[0]$_DFFE_PN0P_/RESETN          320.00  373.24  -53.24 (VIOLATED)
_744858_/A                            320.00  373.22  -53.22 (VIOLATED)
_740707_/A                            320.00  373.22  -53.22 (VIOLATED)
_758263_/A                            320.00  373.21  -53.21 (VIOLATED)
_737410_/A                            320.00  373.21  -53.21 (VIOLATED)
ce_d1[0]$_DFFE_PN0P_/RESETN           320.00  373.21  -53.21 (VIOLATED)
_754890_/B2                           320.00  373.19  -53.19 (VIOLATED)
_750444_/B2                           320.00  373.19  -53.19 (VIOLATED)
_754010_/A                            320.00  373.18  -53.18 (VIOLATED)
ce_d2[0]$_DFFE_PN0P_/RESETN           320.00  373.17  -53.17 (VIOLATED)
_738594_/A                            320.00  373.16  -53.16 (VIOLATED)
_741339_/A                            320.00  373.16  -53.16 (VIOLATED)
_749304_/C                            320.00  373.15  -53.15 (VIOLATED)
_506139_/A                            320.00  373.14  -53.14 (VIOLATED)
_739608_/B                            320.00  373.14  -53.14 (VIOLATED)
_719366_/B                            320.00  373.13  -53.13 (VIOLATED)
in_data_q[146]$_DFFE_PN0P_/QN         320.00  373.11  -53.11 (VIOLATED)
_787284_/B                            320.00  373.10  -53.10 (VIOLATED)
_752907_/C                            320.00  373.08  -53.08 (VIOLATED)
_760680_/A                            320.00  373.07  -53.07 (VIOLATED)
_744848_/A                            320.00  373.07  -53.07 (VIOLATED)
_754879_/B                            320.00  373.02  -53.02 (VIOLATED)
place72763/A                          320.00  373.01  -53.01 (VIOLATED)
place73418/A                          320.00  373.01  -53.01 (VIOLATED)
_764030_/A                            320.00  373.01  -53.01 (VIOLATED)
_759496_/A1                           320.00  373.00  -53.00 (VIOLATED)
_745657_/A                            320.00  372.97  -52.97 (VIOLATED)
_742031_/A                            320.00  372.96  -52.96 (VIOLATED)
_737041_/A                            320.00  372.96  -52.96 (VIOLATED)
_713494_/B                            320.00  372.95  -52.95 (VIOLATED)
m_1h[17]$_DFFE_PN0P_/RESETN           320.00  372.93  -52.93 (VIOLATED)
_480458_/B                            320.00  372.93  -52.93 (VIOLATED)
_480457_/Y                            320.00  372.91  -52.91 (VIOLATED)
_737972_/A                            320.00  372.91  -52.91 (VIOLATED)
_736950_/A                            320.00  372.89  -52.89 (VIOLATED)
_736991_/A                            320.00  372.88  -52.88 (VIOLATED)
a_sym[19][0]$_DFFE_PN0P_/RESETN       320.00  372.87  -52.87 (VIOLATED)
_737498_/B                            320.00  372.87  -52.87 (VIOLATED)
_787876_/C                            320.00  372.85  -52.85 (VIOLATED)
in_data_q[43]$_DFFE_PN0P_/QN          320.00  372.85  -52.85 (VIOLATED)
_644781_/A                            320.00  372.84  -52.84 (VIOLATED)
_644428_/A                            320.00  372.84  -52.84 (VIOLATED)
_787803_/C                            320.00  372.83  -52.83 (VIOLATED)
_737434_/A                            320.00  372.82  -52.82 (VIOLATED)
_596330_/B                            320.00  372.81  -52.81 (VIOLATED)
in_data_q[99]$_DFFE_PN0P_/QN          320.00  372.81  -52.81 (VIOLATED)
_749372_/C                            320.00  372.81  -52.81 (VIOLATED)
_737061_/A                            320.00  372.78  -52.78 (VIOLATED)
_787793_/C                            320.00  372.77  -52.77 (VIOLATED)
_745655_/A                            320.00  372.76  -52.76 (VIOLATED)
_744785_/A                            320.00  372.72  -52.72 (VIOLATED)
h_m1_q[3]$_DFFE_PN0P_/RESETN          320.00  372.71  -52.71 (VIOLATED)
_748095_/A                            320.00  372.70  -52.70 (VIOLATED)
_480780_/A                            320.00  372.67  -52.67 (VIOLATED)
_482534_/A                            320.00  372.67  -52.67 (VIOLATED)
_750899_/A1                           320.00  372.64  -52.64 (VIOLATED)
_787868_/C                            320.00  372.63  -52.63 (VIOLATED)
_756305_/A                            320.00  372.62  -52.62 (VIOLATED)
h_m1_q[4]$_DFFE_PN0P_/RESETN          320.00  372.60  -52.60 (VIOLATED)
_759396_/B2                           320.00  372.59  -52.59 (VIOLATED)
ce_d1[1]$_DFFE_PN0P_/RESETN           320.00  372.59  -52.59 (VIOLATED)
_762206_/B                            320.00  372.58  -52.58 (VIOLATED)
_737000_/A                            320.00  372.58  -52.58 (VIOLATED)
_749819_/A                            320.00  372.57  -52.57 (VIOLATED)
_747037_/A                            320.00  372.57  -52.57 (VIOLATED)
h_m1_q[10]$_DFFE_PN0P_/RESETN         320.00  372.56  -52.56 (VIOLATED)
_738889_/A                            320.00  372.54  -52.54 (VIOLATED)
_756309_/A1                           320.00  372.54  -52.54 (VIOLATED)
h_m1_q[6]$_DFFE_PN0P_/RESETN          320.00  372.53  -52.53 (VIOLATED)
oskid_d[145]$_DFFE_PN0P_/RESETN       320.00  372.53  -52.53 (VIOLATED)
_744791_/A                            320.00  372.52  -52.52 (VIOLATED)
_746991_/A                            320.00  372.49  -52.49 (VIOLATED)
_756745_/A                            320.00  372.46  -52.46 (VIOLATED)
_753402_/A                            320.00  372.44  -52.44 (VIOLATED)
_661936_/B                            320.00  372.44  -52.44 (VIOLATED)
_744783_/A                            320.00  372.42  -52.42 (VIOLATED)
_748312_/A                            320.00  372.40  -52.40 (VIOLATED)
_750922_/A1                           320.00  372.40  -52.40 (VIOLATED)
_736209_/B                            320.00  372.39  -52.39 (VIOLATED)
_755618_/A1                           320.00  372.34  -52.34 (VIOLATED)
_747136_/Y                            320.00  372.33  -52.33 (VIOLATED)
_754985_/A1                           320.00  372.31  -52.31 (VIOLATED)
_745024_/A                            320.00  372.30  -52.30 (VIOLATED)
part_q[51][5]$_DFFE_PP_/QN            320.00  372.30  -52.30 (VIOLATED)
_644778_/A                            320.00  372.26  -52.26 (VIOLATED)
_739130_/B                            320.00  372.25  -52.25 (VIOLATED)
_742124_/A                            320.00  372.24  -52.24 (VIOLATED)
_605112_/B                            320.00  372.24  -52.24 (VIOLATED)
_742122_/A                            320.00  372.22  -52.22 (VIOLATED)
_762205_/B                            320.00  372.22  -52.22 (VIOLATED)
place75001/A                          320.00  372.18  -52.18 (VIOLATED)
_738577_/A                            320.00  372.18  -52.18 (VIOLATED)
_753643_/A                            320.00  372.18  -52.18 (VIOLATED)
_742131_/A                            320.00  372.15  -52.15 (VIOLATED)
_742106_/A                            320.00  372.15  -52.15 (VIOLATED)
_749136_/A1                           320.00  372.14  -52.14 (VIOLATED)
_806120_/A                            320.00  372.14  -52.14 (VIOLATED)
oskid_d[7]$_DFFE_PN0P_/RESETN         320.00  372.13  -52.13 (VIOLATED)
_742119_/A                            320.00  372.11  -52.11 (VIOLATED)
_746797_/A                            320.00  372.10  -52.10 (VIOLATED)
place83515/Y                          320.00  372.06  -52.06 (VIOLATED)
_742125_/A                            320.00  372.05  -52.05 (VIOLATED)
place73831/A                          320.00  372.04  -52.04 (VIOLATED)
_746787_/A                            320.00  372.03  -52.03 (VIOLATED)
oskid_d[9]$_DFFE_PN0P_/RESETN         320.00  372.02  -52.02 (VIOLATED)
_756618_/A                            320.00  372.01  -52.01 (VIOLATED)
ce_d2[8]$_DFFE_PN0P_/RESETN           320.00  372.01  -52.01 (VIOLATED)
_748907_/C                            320.00  372.00  -52.00 (VIOLATED)
_751981_/A                            320.00  372.00  -52.00 (VIOLATED)
_751186_/A                            320.00  371.98  -51.98 (VIOLATED)
_768330_/Y                            320.00  371.98  -51.98 (VIOLATED)
_752024_/B                            320.00  371.98  -51.98 (VIOLATED)
place74172/A                          320.00  371.98  -51.98 (VIOLATED)
out_pix_data[28]$_DFFE_PN0P_/RESETN   320.00  371.97  -51.97 (VIOLATED)
_742112_/A                            320.00  371.97  -51.97 (VIOLATED)
_742115_/A                            320.00  371.97  -51.97 (VIOLATED)
ce_d2[18]$_DFFE_PN0P_/RESETN          320.00  371.90  -51.90 (VIOLATED)
a_sym[2][4]$_DFFE_PN0P_/QN            320.00  371.89  -51.89 (VIOLATED)
h_m1_q[5]$_DFFE_PN0P_/RESETN          320.00  371.87  -51.87 (VIOLATED)
_738740_/A                            320.00  371.83  -51.83 (VIOLATED)
_723015_/B                            320.00  371.80  -51.80 (VIOLATED)
ce_d1[18]$_DFFE_PN0P_/RESETN          320.00  371.79  -51.79 (VIOLATED)
_737106_/A                            320.00  371.78  -51.78 (VIOLATED)
place72316/A                          320.00  371.76  -51.76 (VIOLATED)
_743980_/A                            320.00  371.75  -51.75 (VIOLATED)
_746786_/Y                            320.00  371.72  -51.72 (VIOLATED)
place74221/A                          320.00  371.69  -51.69 (VIOLATED)
_748699_/A                            320.00  371.68  -51.68 (VIOLATED)
place73786/A                          320.00  371.66  -51.66 (VIOLATED)
_771294_/A                            320.00  371.65  -51.65 (VIOLATED)
_723024_/B                            320.00  371.63  -51.63 (VIOLATED)
_752916_/B                            320.00  371.61  -51.61 (VIOLATED)
in_data_q[72]$_DFFE_PN0P_/QN          320.00  371.60  -51.60 (VIOLATED)
out_pix_data[20]$_DFFE_PN0P_/RESETN   320.00  371.60  -51.60 (VIOLATED)
_758327_/B2                           320.00  371.59  -51.59 (VIOLATED)
part_q[63][15]$_DFFE_PP_/QN           320.00  371.58  -51.58 (VIOLATED)
_753648_/B                            320.00  371.56  -51.56 (VIOLATED)
_663203_/B                            320.00  371.55  -51.55 (VIOLATED)
out_pix_data[7]$_DFFE_PN0P_/RESETN    320.00  371.55  -51.55 (VIOLATED)
h_m1_q[2]$_DFFE_PN0P_/RESETN          320.00  371.53  -51.53 (VIOLATED)
_671696_/A                            320.00  371.52  -51.52 (VIOLATED)
out_pix_data[9]$_DFFE_PN0P_/RESETN    320.00  371.48  -51.48 (VIOLATED)
ce_d1[7]$_DFFE_PN0P_/RESETN           320.00  371.41  -51.41 (VIOLATED)
_750809_/B                            320.00  371.33  -51.33 (VIOLATED)
_743289_/A                            320.00  371.33  -51.33 (VIOLATED)
_644434_/A                            320.00  371.27  -51.27 (VIOLATED)
_742116_/A                            320.00  371.21  -51.21 (VIOLATED)
_747210_/A                            320.00  371.20  -51.20 (VIOLATED)
_742126_/A                            320.00  371.20  -51.20 (VIOLATED)
_759255_/C2                           320.00  371.19  -51.19 (VIOLATED)
_764029_/A1                           320.00  371.18  -51.18 (VIOLATED)
_749346_/D                            320.00  371.18  -51.18 (VIOLATED)
m_ce[18]$_DFFE_PN0P_/RESETN           320.00  371.16  -51.16 (VIOLATED)
_741024_/B                            320.00  371.15  -51.15 (VIOLATED)
m_ce[0]$_DFFE_PN0P_/RESETN            320.00  371.15  -51.15 (VIOLATED)
place74614/A                          320.00  371.14  -51.14 (VIOLATED)
_757277_/A1                           320.00  371.11  -51.11 (VIOLATED)
_748266_/A                            320.00  371.07  -51.07 (VIOLATED)
_749183_/B                            320.00  371.02  -51.02 (VIOLATED)
_737225_/A                            320.00  371.00  -51.00 (VIOLATED)
_750842_/A                            320.00  370.93  -50.93 (VIOLATED)
_806116_/CI                           320.00  370.90  -50.90 (VIOLATED)
_841363_/CI                           320.00  370.90  -50.90 (VIOLATED)
place74574/A                          320.00  370.89  -50.89 (VIOLATED)
m_ce[1]$_DFFE_PN0P_/RESETN            320.00  370.87  -50.87 (VIOLATED)
_738813_/A                            320.00  370.81  -50.81 (VIOLATED)
_656733_/B                            320.00  370.80  -50.80 (VIOLATED)
_763573_/A1                           320.00  370.80  -50.80 (VIOLATED)
_743955_/B                            320.00  370.79  -50.79 (VIOLATED)
_529972_/A                            320.00  370.70  -50.70 (VIOLATED)
_762203_/B                            320.00  370.68  -50.68 (VIOLATED)
_737008_/A                            320.00  370.68  -50.68 (VIOLATED)
_737196_/A                            320.00  370.67  -50.67 (VIOLATED)
_752678_/A1                           320.00  370.66  -50.66 (VIOLATED)
_529973_/A1                           320.00  370.63  -50.63 (VIOLATED)
_737184_/A                            320.00  370.63  -50.63 (VIOLATED)
_758880_/A                            320.00  370.61  -50.61 (VIOLATED)
_752838_/A1                           320.00  370.60  -50.60 (VIOLATED)
rdata_q[5180]$_DFFE_PP_/QN            320.00  370.60  -50.60 (VIOLATED)
_758800_/A1                           320.00  370.57  -50.57 (VIOLATED)
_742113_/A                            320.00  370.56  -50.56 (VIOLATED)
_506101_/Y                            320.00  370.53  -50.53 (VIOLATED)
_752930_/A                            320.00  370.51  -50.51 (VIOLATED)
_756608_/A1                           320.00  370.49  -50.49 (VIOLATED)
_737883_/A                            320.00  370.47  -50.47 (VIOLATED)
_738874_/A                            320.00  370.39  -50.39 (VIOLATED)
out_pix_data[5]$_DFFE_PN0P_/RESETN    320.00  370.39  -50.39 (VIOLATED)
_738854_/A                            320.00  370.38  -50.38 (VIOLATED)
hold122501/A                          320.00  370.38  -50.38 (VIOLATED)
_738764_/A                            320.00  370.37  -50.37 (VIOLATED)
_738745_/A                            320.00  370.35  -50.35 (VIOLATED)
_756912_/A1                           320.00  370.34  -50.34 (VIOLATED)
_528261_/A                            320.00  370.34  -50.34 (VIOLATED)
_753100_/C                            320.00  370.33  -50.33 (VIOLATED)
m_ce[19]$_DFFE_PN0P_/QN               320.00  370.33  -50.33 (VIOLATED)
_751150_/C                            320.00  370.33  -50.33 (VIOLATED)
_755140_/A1                           320.00  370.33  -50.33 (VIOLATED)
_640546_/A1                           320.00  370.32  -50.32 (VIOLATED)
part_q[28][11]$_DFFE_PP_/QN           320.00  370.31  -50.31 (VIOLATED)
_749629_/B2                           320.00  370.31  -50.31 (VIOLATED)
_758084_/B2                           320.00  370.25  -50.25 (VIOLATED)
_738876_/A                            320.00  370.22  -50.22 (VIOLATED)
_742111_/A                            320.00  370.22  -50.22 (VIOLATED)
_750920_/C                            320.00  370.15  -50.15 (VIOLATED)
_741177_/B                            320.00  370.14  -50.14 (VIOLATED)
_760524_/A1                           320.00  370.13  -50.13 (VIOLATED)
_755084_/A                            320.00  370.10  -50.10 (VIOLATED)
_749399_/A                            320.00  370.06  -50.06 (VIOLATED)
mod_x[7]$_DFFE_PN0P_/RESETN           320.00  370.06  -50.06 (VIOLATED)
_758312_/C1                           320.00  370.02  -50.02 (VIOLATED)
_769001_/A                            320.00  369.99  -50.00 (VIOLATED)
_752045_/A                            320.00  369.99  -49.99 (VIOLATED)
_749367_/A                            320.00  369.98  -49.98 (VIOLATED)
_482415_/A                            320.00  369.96  -49.96 (VIOLATED)
a_sym[8][0]$_DFFE_PN0P_/QN            320.00  369.96  -49.96 (VIOLATED)
_740367_/B                            320.00  369.90  -49.90 (VIOLATED)
_797322_/CI                           320.00  369.89  -49.89 (VIOLATED)
out_pix_data[2]$_DFFE_PN0P_/RESETN    320.00  369.88  -49.88 (VIOLATED)
_751006_/C                            320.00  369.87  -49.87 (VIOLATED)
_769503_/Y                            320.00  369.86  -49.86 (VIOLATED)
_752879_/C                            320.00  369.85  -49.85 (VIOLATED)
_750777_/C                            320.00  369.85  -49.85 (VIOLATED)
_753000_/C                            320.00  369.80  -49.80 (VIOLATED)
_486256_/C                            320.00  369.80  -49.80 (VIOLATED)
ce_d2[7]$_DFFE_PN0P_/RESETN           320.00  369.79  -49.79 (VIOLATED)
_479200_/A                            320.00  369.77  -49.77 (VIOLATED)
_748307_/A                            320.00  369.76  -49.76 (VIOLATED)
_757838_/A1                           320.00  369.74  -49.74 (VIOLATED)
_747209_/Y                            320.00  369.72  -49.72 (VIOLATED)
_479158_/Y                            320.00  369.70  -49.70 (VIOLATED)
_737426_/A                            320.00  369.70  -49.70 (VIOLATED)
m_ce[6]$_DFFE_PN0P_/RESETN            320.00  369.70  -49.70 (VIOLATED)
_755077_/A                            320.00  369.68  -49.68 (VIOLATED)
_760614_/A                            320.00  369.66  -49.66 (VIOLATED)
_751914_/A1                           320.00  369.65  -49.65 (VIOLATED)
_756953_/D                            320.00  369.65  -49.65 (VIOLATED)
_750713_/C                            320.00  369.64  -49.64 (VIOLATED)
_482335_/C                            320.00  369.64  -49.64 (VIOLATED)
_638214_/B                            320.00  369.61  -49.61 (VIOLATED)
_759724_/A1                           320.00  369.60  -49.60 (VIOLATED)
_741172_/B                            320.00  369.60  -49.60 (VIOLATED)
ce_d2[6]$_DFFE_PN0P_/RESETN           320.00  369.60  -49.60 (VIOLATED)
_751098_/A                            320.00  369.56  -49.56 (VIOLATED)
rdata_q[7808]$_DFFE_PP_/QN            320.00  369.54  -49.54 (VIOLATED)
_750594_/B                            320.00  369.53  -49.53 (VIOLATED)
_749606_/A                            320.00  369.52  -49.52 (VIOLATED)
ce_d1[6]$_DFFE_PN0P_/RESETN           320.00  369.51  -49.51 (VIOLATED)
_635106_/B                            320.00  369.48  -49.48 (VIOLATED)
_754941_/A                            320.00  369.47  -49.47 (VIOLATED)
_754317_/A                            320.00  369.46  -49.46 (VIOLATED)
_757293_/A1                           320.00  369.45  -49.45 (VIOLATED)
oskid_d[11]$_DFFE_PN0P_/RESETN        320.00  369.43  -49.43 (VIOLATED)
_806127_/A                            320.00  369.42  -49.42 (VIOLATED)
_741884_/A                            320.00  369.41  -49.41 (VIOLATED)
_745010_/A                            320.00  369.37  -49.37 (VIOLATED)
out_pix_data[27]$_DFFE_PN0P_/RESETN   320.00  369.37  -49.37 (VIOLATED)
_741340_/B                            320.00  369.26  -49.26 (VIOLATED)
_503654_/A                            320.00  369.25  -49.25 (VIOLATED)
_737209_/A                            320.00  369.25  -49.25 (VIOLATED)
_768224_/A                            320.00  369.23  -49.23 (VIOLATED)
_757515_/A1                           320.00  369.21  -49.21 (VIOLATED)
_754983_/A                            320.00  369.19  -49.19 (VIOLATED)
_752774_/A                            320.00  369.16  -49.16 (VIOLATED)
_759615_/A                            320.00  369.14  -49.14 (VIOLATED)
place74382/A                          320.00  369.13  -49.13 (VIOLATED)
_756925_/B                            320.00  369.12  -49.12 (VIOLATED)
_719218_/B                            320.00  369.07  -49.07 (VIOLATED)
oskid_d[144]$_DFFE_PN0P_/RESETN       320.00  369.06  -49.06 (VIOLATED)
_756347_/A                            320.00  369.03  -49.03 (VIOLATED)
_751086_/C                            320.00  369.02  -49.02 (VIOLATED)
rdata_q[547]$_DFFE_PP_/QN             320.00  369.00  -49.00 (VIOLATED)
_751814_/A                            320.00  368.97  -48.97 (VIOLATED)
_737916_/A                            320.00  368.96  -48.96 (VIOLATED)
_754785_/A                            320.00  368.94  -48.94 (VIOLATED)
_748647_/Y                            320.00  368.93  -48.93 (VIOLATED)
_758079_/A1                           320.00  368.89  -48.89 (VIOLATED)
_741883_/A                            320.00  368.87  -48.87 (VIOLATED)
_760286_/A1                           320.00  368.86  -48.86 (VIOLATED)
_757056_/A1                           320.00  368.86  -48.86 (VIOLATED)
_745659_/A                            320.00  368.82  -48.82 (VIOLATED)
_761082_/C                            320.00  368.79  -48.79 (VIOLATED)
place74442/A                          320.00  368.78  -48.78 (VIOLATED)
_748631_/A                            320.00  368.78  -48.78 (VIOLATED)
place80441/A                          320.00  368.77  -48.77 (VIOLATED)
_763572_/A                            320.00  368.76  -48.76 (VIOLATED)
_736930_/A                            320.00  368.76  -48.76 (VIOLATED)
_742117_/A                            320.00  368.75  -48.75 (VIOLATED)
_736963_/A                            320.00  368.75  -48.75 (VIOLATED)
oskid_d[143]$_DFFE_PN0P_/RESETN       320.00  368.73  -48.73 (VIOLATED)
part_q[5][6]$_DFFE_PP_/QN             320.00  368.73  -48.73 (VIOLATED)
_768979_/A                            320.00  368.72  -48.72 (VIOLATED)
_757813_/A1                           320.00  368.72  -48.72 (VIOLATED)
_748567_/C                            320.00  368.72  -48.72 (VIOLATED)
place73031/A                          320.00  368.72  -48.72 (VIOLATED)
_755805_/C                            320.00  368.71  -48.71 (VIOLATED)
_755887_/B                            320.00  368.70  -48.70 (VIOLATED)
_757055_/A                            320.00  368.67  -48.67 (VIOLATED)
_760841_/A                            320.00  368.66  -48.66 (VIOLATED)
_760842_/A1                           320.00  368.66  -48.66 (VIOLATED)
_759468_/A1                           320.00  368.66  -48.66 (VIOLATED)
_843068_/CI                           320.00  368.66  -48.66 (VIOLATED)
_736942_/A                            320.00  368.61  -48.61 (VIOLATED)
_743952_/B                            320.00  368.56  -48.56 (VIOLATED)
_736995_/A                            320.00  368.53  -48.53 (VIOLATED)
_736897_/A                            320.00  368.52  -48.52 (VIOLATED)
_806128_/A                            320.00  368.48  -48.48 (VIOLATED)
_762207_/B                            320.00  368.46  -48.46 (VIOLATED)
_759107_/C                            320.00  368.45  -48.45 (VIOLATED)
_758955_/A                            320.00  368.44  -48.44 (VIOLATED)
_755864_/A                            320.00  368.42  -48.42 (VIOLATED)
_754504_/A                            320.00  368.42  -48.42 (VIOLATED)
_755297_/A                            320.00  368.40  -48.40 (VIOLATED)
_754500_/B                            320.00  368.39  -48.39 (VIOLATED)
_749437_/A                            320.00  368.38  -48.38 (VIOLATED)
_755095_/B                            320.00  368.38  -48.38 (VIOLATED)
_762279_/A1                           320.00  368.38  -48.38 (VIOLATED)
ce_d1[8]$_DFFE_PN0P_/RESETN           320.00  368.38  -48.38 (VIOLATED)
_749438_/A1                           320.00  368.36  -48.36 (VIOLATED)
_757557_/A1                           320.00  368.34  -48.34 (VIOLATED)
_748587_/C                            320.00  368.34  -48.34 (VIOLATED)
mod_x[8]$_DFFE_PN0P_/RESETN           320.00  368.33  -48.33 (VIOLATED)
a_sym[24][5]$_DFFE_PN0P_/RESETN       320.00  368.32  -48.32 (VIOLATED)
_736934_/A                            320.00  368.31  -48.31 (VIOLATED)
_750620_/A                            320.00  368.27  -48.27 (VIOLATED)
_738708_/A                            320.00  368.25  -48.25 (VIOLATED)
_750581_/A                            320.00  368.24  -48.24 (VIOLATED)
_757514_/A1                           320.00  368.23  -48.23 (VIOLATED)
_737221_/A                            320.00  368.23  -48.23 (VIOLATED)
_750580_/C                            320.00  368.21  -48.21 (VIOLATED)
_755976_/A1                           320.00  368.20  -48.20 (VIOLATED)
m_1h[4]$_DFFE_PN0P_/QN                320.00  368.19  -48.19 (VIOLATED)
_745509_/B                            320.00  368.19  -48.19 (VIOLATED)
_746217_/A                            320.00  368.19  -48.19 (VIOLATED)
_752115_/A1                           320.00  368.18  -48.18 (VIOLATED)
rdata_q[6405]$_DFFE_PP_/QN            320.00  368.18  -48.18 (VIOLATED)
_737114_/A                            320.00  368.14  -48.14 (VIOLATED)
_764028_/A                            320.00  368.11  -48.11 (VIOLATED)
_754966_/A1                           320.00  368.10  -48.10 (VIOLATED)
_748568_/A                            320.00  368.10  -48.10 (VIOLATED)
_748587_/A                            320.00  368.09  -48.09 (VIOLATED)
_745544_/B                            320.00  368.06  -48.06 (VIOLATED)
_756356_/A1                           320.00  368.06  -48.06 (VIOLATED)
_755480_/Y                            320.00  368.05  -48.05 (VIOLATED)
_737151_/A                            320.00  368.04  -48.04 (VIOLATED)
_740727_/A                            320.00  368.04  -48.04 (VIOLATED)
_757576_/A                            320.00  368.03  -48.03 (VIOLATED)
_751509_/A                            320.00  368.00  -48.00 (VIOLATED)
_759900_/A1                           320.00  368.00  -48.00 (VIOLATED)
_759395_/A1                           320.00  367.99  -47.99 (VIOLATED)
_737896_/A                            320.00  367.99  -47.99 (VIOLATED)
_751095_/A1                           320.00  367.95  -47.95 (VIOLATED)
_768884_/Y                            320.00  367.95  -47.95 (VIOLATED)
_753110_/A1                           320.00  367.94  -47.94 (VIOLATED)
_749491_/A1                           320.00  367.94  -47.94 (VIOLATED)
_760486_/A1                           320.00  367.94  -47.94 (VIOLATED)
_756997_/C                            320.00  367.93  -47.93 (VIOLATED)
_749342_/D                            320.00  367.93  -47.93 (VIOLATED)
_750410_/A                            320.00  367.92  -47.92 (VIOLATED)
_753730_/B2                           320.00  367.91  -47.91 (VIOLATED)
place74302/A                          320.00  367.90  -47.90 (VIOLATED)
_737422_/A                            320.00  367.85  -47.85 (VIOLATED)
out_pix_data[6]$_DFFE_PN0P_/RESETN    320.00  367.83  -47.83 (VIOLATED)
_749301_/A1                           320.00  367.81  -47.81 (VIOLATED)
_752108_/A1                           320.00  367.81  -47.81 (VIOLATED)
_748997_/A1                           320.00  367.81  -47.81 (VIOLATED)
m_ce[13]$_DFFE_PN0P_/RESETN           320.00  367.79  -47.79 (VIOLATED)
_755661_/C                            320.00  367.78  -47.78 (VIOLATED)
_755592_/A1                           320.00  367.78  -47.78 (VIOLATED)
_755861_/B                            320.00  367.75  -47.75 (VIOLATED)
_737118_/A                            320.00  367.73  -47.73 (VIOLATED)
place67145/A                          320.00  367.71  -47.71 (VIOLATED)
_744122_/B                            320.00  367.70  -47.70 (VIOLATED)
_737176_/A                            320.00  367.67  -47.67 (VIOLATED)
_480296_/B                            320.00  367.66  -47.66 (VIOLATED)
_756681_/A1                           320.00  367.64  -47.64 (VIOLATED)
_738655_/A                            320.00  367.61  -47.61 (VIOLATED)
_754359_/B3                           320.00  367.59  -47.59 (VIOLATED)
out_pix_data[3]$_DFFE_PN0P_/RESETN    320.00  367.59  -47.59 (VIOLATED)
place74594/A                          320.00  367.59  -47.59 (VIOLATED)
_755514_/C                            320.00  367.58  -47.58 (VIOLATED)
place72072/A                          320.00  367.58  -47.58 (VIOLATED)
_737205_/A                            320.00  367.58  -47.58 (VIOLATED)
_762248_/Y                            320.00  367.55  -47.55 (VIOLATED)
_752099_/A1                           320.00  367.55  -47.55 (VIOLATED)
_666000_/B                            320.00  367.49  -47.49 (VIOLATED)
_747519_/A                            320.00  367.49  -47.49 (VIOLATED)
_737879_/A                            320.00  367.46  -47.46 (VIOLATED)
_753726_/A1                           320.00  367.45  -47.45 (VIOLATED)
_737966_/A                            320.00  367.44  -47.44 (VIOLATED)
_748588_/A                            320.00  367.44  -47.44 (VIOLATED)
_622203_/A                            320.00  367.43  -47.43 (VIOLATED)
_737881_/A                            320.00  367.42  -47.42 (VIOLATED)
_748623_/A                            320.00  367.41  -47.41 (VIOLATED)
_749515_/A1                           320.00  367.37  -47.37 (VIOLATED)
_738579_/A                            320.00  367.36  -47.36 (VIOLATED)
_760624_/A1                           320.00  367.34  -47.34 (VIOLATED)
_760615_/A1                           320.00  367.33  -47.33 (VIOLATED)
_760970_/A1                           320.00  367.33  -47.33 (VIOLATED)
_768688_/A                            320.00  367.32  -47.32 (VIOLATED)
_480596_/B                            320.00  367.31  -47.31 (VIOLATED)
_591632_/A                            320.00  367.31  -47.31 (VIOLATED)
_753725_/A1                           320.00  367.31  -47.31 (VIOLATED)
_756680_/B                            320.00  367.30  -47.30 (VIOLATED)
part_q[50][1]$_DFFE_PP_/QN            320.00  367.27  -47.27 (VIOLATED)
_749511_/A1                           320.00  367.24  -47.24 (VIOLATED)
_622202_/A                            320.00  367.24  -47.24 (VIOLATED)
place67149/A                          320.00  367.24  -47.24 (VIOLATED)
_760227_/C                            320.00  367.24  -47.24 (VIOLATED)
_752485_/A                            320.00  367.21  -47.21 (VIOLATED)
_737414_/A                            320.00  367.20  -47.20 (VIOLATED)
_745661_/A                            320.00  367.19  -47.19 (VIOLATED)
_622201_/A                            320.00  367.15  -47.15 (VIOLATED)
_762190_/B                            320.00  367.15  -47.15 (VIOLATED)
_748183_/B                            320.00  367.14  -47.14 (VIOLATED)
_748201_/B                            320.00  367.14  -47.14 (VIOLATED)
_756995_/A1                           320.00  367.13  -47.13 (VIOLATED)
_752097_/A1                           320.00  367.12  -47.12 (VIOLATED)
_748945_/A1                           320.00  367.12  -47.12 (VIOLATED)
rdata_q[2889]$_DFFE_PP_/QN            320.00  367.11  -47.11 (VIOLATED)
_738615_/A                            320.00  367.11  -47.11 (VIOLATED)
_752804_/A                            320.00  367.11  -47.11 (VIOLATED)
_745684_/A                            320.00  367.10  -47.10 (VIOLATED)
a_sym[23][6]$_DFFE_PN0P_/RESETN       320.00  367.09  -47.09 (VIOLATED)
_750625_/B                            320.00  367.09  -47.09 (VIOLATED)
_644431_/A                            320.00  367.08  -47.08 (VIOLATED)
mod_x[12]$_DFFE_PN0P_/RESETN          320.00  367.07  -47.07 (VIOLATED)
_756274_/B                            320.00  367.07  -47.07 (VIOLATED)
_743345_/A                            320.00  367.06  -47.06 (VIOLATED)
_748637_/B                            320.00  367.05  -47.05 (VIOLATED)
_787140_/A                            320.00  367.05  -47.05 (VIOLATED)
a_sym[23][5]$_DFFE_PN0P_/RESETN       320.00  367.04  -47.04 (VIOLATED)
_748706_/B                            320.00  367.04  -47.04 (VIOLATED)
_753029_/A                            320.00  367.03  -47.03 (VIOLATED)
_677290_/B                            320.00  367.01  -47.01 (VIOLATED)
_745675_/A                            320.00  367.00  -47.00 (VIOLATED)
_758435_/A1                           320.00  366.99  -46.99 (VIOLATED)
_742039_/A                            320.00  366.98  -46.98 (VIOLATED)
a_sym[0][3]$_DFFE_PN0P_/QN            320.00  366.97  -46.97 (VIOLATED)
_749539_/A1                           320.00  366.96  -46.96 (VIOLATED)
_748726_/A                            320.00  366.96  -46.96 (VIOLATED)
a_sym[9][5]$_DFFE_PN0P_/RESETN        320.00  366.95  -46.95 (VIOLATED)
_757557_/C1                           320.00  366.95  -46.95 (VIOLATED)
_653881_/B                            320.00  366.94  -46.94 (VIOLATED)
m_ce[8]$_DFFE_PN0P_/RESETN            320.00  366.92  -46.92 (VIOLATED)
_753035_/A1                           320.00  366.91  -46.91 (VIOLATED)
_760229_/C                            320.00  366.91  -46.91 (VIOLATED)
_751073_/A                            320.00  366.90  -46.90 (VIOLATED)
_752981_/A1                           320.00  366.87  -46.87 (VIOLATED)
_748719_/C                            320.00  366.86  -46.86 (VIOLATED)
_753032_/B                            320.00  366.85  -46.85 (VIOLATED)
_739568_/B                            320.00  366.82  -46.82 (VIOLATED)
_745721_/B                            320.00  366.82  -46.82 (VIOLATED)
a_sym[20][6]$_DFFE_PN0P_/RESETN       320.00  366.81  -46.81 (VIOLATED)
place74151/A                          320.00  366.81  -46.81 (VIOLATED)
_591605_/A                            320.00  366.80  -46.80 (VIOLATED)
_742047_/A                            320.00  366.80  -46.80 (VIOLATED)
_764724_/A                            320.00  366.80  -46.80 (VIOLATED)
_741730_/B                            320.00  366.76  -46.76 (VIOLATED)
_764725_/A1                           320.00  366.75  -46.75 (VIOLATED)
a_sym[15][6]$_DFFE_PN0P_/RESETN       320.00  366.74  -46.74 (VIOLATED)
_749332_/D                            320.00  366.74  -46.74 (VIOLATED)
place74175/A                          320.00  366.74  -46.74 (VIOLATED)
_752090_/A2                           320.00  366.73  -46.73 (VIOLATED)
_745685_/A                            320.00  366.73  -46.73 (VIOLATED)
_622200_/A                            320.00  366.72  -46.72 (VIOLATED)
place74241/A                          320.00  366.69  -46.69 (VIOLATED)
_753590_/A                            320.00  366.67  -46.67 (VIOLATED)
_745513_/B                            320.00  366.67  -46.67 (VIOLATED)
_591608_/A                            320.00  366.66  -46.66 (VIOLATED)
_753411_/B                            320.00  366.66  -46.66 (VIOLATED)
a_sym[12][6]$_DFFE_PN0P_/RESETN       320.00  366.65  -46.65 (VIOLATED)
part_q[40][2]$_DFFE_PP_/D             320.00  366.64  -46.64 (VIOLATED)
_752131_/B                            320.00  366.64  -46.64 (VIOLATED)
_752133_/B                            320.00  366.64  -46.64 (VIOLATED)
_762260_/A1                           320.00  366.63  -46.63 (VIOLATED)
_749395_/D                            320.00  366.62  -46.62 (VIOLATED)
m_1h[22]$_DFFE_PN0P_/QN               320.00  366.62  -46.62 (VIOLATED)
_745670_/A                            320.00  366.61  -46.61 (VIOLATED)
state[3]$_DFF_PN0_/RESETN             320.00  366.61  -46.61 (VIOLATED)
place73307/A                          320.00  366.59  -46.59 (VIOLATED)
_762339_/A                            320.00  366.58  -46.58 (VIOLATED)
a_sym[15][7]$_DFFE_PN0P_/RESETN       320.00  366.57  -46.57 (VIOLATED)
a_sym[15][3]$_DFFE_PN0P_/RESETN       320.00  366.57  -46.57 (VIOLATED)
_749393_/D                            320.00  366.57  -46.57 (VIOLATED)
place79277/A                          320.00  366.52  -46.52 (VIOLATED)
_748295_/B                            320.00  366.51  -46.51 (VIOLATED)
_756358_/B                            320.00  366.49  -46.49 (VIOLATED)
_765817_/A                            320.00  366.48  -46.48 (VIOLATED)
_748099_/B                            320.00  366.47  -46.47 (VIOLATED)
a_sym[20][0]$_DFFE_PN0P_/RESETN       320.00  366.47  -46.47 (VIOLATED)
_749531_/A1                           320.00  366.43  -46.43 (VIOLATED)
place83518/A                          320.00  366.42  -46.42 (VIOLATED)
_665976_/B                            320.00  366.39  -46.39 (VIOLATED)
_755541_/B2                           320.00  366.38  -46.38 (VIOLATED)
_755648_/B2                           320.00  366.35  -46.35 (VIOLATED)
_753548_/B                            320.00  366.34  -46.34 (VIOLATED)
a_sym[23][0]$_DFFE_PN0P_/RESETN       320.00  366.34  -46.34 (VIOLATED)
mod_x[13]$_DFFE_PN0P_/RESETN          320.00  366.33  -46.33 (VIOLATED)
_651799_/B                            320.00  366.33  -46.33 (VIOLATED)
_749480_/C                            320.00  366.32  -46.32 (VIOLATED)
_762225_/B                            320.00  366.32  -46.32 (VIOLATED)
_748707_/A                            320.00  366.31  -46.31 (VIOLATED)
_748131_/A                            320.00  366.30  -46.30 (VIOLATED)
_749304_/B                            320.00  366.30  -46.30 (VIOLATED)
_765815_/A                            320.00  366.28  -46.28 (VIOLATED)
_749795_/A                            320.00  366.28  -46.28 (VIOLATED)
_747035_/A                            320.00  366.28  -46.28 (VIOLATED)
mod_x[9]$_DFFE_PN0P_/RESETN           320.00  366.27  -46.27 (VIOLATED)
_749383_/B                            320.00  366.27  -46.27 (VIOLATED)
_752784_/B                            320.00  366.26  -46.26 (VIOLATED)
_765816_/A1                           320.00  366.25  -46.25 (VIOLATED)
_765818_/A1                           320.00  366.25  -46.25 (VIOLATED)
_749803_/A                            320.00  366.24  -46.24 (VIOLATED)
_768218_/A                            320.00  366.23  -46.23 (VIOLATED)
_738751_/A                            320.00  366.22  -46.22 (VIOLATED)
_741197_/B                            320.00  366.21  -46.21 (VIOLATED)
_758929_/A                            320.00  366.19  -46.19 (VIOLATED)
_746998_/A                            320.00  366.19  -46.19 (VIOLATED)
_757075_/C                            320.00  366.19  -46.19 (VIOLATED)
mod_x[11]$_DFFE_PN0P_/RESETN          320.00  366.19  -46.19 (VIOLATED)
_745673_/A                            320.00  366.17  -46.17 (VIOLATED)
_754447_/A1                           320.00  366.15  -46.15 (VIOLATED)
a_sym[24][1]$_DFFE_PN0P_/RESETN       320.00  366.13  -46.13 (VIOLATED)
a_sym[9][0]$_DFFE_PN0P_/RESETN        320.00  366.12  -46.12 (VIOLATED)
_758578_/C2                           320.00  366.12  -46.12 (VIOLATED)
_743903_/A                            320.00  366.11  -46.11 (VIOLATED)
_760125_/C                            320.00  366.11  -46.11 (VIOLATED)
m_ce[17]$_DFFE_PN0P_/RESETN           320.00  366.11  -46.11 (VIOLATED)
_748479_/A                            320.00  366.11  -46.11 (VIOLATED)
_750542_/A                            320.00  366.10  -46.10 (VIOLATED)
a_sym[3][7]$_DFFE_PN0P_/RESETN        320.00  366.10  -46.10 (VIOLATED)
a_sym[4][4]$_DFFE_PN0P_/QN            320.00  366.08  -46.08 (VIOLATED)
_749224_/A                            320.00  366.06  -46.06 (VIOLATED)
_749452_/A1                           320.00  366.05  -46.05 (VIOLATED)
out_pix_data[4]$_DFFE_PN0P_/RESETN    320.00  366.04  -46.04 (VIOLATED)
_681571_/B                            320.00  366.04  -46.04 (VIOLATED)
rdata_q[2326]$_DFFE_PP_/QN            320.00  366.02  -46.02 (VIOLATED)
_742048_/A                            320.00  365.99  -45.99 (VIOLATED)
_622199_/A                            320.00  365.95  -45.95 (VIOLATED)
_737990_/A                            320.00  365.90  -45.90 (VIOLATED)
rdata_q[7405]$_DFFE_PP_/QN            320.00  365.89  -45.89 (VIOLATED)
a_sym[8][7]$_DFFE_PN0P_/RESETN        320.00  365.89  -45.89 (VIOLATED)
part_q[63][9]$_DFFE_PP_/QN            320.00  365.87  -45.87 (VIOLATED)
_480776_/B                            320.00  365.86  -45.86 (VIOLATED)
_482540_/B                            320.00  365.86  -45.86 (VIOLATED)
a_sym[24][7]$_DFFE_PN0P_/RESETN       320.00  365.86  -45.86 (VIOLATED)
_844291_/B                            320.00  365.86  -45.86 (VIOLATED)
_591611_/A                            320.00  365.85  -45.85 (VIOLATED)
_755545_/A2                           320.00  365.85  -45.85 (VIOLATED)
_480774_/Y                            320.00  365.84  -45.84 (VIOLATED)
_768689_/A                            320.00  365.83  -45.83 (VIOLATED)
_745918_/B                            320.00  365.77  -45.77 (VIOLATED)
_835856_/CI                           320.00  365.76  -45.76 (VIOLATED)
_748671_/A                            320.00  365.76  -45.76 (VIOLATED)
part_q[26][6]$_DFFE_PP_/QN            320.00  365.73  -45.73 (VIOLATED)
_754211_/A                            320.00  365.73  -45.73 (VIOLATED)
_749366_/Y                            320.00  365.73  -45.73 (VIOLATED)
_748628_/A                            320.00  365.72  -45.72 (VIOLATED)
_765813_/A1                           320.00  365.71  -45.71 (VIOLATED)
_769359_/Y                            320.00  365.70  -45.70 (VIOLATED)
_760623_/A                            320.00  365.69  -45.69 (VIOLATED)
_622198_/A                            320.00  365.68  -45.68 (VIOLATED)
_758450_/B2                           320.00  365.63  -45.63 (VIOLATED)
place74618/A                          320.00  365.59  -45.59 (VIOLATED)
_755553_/A                            320.00  365.57  -45.57 (VIOLATED)
_749329_/D                            320.00  365.55  -45.55 (VIOLATED)
_742036_/A                            320.00  365.55  -45.55 (VIOLATED)
_740190_/B                            320.00  365.55  -45.55 (VIOLATED)
a_sym[15][2]$_DFFE_PN0P_/RESETN       320.00  365.55  -45.55 (VIOLATED)
_745698_/A                            320.00  365.54  -45.54 (VIOLATED)
_748614_/C                            320.00  365.53  -45.53 (VIOLATED)
_748662_/A                            320.00  365.52  -45.52 (VIOLATED)
_591629_/A                            320.00  365.50  -45.50 (VIOLATED)
_753634_/A                            320.00  365.50  -45.50 (VIOLATED)
_758451_/B2                           320.00  365.43  -45.43 (VIOLATED)
_729112_/B                            320.00  365.41  -45.41 (VIOLATED)
_758307_/B2                           320.00  365.39  -45.39 (VIOLATED)
_614360_/B                            320.00  365.38  -45.38 (VIOLATED)
_759641_/B                            320.00  365.38  -45.38 (VIOLATED)
_750695_/A1                           320.00  365.33  -45.33 (VIOLATED)
_755488_/A                            320.00  365.32  -45.32 (VIOLATED)
_760905_/A1                           320.00  365.29  -45.29 (VIOLATED)
_754243_/A                            320.00  365.29  -45.29 (VIOLATED)
_754956_/A1                           320.00  365.29  -45.29 (VIOLATED)
_738829_/B                            320.00  365.28  -45.28 (VIOLATED)
_754249_/A                            320.00  365.27  -45.27 (VIOLATED)
_765812_/A                            320.00  365.27  -45.27 (VIOLATED)
oskid_d[142]$_DFFE_PN0P_/RESETN       320.00  365.26  -45.26 (VIOLATED)
_753561_/C                            320.00  365.25  -45.25 (VIOLATED)
_591614_/A                            320.00  365.25  -45.25 (VIOLATED)
place73348/A                          320.00  365.24  -45.24 (VIOLATED)
oskid_d[149]$_DFFE_PN0P_/RESETN       320.00  365.24  -45.24 (VIOLATED)
_754977_/A                            320.00  365.24  -45.24 (VIOLATED)
_750602_/B                            320.00  365.23  -45.23 (VIOLATED)
m_1h[14]$_DFFE_PN0P_/QN               320.00  365.23  -45.23 (VIOLATED)
_748177_/B                            320.00  365.21  -45.21 (VIOLATED)
_752772_/B                            320.00  365.21  -45.21 (VIOLATED)
_750436_/B                            320.00  365.21  -45.21 (VIOLATED)
place73038/A                          320.00  365.20  -45.20 (VIOLATED)
rdata_q[2329]$_DFFE_PP_/QN            320.00  365.19  -45.19 (VIOLATED)
_754935_/A                            320.00  365.18  -45.18 (VIOLATED)
_737077_/A                            320.00  365.18  -45.18 (VIOLATED)
oskid_d[140]$_DFFE_PN0P_/RESETN       320.00  365.17  -45.17 (VIOLATED)
_759998_/C                            320.00  365.16  -45.16 (VIOLATED)
_754934_/A1                           320.00  365.14  -45.14 (VIOLATED)
_748691_/A1                           320.00  365.13  -45.13 (VIOLATED)
_761087_/A1                           320.00  365.13  -45.13 (VIOLATED)
_665982_/B                            320.00  365.07  -45.07 (VIOLATED)
rdata_q[6447]$_DFFE_PP_/QN            320.00  365.05  -45.05 (VIOLATED)
_754259_/A                            320.00  365.04  -45.04 (VIOLATED)
_750622_/B                            320.00  365.04  -45.04 (VIOLATED)
_759879_/A                            320.00  365.03  -45.03 (VIOLATED)
_751825_/A                            320.00  365.00  -45.00 (VIOLATED)
_748648_/B                            320.00  364.97  -44.97 (VIOLATED)
_745633_/A                            320.00  364.91  -44.91 (VIOLATED)
_622197_/A                            320.00  364.90  -44.90 (VIOLATED)
place73477/A                          320.00  364.88  -44.88 (VIOLATED)
_480059_/A1                           320.00  364.88  -44.88 (VIOLATED)
in_data_q[95]$_DFFE_PN0P_/QN          320.00  364.87  -44.87 (VIOLATED)
_751144_/A                            320.00  364.87  -44.87 (VIOLATED)
_756575_/A1                           320.00  364.83  -44.83 (VIOLATED)
_750742_/B                            320.00  364.80  -44.80 (VIOLATED)
_748579_/C                            320.00  364.80  -44.80 (VIOLATED)
_753449_/A                            320.00  364.78  -44.78 (VIOLATED)
_750788_/A2                           320.00  364.78  -44.78 (VIOLATED)
_748645_/B                            320.00  364.76  -44.76 (VIOLATED)
_749454_/A                            320.00  364.76  -44.76 (VIOLATED)
a_sym[23][1]$_DFFE_PN0P_/RESETN       320.00  364.75  -44.75 (VIOLATED)
_741887_/A                            320.00  364.75  -44.75 (VIOLATED)
_753584_/B                            320.00  364.75  -44.75 (VIOLATED)
_639382_/A                            320.00  364.74  -44.74 (VIOLATED)
_749602_/A                            320.00  364.74  -44.74 (VIOLATED)
_872169_/A                            320.00  364.68  -44.68 (VIOLATED)
_737180_/A                            320.00  364.65  -44.65 (VIOLATED)
_740390_/A                            320.00  364.64  -44.64 (VIOLATED)
_490053_/A                            320.00  364.63  -44.63 (VIOLATED)
_740349_/A                            320.00  364.63  -44.63 (VIOLATED)
_752654_/B                            320.00  364.61  -44.61 (VIOLATED)
_768930_/A                            320.00  364.60  -44.60 (VIOLATED)
_757061_/B                            320.00  364.58  -44.58 (VIOLATED)
_748056_/B                            320.00  364.58  -44.58 (VIOLATED)
_754110_/A1                           320.00  364.58  -44.58 (VIOLATED)
_639383_/A                            320.00  364.56  -44.56 (VIOLATED)
_756328_/B3                           320.00  364.56  -44.56 (VIOLATED)
_750953_/A1                           320.00  364.53  -44.53 (VIOLATED)
_740337_/A                            320.00  364.51  -44.51 (VIOLATED)
_745688_/A                            320.00  364.51  -44.51 (VIOLATED)
_745530_/B                            320.00  364.50  -44.50 (VIOLATED)
_750451_/B                            320.00  364.49  -44.49 (VIOLATED)
_756325_/A1                           320.00  364.48  -44.48 (VIOLATED)
a_sym[17][7]$_DFFE_PN0P_/RESETN       320.00  364.47  -44.47 (VIOLATED)
_748162_/A                            320.00  364.47  -44.47 (VIOLATED)
_755414_/C                            320.00  364.47  -44.47 (VIOLATED)
oskid_d[13]$_DFFE_PN0P_/RESETN        320.00  364.46  -44.46 (VIOLATED)
_749356_/C                            320.00  364.45  -44.45 (VIOLATED)
_748535_/C                            320.00  364.44  -44.44 (VIOLATED)
_752640_/B                            320.00  364.44  -44.44 (VIOLATED)
a_sym[21][7]$_DFFE_PN0P_/RESETN       320.00  364.43  -44.43 (VIOLATED)
_645351_/B                            320.00  364.40  -44.40 (VIOLATED)
_743893_/A                            320.00  364.40  -44.40 (VIOLATED)
_750970_/A                            320.00  364.40  -44.40 (VIOLATED)
place83512/A                          320.00  364.40  -44.40 (VIOLATED)
_748135_/A1                           320.00  364.39  -44.39 (VIOLATED)
a_sym[24][3]$_DFFE_PN0P_/RESETN       320.00  364.38  -44.38 (VIOLATED)
_755776_/A1                           320.00  364.34  -44.34 (VIOLATED)
_752804_/B                            320.00  364.33  -44.33 (VIOLATED)
_754133_/A                            320.00  364.33  -44.33 (VIOLATED)
_755625_/B                            320.00  364.33  -44.33 (VIOLATED)
_844712_/A                            320.00  364.31  -44.31 (VIOLATED)
_685545_/B                            320.00  364.29  -44.29 (VIOLATED)
_786936_/B                            320.00  364.27  -44.27 (VIOLATED)
_758562_/A1                           320.00  364.27  -44.27 (VIOLATED)
a_sym[24][2]$_DFFE_PN0P_/RESETN       320.00  364.27  -44.27 (VIOLATED)
_745551_/B                            320.00  364.26  -44.26 (VIOLATED)
a_sym[23][3]$_DFFE_PN0P_/RESETN       320.00  364.26  -44.26 (VIOLATED)
_639384_/A                            320.00  364.25  -44.25 (VIOLATED)
_753623_/B2                           320.00  364.25  -44.25 (VIOLATED)
_755623_/A1                           320.00  364.25  -44.25 (VIOLATED)
a_sym[20][3]$_DFFE_PN0P_/RESETN       320.00  364.24  -44.24 (VIOLATED)
a_sym[0][2]$_DFFE_PN0P_/RESETN        320.00  364.23  -44.23 (VIOLATED)
_753547_/B                            320.00  364.22  -44.22 (VIOLATED)
_754840_/C                            320.00  364.21  -44.21 (VIOLATED)
a_sym[8][2]$_DFFE_PN0P_/RESETN        320.00  364.21  -44.21 (VIOLATED)
_746223_/B                            320.00  364.20  -44.20 (VIOLATED)
_591617_/A                            320.00  364.17  -44.17 (VIOLATED)
_760020_/B2                           320.00  364.14  -44.14 (VIOLATED)
_740340_/A                            320.00  364.14  -44.14 (VIOLATED)
h_m1_q[8]$_DFFE_PN0P_/RESETN          320.00  364.14  -44.14 (VIOLATED)
_744789_/A                            320.00  364.13  -44.13 (VIOLATED)
a_sym[0][3]$_DFFE_PN0P_/RESETN        320.00  364.13  -44.13 (VIOLATED)
a_sym[11][7]$_DFFE_PN0P_/RESETN       320.00  364.11  -44.11 (VIOLATED)
_751008_/C                            320.00  364.09  -44.09 (VIOLATED)
_752709_/A2                           320.00  364.08  -44.08 (VIOLATED)
_749662_/A                            320.00  364.07  -44.07 (VIOLATED)
_744854_/A                            320.00  364.04  -44.04 (VIOLATED)
oskid_d[141]$_DFFE_PN0P_/RESETN       320.00  364.04  -44.04 (VIOLATED)
_806126_/A                            320.00  364.02  -44.02 (VIOLATED)
_750956_/A                            320.00  364.00  -44.00 (VIOLATED)
_768683_/A                            320.00  364.00  -44.00 (VIOLATED)
_750947_/A                            320.00  363.96  -43.96 (VIOLATED)
_752800_/A                            320.00  363.94  -43.94 (VIOLATED)
_611707_/B                            320.00  363.94  -43.94 (VIOLATED)
_486260_/B3                           320.00  363.92  -43.92 (VIOLATED)
_754846_/A                            320.00  363.91  -43.91 (VIOLATED)
_806123_/CI                           320.00  363.84  -43.84 (VIOLATED)
_754823_/A                            320.00  363.82  -43.82 (VIOLATED)
_756379_/A1                           320.00  363.82  -43.82 (VIOLATED)
_739717_/B                            320.00  363.82  -43.82 (VIOLATED)
_482277_/A1                           320.00  363.81  -43.81 (VIOLATED)
_754824_/A                            320.00  363.80  -43.80 (VIOLATED)
_751904_/A                            320.00  363.79  -43.79 (VIOLATED)
_756333_/A                            320.00  363.78  -43.78 (VIOLATED)
_756512_/B                            320.00  363.78  -43.78 (VIOLATED)
_743208_/B                            320.00  363.76  -43.76 (VIOLATED)
_480771_/B                            320.00  363.76  -43.76 (VIOLATED)
_482574_/B                            320.00  363.76  -43.76 (VIOLATED)
_739431_/B                            320.00  363.75  -43.75 (VIOLATED)
rdata_q[7830]$_DFFE_PP_/QN            320.00  363.75  -43.75 (VIOLATED)
_759606_/A1                           320.00  363.75  -43.75 (VIOLATED)
_735825_/B                            320.00  363.74  -43.74 (VIOLATED)
_753566_/A                            320.00  363.72  -43.72 (VIOLATED)
_749650_/B                            320.00  363.72  -43.72 (VIOLATED)
_735820_/A                            320.00  363.71  -43.71 (VIOLATED)
_740344_/A                            320.00  363.71  -43.71 (VIOLATED)
_591620_/A                            320.00  363.70  -43.70 (VIOLATED)
part_q[63][1]$_DFFE_PP_/QN            320.00  363.70  -43.70 (VIOLATED)
_748776_/C                            320.00  363.70  -43.70 (VIOLATED)
_748410_/B                            320.00  363.68  -43.68 (VIOLATED)
_750542_/B                            320.00  363.67  -43.67 (VIOLATED)
_750488_/B                            320.00  363.67  -43.67 (VIOLATED)
_755522_/B                            320.00  363.67  -43.67 (VIOLATED)
_748479_/B                            320.00  363.67  -43.67 (VIOLATED)
_756924_/C                            320.00  363.66  -43.66 (VIOLATED)
_748182_/A                            320.00  363.66  -43.66 (VIOLATED)
_748718_/A                            320.00  363.65  -43.65 (VIOLATED)
_750640_/B                            320.00  363.64  -43.64 (VIOLATED)
_622196_/A                            320.00  363.63  -43.63 (VIOLATED)
_605277_/B                            320.00  363.63  -43.63 (VIOLATED)
_768072_/Y                            320.00  363.62  -43.62 (VIOLATED)
_754367_/A                            320.00  363.62  -43.62 (VIOLATED)
_750620_/B                            320.00  363.61  -43.61 (VIOLATED)
_755502_/A                            320.00  363.61  -43.61 (VIOLATED)
_743357_/A                            320.00  363.61  -43.61 (VIOLATED)
a_sym[23][2]$_DFFE_PN0P_/RESETN       320.00  363.60  -43.60 (VIOLATED)
a_sym[4][3]$_DFFE_PN0P_/RESETN        320.00  363.58  -43.58 (VIOLATED)
_639385_/A                            320.00  363.57  -43.57 (VIOLATED)
a_sym[9][7]$_DFFE_PN0P_/RESETN        320.00  363.56  -43.56 (VIOLATED)
_757540_/A                            320.00  363.56  -43.56 (VIOLATED)
a_sym[12][3]$_DFFE_PN0P_/RESETN       320.00  363.55  -43.55 (VIOLATED)
a_sym[5][7]$_DFFE_PN0P_/RESETN        320.00  363.55  -43.55 (VIOLATED)
_754280_/A                            320.00  363.55  -43.55 (VIOLATED)
_677152_/B                            320.00  363.53  -43.53 (VIOLATED)
_513010_/B3                           320.00  363.52  -43.52 (VIOLATED)
_754082_/A                            320.00  363.52  -43.52 (VIOLATED)
a_sym[4][5]$_DFFE_PN0P_/RESETN        320.00  363.52  -43.52 (VIOLATED)
_759387_/A1                           320.00  363.51  -43.51 (VIOLATED)
_487179_/A1                           320.00  363.49  -43.49 (VIOLATED)
_754362_/A                            320.00  363.46  -43.46 (VIOLATED)
_754999_/A                            320.00  363.45  -43.45 (VIOLATED)
_751923_/A                            320.00  363.41  -43.41 (VIOLATED)
_748034_/A                            320.00  363.40  -43.40 (VIOLATED)
_497038_/B                            320.00  363.34  -43.34 (VIOLATED)
_490885_/C                            320.00  363.33  -43.33 (VIOLATED)
_754085_/A                            320.00  363.31  -43.31 (VIOLATED)
_517031_/B2                           320.00  363.29  -43.29 (VIOLATED)
_787726_/C                            320.00  363.28  -43.28 (VIOLATED)
_745707_/B                            320.00  363.27  -43.27 (VIOLATED)
_738475_/B                            320.00  363.27  -43.27 (VIOLATED)
_749364_/A                            320.00  363.24  -43.24 (VIOLATED)
_754843_/A                            320.00  363.12  -43.12 (VIOLATED)
_753076_/B                            320.00  363.12  -43.12 (VIOLATED)
_745728_/B                            320.00  363.12  -43.12 (VIOLATED)
_759856_/A1                           320.00  363.11  -43.11 (VIOLATED)
_748605_/C                            320.00  363.10  -43.10 (VIOLATED)
_750436_/A                            320.00  363.09  -43.09 (VIOLATED)
_754823_/B                            320.00  363.09  -43.09 (VIOLATED)
_750740_/A                            320.00  363.09  -43.09 (VIOLATED)
_748177_/A                            320.00  363.09  -43.09 (VIOLATED)
place74299/A                          320.00  363.08  -43.08 (VIOLATED)
_748981_/A                            320.00  363.07  -43.07 (VIOLATED)
_750728_/A                            320.00  363.04  -43.04 (VIOLATED)
_750522_/C                            320.00  363.02  -43.02 (VIOLATED)
place74798/A                          320.00  363.02  -43.02 (VIOLATED)
_591626_/A                            320.00  363.00  -43.00 (VIOLATED)
_739174_/B                            320.00  363.00  -43.00 (VIOLATED)
_751927_/B                            320.00  362.99  -42.99 (VIOLATED)
_506034_/B1                           320.00  362.99  -42.99 (VIOLATED)
a_sym[17][6]$_DFFE_PN0P_/RESETN       320.00  362.96  -42.96 (VIOLATED)
state[4]$_DFF_PN0_/RESETN             320.00  362.95  -42.95 (VIOLATED)
_749003_/B2                           320.00  362.94  -42.94 (VIOLATED)
_490885_/A                            320.00  362.94  -42.94 (VIOLATED)
state[1]$_DFF_PN0_/RESETN             320.00  362.94  -42.94 (VIOLATED)
_754998_/A                            320.00  362.89  -42.89 (VIOLATED)
_749592_/B3                           320.00  362.87  -42.87 (VIOLATED)
part_q[28][5]$_DFFE_PP_/QN            320.00  362.86  -42.86 (VIOLATED)
h_m1_q[9]$_DFFE_PN0P_/RESETN          320.00  362.86  -42.86 (VIOLATED)
state[2]$_DFF_PN0_/RESETN             320.00  362.86  -42.86 (VIOLATED)
_757000_/B2                           320.00  362.85  -42.85 (VIOLATED)
_738588_/A                            320.00  362.80  -42.80 (VIOLATED)
_486278_/B                            320.00  362.77  -42.77 (VIOLATED)
place73371/A                          320.00  362.74  -42.74 (VIOLATED)
_752707_/B                            320.00  362.74  -42.74 (VIOLATED)
_748438_/C                            320.00  362.73  -42.73 (VIOLATED)
place73785/A                          320.00  362.73  -42.73 (VIOLATED)
_754127_/A                            320.00  362.73  -42.73 (VIOLATED)
_750631_/B                            320.00  362.70  -42.70 (VIOLATED)
place73166/A                          320.00  362.70  -42.70 (VIOLATED)
_705734_/A                            320.00  362.69  -42.69 (VIOLATED)
m_1h[11]$_DFFE_PN0P_/QN               320.00  362.69  -42.69 (VIOLATED)
place73962/A                          320.00  362.68  -42.68 (VIOLATED)
_742109_/A                            320.00  362.68  -42.68 (VIOLATED)
_745008_/A                            320.00  362.66  -42.66 (VIOLATED)
_743379_/A                            320.00  362.64  -42.64 (VIOLATED)
_743312_/A                            320.00  362.64  -42.64 (VIOLATED)
_751668_/C                            320.00  362.63  -42.63 (VIOLATED)
_742042_/A                            320.00  362.61  -42.61 (VIOLATED)
place73783/A                          320.00  362.60  -42.60 (VIOLATED)
rdata_q[7386]$_DFFE_PP_/QN            320.00  362.57  -42.57 (VIOLATED)
_759071_/A1                           320.00  362.54  -42.54 (VIOLATED)
_754187_/A                            320.00  362.54  -42.54 (VIOLATED)
_754599_/A                            320.00  362.47  -42.47 (VIOLATED)
_738564_/A                            320.00  362.47  -42.47 (VIOLATED)
_760683_/A1                           320.00  362.46  -42.46 (VIOLATED)
_750794_/A1                           320.00  362.45  -42.45 (VIOLATED)
a_sym[8][3]$_DFFE_PN0P_/RESETN        320.00  362.42  -42.42 (VIOLATED)
_635103_/B                            320.00  362.40  -42.40 (VIOLATED)
_639386_/A                            320.00  362.39  -42.39 (VIOLATED)
_748437_/C                            320.00  362.39  -42.39 (VIOLATED)
_752287_/A                            320.00  362.38  -42.38 (VIOLATED)
_750783_/B                            320.00  362.34  -42.34 (VIOLATED)
_740343_/A                            320.00  362.33  -42.33 (VIOLATED)
_739796_/B                            320.00  362.30  -42.30 (VIOLATED)
_748176_/Y                            320.00  362.29  -42.29 (VIOLATED)
_760563_/A                            320.00  362.29  -42.29 (VIOLATED)
place74904/A                          320.00  362.27  -42.27 (VIOLATED)
_744146_/B                            320.00  362.24  -42.24 (VIOLATED)
_737090_/A                            320.00  362.23  -42.23 (VIOLATED)
_622195_/A                            320.00  362.21  -42.21 (VIOLATED)
_762231_/B                            320.00  362.18  -42.18 (VIOLATED)
_737969_/A                            320.00  362.17  -42.17 (VIOLATED)
_860292_/B                            320.00  362.16  -42.16 (VIOLATED)
_762229_/B                            320.00  362.10  -42.10 (VIOLATED)
_657975_/A                            320.00  362.09  -42.09 (VIOLATED)
_750782_/B                            320.00  362.07  -42.07 (VIOLATED)
_860291_/B                            320.00  362.03  -42.03 (VIOLATED)
_480660_/A                            320.00  362.03  -42.03 (VIOLATED)
place74638/A                          320.00  362.03  -42.03 (VIOLATED)
_860289_/B                            320.00  362.03  -42.03 (VIOLATED)
_759075_/A1                           320.00  362.02  -42.02 (VIOLATED)
_657976_/A                            320.00  362.00  -42.00 (VIOLATED)
_741907_/B                            320.00  361.99  -41.99 (VIOLATED)
_740286_/B                            320.00  361.96  -41.96 (VIOLATED)
_750642_/A                            320.00  361.94  -41.94 (VIOLATED)
_479915_/A                            320.00  361.94  -41.94 (VIOLATED)
_486277_/Y                            320.00  361.93  -41.93 (VIOLATED)
_750506_/B                            320.00  361.93  -41.93 (VIOLATED)
rdata_q[6406]$_DFFE_PP_/QN            320.00  361.92  -41.92 (VIOLATED)
_743120_/B                            320.00  361.92  -41.92 (VIOLATED)
_748688_/A                            320.00  361.91  -41.91 (VIOLATED)
m_ce[11]$_DFFE_PN0P_/RESETN           320.00  361.91  -41.91 (VIOLATED)
h_m1_q[11]$_DFFE_PN0P_/RESETN         320.00  361.90  -41.90 (VIOLATED)
_742038_/A                            320.00  361.90  -41.90 (VIOLATED)
_750795_/B                            320.00  361.89  -41.89 (VIOLATED)
_657977_/A                            320.00  361.88  -41.88 (VIOLATED)
_745267_/B                            320.00  361.87  -41.87 (VIOLATED)
place73654/A                          320.00  361.87  -41.87 (VIOLATED)
_749342_/C                            320.00  361.86  -41.86 (VIOLATED)
_751669_/C                            320.00  361.86  -41.86 (VIOLATED)
_479914_/Y                            320.00  361.86  -41.86 (VIOLATED)
_753631_/B2                           320.00  361.86  -41.86 (VIOLATED)
_755560_/B2                           320.00  361.85  -41.85 (VIOLATED)
_756599_/A1                           320.00  361.82  -41.82 (VIOLATED)
in_data_q[102]$_DFFE_PN0P_/QN         320.00  361.82  -41.82 (VIOLATED)
place75253/A                          320.00  361.82  -41.82 (VIOLATED)
_756968_/C                            320.00  361.78  -41.78 (VIOLATED)
_748638_/Y                            320.00  361.76  -41.76 (VIOLATED)
_750325_/A                            320.00  361.76  -41.76 (VIOLATED)
_740382_/A                            320.00  361.75  -41.75 (VIOLATED)
place72659/A                          320.00  361.75  -41.75 (VIOLATED)
_752896_/A1                           320.00  361.72  -41.72 (VIOLATED)
_639387_/A                            320.00  361.68  -41.68 (VIOLATED)
_738029_/B                            320.00  361.67  -41.67 (VIOLATED)
place74308/A                          320.00  361.64  -41.64 (VIOLATED)
_748761_/C                            320.00  361.64  -41.64 (VIOLATED)
_818477_/CI                           320.00  361.61  -41.61 (VIOLATED)
place73451/A                          320.00  361.60  -41.60 (VIOLATED)
in_data_q[97]$_DFFE_PN0P_/QN          320.00  361.60  -41.60 (VIOLATED)
_750812_/C                            320.00  361.59  -41.59 (VIOLATED)
_755574_/C                            320.00  361.58  -41.58 (VIOLATED)
_752868_/A                            320.00  361.58  -41.58 (VIOLATED)
_755671_/A3                           320.00  361.57  -41.57 (VIOLATED)
_750790_/B                            320.00  361.55  -41.55 (VIOLATED)
a_sym[13][1]$_DFFE_PN0P_/RESETN       320.00  361.54  -41.54 (VIOLATED)
ce_d1[2]$_DFFE_PN0P_/RESETN           320.00  361.53  -41.53 (VIOLATED)
_749142_/A3                           320.00  361.53  -41.53 (VIOLATED)
a_sym[13][2]$_DFFE_PN0P_/RESETN       320.00  361.53  -41.53 (VIOLATED)
_750661_/A                            320.00  361.52  -41.52 (VIOLATED)
_754286_/A                            320.00  361.52  -41.52 (VIOLATED)
_756593_/A1                           320.00  361.51  -41.51 (VIOLATED)
a_sym[3][3]$_DFFE_PN0P_/RESETN        320.00  361.50  -41.50 (VIOLATED)
_755444_/A                            320.00  361.50  -41.50 (VIOLATED)
_745590_/B                            320.00  361.48  -41.48 (VIOLATED)
_760214_/A                            320.00  361.47  -41.47 (VIOLATED)
_738741_/B                            320.00  361.47  -41.47 (VIOLATED)
place72788/A                          320.00  361.45  -41.45 (VIOLATED)
_737863_/A                            320.00  361.44  -41.44 (VIOLATED)
_751871_/B                            320.00  361.44  -41.44 (VIOLATED)
_737945_/A                            320.00  361.44  -41.44 (VIOLATED)
_737894_/A                            320.00  361.41  -41.41 (VIOLATED)
_737933_/A                            320.00  361.41  -41.41 (VIOLATED)
_768873_/A                            320.00  361.40  -41.40 (VIOLATED)
_657978_/A                            320.00  361.38  -41.38 (VIOLATED)
_737845_/A                            320.00  361.38  -41.38 (VIOLATED)
_738758_/A                            320.00  361.38  -41.38 (VIOLATED)
_737940_/A                            320.00  361.38  -41.38 (VIOLATED)
_752810_/B                            320.00  361.37  -41.37 (VIOLATED)
_742120_/B                            320.00  361.36  -41.36 (VIOLATED)
_752059_/C                            320.00  361.35  -41.35 (VIOLATED)
_749325_/C                            320.00  361.35  -41.35 (VIOLATED)
_738006_/A                            320.00  361.34  -41.34 (VIOLATED)
a_sym[8][1]$_DFFE_PN0P_/RESETN        320.00  361.33  -41.33 (VIOLATED)
_739168_/B                            320.00  361.33  -41.33 (VIOLATED)
_742104_/A                            320.00  361.33  -41.33 (VIOLATED)
a_sym[0][5]$_DFFE_PN0P_/RESETN        320.00  361.31  -41.31 (VIOLATED)
a_sym[5][2]$_DFFE_PN0P_/RESETN        320.00  361.31  -41.31 (VIOLATED)
_749608_/A                            320.00  361.28  -41.28 (VIOLATED)
_749604_/A                            320.00  361.27  -41.27 (VIOLATED)
_810229_/A                            320.00  361.26  -41.26 (VIOLATED)
_748435_/C                            320.00  361.26  -41.26 (VIOLATED)
_748923_/C                            320.00  361.26  -41.26 (VIOLATED)
_737946_/A                            320.00  361.25  -41.25 (VIOLATED)
in_data_q[34]$_DFFE_PN0P_/QN          320.00  361.22  -41.22 (VIOLATED)
_738593_/A                            320.00  361.20  -41.20 (VIOLATED)
_755847_/A2                           320.00  361.20  -41.20 (VIOLATED)
_755544_/B                            320.00  361.19  -41.19 (VIOLATED)
_737951_/A                            320.00  361.19  -41.19 (VIOLATED)
_754174_/A                            320.00  361.18  -41.18 (VIOLATED)
_750691_/A1                           320.00  361.16  -41.16 (VIOLATED)
a_sym[19][1]$_DFFE_PN0P_/RESETN       320.00  361.16  -41.16 (VIOLATED)
_756259_/B3                           320.00  361.15  -41.15 (VIOLATED)
a_sym[12][1]$_DFFE_PN0P_/RESETN       320.00  361.14  -41.14 (VIOLATED)
_743832_/A                            320.00  361.14  -41.14 (VIOLATED)
_750757_/A                            320.00  361.10  -41.10 (VIOLATED)
_768551_/Y                            320.00  361.09  -41.09 (VIOLATED)
rdata_q[6429]$_DFFE_PP_/QN            320.00  361.09  -41.09 (VIOLATED)
_622194_/A                            320.00  361.08  -41.08 (VIOLATED)
_739868_/B                            320.00  361.03  -41.03 (VIOLATED)
a_sym[9][3]$_DFFE_PN0P_/RESETN        320.00  361.03  -41.03 (VIOLATED)
a_sym[21][3]$_DFFE_PN0P_/RESETN       320.00  361.02  -41.02 (VIOLATED)
_752888_/B3                           320.00  361.01  -41.01 (VIOLATED)
_496863_/A3                           320.00  361.01  -41.01 (VIOLATED)
_738298_/B                            320.00  361.01  -41.01 (VIOLATED)
_750742_/C                            320.00  361.01  -41.01 (VIOLATED)
_749005_/C                            320.00  361.00  -41.00 (VIOLATED)
_754343_/B3                           320.00  360.99  -40.99 (VIOLATED)
a_sym[4][2]$_DFFE_PN0P_/RESETN        320.00  360.99  -40.99 (VIOLATED)
a_sym[12][2]$_DFFE_PN0P_/RESETN       320.00  360.99  -40.99 (VIOLATED)
out_pix_data[39]$_DFFE_PN0P_/RESETN   320.00  360.98  -40.98 (VIOLATED)
_756347_/C                            320.00  360.96  -40.96 (VIOLATED)
_752670_/A1                           320.00  360.96  -40.96 (VIOLATED)
_753439_/A1                           320.00  360.95  -40.95 (VIOLATED)
a_sym[20][2]$_DFFE_PN0P_/RESETN       320.00  360.95  -40.95 (VIOLATED)
_755877_/A1                           320.00  360.95  -40.95 (VIOLATED)
_760626_/A1                           320.00  360.93  -40.93 (VIOLATED)
_750678_/C                            320.00  360.92  -40.92 (VIOLATED)
_756266_/A                            320.00  360.91  -40.91 (VIOLATED)
_750731_/A                            320.00  360.87  -40.87 (VIOLATED)
_755518_/B2                           320.00  360.85  -40.85 (VIOLATED)
_760210_/A                            320.00  360.85  -40.85 (VIOLATED)
_753577_/A1                           320.00  360.85  -40.85 (VIOLATED)
_752628_/B2                           320.00  360.84  -40.84 (VIOLATED)
_753005_/A                            320.00  360.84  -40.84 (VIOLATED)
_753406_/B2                           320.00  360.83  -40.83 (VIOLATED)
_737311_/B                            320.00  360.82  -40.82 (VIOLATED)
_756947_/B                            320.00  360.79  -40.79 (VIOLATED)
_752786_/A1                           320.00  360.79  -40.79 (VIOLATED)
_739900_/A                            320.00  360.77  -40.77 (VIOLATED)
_760211_/A1                           320.00  360.76  -40.76 (VIOLATED)
_741882_/A                            320.00  360.73  -40.73 (VIOLATED)
place75245/A                          320.00  360.71  -40.71 (VIOLATED)
_739836_/A                            320.00  360.71  -40.71 (VIOLATED)
a_sym[17][2]$_DFFE_PN0P_/RESETN       320.00  360.71  -40.71 (VIOLATED)
a_sym[17][1]$_DFFE_PN0P_/RESETN       320.00  360.70  -40.70 (VIOLATED)
_768835_/A                            320.00  360.69  -40.69 (VIOLATED)
_749560_/A                            320.00  360.69  -40.69 (VIOLATED)
_739792_/A                            320.00  360.68  -40.68 (VIOLATED)
a_sym[11][1]$_DFFE_PN0P_/RESETN       320.00  360.66  -40.66 (VIOLATED)
_747686_/A                            320.00  360.65  -40.65 (VIOLATED)
_750739_/B                            320.00  360.62  -40.62 (VIOLATED)
place73404/A                          320.00  360.62  -40.62 (VIOLATED)
a_sym[3][2]$_DFFE_PN0P_/RESETN        320.00  360.61  -40.61 (VIOLATED)
_757812_/B                            320.00  360.61  -40.61 (VIOLATED)
place75129/A                          320.00  360.61  -40.61 (VIOLATED)
_753558_/B2                           320.00  360.61  -40.61 (VIOLATED)
_739875_/A                            320.00  360.61  -40.61 (VIOLATED)
rdata_q[6928]$_DFFE_PP_/QN            320.00  360.60  -40.60 (VIOLATED)
a_sym[7][3]$_DFFE_PN0P_/RESETN        320.00  360.60  -40.60 (VIOLATED)
_737949_/A                            320.00  360.59  -40.59 (VIOLATED)
_748962_/A                            320.00  360.59  -40.59 (VIOLATED)
a_sym[11][3]$_DFFE_PN0P_/RESETN       320.00  360.58  -40.58 (VIOLATED)
_749664_/A                            320.00  360.58  -40.58 (VIOLATED)
_741553_/B                            320.00  360.57  -40.57 (VIOLATED)
_739793_/A                            320.00  360.57  -40.57 (VIOLATED)
_756979_/B                            320.00  360.56  -40.56 (VIOLATED)
_748140_/A                            320.00  360.56  -40.56 (VIOLATED)
_497028_/A1                           320.00  360.55  -40.55 (VIOLATED)
a_sym[16][2]$_DFFE_PN0P_/RESETN       320.00  360.54  -40.54 (VIOLATED)
_758802_/C1                           320.00  360.53  -40.53 (VIOLATED)
_739896_/A                            320.00  360.52  -40.52 (VIOLATED)
a_sym[1][3]$_DFFE_PN0P_/RESETN        320.00  360.51  -40.51 (VIOLATED)
place75159/A                          320.00  360.50  -40.50 (VIOLATED)
_746212_/A                            320.00  360.50  -40.50 (VIOLATED)
_737889_/A                            320.00  360.49  -40.49 (VIOLATED)
_759853_/A1                           320.00  360.49  -40.49 (VIOLATED)
_737944_/A                            320.00  360.45  -40.45 (VIOLATED)
_749312_/C                            320.00  360.45  -40.45 (VIOLATED)
a_sym[5][3]$_DFFE_PN0P_/RESETN        320.00  360.45  -40.45 (VIOLATED)
_768337_/Y                            320.00  360.45  -40.45 (VIOLATED)
_755508_/A1                           320.00  360.45  -40.45 (VIOLATED)
_749379_/C                            320.00  360.44  -40.44 (VIOLATED)
_739787_/A                            320.00  360.41  -40.41 (VIOLATED)
_754948_/C                            320.00  360.41  -40.41 (VIOLATED)
a_sym[16][1]$_DFFE_PN0P_/RESETN       320.00  360.39  -40.39 (VIOLATED)
_739776_/A                            320.00  360.37  -40.37 (VIOLATED)
_820058_/CI                           320.00  360.37  -40.37 (VIOLATED)
a_sym[7][2]$_DFFE_PN0P_/RESETN        320.00  360.37  -40.37 (VIOLATED)
_756566_/B                            320.00  360.35  -40.35 (VIOLATED)
rdata_q[6935]$_DFFE_PP_/QN            320.00  360.35  -40.35 (VIOLATED)
_806119_/A                            320.00  360.35  -40.35 (VIOLATED)
_748331_/B3                           320.00  360.34  -40.34 (VIOLATED)
_759744_/A                            320.00  360.29  -40.29 (VIOLATED)
_754294_/A                            320.00  360.28  -40.28 (VIOLATED)
_755865_/A                            320.00  360.28  -40.28 (VIOLATED)
_752710_/B3                           320.00  360.28  -40.28 (VIOLATED)
_739835_/A                            320.00  360.28  -40.28 (VIOLATED)
_755454_/A1                           320.00  360.27  -40.27 (VIOLATED)
_754408_/B3                           320.00  360.26  -40.26 (VIOLATED)
_742618_/A                            320.00  360.23  -40.23 (VIOLATED)
_742671_/A                            320.00  360.23  -40.23 (VIOLATED)
_742654_/A                            320.00  360.23  -40.23 (VIOLATED)
_739908_/A                            320.00  360.20  -40.20 (VIOLATED)
_591623_/A                            320.00  360.18  -40.18 (VIOLATED)
_768367_/A                            320.00  360.18  -40.18 (VIOLATED)
_759242_/C2                           320.00  360.18  -40.18 (VIOLATED)
part_q[50][12]$_DFFE_PP_/QN           320.00  360.18  -40.18 (VIOLATED)
_748185_/B                            320.00  360.15  -40.15 (VIOLATED)
_748203_/B                            320.00  360.15  -40.15 (VIOLATED)
a_sym[7][1]$_DFFE_PN0P_/RESETN        320.00  360.14  -40.14 (VIOLATED)
_751919_/C                            320.00  360.13  -40.13 (VIOLATED)
_769522_/A                            320.00  360.13  -40.13 (VIOLATED)
_586349_/A                            320.00  360.08  -40.08 (VIOLATED)
_745586_/B                            320.00  360.07  -40.07 (VIOLATED)
_755646_/B                            320.00  360.06  -40.06 (VIOLATED)
_742089_/A                            320.00  360.06  -40.06 (VIOLATED)
_749422_/C                            320.00  360.04  -40.04 (VIOLATED)
_757799_/A                            320.00  360.03  -40.03 (VIOLATED)
_742657_/A                            320.00  360.00  -40.00 (VIOLATED)
_748639_/B                            320.00  359.99  -39.99 (VIOLATED)
_748697_/B                            320.00  359.98  -39.98 (VIOLATED)
_657979_/A                            320.00  359.98  -39.98 (VIOLATED)
place73336/A                          320.00  359.97  -39.97 (VIOLATED)
_768167_/A                            320.00  359.96  -39.96 (VIOLATED)
_756321_/A1                           320.00  359.95  -39.95 (VIOLATED)
_747657_/A                            320.00  359.92  -39.92 (VIOLATED)
_742297_/B                            320.00  359.91  -39.91 (VIOLATED)
_743875_/A                            320.00  359.90  -39.90 (VIOLATED)
_750222_/A                            320.00  359.90  -39.90 (VIOLATED)
_737217_/A                            320.00  359.89  -39.89 (VIOLATED)
_751917_/B                            320.00  359.86  -39.86 (VIOLATED)
_746545_/B                            320.00  359.86  -39.86 (VIOLATED)
_482539_/C                            320.00  359.86  -39.86 (VIOLATED)
_752464_/A                            320.00  359.85  -39.85 (VIOLATED)
_737943_/B                            320.00  359.84  -39.84 (VIOLATED)
_760564_/A1                           320.00  359.82  -39.82 (VIOLATED)
_482525_/C                            320.00  359.81  -39.81 (VIOLATED)
place73774/A                          320.00  359.81  -39.81 (VIOLATED)
_744148_/B                            320.00  359.80  -39.80 (VIOLATED)
_755379_/A1                           320.00  359.78  -39.78 (VIOLATED)
_757818_/A                            320.00  359.77  -39.77 (VIOLATED)
_748333_/C                            320.00  359.77  -39.77 (VIOLATED)
_739867_/A                            320.00  359.76  -39.76 (VIOLATED)
_748462_/C                            320.00  359.75  -39.75 (VIOLATED)
_754293_/A                            320.00  359.72  -39.72 (VIOLATED)
_757798_/A                            320.00  359.71  -39.71 (VIOLATED)
_750625_/A                            320.00  359.71  -39.71 (VIOLATED)
_762226_/B                            320.00  359.71  -39.71 (VIOLATED)
_749085_/B                            320.00  359.71  -39.71 (VIOLATED)
_748394_/C                            320.00  359.71  -39.71 (VIOLATED)
a_sym[19][3]$_DFFE_PN0P_/RESETN       320.00  359.71  -39.71 (VIOLATED)
_739828_/A                            320.00  359.71  -39.71 (VIOLATED)
_754289_/A                            320.00  359.69  -39.69 (VIOLATED)
_749087_/B                            320.00  359.69  -39.69 (VIOLATED)
_750741_/A                            320.00  359.69  -39.69 (VIOLATED)
_645673_/B                            320.00  359.67  -39.67 (VIOLATED)
_480750_/C                            320.00  359.65  -39.65 (VIOLATED)
a_sym[20][1]$_DFFE_PN0P_/RESETN       320.00  359.64  -39.64 (VIOLATED)
_764718_/B                            320.00  359.63  -39.63 (VIOLATED)
_753412_/B                            320.00  359.63  -39.63 (VIOLATED)
_754090_/A                            320.00  359.63  -39.63 (VIOLATED)
_748516_/A                            320.00  359.62  -39.62 (VIOLATED)
_737886_/A                            320.00  359.61  -39.61 (VIOLATED)
place74166/A                          320.00  359.61  -39.61 (VIOLATED)
_755523_/B2                           320.00  359.60  -39.60 (VIOLATED)
_742658_/A                            320.00  359.60  -39.60 (VIOLATED)
_745674_/A                            320.00  359.57  -39.57 (VIOLATED)
_754084_/A                            320.00  359.56  -39.56 (VIOLATED)
rdata_q[6925]$_DFFE_PP_/QN            320.00  359.55  -39.55 (VIOLATED)
in_data_q[44]$_DFFE_PN0P_/QN          320.00  359.55  -39.55 (VIOLATED)
_757012_/B                            320.00  359.54  -39.54 (VIOLATED)
_743294_/A                            320.00  359.54  -39.54 (VIOLATED)
_765970_/A1                           320.00  359.52  -39.52 (VIOLATED)
_765972_/A1                           320.00  359.52  -39.52 (VIOLATED)
_756184_/A1                           320.00  359.52  -39.52 (VIOLATED)
_765966_/A1                           320.00  359.50  -39.50 (VIOLATED)
a_sym[3][1]$_DFFE_PN0P_/RESETN        320.00  359.49  -39.49 (VIOLATED)
a_sym[17][3]$_DFFE_PN0P_/RESETN       320.00  359.49  -39.49 (VIOLATED)
_765963_/A                            320.00  359.49  -39.49 (VIOLATED)
_482509_/A                            320.00  359.49  -39.49 (VIOLATED)
place71966/A                          320.00  359.49  -39.49 (VIOLATED)
_748298_/B                            320.00  359.49  -39.49 (VIOLATED)
_756887_/A1                           320.00  359.48  -39.48 (VIOLATED)
_673542_/A                            320.00  359.47  -39.47 (VIOLATED)
_750409_/B                            320.00  359.47  -39.47 (VIOLATED)
_748102_/B                            320.00  359.46  -39.46 (VIOLATED)
_764583_/C                            320.00  359.44  -39.44 (VIOLATED)
_764591_/A                            320.00  359.44  -39.44 (VIOLATED)
_764588_/C                            320.00  359.43  -39.43 (VIOLATED)
_751633_/A                            320.00  359.43  -39.43 (VIOLATED)
place74803/A                          320.00  359.42  -39.42 (VIOLATED)
_748066_/A                            320.00  359.41  -39.41 (VIOLATED)
_727471_/B                            320.00  359.39  -39.39 (VIOLATED)
_741881_/A                            320.00  359.38  -39.38 (VIOLATED)
_756936_/B                            320.00  359.37  -39.37 (VIOLATED)
_764581_/C                            320.00  359.37  -39.37 (VIOLATED)
_741880_/A                            320.00  359.36  -39.36 (VIOLATED)
_752660_/A                            320.00  359.35  -39.35 (VIOLATED)
_755569_/B2                           320.00  359.35  -39.35 (VIOLATED)
_741886_/A                            320.00  359.34  -39.34 (VIOLATED)
_753549_/B                            320.00  359.32  -39.32 (VIOLATED)
_738634_/A                            320.00  359.32  -39.32 (VIOLATED)
_742660_/A                            320.00  359.30  -39.30 (VIOLATED)
_764572_/C                            320.00  359.29  -39.29 (VIOLATED)
_748046_/A                            320.00  359.29  -39.29 (VIOLATED)
_765994_/A1                           320.00  359.27  -39.27 (VIOLATED)
_765996_/A1                           320.00  359.27  -39.27 (VIOLATED)
place73751/A                          320.00  359.26  -39.26 (VIOLATED)
_765951_/A1                           320.00  359.26  -39.26 (VIOLATED)
_765946_/A                            320.00  359.26  -39.26 (VIOLATED)
_755123_/B3                           320.00  359.23  -39.23 (VIOLATED)
_755998_/A                            320.00  359.23  -39.23 (VIOLATED)
_755401_/A                            320.00  359.20  -39.20 (VIOLATED)
_752171_/A1                           320.00  359.20  -39.20 (VIOLATED)
_752781_/B                            320.00  359.20  -39.20 (VIOLATED)
_741879_/A                            320.00  359.20  -39.20 (VIOLATED)
_759062_/A1                           320.00  359.19  -39.19 (VIOLATED)
_504492_/A                            320.00  359.18  -39.18 (VIOLATED)
_743192_/B                            320.00  359.16  -39.16 (VIOLATED)
_752173_/A                            320.00  359.15  -39.15 (VIOLATED)
_764566_/C                            320.00  359.14  -39.14 (VIOLATED)
_754076_/A1                           320.00  359.14  -39.14 (VIOLATED)
_797424_/A                            320.00  359.13  -39.13 (VIOLATED)
_748401_/C                            320.00  359.12  -39.12 (VIOLATED)
_768692_/A                            320.00  359.12  -39.12 (VIOLATED)
_753662_/B                            320.00  359.11  -39.11 (VIOLATED)
_739803_/A                            320.00  359.11  -39.11 (VIOLATED)
part_q[69][2]$_DFFE_PP_/QN            320.00  359.11  -39.11 (VIOLATED)
_749574_/A                            320.00  359.10  -39.10 (VIOLATED)
_742398_/B                            320.00  359.07  -39.07 (VIOLATED)
_480776_/C                            320.00  359.06  -39.06 (VIOLATED)
_740376_/A                            320.00  359.03  -39.03 (VIOLATED)
place74335/A                          320.00  359.03  -39.03 (VIOLATED)
_741356_/B                            320.00  359.02  -39.02 (VIOLATED)
_740329_/A                            320.00  359.02  -39.02 (VIOLATED)
_764619_/A                            320.00  359.02  -39.02 (VIOLATED)
_657980_/A                            320.00  359.02  -39.02 (VIOLATED)
_762228_/B                            320.00  359.00  -39.00 (VIOLATED)
_739799_/A                            320.00  359.00  -39.00 (VIOLATED)
_740330_/A                            320.00  359.00  -39.00 (VIOLATED)
_769197_/A                            320.00  358.97  -38.97 (VIOLATED)
_764616_/C                            320.00  358.96  -38.96 (VIOLATED)
_756875_/A1                           320.00  358.96  -38.96 (VIOLATED)
_754312_/A2                           320.00  358.93  -38.93 (VIOLATED)
_740316_/A                            320.00  358.92  -38.92 (VIOLATED)
_748123_/A                            320.00  358.92  -38.92 (VIOLATED)
a_sym[13][3]$_DFFE_PN0P_/RESETN       320.00  358.91  -38.91 (VIOLATED)
_748478_/Y                            320.00  358.91  -38.91 (VIOLATED)
_751665_/A                            320.00  358.91  -38.91 (VIOLATED)
_769383_/A                            320.00  358.91  -38.91 (VIOLATED)
_755680_/A                            320.00  358.91  -38.91 (VIOLATED)
_742040_/A                            320.00  358.91  -38.91 (VIOLATED)
_753103_/B2                           320.00  358.88  -38.88 (VIOLATED)
_787959_/C                            320.00  358.87  -38.87 (VIOLATED)
_742662_/A                            320.00  358.86  -38.86 (VIOLATED)
_765984_/A1                           320.00  358.85  -38.85 (VIOLATED)
_765982_/A1                           320.00  358.85  -38.85 (VIOLATED)
_764609_/C                            320.00  358.85  -38.85 (VIOLATED)
_764602_/C                            320.00  358.85  -38.85 (VIOLATED)
_765975_/A                            320.00  358.85  -38.85 (VIOLATED)
_764595_/C                            320.00  358.85  -38.85 (VIOLATED)
_764612_/A                            320.00  358.84  -38.84 (VIOLATED)
_755689_/B2                           320.00  358.84  -38.84 (VIOLATED)
_480780_/B                            320.00  358.84  -38.84 (VIOLATED)
_764604_/C                            320.00  358.84  -38.84 (VIOLATED)
_482534_/B                            320.00  358.84  -38.84 (VIOLATED)
_765988_/A1                           320.00  358.84  -38.84 (VIOLATED)
_738846_/B                            320.00  358.82  -38.82 (VIOLATED)
_647107_/B                            320.00  358.82  -38.82 (VIOLATED)
_748398_/A                            320.00  358.80  -38.80 (VIOLATED)
_787961_/C                            320.00  358.80  -38.80 (VIOLATED)
_765990_/A1                           320.00  358.79  -38.79 (VIOLATED)
_750633_/A1                           320.00  358.79  -38.79 (VIOLATED)
_769420_/A                            320.00  358.78  -38.78 (VIOLATED)
place78686/A                          320.00  358.78  -38.78 (VIOLATED)
_747842_/A                            320.00  358.77  -38.77 (VIOLATED)
_748399_/A1                           320.00  358.76  -38.76 (VIOLATED)
_748323_/C                            320.00  358.75  -38.75 (VIOLATED)
_496893_/A                            320.00  358.75  -38.75 (VIOLATED)
_749623_/A                            320.00  358.75  -38.75 (VIOLATED)
_764597_/C                            320.00  358.74  -38.74 (VIOLATED)
h_m1_q[7]$_DFFE_PN0P_/RESETN          320.00  358.74  -38.74 (VIOLATED)
_740414_/A                            320.00  358.73  -38.73 (VIOLATED)
_739837_/A                            320.00  358.73  -38.73 (VIOLATED)
_750393_/A                            320.00  358.73  -38.73 (VIOLATED)
_738669_/B                            320.00  358.71  -38.71 (VIOLATED)
_758798_/A1                           320.00  358.71  -38.71 (VIOLATED)
_626572_/A                            320.00  358.70  -38.70 (VIOLATED)
_745655_/B                            320.00  358.68  -38.68 (VIOLATED)
_748003_/A                            320.00  358.68  -38.68 (VIOLATED)
_605271_/B                            320.00  358.67  -38.67 (VIOLATED)
_748820_/A                            320.00  358.67  -38.67 (VIOLATED)
_482520_/B                            320.00  358.65  -38.65 (VIOLATED)
_677143_/B                            320.00  358.65  -38.65 (VIOLATED)
_480706_/B                            320.00  358.65  -38.65 (VIOLATED)
_757127_/C                            320.00  358.65  -38.65 (VIOLATED)
_738604_/A                            320.00  358.61  -38.61 (VIOLATED)
_765978_/A1                           320.00  358.61  -38.61 (VIOLATED)
_751673_/A1                           320.00  358.60  -38.60 (VIOLATED)
_626571_/A                            320.00  358.60  -38.60 (VIOLATED)
_749120_/C                            320.00  358.60  -38.60 (VIOLATED)
a_sym[10][0]$_DFFE_PN0P_/QN           320.00  358.60  -38.60 (VIOLATED)
_750628_/A1                           320.00  358.60  -38.60 (VIOLATED)
_755507_/A1                           320.00  358.59  -38.59 (VIOLATED)
_657984_/A                            320.00  358.59  -38.59 (VIOLATED)
_787745_/A1                           320.00  358.58  -38.58 (VIOLATED)
_787741_/A1                           320.00  358.57  -38.57 (VIOLATED)
_764564_/Y                            320.00  358.56  -38.56 (VIOLATED)
_749642_/C                            320.00  358.56  -38.56 (VIOLATED)
_754517_/A1                           320.00  358.56  -38.56 (VIOLATED)
_762227_/B                            320.00  358.56  -38.56 (VIOLATED)
_751835_/A1                           320.00  358.54  -38.54 (VIOLATED)
_756938_/A1                           320.00  358.54  -38.54 (VIOLATED)
place73772/A                          320.00  358.51  -38.51 (VIOLATED)
_741885_/A                            320.00  358.51  -38.51 (VIOLATED)
_746177_/A                            320.00  358.50  -38.50 (VIOLATED)
place72777/A                          320.00  358.50  -38.50 (VIOLATED)
rdata_q[7404]$_DFFE_PP_/QN            320.00  358.50  -38.50 (VIOLATED)
_755868_/A                            320.00  358.49  -38.49 (VIOLATED)
a_sym[0][1]$_DFFE_PN0P_/RESETN        320.00  358.49  -38.49 (VIOLATED)
_597607_/B                            320.00  358.48  -38.48 (VIOLATED)
_753597_/A1                           320.00  358.47  -38.47 (VIOLATED)
_480135_/B                            320.00  358.46  -38.46 (VIOLATED)
_744779_/A                            320.00  358.46  -38.46 (VIOLATED)
_755984_/B2                           320.00  358.44  -38.44 (VIOLATED)
place72803/A                          320.00  358.44  -38.44 (VIOLATED)
_753441_/B                            320.00  358.43  -38.43 (VIOLATED)
_749324_/B                            320.00  358.43  -38.43 (VIOLATED)
place72769/A                          320.00  358.42  -38.42 (VIOLATED)
_758276_/A                            320.00  358.42  -38.42 (VIOLATED)
_738009_/A                            320.00  358.41  -38.41 (VIOLATED)
_657983_/A                            320.00  358.41  -38.41 (VIOLATED)
_749244_/D                            320.00  358.41  -38.41 (VIOLATED)
_650684_/B                            320.00  358.40  -38.40 (VIOLATED)
_748404_/C                            320.00  358.40  -38.40 (VIOLATED)
_754835_/A1                           320.00  358.39  -38.39 (VIOLATED)
_756979_/A                            320.00  358.38  -38.38 (VIOLATED)
_749238_/B3                           320.00  358.37  -38.37 (VIOLATED)
_758080_/B                            320.00  358.35  -38.35 (VIOLATED)
_760213_/A                            320.00  358.33  -38.33 (VIOLATED)
_752025_/A                            320.00  358.33  -38.33 (VIOLATED)
_748967_/A                            320.00  358.32  -38.32 (VIOLATED)
_752891_/A                            320.00  358.32  -38.32 (VIOLATED)
_626570_/A                            320.00  358.32  -38.32 (VIOLATED)
_742033_/A                            320.00  358.31  -38.31 (VIOLATED)
_482534_/C                            320.00  358.31  -38.31 (VIOLATED)
_742661_/A                            320.00  358.29  -38.29 (VIOLATED)
place72781/A                          320.00  358.28  -38.28 (VIOLATED)
_748291_/B                            320.00  358.28  -38.28 (VIOLATED)
_657981_/A                            320.00  358.26  -38.26 (VIOLATED)
_748972_/A1                           320.00  358.25  -38.25 (VIOLATED)
_748095_/B                            320.00  358.24  -38.24 (VIOLATED)
_742655_/A                            320.00  358.23  -38.23 (VIOLATED)
_752866_/A                            320.00  358.22  -38.22 (VIOLATED)
_753573_/B                            320.00  358.21  -38.21 (VIOLATED)
_749298_/B                            320.00  358.21  -38.21 (VIOLATED)
_756307_/B3                           320.00  358.21  -38.21 (VIOLATED)
place73997/A                          320.00  358.20  -38.20 (VIOLATED)
_754274_/B                            320.00  358.19  -38.19 (VIOLATED)
_750898_/A1                           320.00  358.19  -38.19 (VIOLATED)
_748525_/B                            320.00  358.18  -38.18 (VIOLATED)
_749127_/A2                           320.00  358.17  -38.17 (VIOLATED)
_740384_/A                            320.00  358.17  -38.17 (VIOLATED)
_740434_/A                            320.00  358.16  -38.16 (VIOLATED)
_749130_/D                            320.00  358.15  -38.15 (VIOLATED)
_738929_/B                            320.00  358.15  -38.15 (VIOLATED)
_754952_/A                            320.00  358.14  -38.14 (VIOLATED)
_738799_/A                            320.00  358.13  -38.13 (VIOLATED)
_750698_/A2                           320.00  358.13  -38.13 (VIOLATED)
_748332_/C                            320.00  358.12  -38.12 (VIOLATED)
_753402_/B                            320.00  358.12  -38.12 (VIOLATED)
_738861_/A                            320.00  358.04  -38.04 (VIOLATED)
_738785_/A                            320.00  358.04  -38.04 (VIOLATED)
_738835_/A                            320.00  358.04  -38.04 (VIOLATED)
_738837_/A                            320.00  358.03  -38.03 (VIOLATED)
_626569_/A                            320.00  357.99  -37.99 (VIOLATED)
_753395_/A                            320.00  357.97  -37.97 (VIOLATED)
_751865_/B                            320.00  357.96  -37.96 (VIOLATED)
_750971_/A                            320.00  357.96  -37.96 (VIOLATED)
_738774_/A                            320.00  357.94  -37.94 (VIOLATED)
_754953_/A                            320.00  357.93  -37.93 (VIOLATED)
_743839_/A                            320.00  357.92  -37.92 (VIOLATED)
_759484_/A1                           320.00  357.92  -37.92 (VIOLATED)
_738812_/A                            320.00  357.92  -37.92 (VIOLATED)
_480811_/A1                           320.00  357.91  -37.91 (VIOLATED)
_750611_/B2                           320.00  357.91  -37.91 (VIOLATED)
a_sym[3][5]$_DFFE_PN0P_/RESETN        320.00  357.89  -37.89 (VIOLATED)
_738744_/A                            320.00  357.88  -37.88 (VIOLATED)
a_sym[12][5]$_DFFE_PN0P_/RESETN       320.00  357.87  -37.87 (VIOLATED)
_748931_/A                            320.00  357.86  -37.86 (VIOLATED)
_755138_/B2                           320.00  357.85  -37.85 (VIOLATED)
_756304_/B3                           320.00  357.85  -37.85 (VIOLATED)
_750972_/A                            320.00  357.84  -37.84 (VIOLATED)
_480810_/C                            320.00  357.84  -37.84 (VIOLATED)
_753504_/A1                           320.00  357.84  -37.84 (VIOLATED)
_504103_/A1                           320.00  357.84  -37.84 (VIOLATED)
_739848_/A                            320.00  357.83  -37.83 (VIOLATED)
_482510_/C                            320.00  357.83  -37.83 (VIOLATED)
_742053_/A                            320.00  357.82  -37.82 (VIOLATED)
_657982_/A                            320.00  357.82  -37.82 (VIOLATED)
_740409_/A                            320.00  357.82  -37.82 (VIOLATED)
_742090_/A                            320.00  357.80  -37.80 (VIOLATED)
_742627_/A                            320.00  357.79  -37.79 (VIOLATED)
_747890_/A                            320.00  357.79  -37.79 (VIOLATED)
_739802_/A                            320.00  357.79  -37.79 (VIOLATED)
_740397_/A                            320.00  357.79  -37.79 (VIOLATED)
place67253/A                          320.00  357.78  -37.78 (VIOLATED)
_753677_/A                            320.00  357.77  -37.77 (VIOLATED)
a_sym[11][5]$_DFFE_PN0P_/RESETN       320.00  357.77  -37.77 (VIOLATED)
_749048_/D                            320.00  357.76  -37.76 (VIOLATED)
_759624_/A                            320.00  357.76  -37.76 (VIOLATED)
_740339_/A                            320.00  357.75  -37.75 (VIOLATED)
place79058/A                          320.00  357.75  -37.75 (VIOLATED)
_740411_/A                            320.00  357.75  -37.75 (VIOLATED)
_639388_/A                            320.00  357.75  -37.75 (VIOLATED)
_739817_/A                            320.00  357.75  -37.75 (VIOLATED)
_739815_/A                            320.00  357.75  -37.75 (VIOLATED)
_755037_/A1                           320.00  357.72  -37.72 (VIOLATED)
_740429_/A                            320.00  357.72  -37.72 (VIOLATED)
_749187_/C                            320.00  357.71  -37.71 (VIOLATED)
_740431_/A                            320.00  357.71  -37.71 (VIOLATED)
_742624_/A                            320.00  357.70  -37.70 (VIOLATED)
_754279_/A1                           320.00  357.69  -37.69 (VIOLATED)
_738815_/A                            320.00  357.66  -37.66 (VIOLATED)
_749332_/C                            320.00  357.66  -37.66 (VIOLATED)
place75125/A                          320.00  357.63  -37.63 (VIOLATED)
_745434_/B                            320.00  357.62  -37.62 (VIOLATED)
rdata_q[6538]$_DFFE_PP_/QN            320.00  357.61  -37.61 (VIOLATED)
_739901_/A                            320.00  357.61  -37.61 (VIOLATED)
_758453_/A1                           320.00  357.55  -37.55 (VIOLATED)
_749395_/C                            320.00  357.55  -37.55 (VIOLATED)
_754433_/B                            320.00  357.54  -37.54 (VIOLATED)
part_q[5][13]$_DFFE_PP_/QN            320.00  357.53  -37.53 (VIOLATED)
_759362_/A1                           320.00  357.53  -37.53 (VIOLATED)
_739819_/A                            320.00  357.53  -37.53 (VIOLATED)
_760630_/B                            320.00  357.52  -37.52 (VIOLATED)
_758566_/A                            320.00  357.49  -37.49 (VIOLATED)
_768883_/Y                            320.00  357.48  -37.48 (VIOLATED)
rdata_q[6566]$_DFFE_PP_/QN            320.00  357.48  -37.48 (VIOLATED)
_751681_/A1                           320.00  357.47  -37.47 (VIOLATED)
_750442_/A1                           320.00  357.45  -37.45 (VIOLATED)
_664885_/A                            320.00  357.44  -37.44 (VIOLATED)
_739810_/A                            320.00  357.44  -37.44 (VIOLATED)
_749383_/A                            320.00  357.42  -37.42 (VIOLATED)
_757075_/B                            320.00  357.41  -37.41 (VIOLATED)
_754371_/A1                           320.00  357.39  -37.39 (VIOLATED)
_742625_/A                            320.00  357.39  -37.39 (VIOLATED)
place73515/A                          320.00  357.36  -37.36 (VIOLATED)
place73687/A                          320.00  357.35  -37.35 (VIOLATED)
_482564_/C                            320.00  357.34  -37.34 (VIOLATED)
_768924_/A                            320.00  357.34  -37.34 (VIOLATED)
_749393_/C                            320.00  357.31  -37.31 (VIOLATED)
_754291_/A                            320.00  357.30  -37.30 (VIOLATED)
_739785_/B                            320.00  357.29  -37.29 (VIOLATED)
rdata_q[7498]$_DFFE_PP_/QN            320.00  357.29  -37.29 (VIOLATED)
in_data_q[7]$_DFFE_PN0P_/QN           320.00  357.28  -37.28 (VIOLATED)
_480711_/C                            320.00  357.25  -37.25 (VIOLATED)
_752919_/B                            320.00  357.25  -37.25 (VIOLATED)
place73801/A                          320.00  357.24  -37.24 (VIOLATED)
_758919_/A                            320.00  357.22  -37.22 (VIOLATED)
_759092_/A1                           320.00  357.22  -37.22 (VIOLATED)
a_sym[9][1]$_DFFE_PN0P_/QN            320.00  357.21  -37.21 (VIOLATED)
_482582_/C                            320.00  357.21  -37.21 (VIOLATED)
_480768_/A                            320.00  357.21  -37.21 (VIOLATED)
_752995_/A1                           320.00  357.16  -37.16 (VIOLATED)
_486351_/A                            320.00  357.16  -37.16 (VIOLATED)
_750844_/C                            320.00  357.14  -37.14 (VIOLATED)
_480851_/A                            320.00  357.14  -37.14 (VIOLATED)
_847932_/A                            320.00  357.13  -37.13 (VIOLATED)
_480843_/A                            320.00  357.12  -37.12 (VIOLATED)
_482522_/C                            320.00  357.10  -37.10 (VIOLATED)
_748541_/A                            320.00  357.09  -37.09 (VIOLATED)
_745694_/A                            320.00  357.06  -37.06 (VIOLATED)
_738777_/A                            320.00  357.04  -37.04 (VIOLATED)
_626568_/A                            320.00  357.03  -37.03 (VIOLATED)
_748480_/A1                           320.00  357.01  -37.01 (VIOLATED)
_756907_/A1                           320.00  357.01  -37.01 (VIOLATED)
_538956_/A                            320.00  356.99  -36.99 (VIOLATED)
_740383_/A                            320.00  356.98  -36.98 (VIOLATED)
_740797_/A                            320.00  356.97  -36.97 (VIOLATED)
_754845_/A1                           320.00  356.96  -36.96 (VIOLATED)
_652459_/B                            320.00  356.95  -36.95 (VIOLATED)
_482570_/A                            320.00  356.95  -36.95 (VIOLATED)
_755552_/A1                           320.00  356.91  -36.91 (VIOLATED)
_482574_/C                            320.00  356.91  -36.91 (VIOLATED)
_797426_/CI                           320.00  356.90  -36.90 (VIOLATED)
_753649_/B                            320.00  356.90  -36.90 (VIOLATED)
_754833_/B                            320.00  356.89  -36.89 (VIOLATED)
_769302_/A                            320.00  356.88  -36.88 (VIOLATED)
_755543_/B                            320.00  356.86  -36.86 (VIOLATED)
_737880_/A                            320.00  356.86  -36.86 (VIOLATED)
_750730_/B                            320.00  356.86  -36.86 (VIOLATED)
_748687_/Y                            320.00  356.85  -36.85 (VIOLATED)
_753761_/C                            320.00  356.85  -36.85 (VIOLATED)
_739363_/B                            320.00  356.84  -36.84 (VIOLATED)
_753451_/A1                           320.00  356.84  -36.84 (VIOLATED)
_755926_/B2                           320.00  356.83  -36.83 (VIOLATED)
_762201_/A                            320.00  356.83  -36.83 (VIOLATED)
_752659_/A1                           320.00  356.80  -36.80 (VIOLATED)
_755051_/A                            320.00  356.79  -36.79 (VIOLATED)
_742623_/A                            320.00  356.78  -36.78 (VIOLATED)
_753485_/B                            320.00  356.77  -36.77 (VIOLATED)
place74219/A                          320.00  356.73  -36.73 (VIOLATED)
_787269_/A1                           320.00  356.73  -36.73 (VIOLATED)
_739851_/A                            320.00  356.70  -36.70 (VIOLATED)
_756194_/A1                           320.00  356.69  -36.69 (VIOLATED)
_738570_/A                            320.00  356.68  -36.68 (VIOLATED)
_742622_/A                            320.00  356.68  -36.68 (VIOLATED)
_480847_/B                            320.00  356.68  -36.68 (VIOLATED)
_739839_/A                            320.00  356.68  -36.68 (VIOLATED)
_750736_/A1                           320.00  356.67  -36.67 (VIOLATED)
_710833_/A                            320.00  356.66  -36.66 (VIOLATED)
_490829_/B                            320.00  356.65  -36.65 (VIOLATED)
_747040_/A                            320.00  356.65  -36.65 (VIOLATED)
_749817_/A                            320.00  356.64  -36.64 (VIOLATED)
_750733_/B                            320.00  356.63  -36.63 (VIOLATED)
_514461_/A                            320.00  356.62  -36.62 (VIOLATED)
_756513_/A                            320.00  356.61  -36.61 (VIOLATED)
_760509_/B                            320.00  356.61  -36.61 (VIOLATED)
_482548_/C                            320.00  356.61  -36.61 (VIOLATED)
_806129_/A                            320.00  356.61  -36.61 (VIOLATED)
_747002_/A                            320.00  356.60  -36.60 (VIOLATED)
_758976_/A                            320.00  356.58  -36.58 (VIOLATED)
_759363_/A1                           320.00  356.58  -36.58 (VIOLATED)
_737785_/B                            320.00  356.57  -36.57 (VIOLATED)
_748961_/B                            320.00  356.56  -36.56 (VIOLATED)
_756748_/A                            320.00  356.55  -36.55 (VIOLATED)
place74572/A                          320.00  356.53  -36.53 (VIOLATED)
_751780_/C                            320.00  356.53  -36.53 (VIOLATED)
_482554_/A                            320.00  356.52  -36.52 (VIOLATED)
_748957_/B                            320.00  356.52  -36.52 (VIOLATED)
_739420_/B                            320.00  356.51  -36.51 (VIOLATED)
_755855_/C                            320.00  356.50  -36.50 (VIOLATED)
_756602_/A1                           320.00  356.50  -36.50 (VIOLATED)
_480706_/C                            320.00  356.49  -36.49 (VIOLATED)
_751709_/A1                           320.00  356.49  -36.49 (VIOLATED)
_482575_/C                            320.00  356.49  -36.49 (VIOLATED)
_745616_/B                            320.00  356.48  -36.48 (VIOLATED)
_751870_/A                            320.00  356.48  -36.48 (VIOLATED)
_743878_/A                            320.00  356.47  -36.47 (VIOLATED)
out_pix_data[144]$_DFFE_PN0P_/RESETN  320.00  356.47  -36.47 (VIOLATED)
_739789_/A                            320.00  356.47  -36.47 (VIOLATED)
_749379_/B                            320.00  356.45  -36.45 (VIOLATED)
_738636_/A                            320.00  356.45  -36.45 (VIOLATED)
_748328_/A                            320.00  356.45  -36.45 (VIOLATED)
_739774_/A                            320.00  356.44  -36.44 (VIOLATED)
_737278_/B                            320.00  356.44  -36.44 (VIOLATED)
a_sym[10][1]$_DFFE_PN0P_/RESETN       320.00  356.44  -36.44 (VIOLATED)
_751918_/A                            320.00  356.43  -36.43 (VIOLATED)
_759629_/A1                           320.00  356.43  -36.43 (VIOLATED)
_739854_/A                            320.00  356.41  -36.41 (VIOLATED)
_749449_/A                            320.00  356.41  -36.41 (VIOLATED)
place73247/A                          320.00  356.40  -36.40 (VIOLATED)
_767988_/A                            320.00  356.40  -36.40 (VIOLATED)
a_sym[1][4]$_DFFE_PN0P_/QN            320.00  356.39  -36.39 (VIOLATED)
_752874_/A1                           320.00  356.38  -36.38 (VIOLATED)
_739797_/A                            320.00  356.35  -36.35 (VIOLATED)
in_data_q[112]$_DFFE_PN0P_/QN         320.00  356.33  -36.33 (VIOLATED)
_754217_/A1                           320.00  356.31  -36.31 (VIOLATED)
part_q[1][14]$_DFFE_PP_/QN            320.00  356.27  -36.27 (VIOLATED)
_763140_/A1                           320.00  356.26  -36.26 (VIOLATED)
_482550_/A                            320.00  356.25  -36.25 (VIOLATED)
_751917_/A                            320.00  356.25  -36.25 (VIOLATED)
_750813_/B                            320.00  356.24  -36.24 (VIOLATED)
a_sym[5][1]$_DFFE_PN0P_/RESETN        320.00  356.24  -36.24 (VIOLATED)
a_sym[21][1]$_DFFE_PN0P_/RESETN       320.00  356.23  -36.23 (VIOLATED)
a_sym[4][1]$_DFFE_PN0P_/RESETN        320.00  356.23  -36.23 (VIOLATED)
_747850_/A                            320.00  356.22  -36.22 (VIOLATED)
a_sym[19][2]$_DFFE_PN0P_/RESETN       320.00  356.22  -36.22 (VIOLATED)
_480760_/C                            320.00  356.22  -36.22 (VIOLATED)
_756184_/B2                           320.00  356.21  -36.21 (VIOLATED)
_738383_/B                            320.00  356.18  -36.18 (VIOLATED)
_739796_/A                            320.00  356.18  -36.18 (VIOLATED)
place74216/A                          320.00  356.16  -36.16 (VIOLATED)
_755779_/A                            320.00  356.15  -36.15 (VIOLATED)
_496854_/C                            320.00  356.15  -36.15 (VIOLATED)
in_data_q[40]$_DFFE_PN0P_/QN          320.00  356.15  -36.15 (VIOLATED)
_740394_/A                            320.00  356.14  -36.14 (VIOLATED)
_752882_/B                            320.00  356.13  -36.13 (VIOLATED)
_480736_/C                            320.00  356.10  -36.10 (VIOLATED)
_756917_/A1                           320.00  356.09  -36.09 (VIOLATED)
_749312_/B                            320.00  356.05  -36.05 (VIOLATED)
_626567_/A                            320.00  356.03  -36.03 (VIOLATED)
_737608_/B                            320.00  356.02  -36.02 (VIOLATED)
_757995_/B3                           320.00  356.00  -36.00 (VIOLATED)
_739809_/A                            320.00  355.99  -35.99 (VIOLATED)
_752749_/A1                           320.00  355.97  -35.97 (VIOLATED)
place71971/A                          320.00  355.97  -35.97 (VIOLATED)
_768690_/A                            320.00  355.96  -35.96 (VIOLATED)
_737950_/A                            320.00  355.95  -35.95 (VIOLATED)
rdata_q[6770]$_DFFE_PP_/QN            320.00  355.95  -35.95 (VIOLATED)
_754134_/A                            320.00  355.93  -35.93 (VIOLATED)
a_sym[8][5]$_DFFE_PN0P_/RESETN        320.00  355.93  -35.93 (VIOLATED)
_749286_/C                            320.00  355.91  -35.91 (VIOLATED)
_757562_/C                            320.00  355.89  -35.89 (VIOLATED)
_750569_/A1                           320.00  355.89  -35.89 (VIOLATED)
_752871_/A                            320.00  355.88  -35.88 (VIOLATED)
m_ce[15]$_DFFE_PN0P_/RESETN           320.00  355.87  -35.87 (VIOLATED)
_743964_/A                            320.00  355.86  -35.86 (VIOLATED)
_592397_/B                            320.00  355.85  -35.85 (VIOLATED)
oskid_d[12]$_DFFE_PN0P_/RESETN        320.00  355.84  -35.84 (VIOLATED)
_737944_/B                            320.00  355.84  -35.84 (VIOLATED)
_760411_/B                            320.00  355.83  -35.83 (VIOLATED)
_805788_/CI                           320.00  355.82  -35.82 (VIOLATED)
_743825_/A                            320.00  355.79  -35.79 (VIOLATED)
_755007_/A1                           320.00  355.78  -35.78 (VIOLATED)
_745125_/B                            320.00  355.78  -35.78 (VIOLATED)
_743882_/A                            320.00  355.75  -35.75 (VIOLATED)
_743910_/A                            320.00  355.75  -35.75 (VIOLATED)
_743883_/A                            320.00  355.72  -35.72 (VIOLATED)
_737937_/A                            320.00  355.72  -35.72 (VIOLATED)
_754288_/A                            320.00  355.69  -35.69 (VIOLATED)
_742648_/A                            320.00  355.66  -35.66 (VIOLATED)
_737936_/A                            320.00  355.65  -35.65 (VIOLATED)
_751790_/A                            320.00  355.59  -35.59 (VIOLATED)
_755602_/A                            320.00  355.56  -35.56 (VIOLATED)
_743843_/A                            320.00  355.55  -35.55 (VIOLATED)
_754962_/A1                           320.00  355.53  -35.53 (VIOLATED)
_482552_/A                            320.00  355.52  -35.52 (VIOLATED)
_748391_/A1                           320.00  355.52  -35.52 (VIOLATED)
_743974_/A                            320.00  355.52  -35.52 (VIOLATED)
_742082_/B                            320.00  355.52  -35.52 (VIOLATED)
_748545_/A                            320.00  355.51  -35.51 (VIOLATED)
_751734_/C                            320.00  355.51  -35.51 (VIOLATED)
_486162_/A                            320.00  355.51  -35.51 (VIOLATED)
_741728_/B                            320.00  355.49  -35.49 (VIOLATED)
_480753_/C                            320.00  355.49  -35.49 (VIOLATED)
_753498_/A                            320.00  355.49  -35.49 (VIOLATED)
_742049_/A                            320.00  355.48  -35.48 (VIOLATED)
hold105501/A                          320.00  355.44  -35.44 (VIOLATED)
in_data_q[132]$_DFFE_PN0P_/QN         320.00  355.43  -35.43 (VIOLATED)
_480399_/B                            320.00  355.43  -35.43 (VIOLATED)
_748378_/A                            320.00  355.43  -35.43 (VIOLATED)
_765488_/A1                           320.00  355.41  -35.41 (VIOLATED)
_486278_/C                            320.00  355.39  -35.39 (VIOLATED)
_748428_/A                            320.00  355.38  -35.38 (VIOLATED)
place67252/A                          320.00  355.37  -35.37 (VIOLATED)
_769411_/Y                            320.00  355.37  -35.37 (VIOLATED)
_756604_/A                            320.00  355.30  -35.30 (VIOLATED)
place74052/A                          320.00  355.30  -35.30 (VIOLATED)
_756606_/B                            320.00  355.29  -35.29 (VIOLATED)
_745648_/B                            320.00  355.26  -35.26 (VIOLATED)
place74048/A                          320.00  355.26  -35.26 (VIOLATED)
_751685_/A1                           320.00  355.26  -35.26 (VIOLATED)
_748418_/A1                           320.00  355.23  -35.23 (VIOLATED)
_743288_/A                            320.00  355.20  -35.20 (VIOLATED)
_487390_/A1                           320.00  355.20  -35.20 (VIOLATED)
_487392_/A                            320.00  355.19  -35.19 (VIOLATED)
_516970_/B                            320.00  355.16  -35.16 (VIOLATED)
_740322_/A                            320.00  355.16  -35.16 (VIOLATED)
_497043_/A1                           320.00  355.15  -35.15 (VIOLATED)
_748471_/C                            320.00  355.14  -35.14 (VIOLATED)
_482516_/B3                           320.00  355.14  -35.14 (VIOLATED)
_503038_/A1                           320.00  355.14  -35.14 (VIOLATED)
_759457_/B                            320.00  355.13  -35.13 (VIOLATED)
_497027_/A1                           320.00  355.12  -35.12 (VIOLATED)
place74532/A                          320.00  355.12  -35.12 (VIOLATED)
_748411_/A1                           320.00  355.10  -35.10 (VIOLATED)
_755003_/C                            320.00  355.10  -35.10 (VIOLATED)
_755002_/B                            320.00  355.07  -35.07 (VIOLATED)
_748889_/B                            320.00  355.06  -35.06 (VIOLATED)
_754196_/B                            320.00  355.06  -35.06 (VIOLATED)
_740306_/A                            320.00  355.06  -35.06 (VIOLATED)
_503049_/A1                           320.00  355.05  -35.05 (VIOLATED)
_748397_/A                            320.00  355.05  -35.05 (VIOLATED)
_748430_/B                            320.00  355.04  -35.04 (VIOLATED)
_752750_/A                            320.00  355.03  -35.03 (VIOLATED)
_751725_/A                            320.00  355.03  -35.03 (VIOLATED)
_736946_/A                            320.00  355.02  -35.02 (VIOLATED)
_748406_/A                            320.00  355.01  -35.01 (VIOLATED)
_482557_/A1                           320.00  355.01  -35.01 (VIOLATED)
_738660_/A                            320.00  354.99  -34.99 (VIOLATED)
_754526_/B2                           320.00  354.98  -34.98 (VIOLATED)
r_cnt[10]$_DFFE_PN0P_/RESETN          320.00  354.98  -34.98 (VIOLATED)
_754194_/B                            320.00  354.96  -34.96 (VIOLATED)
place72787/A                          320.00  354.93  -34.93 (VIOLATED)
_754366_/A                            320.00  354.93  -34.93 (VIOLATED)
_742645_/A                            320.00  354.92  -34.92 (VIOLATED)
_744777_/A                            320.00  354.92  -34.92 (VIOLATED)
_758570_/C                            320.00  354.92  -34.92 (VIOLATED)
_750499_/B                            320.00  354.91  -34.91 (VIOLATED)
_744787_/A                            320.00  354.90  -34.90 (VIOLATED)
_750783_/A                            320.00  354.87  -34.87 (VIOLATED)
_751880_/A1                           320.00  354.85  -34.85 (VIOLATED)
_656730_/B                            320.00  354.84  -34.84 (VIOLATED)
_760633_/A1                           320.00  354.84  -34.84 (VIOLATED)
rdata_q[6400]$_DFFE_PP_/QN            320.00  354.84  -34.84 (VIOLATED)
_750786_/A                            320.00  354.82  -34.82 (VIOLATED)
_740385_/A                            320.00  354.80  -34.80 (VIOLATED)
_754179_/A                            320.00  354.79  -34.79 (VIOLATED)
_738850_/B                            320.00  354.78  -34.78 (VIOLATED)
_742626_/A                            320.00  354.78  -34.78 (VIOLATED)
_753009_/A                            320.00  354.76  -34.76 (VIOLATED)
_482527_/C                            320.00  354.76  -34.76 (VIOLATED)
place72251/A                          320.00  354.76  -34.76 (VIOLATED)
_745302_/B                            320.00  354.75  -34.75 (VIOLATED)
_757751_/B                            320.00  354.74  -34.74 (VIOLATED)
_671676_/A                            320.00  354.73  -34.73 (VIOLATED)
_735637_/A                            320.00  354.73  -34.73 (VIOLATED)
_741551_/B                            320.00  354.70  -34.70 (VIOLATED)
_754910_/A                            320.00  354.69  -34.69 (VIOLATED)
place73985/A                          320.00  354.68  -34.68 (VIOLATED)
_750610_/B3                           320.00  354.67  -34.67 (VIOLATED)
_748582_/B                            320.00  354.66  -34.66 (VIOLATED)
_752771_/B3                           320.00  354.66  -34.66 (VIOLATED)
_754203_/B                            320.00  354.64  -34.64 (VIOLATED)
_750790_/A                            320.00  354.62  -34.62 (VIOLATED)
_754371_/C                            320.00  354.61  -34.61 (VIOLATED)
_739857_/A                            320.00  354.57  -34.57 (VIOLATED)
place78979/A                          320.00  354.57  -34.57 (VIOLATED)
_754347_/A1                           320.00  354.55  -34.55 (VIOLATED)
_752742_/A1                           320.00  354.55  -34.55 (VIOLATED)
_754205_/B                            320.00  354.54  -34.54 (VIOLATED)
_600851_/A                            320.00  354.52  -34.52 (VIOLATED)
_480662_/B                            320.00  354.51  -34.51 (VIOLATED)
_754279_/C                            320.00  354.49  -34.49 (VIOLATED)
_750559_/B3                           320.00  354.47  -34.47 (VIOLATED)
_742035_/A                            320.00  354.45  -34.45 (VIOLATED)
_745690_/A                            320.00  354.42  -34.42 (VIOLATED)
_737852_/B                            320.00  354.42  -34.42 (VIOLATED)
_746216_/A                            320.00  354.39  -34.39 (VIOLATED)
_755453_/B3                           320.00  354.39  -34.39 (VIOLATED)
a_sym[11][2]$_DFFE_PN0P_/RESETN       320.00  354.38  -34.38 (VIOLATED)
a_sym[21][2]$_DFFE_PN0P_/RESETN       320.00  354.37  -34.37 (VIOLATED)
_480017_/A                            320.00  354.36  -34.36 (VIOLATED)
_747867_/A                            320.00  354.36  -34.36 (VIOLATED)
_487375_/B                            320.00  354.35  -34.35 (VIOLATED)
_763991_/A1                           320.00  354.34  -34.34 (VIOLATED)
_756578_/B2                           320.00  354.33  -34.33 (VIOLATED)
_762184_/B                            320.00  354.31  -34.31 (VIOLATED)
_482407_/A                            320.00  354.30  -34.30 (VIOLATED)
oskid_d[10]$_DFFE_PN0P_/RESETN        320.00  354.30  -34.30 (VIOLATED)
_752705_/A1                           320.00  354.29  -34.29 (VIOLATED)
_750514_/B3                           320.00  354.28  -34.28 (VIOLATED)
_750518_/B                            320.00  354.23  -34.23 (VIOLATED)
_759631_/A1                           320.00  354.23  -34.23 (VIOLATED)
_742034_/A                            320.00  354.22  -34.22 (VIOLATED)
place67282/A                          320.00  354.22  -34.22 (VIOLATED)
_758440_/B                            320.00  354.20  -34.20 (VIOLATED)
_748620_/B                            320.00  354.18  -34.18 (VIOLATED)
_748464_/A                            320.00  354.18  -34.18 (VIOLATED)
_502981_/A1                           320.00  354.18  -34.18 (VIOLATED)
_753642_/A1                           320.00  354.17  -34.17 (VIOLATED)
_757756_/A1                           320.00  354.17  -34.17 (VIOLATED)
_480696_/Y                            320.00  354.14  -34.14 (VIOLATED)
_760414_/A1                           320.00  354.14  -34.14 (VIOLATED)
_742233_/A                            320.00  354.11  -34.11 (VIOLATED)
_756962_/B1                           320.00  354.11  -34.11 (VIOLATED)
_755792_/A                            320.00  354.08  -34.08 (VIOLATED)
_752879_/B                            320.00  354.05  -34.05 (VIOLATED)
a_sym[9][1]$_DFFE_PN0P_/RESETN        320.00  354.04  -34.04 (VIOLATED)
_763138_/A                            320.00  354.04  -34.04 (VIOLATED)
_758672_/A                            320.00  354.04  -34.04 (VIOLATED)
_480567_/A                            320.00  354.03  -34.03 (VIOLATED)
_759086_/A1                           320.00  353.99  -33.99 (VIOLATED)
_759073_/A1                           320.00  353.98  -33.98 (VIOLATED)
_751939_/A1                           320.00  353.97  -33.97 (VIOLATED)
_759630_/C                            320.00  353.96  -33.96 (VIOLATED)
_759760_/A1                           320.00  353.93  -33.93 (VIOLATED)
_739840_/A                            320.00  353.92  -33.92 (VIOLATED)
place74330/A                          320.00  353.91  -33.91 (VIOLATED)
_748473_/A                            320.00  353.90  -33.90 (VIOLATED)
_750563_/B                            320.00  353.90  -33.90 (VIOLATED)
_736129_/A                            320.00  353.89  -33.89 (VIOLATED)
_755124_/B2                           320.00  353.89  -33.89 (VIOLATED)
_761883_/B1                           320.00  353.89  -33.89 (VIOLATED)
_480789_/B                            320.00  353.89  -33.89 (VIOLATED)
_761879_/B1                           320.00  353.88  -33.88 (VIOLATED)
_750712_/A1                           320.00  353.88  -33.88 (VIOLATED)
_738795_/A                            320.00  353.87  -33.87 (VIOLATED)
_738654_/A                            320.00  353.86  -33.86 (VIOLATED)
_736123_/A                            320.00  353.86  -33.86 (VIOLATED)
_736127_/B                            320.00  353.85  -33.85 (VIOLATED)
_514479_/C                            320.00  353.84  -33.84 (VIOLATED)
_487360_/A1                           320.00  353.84  -33.84 (VIOLATED)
_745652_/B                            320.00  353.82  -33.82 (VIOLATED)
_761881_/B1                           320.00  353.82  -33.82 (VIOLATED)
_761885_/B1                           320.00  353.82  -33.82 (VIOLATED)
_738567_/A                            320.00  353.81  -33.81 (VIOLATED)
_740423_/A                            320.00  353.80  -33.80 (VIOLATED)
_736140_/A                            320.00  353.79  -33.79 (VIOLATED)
_761891_/B1                           320.00  353.78  -33.78 (VIOLATED)
_736138_/A                            320.00  353.77  -33.77 (VIOLATED)
_736143_/A                            320.00  353.76  -33.76 (VIOLATED)
_761889_/B1                           320.00  353.75  -33.75 (VIOLATED)
_738647_/A                            320.00  353.75  -33.75 (VIOLATED)
_740355_/A                            320.00  353.73  -33.73 (VIOLATED)
_736132_/A                            320.00  353.73  -33.73 (VIOLATED)
_752169_/B2                           320.00  353.72  -33.72 (VIOLATED)
_761893_/B1                           320.00  353.72  -33.72 (VIOLATED)
place73972/A                          320.00  353.72  -33.72 (VIOLATED)
in_data_q[59]$_DFFE_PN0P_/QN          320.00  353.72  -33.72 (VIOLATED)
a_sym[9][2]$_DFFE_PN0P_/RESETN        320.00  353.72  -33.72 (VIOLATED)
_480391_/C                            320.00  353.72  -33.72 (VIOLATED)
_751769_/A                            320.00  353.71  -33.71 (VIOLATED)
_748704_/A                            320.00  353.67  -33.67 (VIOLATED)
a_sym[1][2]$_DFFE_PN0P_/RESETN        320.00  353.66  -33.66 (VIOLATED)
_738712_/A                            320.00  353.65  -33.65 (VIOLATED)
coef_q[121]$_DFFE_PN0P_/RESETN        320.00  353.65  -33.65 (VIOLATED)
place83513/Y                          320.00  353.65  -33.65 (VIOLATED)
_736136_/A                            320.00  353.65  -33.65 (VIOLATED)
_614336_/B                            320.00  353.64  -33.64 (VIOLATED)
_738583_/A                            320.00  353.64  -33.64 (VIOLATED)
_858212_/A                            320.00  353.63  -33.63 (VIOLATED)
place83507/A                          320.00  353.62  -33.62 (VIOLATED)
_760413_/A1                           320.00  353.61  -33.61 (VIOLATED)
_755622_/A1                           320.00  353.60  -33.60 (VIOLATED)
_755624_/A                            320.00  353.59  -33.59 (VIOLATED)
_753756_/A1                           320.00  353.59  -33.59 (VIOLATED)
_749357_/A1                           320.00  353.59  -33.59 (VIOLATED)
_738703_/A                            320.00  353.58  -33.58 (VIOLATED)
_738706_/A                            320.00  353.58  -33.58 (VIOLATED)
_742241_/A                            320.00  353.57  -33.57 (VIOLATED)
coef_q[116]$_DFFE_PN0P_/RESETN        320.00  353.56  -33.56 (VIOLATED)
_738644_/A                            320.00  353.55  -33.55 (VIOLATED)
_761887_/B1                           320.00  353.54  -33.54 (VIOLATED)
_737073_/A                            320.00  353.54  -33.54 (VIOLATED)
_736922_/A                            320.00  353.52  -33.52 (VIOLATED)
_752813_/A                            320.00  353.52  -33.52 (VIOLATED)
coef_q[118]$_DFFE_PN0P_/RESETN        320.00  353.52  -33.52 (VIOLATED)
coef_q[65]$_DFFE_PN0P_/RESETN         320.00  353.51  -33.51 (VIOLATED)
_754472_/A                            320.00  353.50  -33.50 (VIOLATED)
_756696_/A1                           320.00  353.48  -33.48 (VIOLATED)
_738585_/A                            320.00  353.47  -33.47 (VIOLATED)
_747776_/A                            320.00  353.46  -33.46 (VIOLATED)
_761873_/A                            320.00  353.46  -33.46 (VIOLATED)
_797318_/B                            320.00  353.46  -33.46 (VIOLATED)
_750792_/A                            320.00  353.44  -33.44 (VIOLATED)
_761877_/B1                           320.00  353.42  -33.42 (VIOLATED)
_740318_/A                            320.00  353.42  -33.42 (VIOLATED)
_745540_/B                            320.00  353.42  -33.42 (VIOLATED)
_737131_/A                            320.00  353.41  -33.41 (VIOLATED)
_753992_/A                            320.00  353.41  -33.41 (VIOLATED)
_761896_/B1                           320.00  353.39  -33.39 (VIOLATED)
_736145_/A                            320.00  353.39  -33.39 (VIOLATED)
_743313_/A                            320.00  353.37  -33.37 (VIOLATED)
_751886_/A1                           320.00  353.37  -33.37 (VIOLATED)
_754978_/A1                           320.00  353.36  -33.36 (VIOLATED)
_740404_/A                            320.00  353.36  -33.36 (VIOLATED)
_754470_/A1                           320.00  353.34  -33.34 (VIOLATED)
_760867_/A                            320.00  353.33  -33.33 (VIOLATED)
_751648_/A                            320.00  353.31  -33.31 (VIOLATED)
_748135_/C                            320.00  353.28  -33.28 (VIOLATED)
_757536_/B1                           320.00  353.26  -33.26 (VIOLATED)
r_cnt[9]$_DFFE_PN0P_/RESETN           320.00  353.25  -33.25 (VIOLATED)
_752042_/A1                           320.00  353.25  -33.25 (VIOLATED)
_750633_/B                            320.00  353.25  -33.25 (VIOLATED)
_737168_/A                            320.00  353.25  -33.25 (VIOLATED)
_755778_/A1                           320.00  353.24  -33.24 (VIOLATED)
_750984_/A1                           320.00  353.22  -33.22 (VIOLATED)
_746191_/A                            320.00  353.22  -33.22 (VIOLATED)
_742620_/A                            320.00  353.20  -33.20 (VIOLATED)
_760387_/A                            320.00  353.19  -33.19 (VIOLATED)
_756270_/A1                           320.00  353.18  -33.18 (VIOLATED)
_750779_/A1                           320.00  353.17  -33.17 (VIOLATED)
coef_q[35]$_DFFE_PN0P_/RESETN         320.00  353.16  -33.16 (VIOLATED)
_751810_/A                            320.00  353.15  -33.15 (VIOLATED)
_742240_/A                            320.00  353.15  -33.15 (VIOLATED)
output10032/A                         320.00  353.14  -33.14 (VIOLATED)
part_q[30][11]$_DFFE_PP_/QN           320.00  353.13  -33.13 (VIOLATED)
_748320_/B                            320.00  353.12  -33.12 (VIOLATED)
_760371_/A                            320.00  353.12  -33.12 (VIOLATED)
_746214_/A                            320.00  353.11  -33.11 (VIOLATED)
_737401_/A                            320.00  353.10  -33.10 (VIOLATED)
_760218_/C                            320.00  353.09  -33.09 (VIOLATED)
_760189_/A                            320.00  353.07  -33.07 (VIOLATED)
_756710_/A                            320.00  353.07  -33.07 (VIOLATED)
_738709_/A                            320.00  353.07  -33.07 (VIOLATED)
_738721_/A                            320.00  353.07  -33.07 (VIOLATED)
_797435_/B                            320.00  353.06  -33.06 (VIOLATED)
rdata_q[7350]$_DFFE_PP_/QN            320.00  353.04  -33.04 (VIOLATED)
_740387_/A                            320.00  353.02  -33.02 (VIOLATED)
_756677_/B3                           320.00  352.99  -32.99 (VIOLATED)
a_sym[0][0]$_DFFE_PN0P_/QN            320.00  352.96  -32.96 (VIOLATED)
a_sym[24][6]$_DFFE_PN0P_/RESETN       320.00  352.94  -32.94 (VIOLATED)
place67239/A                          320.00  352.94  -32.94 (VIOLATED)
_741987_/A                            320.00  352.93  -32.93 (VIOLATED)
_482540_/C                            320.00  352.93  -32.93 (VIOLATED)
_751843_/B                            320.00  352.93  -32.93 (VIOLATED)
_482513_/Y                            320.00  352.91  -32.91 (VIOLATED)
_757100_/A1                           320.00  352.90  -32.90 (VIOLATED)
_749297_/A                            320.00  352.90  -32.90 (VIOLATED)
place80435/A                          320.00  352.89  -32.89 (VIOLATED)
out_pix_data[147]$_DFFE_PN0P_/RESETN  320.00  352.88  -32.88 (VIOLATED)
rdata_q[6521]$_DFFE_PP_/QN            320.00  352.87  -32.87 (VIOLATED)
_741871_/B                            320.00  352.87  -32.87 (VIOLATED)
_720961_/A                            320.00  352.87  -32.87 (VIOLATED)
_749328_/A                            320.00  352.86  -32.86 (VIOLATED)
_754971_/A2                           320.00  352.85  -32.85 (VIOLATED)
_759873_/C1                           320.00  352.85  -32.85 (VIOLATED)
_487398_/A                            320.00  352.83  -32.83 (VIOLATED)
_756976_/A                            320.00  352.81  -32.81 (VIOLATED)
_753067_/B                            320.00  352.79  -32.79 (VIOLATED)
_755436_/C                            320.00  352.76  -32.76 (VIOLATED)
_760269_/A                            320.00  352.75  -32.75 (VIOLATED)
_746190_/A                            320.00  352.74  -32.74 (VIOLATED)
_754985_/C                            320.00  352.73  -32.73 (VIOLATED)
_751093_/A1                           320.00  352.73  -32.73 (VIOLATED)
_756267_/A                            320.00  352.71  -32.71 (VIOLATED)
_545199_/C                            320.00  352.70  -32.70 (VIOLATED)
_748927_/B1                           320.00  352.70  -32.70 (VIOLATED)
coef_q[86]$_DFFE_PN0P_/RESETN         320.00  352.67  -32.67 (VIOLATED)
_842504_/A                            320.00  352.67  -32.67 (VIOLATED)
_746194_/A                            320.00  352.66  -32.66 (VIOLATED)
_768725_/A                            320.00  352.66  -32.66 (VIOLATED)
_751913_/B                            320.00  352.65  -32.65 (VIOLATED)
_480373_/B2                           320.00  352.64  -32.64 (VIOLATED)
_740341_/A                            320.00  352.64  -32.64 (VIOLATED)
_751911_/A1                           320.00  352.64  -32.64 (VIOLATED)
_656751_/B                            320.00  352.63  -32.63 (VIOLATED)
a_sym[19][1]$_DFFE_PN0P_/QN           320.00  352.63  -32.63 (VIOLATED)
_759356_/B2                           320.00  352.63  -32.63 (VIOLATED)
_758006_/A1                           320.00  352.62  -32.62 (VIOLATED)
_759619_/B2                           320.00  352.61  -32.61 (VIOLATED)
_745717_/B                            320.00  352.60  -32.60 (VIOLATED)
_742629_/A                            320.00  352.58  -32.58 (VIOLATED)
_755509_/A1                           320.00  352.58  -32.58 (VIOLATED)
in_data_q[32]$_DFFE_PN0P_/QN          320.00  352.56  -32.56 (VIOLATED)
_753007_/B                            320.00  352.55  -32.55 (VIOLATED)
_745232_/B                            320.00  352.54  -32.54 (VIOLATED)
place74837/A                          320.00  352.53  -32.53 (VIOLATED)
_750992_/A                            320.00  352.52  -32.52 (VIOLATED)
_756583_/A1                           320.00  352.52  -32.52 (VIOLATED)
place74865/A                          320.00  352.51  -32.51 (VIOLATED)
place67095/Y                          320.00  352.49  -32.49 (VIOLATED)
_746193_/A                            320.00  352.48  -32.48 (VIOLATED)
_753744_/C                            320.00  352.46  -32.46 (VIOLATED)
_487368_/A1                           320.00  352.45  -32.45 (VIOLATED)
_479322_/A                            320.00  352.44  -32.44 (VIOLATED)
_486304_/A                            320.00  352.44  -32.44 (VIOLATED)
_487279_/A                            320.00  352.44  -32.44 (VIOLATED)
_750770_/B                            320.00  352.42  -32.42 (VIOLATED)
coef_q[125]$_DFFE_PN0P_/RESETN        320.00  352.42  -32.42 (VIOLATED)
_739847_/A                            320.00  352.41  -32.41 (VIOLATED)
coef_q[33]$_DFFE_PN0P_/RESETN         320.00  352.39  -32.39 (VIOLATED)
_748193_/A                            320.00  352.39  -32.39 (VIOLATED)
_480703_/A                            320.00  352.35  -32.35 (VIOLATED)
_750525_/C                            320.00  352.35  -32.35 (VIOLATED)
coef_q[64]$_DFFE_PN0P_/RESETN         320.00  352.34  -32.34 (VIOLATED)
_746699_/A                            320.00  352.34  -32.34 (VIOLATED)
_749613_/C                            320.00  352.33  -32.33 (VIOLATED)
_753791_/A                            320.00  352.33  -32.33 (VIOLATED)
_756206_/A                            320.00  352.33  -32.33 (VIOLATED)
m_addr[6]$_DFFE_PN0P_/RESETN          320.00  352.33  -32.33 (VIOLATED)
_749739_/A                            320.00  352.32  -32.32 (VIOLATED)
_760725_/C                            320.00  352.32  -32.32 (VIOLATED)
_739350_/B                            320.00  352.31  -32.31 (VIOLATED)
_753432_/A                            320.00  352.30  -32.30 (VIOLATED)
_747833_/A                            320.00  352.30  -32.30 (VIOLATED)
a_sym[0][6]$_DFFE_PN0P_/QN            320.00  352.29  -32.29 (VIOLATED)
coef_q[20]$_DFFE_PN0P_/RESETN         320.00  352.28  -32.28 (VIOLATED)
_748144_/A                            320.00  352.27  -32.27 (VIOLATED)
_759788_/C                            320.00  352.27  -32.27 (VIOLATED)
_738206_/B                            320.00  352.23  -32.23 (VIOLATED)
_750776_/B                            320.00  352.22  -32.22 (VIOLATED)
_740353_/A                            320.00  352.22  -32.22 (VIOLATED)
_761107_/A1                           320.00  352.21  -32.21 (VIOLATED)
rdata_q[5823]$_DFFE_PP_/QN            320.00  352.21  -32.21 (VIOLATED)
_748954_/A1                           320.00  352.20  -32.20 (VIOLATED)
_759465_/B                            320.00  352.16  -32.16 (VIOLATED)
_759076_/A1                           320.00  352.16  -32.16 (VIOLATED)
m_ce[10]$_DFFE_PN0P_/RESETN           320.00  352.16  -32.16 (VIOLATED)
_758440_/A1                           320.00  352.15  -32.15 (VIOLATED)
place74794/A                          320.00  352.15  -32.15 (VIOLATED)
coef_q[185]$_DFFE_PN0P_/RESETN        320.00  352.14  -32.14 (VIOLATED)
m_ce[14]$_DFFE_PN0P_/RESETN           320.00  352.12  -32.12 (VIOLATED)
c_cnt[7]$_DFFE_PN0P_/RESETN           320.00  352.11  -32.11 (VIOLATED)
_736586_/B                            320.00  352.08  -32.08 (VIOLATED)
_616404_/A                            320.00  352.08  -32.08 (VIOLATED)
r_cnt[8]$_DFFE_PN0P_/RESETN           320.00  352.06  -32.06 (VIOLATED)
_751672_/A                            320.00  352.06  -32.06 (VIOLATED)
c_cnt[6]$_DFFE_PN0P_/RESETN           320.00  352.04  -32.04 (VIOLATED)
_744976_/A                            320.00  352.03  -32.03 (VIOLATED)
_756529_/C                            320.00  352.01  -32.01 (VIOLATED)
_761106_/B                            320.00  351.99  -31.99 (VIOLATED)
coef_q[152]$_DFFE_PN0P_/RESETN        320.00  351.98  -31.98 (VIOLATED)
coef_q[88]$_DFFE_PN0P_/RESETN         320.00  351.98  -31.98 (VIOLATED)
_760868_/A                            320.00  351.96  -31.96 (VIOLATED)
_749611_/A                            320.00  351.94  -31.94 (VIOLATED)
coef_q[138]$_DFFE_PN0P_/RESETN        320.00  351.94  -31.94 (VIOLATED)
_760574_/A1                           320.00  351.89  -31.89 (VIOLATED)
_746218_/A                            320.00  351.89  -31.89 (VIOLATED)
_741256_/A                            320.00  351.89  -31.89 (VIOLATED)
_760919_/A                            320.00  351.84  -31.84 (VIOLATED)
_752146_/A                            320.00  351.84  -31.84 (VIOLATED)
_480780_/C                            320.00  351.83  -31.83 (VIOLATED)
c_cnt[8]$_DFFE_PN0P_/RESETN           320.00  351.82  -31.82 (VIOLATED)
_787149_/A1                           320.00  351.81  -31.81 (VIOLATED)
_757275_/C                            320.00  351.81  -31.81 (VIOLATED)
_754201_/A1                           320.00  351.80  -31.80 (VIOLATED)
_759236_/A                            320.00  351.80  -31.80 (VIOLATED)
_741255_/A                            320.00  351.80  -31.80 (VIOLATED)
_760920_/A1                           320.00  351.79  -31.79 (VIOLATED)
coef_q[8]$_DFFE_PN0P_/RESETN          320.00  351.79  -31.79 (VIOLATED)
_760670_/C                            320.00  351.77  -31.77 (VIOLATED)
_638208_/B                            320.00  351.77  -31.77 (VIOLATED)
coef_q[37]$_DFFE_PN0P_/RESETN         320.00  351.77  -31.77 (VIOLATED)
_742037_/A                            320.00  351.76  -31.76 (VIOLATED)
_757526_/A                            320.00  351.76  -31.76 (VIOLATED)
coef_q[69]$_DFFE_PN0P_/RESETN         320.00  351.75  -31.75 (VIOLATED)
_756595_/A                            320.00  351.74  -31.74 (VIOLATED)
place73873/A                          320.00  351.69  -31.69 (VIOLATED)
_759075_/C                            320.00  351.68  -31.68 (VIOLATED)
_544473_/C                            320.00  351.66  -31.66 (VIOLATED)
_750627_/B                            320.00  351.63  -31.63 (VIOLATED)
_530015_/A1                           320.00  351.63  -31.63 (VIOLATED)
_758543_/A1                           320.00  351.61  -31.61 (VIOLATED)
_760462_/A1                           320.00  351.61  -31.61 (VIOLATED)
_737216_/A                            320.00  351.60  -31.60 (VIOLATED)
c_cnt[4]$_DFFE_PN0P_/RESETN           320.00  351.59  -31.59 (VIOLATED)
_742621_/A                            320.00  351.58  -31.58 (VIOLATED)
_482499_/A                            320.00  351.56  -31.56 (VIOLATED)
_742644_/A                            320.00  351.56  -31.56 (VIOLATED)
_748640_/A                            320.00  351.56  -31.56 (VIOLATED)
_759067_/C2                           320.00  351.55  -31.55 (VIOLATED)
_640549_/C                            320.00  351.54  -31.54 (VIOLATED)
_538478_/B                            320.00  351.54  -31.54 (VIOLATED)
place74791/A                          320.00  351.54  -31.54 (VIOLATED)
_741328_/A                            320.00  351.54  -31.54 (VIOLATED)
rdata_q[6403]$_DFFE_PP_/QN            320.00  351.54  -31.54 (VIOLATED)
_523148_/A1                           320.00  351.54  -31.54 (VIOLATED)
_759464_/B                            320.00  351.54  -31.54 (VIOLATED)
coef_q[19]$_DFFE_PN0P_/RESETN         320.00  351.54  -31.54 (VIOLATED)
_755875_/B                            320.00  351.53  -31.53 (VIOLATED)
_749282_/D                            320.00  351.53  -31.53 (VIOLATED)
_757062_/A1                           320.00  351.52  -31.52 (VIOLATED)
_752189_/D                            320.00  351.52  -31.52 (VIOLATED)
_760461_/A                            320.00  351.51  -31.51 (VIOLATED)
_479321_/Y                            320.00  351.51  -31.51 (VIOLATED)
_742649_/A                            320.00  351.48  -31.48 (VIOLATED)
_752973_/D                            320.00  351.48  -31.48 (VIOLATED)
_761176_/A1                           320.00  351.48  -31.48 (VIOLATED)
_741333_/A                            320.00  351.46  -31.46 (VIOLATED)
r_cnt[7]$_DFFE_PN0P_/RESETN           320.00  351.46  -31.46 (VIOLATED)
_742643_/A                            320.00  351.44  -31.44 (VIOLATED)
_758680_/A                            320.00  351.43  -31.43 (VIOLATED)
_741325_/A                            320.00  351.42  -31.42 (VIOLATED)
_742108_/A                            320.00  351.40  -31.40 (VIOLATED)
_742107_/A                            320.00  351.39  -31.39 (VIOLATED)
_751985_/D                            320.00  351.39  -31.39 (VIOLATED)
_742118_/A                            320.00  351.39  -31.39 (VIOLATED)
_749108_/D                            320.00  351.38  -31.38 (VIOLATED)
_761175_/C                            320.00  351.38  -31.38 (VIOLATED)
_838804_/A                            320.00  351.37  -31.37 (VIOLATED)
place74565/A                          320.00  351.36  -31.36 (VIOLATED)
_739419_/B                            320.00  351.34  -31.34 (VIOLATED)
_761139_/A                            320.00  351.34  -31.34 (VIOLATED)
_847984_/B                            320.00  351.33  -31.33 (VIOLATED)
_737962_/B                            320.00  351.33  -31.33 (VIOLATED)
r_cnt[11]$_DFFE_PN0P_/RESETN          320.00  351.33  -31.33 (VIOLATED)
r_cnt[0]$_DFFE_PN0P_/RESETN           320.00  351.33  -31.33 (VIOLATED)
r_cnt[2]$_DFFE_PN0P_/RESETN           320.00  351.33  -31.33 (VIOLATED)
r_cnt[1]$_DFFE_PN0P_/RESETN           320.00  351.32  -31.32 (VIOLATED)
_756327_/B3                           320.00  351.32  -31.32 (VIOLATED)
_768177_/A                            320.00  351.31  -31.31 (VIOLATED)
coef_q[99]$_DFFE_PN0P_/RESETN         320.00  351.30  -31.30 (VIOLATED)
_549379_/A                            320.00  351.29  -31.29 (VIOLATED)
_748534_/A                            320.00  351.29  -31.29 (VIOLATED)
coef_q[66]$_DFFE_PN0P_/RESETN         320.00  351.29  -31.29 (VIOLATED)
_752939_/D                            320.00  351.29  -31.29 (VIOLATED)
r_cnt[4]$_DFFE_PN0P_/RESETN           320.00  351.29  -31.29 (VIOLATED)
_755412_/A                            320.00  351.28  -31.28 (VIOLATED)
r_cnt[3]$_DFFE_PN0P_/RESETN           320.00  351.27  -31.27 (VIOLATED)
_740416_/A                            320.00  351.26  -31.26 (VIOLATED)
_761204_/B2                           320.00  351.26  -31.26 (VIOLATED)
_746215_/A                            320.00  351.23  -31.23 (VIOLATED)
_761138_/B                            320.00  351.23  -31.23 (VIOLATED)
_744026_/B                            320.00  351.22  -31.22 (VIOLATED)
r_cnt[5]$_DFFE_PN0P_/RESETN           320.00  351.22  -31.22 (VIOLATED)
_746223_/A                            320.00  351.21  -31.21 (VIOLATED)
coef_q[168]$_DFFE_PN0P_/RESETN        320.00  351.18  -31.18 (VIOLATED)
_742628_/A                            320.00  351.15  -31.15 (VIOLATED)
_757560_/C                            320.00  351.14  -31.14 (VIOLATED)
r_cnt[6]$_DFFE_PN0P_/RESETN           320.00  351.13  -31.13 (VIOLATED)
_754940_/A                            320.00  351.12  -31.12 (VIOLATED)
_740013_/B                            320.00  351.11  -31.11 (VIOLATED)
_746192_/A                            320.00  351.11  -31.11 (VIOLATED)
_742642_/A                            320.00  351.09  -31.09 (VIOLATED)
_759284_/A                            320.00  351.09  -31.09 (VIOLATED)
_757371_/A1                           320.00  351.07  -31.07 (VIOLATED)
_754336_/A                            320.00  351.05  -31.05 (VIOLATED)
_480870_/A                            320.00  351.04  -31.04 (VIOLATED)
_742659_/A                            320.00  350.98  -30.98 (VIOLATED)
rdata_q[3191]$_DFFE_PP_/QN            320.00  350.94  -30.94 (VIOLATED)
_741984_/A                            320.00  350.93  -30.93 (VIOLATED)
_747544_/A                            320.00  350.91  -30.91 (VIOLATED)
_626566_/A                            320.00  350.91  -30.91 (VIOLATED)
_753581_/B                            320.00  350.89  -30.89 (VIOLATED)
_739503_/B                            320.00  350.89  -30.89 (VIOLATED)
coef_q[191]$_DFFE_PN0P_/RESETN        320.00  350.89  -30.89 (VIOLATED)
_750869_/A                            320.00  350.89  -30.89 (VIOLATED)
_745644_/A                            320.00  350.88  -30.88 (VIOLATED)
_749220_/A                            320.00  350.88  -30.88 (VIOLATED)
_752017_/A                            320.00  350.86  -30.86 (VIOLATED)
_745634_/A                            320.00  350.85  -30.85 (VIOLATED)
_758813_/A                            320.00  350.84  -30.84 (VIOLATED)
_742234_/B                            320.00  350.84  -30.84 (VIOLATED)
place74573/A                          320.00  350.84  -30.84 (VIOLATED)
_750893_/A                            320.00  350.82  -30.82 (VIOLATED)
_755036_/A                            320.00  350.81  -30.81 (VIOLATED)
_740399_/A                            320.00  350.81  -30.81 (VIOLATED)
_742105_/A                            320.00  350.80  -30.80 (VIOLATED)
_750941_/C                            320.00  350.79  -30.79 (VIOLATED)
_762182_/B                            320.00  350.78  -30.78 (VIOLATED)
_752069_/D                            320.00  350.77  -30.77 (VIOLATED)
_755510_/B2                           320.00  350.77  -30.77 (VIOLATED)
coef_q[84]$_DFFE_PN0P_/RESETN         320.00  350.76  -30.76 (VIOLATED)
_738748_/A                            320.00  350.75  -30.75 (VIOLATED)
_741905_/B                            320.00  350.75  -30.75 (VIOLATED)
_761077_/A1                           320.00  350.71  -30.71 (VIOLATED)
ce_d2[1]$_DFFE_PN0P_/RESETN           320.00  350.70  -30.70 (VIOLATED)
_738825_/A                            320.00  350.68  -30.68 (VIOLATED)
_745479_/B                            320.00  350.66  -30.66 (VIOLATED)
_760760_/C                            320.00  350.65  -30.65 (VIOLATED)
coef_q[15]$_DFFE_PN0P_/RESETN         320.00  350.64  -30.64 (VIOLATED)
_738865_/A                            320.00  350.63  -30.63 (VIOLATED)
_741329_/A                            320.00  350.62  -30.62 (VIOLATED)
_757797_/A                            320.00  350.62  -30.62 (VIOLATED)
_753752_/A1                           320.00  350.61  -30.61 (VIOLATED)
_752934_/A                            320.00  350.59  -30.59 (VIOLATED)
_748930_/A1                           320.00  350.59  -30.59 (VIOLATED)
_757302_/A1                           320.00  350.58  -30.58 (VIOLATED)
_745699_/A                            320.00  350.57  -30.57 (VIOLATED)
_749052_/A                            320.00  350.56  -30.56 (VIOLATED)
place74805/A                          320.00  350.54  -30.54 (VIOLATED)
_750814_/A                            320.00  350.54  -30.54 (VIOLATED)
_749203_/A                            320.00  350.52  -30.52 (VIOLATED)
_480827_/C                            320.00  350.52  -30.52 (VIOLATED)
ce_d2[2]$_DFFE_PN0P_/RESETN           320.00  350.52  -30.52 (VIOLATED)
_754434_/A1                           320.00  350.50  -30.50 (VIOLATED)
_480820_/C                            320.00  350.50  -30.50 (VIOLATED)
_480817_/A                            320.00  350.49  -30.49 (VIOLATED)
_760528_/A1                           320.00  350.49  -30.49 (VIOLATED)
_482565_/A                            320.00  350.49  -30.49 (VIOLATED)
_757764_/A                            320.00  350.48  -30.48 (VIOLATED)
a_sym[16][6]$_DFFE_PN0P_/RESETN       320.00  350.46  -30.46 (VIOLATED)
rdata_q[6776]$_DFFE_PP_/QN            320.00  350.45  -30.45 (VIOLATED)
place73347/A                          320.00  350.44  -30.44 (VIOLATED)
place73444/A                          320.00  350.44  -30.44 (VIOLATED)
_559669_/A1                           320.00  350.43  -30.43 (VIOLATED)
_738707_/A                            320.00  350.43  -30.43 (VIOLATED)
_759088_/A1                           320.00  350.42  -30.42 (VIOLATED)
_482536_/A                            320.00  350.42  -30.42 (VIOLATED)
_738892_/A                            320.00  350.41  -30.41 (VIOLATED)
place83514/Y                          320.00  350.40  -30.40 (VIOLATED)
coef_q[196]$_DFFE_PN0P_/RESETN        320.00  350.39  -30.39 (VIOLATED)
coef_q[50]$_DFFE_PN0P_/RESETN         320.00  350.38  -30.38 (VIOLATED)
_741407_/B                            320.00  350.36  -30.36 (VIOLATED)
c_cnt[2]$_DFFE_PN0P_/RESETN           320.00  350.35  -30.35 (VIOLATED)
_480605_/D                            320.00  350.34  -30.34 (VIOLATED)
_842337_/CI                           320.00  350.34  -30.34 (VIOLATED)
_758698_/A                            320.00  350.33  -30.33 (VIOLATED)
_748653_/A                            320.00  350.32  -30.32 (VIOLATED)
_738833_/A                            320.00  350.31  -30.31 (VIOLATED)
_739844_/A                            320.00  350.31  -30.31 (VIOLATED)
_696534_/B                            320.00  350.30  -30.30 (VIOLATED)
_738760_/A                            320.00  350.30  -30.30 (VIOLATED)
_841348_/CI                           320.00  350.29  -30.29 (VIOLATED)
place74030/A                          320.00  350.28  -30.28 (VIOLATED)
coef_q[55]$_DFFE_PN0P_/RESETN         320.00  350.28  -30.28 (VIOLATED)
ce_d2[9]$_DFFE_PN0P_/RESETN           320.00  350.27  -30.27 (VIOLATED)
_736893_/A                            320.00  350.26  -30.26 (VIOLATED)
_745687_/A                            320.00  350.25  -30.25 (VIOLATED)
_487173_/D                            320.00  350.23  -30.23 (VIOLATED)
_752798_/A                            320.00  350.22  -30.22 (VIOLATED)
coef_q[23]$_DFFE_PN0P_/RESETN         320.00  350.22  -30.22 (VIOLATED)
m_ce[16]$_DFFE_PN0P_/RESETN           320.00  350.22  -30.22 (VIOLATED)
_756649_/B                            320.00  350.21  -30.21 (VIOLATED)
_743881_/A                            320.00  350.19  -30.19 (VIOLATED)
rdata_q[6701]$_DFFE_PP_/QN            320.00  350.18  -30.18 (VIOLATED)
_754931_/B                            320.00  350.17  -30.17 (VIOLATED)
_758452_/B                            320.00  350.13  -30.13 (VIOLATED)
_748215_/A                            320.00  350.12  -30.12 (VIOLATED)
_480825_/A                            320.00  350.12  -30.12 (VIOLATED)
_748222_/C                            320.00  350.11  -30.11 (VIOLATED)
place74615/A                          320.00  350.04  -30.04 (VIOLATED)
_750557_/A                            320.00  350.03  -30.03 (VIOLATED)
_748220_/C                            320.00  350.03  -30.03 (VIOLATED)
_754212_/A                            320.00  350.02  -30.02 (VIOLATED)
_763136_/A1                           320.00  350.01  -30.01 (VIOLATED)
_749352_/Y                            320.00  350.01  -30.01 (VIOLATED)
_737187_/A                            320.00  350.00  -30.00 (VIOLATED)
_787795_/A                            320.00  349.98  -29.98 (VIOLATED)
coef_q[120]$_DFFE_PN0P_/RESETN        320.00  349.95  -29.95 (VIOLATED)
_760343_/A                            320.00  349.95  -29.95 (VIOLATED)
_759332_/B                            320.00  349.95  -29.95 (VIOLATED)
_751716_/A1                           320.00  349.95  -29.95 (VIOLATED)
_787797_/A                            320.00  349.95  -29.95 (VIOLATED)
_787796_/A1                           320.00  349.94  -29.94 (VIOLATED)
_749181_/C                            320.00  349.92  -29.92 (VIOLATED)
_744345_/B                            320.00  349.92  -29.92 (VIOLATED)
_748826_/D                            320.00  349.90  -29.90 (VIOLATED)
_752846_/D                            320.00  349.90  -29.90 (VIOLATED)
_755782_/B                            320.00  349.89  -29.89 (VIOLATED)
_755603_/A                            320.00  349.89  -29.89 (VIOLATED)
_752876_/A1                           320.00  349.89  -29.89 (VIOLATED)
_751847_/D                            320.00  349.88  -29.88 (VIOLATED)
rdata_q[5970]$_DFFE_PP_/QN            320.00  349.87  -29.87 (VIOLATED)
place75272/A                          320.00  349.87  -29.87 (VIOLATED)
_768333_/Y                            320.00  349.84  -29.84 (VIOLATED)
_754322_/A                            320.00  349.84  -29.84 (VIOLATED)
_756324_/B3                           320.00  349.84  -29.84 (VIOLATED)
rdata_q[6778]$_DFFE_PP_/QN            320.00  349.83  -29.83 (VIOLATED)
_769520_/A                            320.00  349.83  -29.83 (VIOLATED)
_787798_/A1                           320.00  349.82  -29.82 (VIOLATED)
_756679_/D                            320.00  349.81  -29.81 (VIOLATED)
_753032_/D                            320.00  349.81  -29.81 (VIOLATED)
_768329_/Y                            320.00  349.80  -29.80 (VIOLATED)
_486341_/D                            320.00  349.80  -29.80 (VIOLATED)
coef_q[162]$_DFFE_PN0P_/RESETN        320.00  349.79  -29.79 (VIOLATED)
_752653_/A                            320.00  349.79  -29.79 (VIOLATED)
_749501_/D                            320.00  349.79  -29.79 (VIOLATED)
place72589/A                          320.00  349.78  -29.78 (VIOLATED)
_747543_/Y                            320.00  349.78  -29.78 (VIOLATED)
_768999_/A                            320.00  349.77  -29.77 (VIOLATED)
place74998/A                          320.00  349.75  -29.75 (VIOLATED)
_745398_/A                            320.00  349.74  -29.74 (VIOLATED)
_748118_/C                            320.00  349.73  -29.73 (VIOLATED)
_480771_/C                            320.00  349.73  -29.73 (VIOLATED)
_768520_/Y                            320.00  349.72  -29.72 (VIOLATED)
_760515_/A1                           320.00  349.72  -29.72 (VIOLATED)
_741620_/B                            320.00  349.68  -29.68 (VIOLATED)
_760003_/B1                           320.00  349.68  -29.68 (VIOLATED)
place72590/A                          320.00  349.67  -29.67 (VIOLATED)
_480603_/Y                            320.00  349.67  -29.67 (VIOLATED)
c_cnt[1]$_DFFE_PN0P_/RESETN           320.00  349.66  -29.66 (VIOLATED)
_741974_/B                            320.00  349.66  -29.66 (VIOLATED)
rdata_q[2887]$_DFFE_PP_/QN            320.00  349.66  -29.66 (VIOLATED)
rdata_q[7087]$_DFFE_PP_/QN            320.00  349.65  -29.65 (VIOLATED)
_747184_/A                            320.00  349.64  -29.64 (VIOLATED)
_738641_/A                            320.00  349.63  -29.63 (VIOLATED)
_740717_/B                            320.00  349.62  -29.62 (VIOLATED)
_745400_/A                            320.00  349.61  -29.61 (VIOLATED)
_748207_/C                            320.00  349.60  -29.60 (VIOLATED)
_671675_/A                            320.00  349.59  -29.59 (VIOLATED)
_750772_/A1                           320.00  349.58  -29.58 (VIOLATED)
_755408_/A1                           320.00  349.57  -29.57 (VIOLATED)
coef_q[31]$_DFFE_PN0P_/RESETN         320.00  349.57  -29.57 (VIOLATED)
_787874_/A1                           320.00  349.56  -29.56 (VIOLATED)
_742235_/A                            320.00  349.55  -29.55 (VIOLATED)
_758300_/B                            320.00  349.54  -29.54 (VIOLATED)
_588792_/A                            320.00  349.53  -29.53 (VIOLATED)
_757373_/A                            320.00  349.53  -29.53 (VIOLATED)
_745421_/A                            320.00  349.52  -29.52 (VIOLATED)
_742103_/A                            320.00  349.50  -29.50 (VIOLATED)
_752849_/A                            320.00  349.50  -29.50 (VIOLATED)
_748204_/A                            320.00  349.47  -29.47 (VIOLATED)
_748185_/C                            320.00  349.46  -29.46 (VIOLATED)
_743372_/A                            320.00  349.44  -29.44 (VIOLATED)
_752140_/A                            320.00  349.42  -29.42 (VIOLATED)
_760990_/A                            320.00  349.41  -29.41 (VIOLATED)
_769370_/A                            320.00  349.40  -29.40 (VIOLATED)
_754282_/A                            320.00  349.40  -29.40 (VIOLATED)
_739461_/B                            320.00  349.40  -29.40 (VIOLATED)
_741257_/A                            320.00  349.39  -29.39 (VIOLATED)
_559372_/A                            320.00  349.37  -29.37 (VIOLATED)
_748177_/C                            320.00  349.36  -29.36 (VIOLATED)
_768371_/A                            320.00  349.33  -29.33 (VIOLATED)
_755101_/B1                           320.00  349.33  -29.33 (VIOLATED)
_749253_/C                            320.00  349.32  -29.32 (VIOLATED)
_486336_/A                            320.00  349.31  -29.31 (VIOLATED)
_745438_/A                            320.00  349.29  -29.29 (VIOLATED)
_757293_/C                            320.00  349.27  -29.27 (VIOLATED)
_755107_/A1                           320.00  349.27  -29.27 (VIOLATED)
_755661_/A1                           320.00  349.26  -29.26 (VIOLATED)
_745956_/B                            320.00  349.25  -29.25 (VIOLATED)
_750756_/A                            320.00  349.21  -29.21 (VIOLATED)
_752863_/B                            320.00  349.20  -29.20 (VIOLATED)
_749592_/A1                           320.00  349.20  -29.20 (VIOLATED)
_745416_/A                            320.00  349.18  -29.18 (VIOLATED)
_741694_/B                            320.00  349.17  -29.17 (VIOLATED)
_755853_/A                            320.00  349.17  -29.17 (VIOLATED)
_757358_/A1                           320.00  349.17  -29.17 (VIOLATED)
_750749_/A                            320.00  349.17  -29.17 (VIOLATED)
_737205_/B                            320.00  349.16  -29.16 (VIOLATED)
_755858_/C                            320.00  349.16  -29.16 (VIOLATED)
_759911_/B                            320.00  349.15  -29.15 (VIOLATED)
_737998_/A                            320.00  349.15  -29.15 (VIOLATED)
_739888_/B                            320.00  349.13  -29.13 (VIOLATED)
_748991_/A                            320.00  349.13  -29.13 (VIOLATED)
_748399_/C                            320.00  349.12  -29.12 (VIOLATED)
_752864_/A1                           320.00  349.11  -29.11 (VIOLATED)
_748201_/C                            320.00  349.11  -29.11 (VIOLATED)
_752801_/C                            320.00  349.10  -29.10 (VIOLATED)
part_q[51][9]$_DFFE_PP_/QN            320.00  349.10  -29.10 (VIOLATED)
_748884_/B                            320.00  349.10  -29.10 (VIOLATED)
_748992_/A1                           320.00  349.09  -29.09 (VIOLATED)
_758298_/A1                           320.00  349.08  -29.08 (VIOLATED)
_820116_/CI                           320.00  349.07  -29.07 (VIOLATED)
_753080_/B                            320.00  349.06  -29.06 (VIOLATED)
_742946_/B                            320.00  349.05  -29.05 (VIOLATED)
_741797_/B                            320.00  349.04  -29.04 (VIOLATED)
_721942_/B                            320.00  349.03  -29.03 (VIOLATED)
_760280_/A                            320.00  349.02  -29.02 (VIOLATED)
place75262/A                          320.00  349.01  -29.01 (VIOLATED)
_754078_/A1                           320.00  349.00  -29.00 (VIOLATED)
_760331_/A                            320.00  348.99  -28.99 (VIOLATED)
rdata_q[7408]$_DFFE_PP_/QN            320.00  348.99  -28.99 (VIOLATED)
_761024_/C                            320.00  348.99  -28.99 (VIOLATED)
place73253/A                          320.00  348.98  -28.98 (VIOLATED)
_742332_/B                            320.00  348.91  -28.91 (VIOLATED)
place75198/A                          320.00  348.91  -28.91 (VIOLATED)
_748265_/A                            320.00  348.91  -28.91 (VIOLATED)
_746221_/A                            320.00  348.90  -28.90 (VIOLATED)
_757580_/A                            320.00  348.89  -28.89 (VIOLATED)
_755651_/A1                           320.00  348.89  -28.89 (VIOLATED)
_664212_/A                            320.00  348.88  -28.88 (VIOLATED)
c_cnt[5]$_DFFE_PN0P_/RESETN           320.00  348.87  -28.87 (VIOLATED)
place79012/A                          320.00  348.87  -28.87 (VIOLATED)
_638193_/B                            320.00  348.86  -28.86 (VIOLATED)
_757578_/A                            320.00  348.83  -28.83 (VIOLATED)
_748674_/A                            320.00  348.81  -28.81 (VIOLATED)
_745436_/A                            320.00  348.81  -28.81 (VIOLATED)
_740386_/A                            320.00  348.80  -28.80 (VIOLATED)
_755379_/B                            320.00  348.80  -28.80 (VIOLATED)
_752648_/B                            320.00  348.79  -28.79 (VIOLATED)
_738139_/B                            320.00  348.77  -28.77 (VIOLATED)
_751913_/A                            320.00  348.76  -28.76 (VIOLATED)
_742647_/A                            320.00  348.76  -28.76 (VIOLATED)
part_q[50][3]$_DFFE_PP_/QN            320.00  348.73  -28.73 (VIOLATED)
_756345_/A                            320.00  348.71  -28.71 (VIOLATED)
_751912_/B                            320.00  348.71  -28.71 (VIOLATED)
_745611_/B                            320.00  348.70  -28.70 (VIOLATED)
_751026_/A                            320.00  348.69  -28.69 (VIOLATED)
_756376_/B3                           320.00  348.67  -28.67 (VIOLATED)
_754984_/A                            320.00  348.66  -28.66 (VIOLATED)
_740342_/A                            320.00  348.64  -28.64 (VIOLATED)
_747869_/A                            320.00  348.62  -28.62 (VIOLATED)
_742261_/B                            320.00  348.61  -28.61 (VIOLATED)
_742434_/B                            320.00  348.61  -28.61 (VIOLATED)
_739837_/B                            320.00  348.59  -28.59 (VIOLATED)
_742656_/A                            320.00  348.58  -28.58 (VIOLATED)
_742650_/A                            320.00  348.58  -28.58 (VIOLATED)
_748667_/A                            320.00  348.57  -28.57 (VIOLATED)
_747136_/A                            320.00  348.55  -28.55 (VIOLATED)
_741332_/A                            320.00  348.50  -28.50 (VIOLATED)
rdata_q[5985]$_DFFE_PP_/QN            320.00  348.48  -28.48 (VIOLATED)
_748783_/A                            320.00  348.48  -28.48 (VIOLATED)
_751635_/A                            320.00  348.44  -28.44 (VIOLATED)
_737347_/A                            320.00  348.43  -28.43 (VIOLATED)
_759331_/B                            320.00  348.43  -28.43 (VIOLATED)
_748132_/C                            320.00  348.41  -28.41 (VIOLATED)
_745407_/A                            320.00  348.39  -28.39 (VIOLATED)
_710869_/A                            320.00  348.37  -28.37 (VIOLATED)
_752886_/B                            320.00  348.36  -28.36 (VIOLATED)
_755794_/A                            320.00  348.36  -28.36 (VIOLATED)
place73384/A                          320.00  348.36  -28.36 (VIOLATED)
_768932_/A                            320.00  348.35  -28.35 (VIOLATED)
_745434_/A                            320.00  348.34  -28.34 (VIOLATED)
_754342_/B                            320.00  348.33  -28.33 (VIOLATED)
_754145_/B                            320.00  348.33  -28.33 (VIOLATED)
_750737_/A                            320.00  348.33  -28.33 (VIOLATED)
_755795_/A1                           320.00  348.32  -28.32 (VIOLATED)
m_addr[2]$_DFFE_PN0P_/RESETN          320.00  348.30  -28.30 (VIOLATED)
_754945_/A                            320.00  348.27  -28.27 (VIOLATED)
_748350_/A                            320.00  348.26  -28.26 (VIOLATED)
m_addr[7]$_DFFE_PN0P_/RESETN          320.00  348.25  -28.25 (VIOLATED)
place73395/A                          320.00  348.23  -28.23 (VIOLATED)
_736975_/A                            320.00  348.23  -28.23 (VIOLATED)
_745395_/A                            320.00  348.20  -28.20 (VIOLATED)
_787807_/A                            320.00  348.19  -28.19 (VIOLATED)
rdata_q[549]$_DFFE_PP_/QN             320.00  348.18  -28.18 (VIOLATED)
place75164/A                          320.00  348.17  -28.17 (VIOLATED)
ce_d2[4]$_DFFE_PN0P_/RESETN           320.00  348.17  -28.17 (VIOLATED)
_745399_/A                            320.00  348.17  -28.17 (VIOLATED)
place79067/A                          320.00  348.11  -28.11 (VIOLATED)
_644621_/A                            320.00  348.10  -28.10 (VIOLATED)
ce_d2[5]$_DFFE_PN0P_/RESETN           320.00  348.09  -28.09 (VIOLATED)
_759177_/A                            320.00  348.09  -28.09 (VIOLATED)
_745419_/A                            320.00  348.09  -28.09 (VIOLATED)
in_data_q[10]$_DFFE_PN0P_/QN          320.00  348.09  -28.09 (VIOLATED)
_740704_/A                            320.00  348.08  -28.08 (VIOLATED)
_748403_/A                            320.00  348.07  -28.07 (VIOLATED)
_644622_/A                            320.00  348.07  -28.07 (VIOLATED)
_788001_/A                            320.00  348.05  -28.05 (VIOLATED)
_486365_/A1                           320.00  348.04  -28.04 (VIOLATED)
_747898_/A                            320.00  348.03  -28.03 (VIOLATED)
_745397_/A                            320.00  348.02  -28.02 (VIOLATED)
_741252_/A                            320.00  348.02  -28.02 (VIOLATED)
_755437_/A1                           320.00  348.01  -28.01 (VIOLATED)
_745406_/A                            320.00  347.95  -27.95 (VIOLATED)
place73018/A                          320.00  347.93  -27.93 (VIOLATED)
_751749_/A                            320.00  347.92  -27.92 (VIOLATED)
_761199_/A1                           320.00  347.90  -27.90 (VIOLATED)
_752829_/B2                           320.00  347.90  -27.90 (VIOLATED)
_760187_/A                            320.00  347.89  -27.89 (VIOLATED)
_559475_/C2                           320.00  347.89  -27.89 (VIOLATED)
_760396_/A                            320.00  347.89  -27.89 (VIOLATED)
_738387_/B                            320.00  347.88  -27.88 (VIOLATED)
_739822_/A                            320.00  347.87  -27.87 (VIOLATED)
_758913_/C1                           320.00  347.87  -27.87 (VIOLATED)
_750417_/A                            320.00  347.86  -27.86 (VIOLATED)
_757354_/A                            320.00  347.86  -27.86 (VIOLATED)
_753506_/A1                           320.00  347.83  -27.83 (VIOLATED)
_757353_/B                            320.00  347.83  -27.83 (VIOLATED)
_756888_/B                            320.00  347.82  -27.82 (VIOLATED)
_755363_/A                            320.00  347.82  -27.82 (VIOLATED)
_743874_/A                            320.00  347.81  -27.81 (VIOLATED)
_761229_/A                            320.00  347.81  -27.81 (VIOLATED)
_742670_/A                            320.00  347.81  -27.81 (VIOLATED)
_743849_/A                            320.00  347.80  -27.80 (VIOLATED)
m_addr[8]$_DFFE_PN0P_/RESETN          320.00  347.80  -27.80 (VIOLATED)
_740311_/A                            320.00  347.79  -27.79 (VIOLATED)
_749339_/A2                           320.00  347.79  -27.79 (VIOLATED)
_745430_/A                            320.00  347.77  -27.77 (VIOLATED)
_742653_/A                            320.00  347.77  -27.77 (VIOLATED)
_745417_/A                            320.00  347.75  -27.75 (VIOLATED)
_753679_/C                            320.00  347.75  -27.75 (VIOLATED)
_765577_/A1                           320.00  347.74  -27.74 (VIOLATED)
a_sym[17][1]$_DFFE_PN0P_/QN           320.00  347.74  -27.74 (VIOLATED)
part_q[48][7]$_DFFE_PP_/QN            320.00  347.71  -27.71 (VIOLATED)
out_pix_data[145]$_DFFE_PN0P_/RESETN  320.00  347.71  -27.71 (VIOLATED)
a_sym[18][5]$_DFFE_PN0P_/QN           320.00  347.70  -27.70 (VIOLATED)
_750415_/A                            320.00  347.69  -27.69 (VIOLATED)
_736104_/B                            320.00  347.69  -27.69 (VIOLATED)
_740463_/A                            320.00  347.69  -27.69 (VIOLATED)
_768334_/Y                            320.00  347.67  -27.67 (VIOLATED)
part_q[63][10]$_DFFE_PP_/QN           320.00  347.67  -27.67 (VIOLATED)
_758421_/A1                           320.00  347.67  -27.67 (VIOLATED)
_753505_/A                            320.00  347.65  -27.65 (VIOLATED)
_765572_/A1                           320.00  347.65  -27.65 (VIOLATED)
_743836_/A                            320.00  347.64  -27.64 (VIOLATED)
_750423_/B                            320.00  347.62  -27.62 (VIOLATED)
_766160_/A1                           320.00  347.62  -27.62 (VIOLATED)
_766170_/A1                           320.00  347.61  -27.61 (VIOLATED)
_745441_/A                            320.00  347.61  -27.61 (VIOLATED)
_747822_/A                            320.00  347.61  -27.61 (VIOLATED)
place73524/A                          320.00  347.61  -27.61 (VIOLATED)
_758415_/C                            320.00  347.60  -27.60 (VIOLATED)
ce_d1[3]$_DFFE_PN0P_/RESETN           320.00  347.59  -27.59 (VIOLATED)
_644623_/A                            320.00  347.57  -27.57 (VIOLATED)
_759329_/A                            320.00  347.57  -27.57 (VIOLATED)
_763854_/B                            320.00  347.57  -27.57 (VIOLATED)
_740474_/A                            320.00  347.57  -27.57 (VIOLATED)
in_data_q[91]$_DFFE_PN0P_/QN          320.00  347.56  -27.56 (VIOLATED)
_482571_/A                            320.00  347.56  -27.56 (VIOLATED)
c_cnt[0]$_DFFE_PN0P_/RESETN           320.00  347.54  -27.54 (VIOLATED)
_762186_/B                            320.00  347.54  -27.54 (VIOLATED)
_743908_/A                            320.00  347.52  -27.52 (VIOLATED)
rdata_q[7249]$_DFFE_PP_/QN            320.00  347.52  -27.52 (VIOLATED)
_763855_/A2                           320.00  347.51  -27.51 (VIOLATED)
_748877_/B2                           320.00  347.50  -27.50 (VIOLATED)
_736971_/A                            320.00  347.49  -27.49 (VIOLATED)
_753106_/A                            320.00  347.48  -27.48 (VIOLATED)
_760853_/A1                           320.00  347.48  -27.48 (VIOLATED)
place74976/A                          320.00  347.48  -27.48 (VIOLATED)
place67314/A                          320.00  347.47  -27.47 (VIOLATED)
_758105_/A                            320.00  347.45  -27.45 (VIOLATED)
_745427_/A                            320.00  347.45  -27.45 (VIOLATED)
_750408_/C                            320.00  347.43  -27.43 (VIOLATED)
_710819_/A                            320.00  347.41  -27.41 (VIOLATED)
c_cnt[3]$_DFFE_PN0P_/RESETN           320.00  347.40  -27.40 (VIOLATED)
_671674_/A                            320.00  347.38  -27.38 (VIOLATED)
m_addr[4]$_DFFE_PN0P_/RESETN          320.00  347.38  -27.38 (VIOLATED)
_486364_/A                            320.00  347.37  -27.37 (VIOLATED)
_482390_/B                            320.00  347.36  -27.36 (VIOLATED)
_480331_/B                            320.00  347.35  -27.35 (VIOLATED)
_763852_/A2                           320.00  347.34  -27.34 (VIOLATED)
_745409_/A                            320.00  347.32  -27.32 (VIOLATED)
_758347_/A                            320.00  347.32  -27.32 (VIOLATED)
place78760/A                          320.00  347.31  -27.31 (VIOLATED)
_743904_/A                            320.00  347.31  -27.31 (VIOLATED)
_738923_/B                            320.00  347.30  -27.30 (VIOLATED)
part_q[38][10]$_DFFE_PP_/QN           320.00  347.30  -27.30 (VIOLATED)
_740360_/A                            320.00  347.28  -27.28 (VIOLATED)
_743850_/A                            320.00  347.26  -27.26 (VIOLATED)
_757341_/B2                           320.00  347.26  -27.26 (VIOLATED)
_755805_/A1                           320.00  347.25  -27.25 (VIOLATED)
_757824_/A1                           320.00  347.23  -27.23 (VIOLATED)
_740469_/A                            320.00  347.22  -27.22 (VIOLATED)
_742084_/B                            320.00  347.21  -27.21 (VIOLATED)
oskid_d[76]$_DFFE_PN0P_/RESETN        320.00  347.17  -27.17 (VIOLATED)
place72656/A                          320.00  347.16  -27.16 (VIOLATED)
ce_d2[3]$_DFFE_PN0P_/RESETN           320.00  347.16  -27.16 (VIOLATED)
_761230_/A1                           320.00  347.16  -27.16 (VIOLATED)
_750921_/A1                           320.00  347.14  -27.14 (VIOLATED)
rdata_q[3195]$_DFFE_PP_/QN            320.00  347.14  -27.14 (VIOLATED)
_761037_/A1                           320.00  347.13  -27.13 (VIOLATED)
place73035/A                          320.00  347.13  -27.13 (VIOLATED)
m_1h[6]$_DFFE_PN0P_/QN                320.00  347.12  -27.12 (VIOLATED)
_749266_/B                            320.00  347.12  -27.12 (VIOLATED)
part_q[5][10]$_DFFE_PP_/QN            320.00  347.10  -27.10 (VIOLATED)
_743887_/A                            320.00  347.08  -27.08 (VIOLATED)
_749315_/B                            320.00  347.05  -27.05 (VIOLATED)
_740451_/A                            320.00  347.02  -27.02 (VIOLATED)
_752037_/B2                           320.00  347.02  -27.02 (VIOLATED)
_739836_/B                            320.00  347.02  -27.02 (VIOLATED)
_752954_/B2                           320.00  347.01  -27.01 (VIOLATED)
_755774_/A1                           320.00  347.00  -27.00 (VIOLATED)
_748666_/A                            320.00  346.98  -26.98 (VIOLATED)
_756702_/A1                           320.00  346.97  -26.97 (VIOLATED)
_745223_/B                            320.00  346.96  -26.96 (VIOLATED)
_756182_/B                            320.00  346.94  -26.94 (VIOLATED)
_743880_/A                            320.00  346.92  -26.92 (VIOLATED)
_768731_/A                            320.00  346.92  -26.92 (VIOLATED)
_745413_/A                            320.00  346.91  -26.91 (VIOLATED)
_763862_/A1                           320.00  346.87  -26.87 (VIOLATED)
_749032_/B                            320.00  346.86  -26.86 (VIOLATED)
_750892_/B2                           320.00  346.85  -26.85 (VIOLATED)
_755900_/A                            320.00  346.84  -26.84 (VIOLATED)
_763860_/B                            320.00  346.83  -26.83 (VIOLATED)
_757490_/A1                           320.00  346.79  -26.79 (VIOLATED)
_759979_/A1                           320.00  346.79  -26.79 (VIOLATED)
_755452_/A1                           320.00  346.79  -26.79 (VIOLATED)
_750519_/A                            320.00  346.79  -26.79 (VIOLATED)
_752703_/A1                           320.00  346.79  -26.79 (VIOLATED)
place74724/A                          320.00  346.79  -26.79 (VIOLATED)
_749202_/Y                            320.00  346.79  -26.79 (VIOLATED)
_742041_/A                            320.00  346.77  -26.77 (VIOLATED)
_738696_/A                            320.00  346.75  -26.75 (VIOLATED)
_760720_/A1                           320.00  346.74  -26.74 (VIOLATED)
_743872_/A                            320.00  346.72  -26.72 (VIOLATED)
_759365_/A1                           320.00  346.71  -26.71 (VIOLATED)
_742752_/A                            320.00  346.71  -26.71 (VIOLATED)
in_data_q[71]$_DFFE_PN0P_/QN          320.00  346.70  -26.70 (VIOLATED)
place73792/A                          320.00  346.70  -26.70 (VIOLATED)
oskid_d[78]$_DFFE_PN0P_/RESETN        320.00  346.69  -26.69 (VIOLATED)
oskid_d[79]$_DFFE_PN0P_/RESETN        320.00  346.69  -26.69 (VIOLATED)
_756257_/A1                           320.00  346.69  -26.69 (VIOLATED)
_745414_/A                            320.00  346.68  -26.68 (VIOLATED)
_758892_/A1                           320.00  346.64  -26.64 (VIOLATED)
_761137_/A1                           320.00  346.63  -26.63 (VIOLATED)
_738493_/B                            320.00  346.62  -26.62 (VIOLATED)
_760090_/A                            320.00  346.62  -26.62 (VIOLATED)
_745411_/A                            320.00  346.62  -26.62 (VIOLATED)
part_q[45][6]$_DFFE_PP_/QN            320.00  346.60  -26.60 (VIOLATED)
_763135_/A                            320.00  346.60  -26.60 (VIOLATED)
_753639_/A1                           320.00  346.58  -26.58 (VIOLATED)
_503061_/B                            320.00  346.57  -26.57 (VIOLATED)
coef_q[161]$_DFFE_PN0P_/RESETN        320.00  346.56  -26.56 (VIOLATED)
_738887_/A                            320.00  346.55  -26.55 (VIOLATED)
_744846_/A                            320.00  346.54  -26.54 (VIOLATED)
_765581_/A                            320.00  346.53  -26.53 (VIOLATED)
_765567_/A                            320.00  346.53  -26.53 (VIOLATED)
_740388_/A                            320.00  346.52  -26.52 (VIOLATED)
_741326_/A                            320.00  346.51  -26.51 (VIOLATED)
m_addr[1]$_DFFE_PN0P_/RESETN          320.00  346.49  -26.49 (VIOLATED)
_745175_/A                            320.00  346.48  -26.48 (VIOLATED)
_745412_/A                            320.00  346.48  -26.48 (VIOLATED)
_742640_/A                            320.00  346.47  -26.47 (VIOLATED)
_760960_/A                            320.00  346.46  -26.46 (VIOLATED)
_763866_/A2                           320.00  346.46  -26.46 (VIOLATED)
_744781_/A                            320.00  346.44  -26.44 (VIOLATED)
_741443_/B                            320.00  346.44  -26.44 (VIOLATED)
_742639_/A                            320.00  346.43  -26.43 (VIOLATED)
_741274_/A                            320.00  346.42  -26.42 (VIOLATED)
_763868_/B                            320.00  346.42  -26.42 (VIOLATED)
_737892_/A                            320.00  346.40  -26.40 (VIOLATED)
_737857_/A                            320.00  346.39  -26.39 (VIOLATED)
_756200_/A1                           320.00  346.37  -26.37 (VIOLATED)
_737856_/A                            320.00  346.34  -26.34 (VIOLATED)
_757332_/A                            320.00  346.33  -26.33 (VIOLATED)
_480861_/C                            320.00  346.31  -26.31 (VIOLATED)
_763875_/A                            320.00  346.30  -26.30 (VIOLATED)
_740438_/A                            320.00  346.27  -26.27 (VIOLATED)
_738016_/A                            320.00  346.24  -26.24 (VIOLATED)
_755093_/B                            320.00  346.23  -26.23 (VIOLATED)
_754331_/B2                           320.00  346.22  -26.22 (VIOLATED)
_753614_/B2                           320.00  346.21  -26.21 (VIOLATED)
_756534_/A                            320.00  346.20  -26.20 (VIOLATED)
_756535_/A1                           320.00  346.20  -26.20 (VIOLATED)
_737888_/A                            320.00  346.18  -26.18 (VIOLATED)
_745402_/A                            320.00  346.17  -26.17 (VIOLATED)
_486333_/A                            320.00  346.17  -26.17 (VIOLATED)
_742234_/A                            320.00  346.17  -26.17 (VIOLATED)
place74145/A                          320.00  346.16  -26.16 (VIOLATED)
_754340_/A                            320.00  346.14  -26.14 (VIOLATED)
_738771_/B                            320.00  346.14  -26.14 (VIOLATED)
_742180_/B                            320.00  346.14  -26.14 (VIOLATED)
_752884_/A                            320.00  346.11  -26.11 (VIOLATED)
_753100_/A                            320.00  346.11  -26.11 (VIOLATED)
_752902_/B2                           320.00  346.10  -26.10 (VIOLATED)
_696381_/B                            320.00  346.09  -26.09 (VIOLATED)
_751140_/B                            320.00  346.08  -26.08 (VIOLATED)
_749088_/B2                           320.00  346.07  -26.07 (VIOLATED)
_750839_/B2                           320.00  346.07  -26.07 (VIOLATED)
_755974_/A                            320.00  346.07  -26.07 (VIOLATED)
_748116_/C                            320.00  346.06  -26.06 (VIOLATED)
part_q[51][0]$_DFFE_PP_/QN            320.00  346.06  -26.06 (VIOLATED)
_742631_/A                            320.00  346.05  -26.05 (VIOLATED)
_746213_/A                            320.00  346.05  -26.05 (VIOLATED)
_745405_/A                            320.00  346.05  -26.05 (VIOLATED)
_762187_/B                            320.00  346.05  -26.05 (VIOLATED)
_742433_/B                            320.00  346.05  -26.05 (VIOLATED)
_751968_/B2                           320.00  346.04  -26.04 (VIOLATED)
_486354_/A                            320.00  346.04  -26.04 (VIOLATED)
_749266_/C                            320.00  346.03  -26.03 (VIOLATED)
_480321_/A                            320.00  346.03  -26.03 (VIOLATED)
_743899_/A                            320.00  346.02  -26.02 (VIOLATED)
_644624_/A                            320.00  346.02  -26.02 (VIOLATED)
_749315_/C                            320.00  346.02  -26.02 (VIOLATED)
place67324/A                          320.00  346.01  -26.01 (VIOLATED)
rdata_q[7407]$_DFFE_PP_/QN            320.00  345.98  -25.98 (VIOLATED)
_743847_/A                            320.00  345.97  -25.97 (VIOLATED)
_755843_/A                            320.00  345.96  -25.96 (VIOLATED)
_736983_/A                            320.00  345.95  -25.95 (VIOLATED)
hold106195/A                          320.00  345.94  -25.94 (VIOLATED)
_751138_/B                            320.00  345.94  -25.94 (VIOLATED)
_742633_/A                            320.00  345.93  -25.93 (VIOLATED)
_707454_/B                            320.00  345.93  -25.93 (VIOLATED)
_769305_/A                            320.00  345.91  -25.91 (VIOLATED)
part_q[15][8]$_DFFE_PP_/QN            320.00  345.91  -25.91 (VIOLATED)
_755922_/A1                           320.00  345.86  -25.86 (VIOLATED)
_748041_/A                            320.00  345.84  -25.84 (VIOLATED)
nbm1_q[8]$_DFFE_PN0P_/RESETN          320.00  345.83  -25.83 (VIOLATED)
_742599_/A                            320.00  345.83  -25.83 (VIOLATED)
_707475_/B                            320.00  345.82  -25.82 (VIOLATED)
_742602_/A                            320.00  345.79  -25.79 (VIOLATED)
_806125_/A                            320.00  345.79  -25.79 (VIOLATED)
_742102_/A                            320.00  345.76  -25.76 (VIOLATED)
_787808_/A1                           320.00  345.76  -25.76 (VIOLATED)
place72591/A                          320.00  345.75  -25.75 (VIOLATED)
_741278_/A                            320.00  345.75  -25.75 (VIOLATED)
_751150_/A                            320.00  345.74  -25.74 (VIOLATED)
m_addr[5]$_DFFE_PN0P_/RESETN          320.00  345.74  -25.74 (VIOLATED)
_755438_/A1                           320.00  345.73  -25.73 (VIOLATED)
m_addr[0]$_DFFE_PN0P_/RESETN          320.00  345.72  -25.72 (VIOLATED)
_745408_/A                            320.00  345.71  -25.71 (VIOLATED)
_742617_/A                            320.00  345.69  -25.69 (VIOLATED)
_742669_/A                            320.00  345.69  -25.69 (VIOLATED)
_758954_/A1                           320.00  345.68  -25.68 (VIOLATED)
rdata_q[3181]$_DFFE_PP_/QN            320.00  345.67  -25.67 (VIOLATED)
part_q[30][13]$_DFFE_PP_/QN           320.00  345.67  -25.67 (VIOLATED)
_742665_/A                            320.00  345.67  -25.67 (VIOLATED)
place67172/A                          320.00  345.66  -25.66 (VIOLATED)
_764831_/C                            320.00  345.66  -25.66 (VIOLATED)
place74729/A                          320.00  345.64  -25.64 (VIOLATED)
_748551_/A                            320.00  345.63  -25.63 (VIOLATED)
output10036/A                         320.00  345.59  -25.59 (VIOLATED)
part_q[51][13]$_DFFE_PP_/QN           320.00  345.57  -25.57 (VIOLATED)
_550453_/A                            320.00  345.57  -25.57 (VIOLATED)
_550452_/A                            320.00  345.56  -25.56 (VIOLATED)
_749032_/C                            320.00  345.56  -25.56 (VIOLATED)
_743837_/A                            320.00  345.55  -25.55 (VIOLATED)
_756892_/A                            320.00  345.55  -25.55 (VIOLATED)
_748113_/A                            320.00  345.52  -25.52 (VIOLATED)
_751877_/B2                           320.00  345.50  -25.50 (VIOLATED)
_742603_/A                            320.00  345.50  -25.50 (VIOLATED)
_759754_/A                            320.00  345.50  -25.50 (VIOLATED)
_753429_/C                            320.00  345.50  -25.50 (VIOLATED)
_743369_/A                            320.00  345.45  -25.45 (VIOLATED)
_742615_/A                            320.00  345.45  -25.45 (VIOLATED)
_742605_/A                            320.00  345.44  -25.44 (VIOLATED)
_738457_/A                            320.00  345.44  -25.44 (VIOLATED)
_616019_/B                            320.00  345.43  -25.43 (VIOLATED)
_741985_/A                            320.00  345.40  -25.40 (VIOLATED)
_752179_/B                            320.00  345.39  -25.39 (VIOLATED)
_750388_/B                            320.00  345.38  -25.38 (VIOLATED)
place74107/A                          320.00  345.38  -25.38 (VIOLATED)
coef_q[5]$_DFFE_PN0P_/RESETN          320.00  345.38  -25.38 (VIOLATED)
_757013_/B                            320.00  345.37  -25.37 (VIOLATED)
_743885_/A                            320.00  345.37  -25.37 (VIOLATED)
_755392_/A                            320.00  345.36  -25.36 (VIOLATED)
_743859_/A                            320.00  345.35  -25.35 (VIOLATED)
_704058_/A1                           320.00  345.34  -25.34 (VIOLATED)
_754096_/A                            320.00  345.31  -25.31 (VIOLATED)
wire18521/A                           320.00  345.31  -25.31 (VIOLATED)
_762274_/A2                           320.00  345.31  -25.31 (VIOLATED)
_742607_/A                            320.00  345.31  -25.31 (VIOLATED)
_738408_/A                            320.00  345.29  -25.29 (VIOLATED)
_753610_/B2                           320.00  345.29  -25.29 (VIOLATED)
_752995_/B3                           320.00  345.28  -25.28 (VIOLATED)
place67129/A                          320.00  345.27  -25.27 (VIOLATED)
_740378_/A                            320.00  345.26  -25.26 (VIOLATED)
_750638_/C                            320.00  345.26  -25.26 (VIOLATED)
_755393_/A1                           320.00  345.24  -25.24 (VIOLATED)
_750630_/A                            320.00  345.23  -25.23 (VIOLATED)
_738413_/A                            320.00  345.22  -25.22 (VIOLATED)
_750629_/C                            320.00  345.22  -25.22 (VIOLATED)
_758677_/A1                           320.00  345.18  -25.18 (VIOLATED)
_754099_/A                            320.00  345.17  -25.17 (VIOLATED)
_757053_/A1                           320.00  345.16  -25.16 (VIOLATED)
_755384_/A                            320.00  345.13  -25.13 (VIOLATED)
_752181_/C                            320.00  345.13  -25.13 (VIOLATED)
_749132_/A1                           320.00  345.12  -25.12 (VIOLATED)
_788002_/A                            320.00  345.11  -25.11 (VIOLATED)
_745221_/A                            320.00  345.10  -25.10 (VIOLATED)
_760666_/A1                           320.00  345.09  -25.09 (VIOLATED)
_738414_/A                            320.00  345.08  -25.08 (VIOLATED)
in_data_q[143]$_DFFE_PN0P_/QN         320.00  345.08  -25.08 (VIOLATED)
place74261/A                          320.00  345.05  -25.05 (VIOLATED)
_482520_/C                            320.00  345.00  -25.00 (VIOLATED)
_745563_/B                            320.00  345.00  -25.00 (VIOLATED)
_743295_/A                            320.00  344.98  -24.98 (VIOLATED)
_482500_/C                            320.00  344.98  -24.98 (VIOLATED)
_745350_/A                            320.00  344.98  -24.98 (VIOLATED)
_480756_/C                            320.00  344.95  -24.95 (VIOLATED)
_748552_/A                            320.00  344.95  -24.95 (VIOLATED)
_748659_/A                            320.00  344.95  -24.95 (VIOLATED)
_754091_/A                            320.00  344.92  -24.92 (VIOLATED)
_754088_/A                            320.00  344.92  -24.92 (VIOLATED)
_759847_/A                            320.00  344.91  -24.91 (VIOLATED)
_751831_/A1                           320.00  344.90  -24.90 (VIOLATED)
rdata_q[6539]$_DFFE_PP_/QN            320.00  344.89  -24.89 (VIOLATED)
_748562_/A                            320.00  344.87  -24.87 (VIOLATED)
_751116_/B2                           320.00  344.87  -24.87 (VIOLATED)
_756622_/A1                           320.00  344.87  -24.87 (VIOLATED)
place74534/A                          320.00  344.86  -24.86 (VIOLATED)
_748190_/C                            320.00  344.85  -24.85 (VIOLATED)
_764819_/C                            320.00  344.84  -24.84 (VIOLATED)
_756703_/C                            320.00  344.84  -24.84 (VIOLATED)
part_q[38][16]$_DFFE_PP_/QN           320.00  344.84  -24.84 (VIOLATED)
_750647_/A                            320.00  344.83  -24.83 (VIOLATED)
_750644_/C                            320.00  344.83  -24.83 (VIOLATED)
_759890_/B2                           320.00  344.82  -24.82 (VIOLATED)
_750646_/C                            320.00  344.81  -24.81 (VIOLATED)
_748684_/B                            320.00  344.80  -24.80 (VIOLATED)
rdata_q[7001]$_DFFE_PP_/QN            320.00  344.79  -24.79 (VIOLATED)
_743291_/A                            320.00  344.78  -24.78 (VIOLATED)
_772486_/A                            320.00  344.78  -24.78 (VIOLATED)
_751646_/A                            320.00  344.76  -24.76 (VIOLATED)
_748569_/A                            320.00  344.74  -24.74 (VIOLATED)
_738419_/A                            320.00  344.74  -24.74 (VIOLATED)
_745357_/A                            320.00  344.72  -24.72 (VIOLATED)
_497055_/A1                           320.00  344.72  -24.72 (VIOLATED)
_745269_/A                            320.00  344.72  -24.72 (VIOLATED)
place74390/A                          320.00  344.70  -24.70 (VIOLATED)
place73746/A                          320.00  344.70  -24.70 (VIOLATED)
_490896_/A                            320.00  344.69  -24.69 (VIOLATED)
part_q[28][12]$_DFFE_PP_/QN           320.00  344.69  -24.69 (VIOLATED)
_756287_/A1                           320.00  344.69  -24.69 (VIOLATED)
_745244_/A                            320.00  344.69  -24.69 (VIOLATED)
place67277/A                          320.00  344.66  -24.66 (VIOLATED)
_750419_/C                            320.00  344.66  -24.66 (VIOLATED)
_673227_/B                            320.00  344.65  -24.65 (VIOLATED)
_741330_/A                            320.00  344.65  -24.65 (VIOLATED)
_744142_/B                            320.00  344.62  -24.62 (VIOLATED)
_745236_/A                            320.00  344.61  -24.61 (VIOLATED)
_748596_/A                            320.00  344.60  -24.60 (VIOLATED)
_761134_/A                            320.00  344.59  -24.59 (VIOLATED)
_760086_/A                            320.00  344.58  -24.58 (VIOLATED)
_480112_/A                            320.00  344.58  -24.58 (VIOLATED)
_750773_/B                            320.00  344.56  -24.56 (VIOLATED)
_745263_/A                            320.00  344.55  -24.55 (VIOLATED)
rdata_q[7652]$_DFFE_PP_/QN            320.00  344.54  -24.54 (VIOLATED)
_748205_/A                            320.00  344.53  -24.53 (VIOLATED)
_748190_/A                            320.00  344.53  -24.53 (VIOLATED)
_739865_/B                            320.00  344.52  -24.52 (VIOLATED)
_739834_/A                            320.00  344.52  -24.52 (VIOLATED)
_749375_/D                            320.00  344.52  -24.52 (VIOLATED)
_753738_/C                            320.00  344.47  -24.47 (VIOLATED)
_738448_/A                            320.00  344.46  -24.46 (VIOLATED)
_480739_/C                            320.00  344.43  -24.43 (VIOLATED)
_768074_/Y                            320.00  344.42  -24.42 (VIOLATED)
_482495_/A1                           320.00  344.42  -24.42 (VIOLATED)
_741405_/B                            320.00  344.42  -24.42 (VIOLATED)
place72226/A                          320.00  344.42  -24.41 (VIOLATED)
_755207_/A                            320.00  344.41  -24.41 (VIOLATED)
_746879_/A                            320.00  344.41  -24.41 (VIOLATED)
_761024_/A1                           320.00  344.41  -24.41 (VIOLATED)
_740363_/B                            320.00  344.40  -24.40 (VIOLATED)
_757545_/A1                           320.00  344.40  -24.40 (VIOLATED)
_742045_/A                            320.00  344.40  -24.40 (VIOLATED)
_749295_/A                            320.00  344.38  -24.38 (VIOLATED)
_482558_/C                            320.00  344.37  -24.37 (VIOLATED)
_759378_/B                            320.00  344.36  -24.36 (VIOLATED)
_755545_/A1                           320.00  344.36  -24.36 (VIOLATED)
_762181_/B                            320.00  344.36  -24.36 (VIOLATED)
_748589_/A                            320.00  344.34  -24.34 (VIOLATED)
_750776_/A                            320.00  344.34  -24.34 (VIOLATED)
_742664_/A                            320.00  344.30  -24.30 (VIOLATED)
_741212_/B                            320.00  344.29  -24.29 (VIOLATED)
_740812_/A                            320.00  344.29  -24.29 (VIOLATED)
_745284_/A                            320.00  344.29  -24.29 (VIOLATED)
_736959_/A                            320.00  344.28  -24.28 (VIOLATED)
part_q[38][11]$_DFFE_PP_/QN           320.00  344.28  -24.28 (VIOLATED)
_635097_/B                            320.00  344.27  -24.27 (VIOLATED)
_748942_/A1                           320.00  344.26  -24.26 (VIOLATED)
_644625_/A                            320.00  344.26  -24.26 (VIOLATED)
_626565_/A                            320.00  344.25  -24.25 (VIOLATED)
_480402_/B                            320.00  344.23  -24.23 (VIOLATED)
_759450_/A1                           320.00  344.22  -24.22 (VIOLATED)
_751929_/A                            320.00  344.22  -24.22 (VIOLATED)
_787327_/B                            320.00  344.21  -24.21 (VIOLATED)
oskid_d[70]$_DFFE_PN0P_/RESETN        320.00  344.20  -24.20 (VIOLATED)
_750427_/B                            320.00  344.19  -24.19 (VIOLATED)
_711933_/A                            320.00  344.19  -24.19 (VIOLATED)
_482408_/A                            320.00  344.19  -24.19 (VIOLATED)
_597613_/B                            320.00  344.17  -24.17 (VIOLATED)
_752861_/A2                           320.00  344.17  -24.17 (VIOLATED)
_750584_/B                            320.00  344.17  -24.17 (VIOLATED)
_748969_/A                            320.00  344.16  -24.16 (VIOLATED)
_755549_/B                            320.00  344.16  -24.16 (VIOLATED)
_743352_/A                            320.00  344.15  -24.15 (VIOLATED)
place74671/A                          320.00  344.15  -24.15 (VIOLATED)
_758588_/A1                           320.00  344.14  -24.14 (VIOLATED)
_480425_/A                            320.00  344.14  -24.14 (VIOLATED)
_719357_/B                            320.00  344.13  -24.13 (VIOLATED)
_664209_/A                            320.00  344.12  -24.12 (VIOLATED)
_738428_/A                            320.00  344.09  -24.09 (VIOLATED)
_480844_/A1                           320.00  344.07  -24.07 (VIOLATED)
_750764_/A                            320.00  344.06  -24.06 (VIOLATED)
_754354_/A                            320.00  344.06  -24.06 (VIOLATED)
_486235_/A                            320.00  344.05  -24.05 (VIOLATED)
a_sym[21][6]$_DFFE_PN0P_/RESETN       320.00  344.04  -24.04 (VIOLATED)
oskid_d[154]$_DFFE_PN0P_/RESETN       320.00  344.02  -24.02 (VIOLATED)
_482580_/C                            320.00  344.02  -24.02 (VIOLATED)
_768722_/A                            320.00  344.02  -24.02 (VIOLATED)
_517033_/B                            320.00  343.99  -23.99 (VIOLATED)
ce_d1[4]$_DFFE_PN0P_/RESETN           320.00  343.97  -23.97 (VIOLATED)
_765484_/A1                           320.00  343.97  -23.97 (VIOLATED)
_754195_/A1                           320.00  343.96  -23.96 (VIOLATED)
part_q[51][3]$_DFFE_PP_/QN            320.00  343.95  -23.95 (VIOLATED)
_648586_/A                            320.00  343.94  -23.94 (VIOLATED)
_746878_/Y                            320.00  343.86  -23.86 (VIOLATED)
_745640_/B                            320.00  343.85  -23.85 (VIOLATED)
_506034_/A3                           320.00  343.85  -23.85 (VIOLATED)
place74211/A                          320.00  343.84  -23.84 (VIOLATED)
_746525_/B                            320.00  343.83  -23.83 (VIOLATED)
_754255_/A                            320.00  343.83  -23.83 (VIOLATED)
place74389/A                          320.00  343.80  -23.80 (VIOLATED)
_750775_/A                            320.00  343.79  -23.79 (VIOLATED)
coef_q[56]$_DFFE_PN0P_/RESETN         320.00  343.77  -23.77 (VIOLATED)
_648585_/A                            320.00  343.77  -23.77 (VIOLATED)
_738471_/A                            320.00  343.77  -23.77 (VIOLATED)
_758249_/A                            320.00  343.75  -23.75 (VIOLATED)
in_data_q[28]$_DFFE_PN0P_/QN          320.00  343.75  -23.75 (VIOLATED)
_760961_/A1                           320.00  343.74  -23.74 (VIOLATED)
_739458_/B                            320.00  343.74  -23.74 (VIOLATED)
_745303_/A                            320.00  343.74  -23.74 (VIOLATED)
_738580_/A                            320.00  343.71  -23.71 (VIOLATED)
_755561_/B2                           320.00  343.71  -23.71 (VIOLATED)
_759367_/A                            320.00  343.70  -23.70 (VIOLATED)
_751794_/A                            320.00  343.69  -23.69 (VIOLATED)
_757132_/B2                           320.00  343.68  -23.68 (VIOLATED)
_745740_/B                            320.00  343.68  -23.68 (VIOLATED)
_745379_/A                            320.00  343.67  -23.67 (VIOLATED)
_751875_/A1                           320.00  343.67  -23.67 (VIOLATED)
_755482_/A1                           320.00  343.66  -23.66 (VIOLATED)
_747770_/B                            320.00  343.65  -23.65 (VIOLATED)
_737209_/B                            320.00  343.65  -23.65 (VIOLATED)
_736885_/A                            320.00  343.64  -23.64 (VIOLATED)
_745301_/A                            320.00  343.64  -23.64 (VIOLATED)
_751113_/A1                           320.00  343.62  -23.62 (VIOLATED)
_736881_/A                            320.00  343.61  -23.61 (VIOLATED)
place74809/A                          320.00  343.61  -23.61 (VIOLATED)
_757757_/A                            320.00  343.61  -23.61 (VIOLATED)
_759106_/A                            320.00  343.60  -23.60 (VIOLATED)
_754237_/A1                           320.00  343.59  -23.59 (VIOLATED)
_820141_/CI                           320.00  343.58  -23.58 (VIOLATED)
_490883_/B                            320.00  343.56  -23.56 (VIOLATED)
_743445_/A                            320.00  343.53  -23.53 (VIOLATED)
_742611_/A                            320.00  343.52  -23.52 (VIOLATED)
_736877_/A                            320.00  343.52  -23.52 (VIOLATED)
_749435_/A1                           320.00  343.52  -23.52 (VIOLATED)
place74759/A                          320.00  343.51  -23.51 (VIOLATED)
_738319_/B                            320.00  343.50  -23.50 (VIOLATED)
oskid_d[14]$_DFFE_PN0P_/RESETN        320.00  343.50  -23.50 (VIOLATED)
_745287_/A                            320.00  343.50  -23.50 (VIOLATED)
_768338_/Y                            320.00  343.49  -23.49 (VIOLATED)
_757753_/A                            320.00  343.49  -23.49 (VIOLATED)
_752106_/B3                           320.00  343.49  -23.49 (VIOLATED)
_726153_/C                            320.00  343.49  -23.49 (VIOLATED)
_746852_/B                            320.00  343.48  -23.48 (VIOLATED)
_738485_/A                            320.00  343.44  -23.44 (VIOLATED)
_737895_/A                            320.00  343.43  -23.43 (VIOLATED)
part_q[63][16]$_DFFE_PP_/QN           320.00  343.43  -23.43 (VIOLATED)
_738014_/A                            320.00  343.42  -23.42 (VIOLATED)
_768094_/Y                            320.00  343.42  -23.42 (VIOLATED)
_758952_/A1                           320.00  343.41  -23.41 (VIOLATED)
place74753/A                          320.00  343.37  -23.37 (VIOLATED)
_737970_/A                            320.00  343.36  -23.36 (VIOLATED)
_758951_/A                            320.00  343.35  -23.35 (VIOLATED)
_479270_/A                            320.00  343.35  -23.35 (VIOLATED)
_788047_/A                            320.00  343.34  -23.34 (VIOLATED)
_738477_/A                            320.00  343.33  -23.33 (VIOLATED)
_738476_/A                            320.00  343.33  -23.33 (VIOLATED)
_745953_/B                            320.00  343.32  -23.32 (VIOLATED)
oskid_d[75]$_DFFE_PN0P_/RESETN        320.00  343.32  -23.32 (VIOLATED)
_738472_/A                            320.00  343.28  -23.28 (VIOLATED)
_648584_/A                            320.00  343.28  -23.28 (VIOLATED)
_749229_/A                            320.00  343.27  -23.27 (VIOLATED)
_741337_/A                            320.00  343.26  -23.26 (VIOLATED)
_749124_/C                            320.00  343.26  -23.26 (VIOLATED)
oskid_d[71]$_DFFE_PN0P_/RESETN        320.00  343.23  -23.23 (VIOLATED)
_479467_/B                            320.00  343.23  -23.23 (VIOLATED)
_741273_/A                            320.00  343.23  -23.23 (VIOLATED)
_739162_/B                            320.00  343.21  -23.21 (VIOLATED)
_749327_/B                            320.00  343.21  -23.21 (VIOLATED)
rdata_q[4868]$_DFFE_PP_/QN            320.00  343.18  -23.18 (VIOLATED)
_736905_/A                            320.00  343.17  -23.17 (VIOLATED)
_748608_/A1                           320.00  343.16  -23.16 (VIOLATED)
_757997_/B                            320.00  343.15  -23.15 (VIOLATED)
_748451_/A                            320.00  343.14  -23.14 (VIOLATED)
nbm1_q[5]$_DFFE_PN0P_/RESETN          320.00  343.12  -23.12 (VIOLATED)
oskid_d[72]$_DFFE_PN0P_/RESETN        320.00  343.11  -23.11 (VIOLATED)
place67315/A                          320.00  343.08  -23.08 (VIOLATED)
_753606_/B2                           320.00  343.08  -23.08 (VIOLATED)
_750707_/A                            320.00  343.07  -23.07 (VIOLATED)
_747379_/B                            320.00  343.07  -23.07 (VIOLATED)
_756973_/A                            320.00  343.06  -23.06 (VIOLATED)
_753669_/B                            320.00  343.06  -23.06 (VIOLATED)
_740398_/A                            320.00  343.05  -23.05 (VIOLATED)
_740418_/A                            320.00  343.04  -23.04 (VIOLATED)
_747140_/B                            320.00  343.02  -23.02 (VIOLATED)
_757268_/A1                           320.00  343.02  -23.02 (VIOLATED)
_745224_/A                            320.00  342.99  -22.99 (VIOLATED)
_745651_/B                            320.00  342.99  -22.99 (VIOLATED)
_739793_/B                            320.00  342.99  -22.99 (VIOLATED)
_682764_/B                            320.00  342.98  -22.98 (VIOLATED)
_503086_/A1                           320.00  342.97  -22.97 (VIOLATED)
_757002_/A                            320.00  342.94  -22.94 (VIOLATED)
_747873_/B                            320.00  342.93  -22.93 (VIOLATED)
_756300_/A1                           320.00  342.88  -22.88 (VIOLATED)
_760612_/C                            320.00  342.87  -22.87 (VIOLATED)
_742610_/A                            320.00  342.86  -22.86 (VIOLATED)
_772487_/A1                           320.00  342.85  -22.85 (VIOLATED)
_752764_/C                            320.00  342.85  -22.85 (VIOLATED)
place71972/A                          320.00  342.84  -22.84 (VIOLATED)
_742239_/A                            320.00  342.83  -22.83 (VIOLATED)
_755893_/A1                           320.00  342.82  -22.82 (VIOLATED)
_748023_/A                            320.00  342.80  -22.80 (VIOLATED)
_724721_/B                            320.00  342.79  -22.79 (VIOLATED)
_746827_/B                            320.00  342.77  -22.77 (VIOLATED)
_748017_/A                            320.00  342.76  -22.76 (VIOLATED)
_756173_/A1                           320.00  342.76  -22.76 (VIOLATED)
place74070/A                          320.00  342.75  -22.75 (VIOLATED)
_748612_/A                            320.00  342.75  -22.75 (VIOLATED)
_759196_/B                            320.00  342.73  -22.73 (VIOLATED)
_762183_/B                            320.00  342.73  -22.73 (VIOLATED)
_514481_/C                            320.00  342.73  -22.73 (VIOLATED)
_740333_/A                            320.00  342.72  -22.72 (VIOLATED)
_747276_/A                            320.00  342.72  -22.72 (VIOLATED)
place73341/A                          320.00  342.69  -22.69 (VIOLATED)
_750593_/C                            320.00  342.69  -22.69 (VIOLATED)
_768102_/Y                            320.00  342.65  -22.65 (VIOLATED)
_739826_/A                            320.00  342.63  -22.63 (VIOLATED)
_759107_/A1                           320.00  342.63  -22.63 (VIOLATED)
_758425_/C                            320.00  342.63  -22.63 (VIOLATED)
_758398_/B                            320.00  342.62  -22.62 (VIOLATED)
_759369_/A                            320.00  342.62  -22.62 (VIOLATED)
_482512_/A                            320.00  342.61  -22.61 (VIOLATED)
_744320_/A                            320.00  342.61  -22.61 (VIOLATED)
_757267_/A                            320.00  342.59  -22.59 (VIOLATED)
_738316_/B                            320.00  342.58  -22.58 (VIOLATED)
_480795_/B                            320.00  342.57  -22.57 (VIOLATED)
_479261_/Y                            320.00  342.57  -22.57 (VIOLATED)
place72690/A                          320.00  342.57  -22.57 (VIOLATED)
_747510_/B                            320.00  342.55  -22.55 (VIOLATED)
_738456_/A                            320.00  342.54  -22.54 (VIOLATED)
_756955_/A                            320.00  342.54  -22.54 (VIOLATED)
_749038_/C                            320.00  342.50  -22.50 (VIOLATED)
_737995_/A                            320.00  342.50  -22.50 (VIOLATED)
_760208_/B2                           320.00  342.48  -22.48 (VIOLATED)
_757024_/C                            320.00  342.48  -22.48 (VIOLATED)
m_1h[15]$_DFFE_PN0P_/QN               320.00  342.45  -22.45 (VIOLATED)
_750528_/A2                           320.00  342.44  -22.44 (VIOLATED)
coef_q[24]$_DFFE_PN0P_/RESETN         320.00  342.40  -22.40 (VIOLATED)
_648583_/A                            320.00  342.39  -22.39 (VIOLATED)
_741299_/A                            320.00  342.39  -22.39 (VIOLATED)
_737094_/A                            320.00  342.37  -22.37 (VIOLATED)
_748164_/A                            320.00  342.36  -22.36 (VIOLATED)
_751500_/D                            320.00  342.34  -22.34 (VIOLATED)
_750664_/A                            320.00  342.33  -22.33 (VIOLATED)
_763150_/A                            320.00  342.32  -22.32 (VIOLATED)
place74964/A                          320.00  342.30  -22.30 (VIOLATED)
_758429_/C                            320.00  342.29  -22.29 (VIOLATED)
_755018_/A1                           320.00  342.28  -22.28 (VIOLATED)
_745501_/B                            320.00  342.27  -22.27 (VIOLATED)
_754299_/A                            320.00  342.26  -22.26 (VIOLATED)
_670868_/A                            320.00  342.26  -22.26 (VIOLATED)
place72658/A                          320.00  342.24  -22.24 (VIOLATED)
_597619_/B                            320.00  342.23  -22.23 (VIOLATED)
_738453_/A                            320.00  342.23  -22.23 (VIOLATED)
_756232_/A2                           320.00  342.21  -22.21 (VIOLATED)
_745662_/B                            320.00  342.20  -22.20 (VIOLATED)
_670867_/A                            320.00  342.19  -22.19 (VIOLATED)
_506127_/B                            320.00  342.18  -22.18 (VIOLATED)
oskid_d[117]$_DFFE_PN0P_/RESETN       320.00  342.17  -22.17 (VIOLATED)
_736926_/A                            320.00  342.17  -22.17 (VIOLATED)
place74860/A                          320.00  342.15  -22.15 (VIOLATED)
_759994_/B1                           320.00  342.12  -22.12 (VIOLATED)
_754828_/B2                           320.00  342.10  -22.10 (VIOLATED)
_736851_/B                            320.00  342.09  -22.09 (VIOLATED)
_738450_/A                            320.00  342.09  -22.09 (VIOLATED)
place72143/A                          320.00  342.07  -22.07 (VIOLATED)
place72459/A                          320.00  342.03  -22.03 (VIOLATED)
_739841_/A                            320.00  342.02  -22.02 (VIOLATED)
out_pix_data[75]$_DFFE_PN0P_/RESETN   320.00  342.01  -22.01 (VIOLATED)
_754937_/A                            320.00  341.99  -21.99 (VIOLATED)
out_pix_data[72]$_DFFE_PN0P_/RESETN   320.00  341.95  -21.95 (VIOLATED)
place74427/A                          320.00  341.91  -21.91 (VIOLATED)
_750579_/A2                           320.00  341.90  -21.90 (VIOLATED)
_743865_/A                            320.00  341.89  -21.89 (VIOLATED)
_757479_/A                            320.00  341.89  -21.89 (VIOLATED)
_670866_/A                            320.00  341.89  -21.89 (VIOLATED)
_673371_/B                            320.00  341.88  -21.88 (VIOLATED)
place74854/A                          320.00  341.87  -21.87 (VIOLATED)
_736967_/A                            320.00  341.86  -21.86 (VIOLATED)
_738483_/A                            320.00  341.84  -21.84 (VIOLATED)
_739801_/B                            320.00  341.84  -21.84 (VIOLATED)
_757261_/A1                           320.00  341.74  -21.74 (VIOLATED)
_737381_/A                            320.00  341.74  -21.74 (VIOLATED)
place68207/A                          320.00  341.73  -21.73 (VIOLATED)
_745425_/A                            320.00  341.73  -21.73 (VIOLATED)
_743300_/A                            320.00  341.71  -21.71 (VIOLATED)
rdata_q[7826]$_DFFE_PP_/QN            320.00  341.71  -21.71 (VIOLATED)
_743444_/A                            320.00  341.71  -21.71 (VIOLATED)
_738463_/A                            320.00  341.66  -21.66 (VIOLATED)
rdata_q[7358]$_DFFE_PP_/QN            320.00  341.65  -21.65 (VIOLATED)
_797414_/B                            320.00  341.65  -21.65 (VIOLATED)
_744259_/A                            320.00  341.56  -21.56 (VIOLATED)
_740816_/A                            320.00  341.55  -21.55 (VIOLATED)
_626563_/A                            320.00  341.55  -21.55 (VIOLATED)
_738765_/A                            320.00  341.54  -21.54 (VIOLATED)
_761012_/A1                           320.00  341.54  -21.54 (VIOLATED)
_737016_/A                            320.00  341.53  -21.53 (VIOLATED)
_639270_/A                            320.00  341.53  -21.53 (VIOLATED)
_737373_/A                            320.00  341.51  -21.51 (VIOLATED)
_745245_/A                            320.00  341.51  -21.51 (VIOLATED)
_741979_/A                            320.00  341.50  -21.50 (VIOLATED)
_639271_/A                            320.00  341.49  -21.49 (VIOLATED)
_622354_/Y                            320.00  341.49  -21.49 (VIOLATED)
ce_d1[5]$_DFFE_PN0P_/RESETN           320.00  341.48  -21.48 (VIOLATED)
_751711_/C                            320.00  341.48  -21.48 (VIOLATED)
place73190/A                          320.00  341.47  -21.47 (VIOLATED)
_755837_/B2                           320.00  341.46  -21.46 (VIOLATED)
_753573_/A                            320.00  341.46  -21.46 (VIOLATED)
_736979_/A                            320.00  341.43  -21.43 (VIOLATED)
place74836/A                          320.00  341.42  -21.42 (VIOLATED)
_738813_/B                            320.00  341.41  -21.41 (VIOLATED)
_748540_/A                            320.00  341.41  -21.41 (VIOLATED)
_742050_/A                            320.00  341.40  -21.40 (VIOLATED)
_626564_/A                            320.00  341.40  -21.40 (VIOLATED)
_748948_/A                            320.00  341.40  -21.40 (VIOLATED)
_743651_/B                            320.00  341.39  -21.39 (VIOLATED)
_742046_/A                            320.00  341.39  -21.39 (VIOLATED)
_737110_/A                            320.00  341.36  -21.36 (VIOLATED)
_769084_/Y                            320.00  341.35  -21.35 (VIOLATED)
_738425_/A                            320.00  341.35  -21.35 (VIOLATED)
_711921_/Y                            320.00  341.33  -21.33 (VIOLATED)
_757483_/A                            320.00  341.32  -21.32 (VIOLATED)
_760483_/A1                           320.00  341.31  -21.31 (VIOLATED)
_738479_/A                            320.00  341.31  -21.31 (VIOLATED)
_639389_/A                            320.00  341.30  -21.30 (VIOLATED)
_768838_/A                            320.00  341.29  -21.29 (VIOLATED)
_738480_/A                            320.00  341.29  -21.29 (VIOLATED)
_760095_/A1                           320.00  341.29  -21.29 (VIOLATED)
_745277_/A                            320.00  341.28  -21.28 (VIOLATED)
_757037_/C                            320.00  341.27  -21.27 (VIOLATED)
_747821_/Y                            320.00  341.26  -21.26 (VIOLATED)
_745259_/A                            320.00  341.26  -21.26 (VIOLATED)
_757018_/A                            320.00  341.25  -21.25 (VIOLATED)
_644626_/A                            320.00  341.24  -21.24 (VIOLATED)
_762185_/B                            320.00  341.23  -21.23 (VIOLATED)
_759976_/A                            320.00  341.23  -21.23 (VIOLATED)
_766341_/A                            320.00  341.20  -21.20 (VIOLATED)
_748174_/B                            320.00  341.20  -21.20 (VIOLATED)
_764406_/A                            320.00  341.20  -21.20 (VIOLATED)
part_q[20][11]$_DFFE_PP_/D            320.00  341.19  -21.19 (VIOLATED)
_766350_/A                            320.00  341.18  -21.18 (VIOLATED)
rdata_q[6944]$_DFFE_PP_/QN            320.00  341.18  -21.18 (VIOLATED)
_741986_/A                            320.00  341.18  -21.18 (VIOLATED)
_670865_/A                            320.00  341.16  -21.16 (VIOLATED)
_737670_/B                            320.00  341.14  -21.14 (VIOLATED)
_748983_/A                            320.00  341.14  -21.14 (VIOLATED)
place74829/A                          320.00  341.13  -21.13 (VIOLATED)
_739979_/B                            320.00  341.12  -21.12 (VIOLATED)
_741982_/A                            320.00  341.11  -21.11 (VIOLATED)
_749308_/A                            320.00  341.11  -21.11 (VIOLATED)
_614217_/B                            320.00  341.11  -21.11 (VIOLATED)
_766357_/C                            320.00  341.10  -21.10 (VIOLATED)
place72977/A                          320.00  341.09  -21.09 (VIOLATED)
_741981_/A                            320.00  341.05  -21.05 (VIOLATED)
coef_q[18]$_DFFE_PN0P_/RESETN         320.00  341.04  -21.04 (VIOLATED)
oskid_d[18]$_DFFE_PN0P_/RESETN        320.00  341.04  -21.04 (VIOLATED)
_741978_/A                            320.00  341.04  -21.04 (VIOLATED)
_503085_/C                            320.00  341.02  -21.02 (VIOLATED)
_753690_/B1                           320.00  341.02  -21.02 (VIOLATED)
_766360_/C                            320.00  341.02  -21.02 (VIOLATED)
_762250_/Y                            320.00  341.01  -21.01 (VIOLATED)
_836828_/A                            320.00  340.98  -20.98 (VIOLATED)
_765081_/A1                           320.00  340.98  -20.98 (VIOLATED)
_764466_/A1                           320.00  340.97  -20.97 (VIOLATED)
_737020_/A                            320.00  340.96  -20.96 (VIOLATED)
place74821/A                          320.00  340.95  -20.95 (VIOLATED)
rdata_q[2289]$_DFFE_PP_/QN            320.00  340.93  -20.93 (VIOLATED)
_742051_/A                            320.00  340.92  -20.92 (VIOLATED)
_737069_/A                            320.00  340.91  -20.91 (VIOLATED)
_736918_/A                            320.00  340.90  -20.90 (VIOLATED)
_759051_/A                            320.00  340.90  -20.90 (VIOLATED)
_757255_/A1                           320.00  340.88  -20.88 (VIOLATED)
_736889_/A                            320.00  340.87  -20.87 (VIOLATED)
oskid_d[153]$_DFFE_PN0P_/RESETN       320.00  340.87  -20.87 (VIOLATED)
_759467_/A1                           320.00  340.86  -20.86 (VIOLATED)
_769086_/Y                            320.00  340.86  -20.86 (VIOLATED)
_768336_/Y                            320.00  340.85  -20.85 (VIOLATED)
_759968_/B                            320.00  340.85  -20.85 (VIOLATED)
_503067_/C                            320.00  340.82  -20.82 (VIOLATED)
place78674/A                          320.00  340.81  -20.81 (VIOLATED)
_648582_/A                            320.00  340.80  -20.80 (VIOLATED)
_765065_/A                            320.00  340.80  -20.80 (VIOLATED)
_748027_/A                            320.00  340.80  -20.80 (VIOLATED)
place74551/A                          320.00  340.79  -20.79 (VIOLATED)
_760139_/A1                           320.00  340.77  -20.77 (VIOLATED)
_765066_/A1                           320.00  340.77  -20.77 (VIOLATED)
_681544_/B                            320.00  340.76  -20.76 (VIOLATED)
_741967_/B                            320.00  340.76  -20.76 (VIOLATED)
_764734_/C                            320.00  340.74  -20.74 (VIOLATED)
_764498_/A1                           320.00  340.74  -20.74 (VIOLATED)
part_q[71][6]$_DFFE_PP_/QN            320.00  340.74  -20.74 (VIOLATED)
_765088_/A1                           320.00  340.73  -20.73 (VIOLATED)
_480368_/A                            320.00  340.73  -20.73 (VIOLATED)
_742644_/B                            320.00  340.73  -20.73 (VIOLATED)
_679663_/A                            320.00  340.72  -20.72 (VIOLATED)
_744143_/B                            320.00  340.71  -20.71 (VIOLATED)
_741790_/B                            320.00  340.71  -20.71 (VIOLATED)
_639272_/A                            320.00  340.71  -20.71 (VIOLATED)
_769072_/Y                            320.00  340.70  -20.70 (VIOLATED)
place73222/A                          320.00  340.69  -20.69 (VIOLATED)
_741336_/A                            320.00  340.69  -20.69 (VIOLATED)
_742237_/A                            320.00  340.69  -20.69 (VIOLATED)
_754877_/A1                           320.00  340.68  -20.68 (VIOLATED)
_756885_/A1                           320.00  340.68  -20.68 (VIOLATED)
_560193_/A1                           320.00  340.68  -20.68 (VIOLATED)
_788030_/A                            320.00  340.68  -20.68 (VIOLATED)
_737102_/A                            320.00  340.68  -20.68 (VIOLATED)
_750353_/A2                           320.00  340.67  -20.67 (VIOLATED)
_526572_/A1                           320.00  340.66  -20.66 (VIOLATED)
_752667_/A1                           320.00  340.66  -20.66 (VIOLATED)
_560192_/A                            320.00  340.65  -20.65 (VIOLATED)
_744261_/A                            320.00  340.64  -20.64 (VIOLATED)
_737483_/A                            320.00  340.64  -20.64 (VIOLATED)
_736954_/A                            320.00  340.62  -20.62 (VIOLATED)
rdata_q[2645]$_DFFE_PP_/QN            320.00  340.62  -20.62 (VIOLATED)
_635154_/A1                           320.00  340.61  -20.61 (VIOLATED)
_707472_/B                            320.00  340.61  -20.61 (VIOLATED)
place74407/A                          320.00  340.60  -20.60 (VIOLATED)
place74897/A                          320.00  340.60  -20.60 (VIOLATED)
_663635_/A                            320.00  340.59  -20.59 (VIOLATED)
_754233_/B2                           320.00  340.59  -20.59 (VIOLATED)
in_data_q[12]$_DFFE_PN0P_/QN          320.00  340.59  -20.59 (VIOLATED)
_742134_/A                            320.00  340.58  -20.58 (VIOLATED)
_760571_/A                            320.00  340.58  -20.58 (VIOLATED)
_758684_/A                            320.00  340.58  -20.58 (VIOLATED)
_765090_/A1                           320.00  340.56  -20.56 (VIOLATED)
_742098_/A                            320.00  340.56  -20.56 (VIOLATED)
_760963_/A1                           320.00  340.55  -20.55 (VIOLATED)
_745295_/A                            320.00  340.54  -20.54 (VIOLATED)
_760397_/C                            320.00  340.52  -20.52 (VIOLATED)
_748683_/A                            320.00  340.52  -20.52 (VIOLATED)
_740381_/A                            320.00  340.51  -20.51 (VIOLATED)
part_q[30][4]$_DFFE_PP_/QN            320.00  340.51  -20.51 (VIOLATED)
_745222_/A                            320.00  340.50  -20.50 (VIOLATED)
_764452_/A                            320.00  340.49  -20.49 (VIOLATED)
_745256_/A                            320.00  340.48  -20.48 (VIOLATED)
_764453_/A1                           320.00  340.48  -20.48 (VIOLATED)
_746239_/A                            320.00  340.47  -20.47 (VIOLATED)
_635153_/A                            320.00  340.47  -20.47 (VIOLATED)
_765283_/A1                           320.00  340.46  -20.46 (VIOLATED)
place73749/A                          320.00  340.46  -20.46 (VIOLATED)
_764510_/A1                           320.00  340.45  -20.45 (VIOLATED)
_749666_/E                            320.00  340.45  -20.45 (VIOLATED)
_765291_/A1                           320.00  340.45  -20.45 (VIOLATED)
_745229_/A                            320.00  340.45  -20.45 (VIOLATED)
_663636_/A                            320.00  340.44  -20.44 (VIOLATED)
_737459_/A                            320.00  340.44  -20.44 (VIOLATED)
_639273_/A                            320.00  340.43  -20.43 (VIOLATED)
_739536_/B                            320.00  340.42  -20.42 (VIOLATED)
out_pix_data[48]$_DFFE_PN0P_/RESETN   320.00  340.42  -20.42 (VIOLATED)
_749555_/C                            320.00  340.41  -20.41 (VIOLATED)
_749234_/D                            320.00  340.38  -20.38 (VIOLATED)
coef_q[90]$_DFFE_PN0P_/RESETN         320.00  340.38  -20.38 (VIOLATED)
_768089_/Y                            320.00  340.37  -20.37 (VIOLATED)
coef_q[74]$_DFFE_PN0P_/RESETN         320.00  340.37  -20.37 (VIOLATED)
_757774_/A                            320.00  340.36  -20.36 (VIOLATED)
_624019_/A                            320.00  340.36  -20.36 (VIOLATED)
_749141_/B                            320.00  340.35  -20.35 (VIOLATED)
place73741/A                          320.00  340.35  -20.35 (VIOLATED)
coef_q[114]$_DFFE_PN0P_/RESETN        320.00  340.35  -20.35 (VIOLATED)
place67158/A                          320.00  340.33  -20.33 (VIOLATED)
_742474_/B                            320.00  340.33  -20.33 (VIOLATED)
_748933_/A                            320.00  340.32  -20.32 (VIOLATED)
_750984_/B2                           320.00  340.31  -20.31 (VIOLATED)
_758787_/A1                           320.00  340.31  -20.31 (VIOLATED)
_745372_/A                            320.00  340.31  -20.31 (VIOLATED)
place72765/A                          320.00  340.30  -20.30 (VIOLATED)
_739359_/B                            320.00  340.29  -20.29 (VIOLATED)
coef_q[54]$_DFFE_PN0P_/RESETN         320.00  340.29  -20.29 (VIOLATED)
_752042_/B2                           320.00  340.29  -20.29 (VIOLATED)
_745136_/B                            320.00  340.28  -20.28 (VIOLATED)
_753008_/A                            320.00  340.27  -20.27 (VIOLATED)
_755517_/A1                           320.00  340.27  -20.27 (VIOLATED)
place74012/A                          320.00  340.26  -20.26 (VIOLATED)
_641370_/A                            320.00  340.26  -20.26 (VIOLATED)
place74322/A                          320.00  340.26  -20.26 (VIOLATED)
rdata_q[6369]$_DFFE_PP_/QN            320.00  340.25  -20.25 (VIOLATED)
_745255_/A                            320.00  340.25  -20.25 (VIOLATED)
_754180_/A                            320.00  340.24  -20.24 (VIOLATED)
_749388_/A                            320.00  340.24  -20.24 (VIOLATED)
_758592_/A1                           320.00  340.21  -20.21 (VIOLATED)
_480267_/C                            320.00  340.20  -20.20 (VIOLATED)
_755834_/A1                           320.00  340.20  -20.20 (VIOLATED)
_663637_/A                            320.00  340.20  -20.20 (VIOLATED)
_741295_/A                            320.00  340.19  -20.19 (VIOLATED)
_749291_/B                            320.00  340.19  -20.19 (VIOLATED)
part_q[30][1]$_DFFE_PP_/QN            320.00  340.19  -20.19 (VIOLATED)
_744898_/B                            320.00  340.19  -20.19 (VIOLATED)
_737385_/A                            320.00  340.18  -20.18 (VIOLATED)
_624018_/A                            320.00  340.18  -20.18 (VIOLATED)
coef_q[38]$_DFFE_PN0P_/RESETN         320.00  340.18  -20.18 (VIOLATED)
_528275_/B2                           320.00  340.17  -20.17 (VIOLATED)
_760693_/A1                           320.00  340.17  -20.17 (VIOLATED)
_686620_/B                            320.00  340.16  -20.16 (VIOLATED)
_748143_/C                            320.00  340.15  -20.15 (VIOLATED)
_719224_/B                            320.00  340.15  -20.15 (VIOLATED)
_755116_/A1                           320.00  340.15  -20.15 (VIOLATED)
_741980_/A                            320.00  340.13  -20.13 (VIOLATED)
_737032_/A                            320.00  340.12  -20.12 (VIOLATED)
_616200_/A                            320.00  340.12  -20.12 (VIOLATED)
_670864_/A                            320.00  340.12  -20.12 (VIOLATED)
_692223_/A1                           320.00  340.11  -20.11 (VIOLATED)
_769078_/Y                            320.00  340.10  -20.10 (VIOLATED)
rdata_q[7827]$_DFFE_PP_/QN            320.00  340.10  -20.10 (VIOLATED)
place75107/A                          320.00  340.09  -20.09 (VIOLATED)
_750833_/C                            320.00  340.09  -20.09 (VIOLATED)
oskid_d[112]$_DFFE_PN0P_/RESETN       320.00  340.09  -20.09 (VIOLATED)
oskid_d[111]$_DFFE_PN0P_/RESETN       320.00  340.08  -20.08 (VIOLATED)
_755663_/B                            320.00  340.07  -20.07 (VIOLATED)
_746937_/A                            320.00  340.07  -20.07 (VIOLATED)
ce_d1[9]$_DFFE_PN0P_/RESETN           320.00  340.06  -20.06 (VIOLATED)
part_q[50][4]$_DFFE_PP_/QN            320.00  340.04  -20.04 (VIOLATED)
_739812_/A                            320.00  340.03  -20.03 (VIOLATED)
_766247_/C                            320.00  340.02  -20.02 (VIOLATED)
place67373/A                          320.00  340.02  -20.02 (VIOLATED)
_738586_/A                            320.00  340.02  -20.02 (VIOLATED)
_746858_/A                            320.00  340.01  -20.01 (VIOLATED)
_787750_/A                            320.00  340.01  -20.01 (VIOLATED)
_764313_/B                            320.00  340.01  -20.01 (VIOLATED)
_745281_/A                            320.00  340.00  -20.00 (VIOLATED)
_739798_/B                            320.00  340.00  -20.00 (VIOLATED)
_764311_/B                            320.00  339.99  -19.99 (VIOLATED)
_644627_/A                            320.00  339.99  -19.99 (VIOLATED)
_764999_/B                            320.00  339.99  -19.99 (VIOLATED)
_765002_/A2                           320.00  339.99  -19.99 (VIOLATED)
coef_q[72]$_DFFE_PN0P_/RESETN         320.00  339.98  -19.98 (VIOLATED)
_787645_/C                            320.00  339.96  -19.96 (VIOLATED)
_729121_/B                            320.00  339.95  -19.95 (VIOLATED)
_663638_/A                            320.00  339.95  -19.95 (VIOLATED)
_759063_/A                            320.00  339.95  -19.95 (VIOLATED)
rdata_q[3196]$_DFFE_PP_/QN            320.00  339.94  -19.94 (VIOLATED)
_616201_/A                            320.00  339.94  -19.94 (VIOLATED)
a_sym[13][5]$_DFFE_PN0P_/RESETN       320.00  339.93  -19.93 (VIOLATED)
_742708_/B                            320.00  339.93  -19.93 (VIOLATED)
a_sym[17][5]$_DFFE_PN0P_/RESETN       320.00  339.93  -19.93 (VIOLATED)
_748139_/C                            320.00  339.92  -19.92 (VIOLATED)
_787834_/A                            320.00  339.89  -19.89 (VIOLATED)
place72815/A                          320.00  339.89  -19.89 (VIOLATED)
_480876_/A1                           320.00  339.89  -19.89 (VIOLATED)
_737393_/A                            320.00  339.89  -19.89 (VIOLATED)
_787708_/C                            320.00  339.88  -19.88 (VIOLATED)
_835848_/CI                           320.00  339.88  -19.88 (VIOLATED)
_760793_/A                            320.00  339.87  -19.87 (VIOLATED)
_752762_/A                            320.00  339.86  -19.86 (VIOLATED)
_759353_/A1                           320.00  339.84  -19.84 (VIOLATED)
_748343_/B                            320.00  339.82  -19.82 (VIOLATED)
_749389_/A                            320.00  339.81  -19.81 (VIOLATED)
nbm1_q[1]$_DFFE_PN0P_/RESETN          320.00  339.81  -19.81 (VIOLATED)
_755885_/A                            320.00  339.78  -19.78 (VIOLATED)
_766277_/C                            320.00  339.77  -19.77 (VIOLATED)
_737493_/B                            320.00  339.76  -19.76 (VIOLATED)
_748420_/A1                           320.00  339.76  -19.76 (VIOLATED)
_751819_/A                            320.00  339.75  -19.75 (VIOLATED)
_749048_/E                            320.00  339.75  -19.75 (VIOLATED)
_787837_/A                            320.00  339.75  -19.75 (VIOLATED)
_760517_/A1                           320.00  339.75  -19.75 (VIOLATED)
_761136_/A                            320.00  339.75  -19.75 (VIOLATED)
_743366_/A                            320.00  339.74  -19.74 (VIOLATED)
_671673_/A                            320.00  339.73  -19.73 (VIOLATED)
_841528_/CI                           320.00  339.72  -19.72 (VIOLATED)
_624017_/A                            320.00  339.72  -19.72 (VIOLATED)
_764332_/B                            320.00  339.71  -19.71 (VIOLATED)
_860455_/A                            320.00  339.71  -19.71 (VIOLATED)
_753578_/B                            320.00  339.70  -19.70 (VIOLATED)
_737913_/A                            320.00  339.69  -19.69 (VIOLATED)
_760091_/A1                           320.00  339.69  -19.69 (VIOLATED)
_757999_/A1                           320.00  339.69  -19.69 (VIOLATED)
_740334_/A                            320.00  339.67  -19.67 (VIOLATED)
place74425/A                          320.00  339.66  -19.66 (VIOLATED)
_769373_/A                            320.00  339.65  -19.65 (VIOLATED)
_737884_/A                            320.00  339.65  -19.65 (VIOLATED)
_764334_/A2                           320.00  339.64  -19.64 (VIOLATED)
_787833_/A                            320.00  339.63  -19.63 (VIOLATED)
_765017_/A2                           320.00  339.63  -19.63 (VIOLATED)
_766254_/B1                           320.00  339.62  -19.62 (VIOLATED)
_755692_/A                            320.00  339.61  -19.61 (VIOLATED)
_766253_/B1                           320.00  339.61  -19.61 (VIOLATED)
_764741_/A                            320.00  339.60  -19.60 (VIOLATED)
_760696_/B                            320.00  339.60  -19.60 (VIOLATED)
_750590_/C                            320.00  339.59  -19.59 (VIOLATED)
_764336_/B                            320.00  339.58  -19.58 (VIOLATED)
_639275_/A                            320.00  339.58  -19.58 (VIOLATED)
_747433_/A                            320.00  339.57  -19.57 (VIOLATED)
_766310_/B1                           320.00  339.57  -19.57 (VIOLATED)
_764742_/A1                           320.00  339.57  -19.57 (VIOLATED)
_736987_/A                            320.00  339.57  -19.57 (VIOLATED)
_760786_/A1                           320.00  339.56  -19.56 (VIOLATED)
_739132_/B                            320.00  339.55  -19.55 (VIOLATED)
_860322_/B                            320.00  339.54  -19.54 (VIOLATED)
_764384_/B                            320.00  339.53  -19.53 (VIOLATED)
_766313_/B1                           320.00  339.53  -19.53 (VIOLATED)
_756880_/A1                           320.00  339.52  -19.52 (VIOLATED)
_663639_/A                            320.00  339.51  -19.51 (VIOLATED)
_639274_/A                            320.00  339.50  -19.50 (VIOLATED)
_745267_/A                            320.00  339.49  -19.49 (VIOLATED)
_748341_/A                            320.00  339.49  -19.49 (VIOLATED)
_765054_/A2                           320.00  339.49  -19.49 (VIOLATED)
place74977/A                          320.00  339.49  -19.49 (VIOLATED)
oskid_d[77]$_DFFE_PN0P_/RESETN        320.00  339.49  -19.49 (VIOLATED)
place74984/A                          320.00  339.48  -19.48 (VIOLATED)
_764382_/B                            320.00  339.48  -19.48 (VIOLATED)
_749328_/C                            320.00  339.48  -19.48 (VIOLATED)
_754297_/A                            320.00  339.47  -19.47 (VIOLATED)
_810045_/B                            320.00  339.45  -19.45 (VIOLATED)
_764318_/C                            320.00  339.44  -19.44 (VIOLATED)
_748138_/A                            320.00  339.43  -19.43 (VIOLATED)
_766316_/B1                           320.00  339.42  -19.42 (VIOLATED)
_765821_/A                            320.00  339.42  -19.42 (VIOLATED)
_742460_/B                            320.00  339.42  -19.42 (VIOLATED)
_752149_/C                            320.00  339.42  -19.42 (VIOLATED)
_764732_/A1                           320.00  339.42  -19.42 (VIOLATED)
_750936_/C                            320.00  339.40  -19.40 (VIOLATED)
place74606/A                          320.00  339.39  -19.39 (VIOLATED)
_765106_/A                            320.00  339.38  -19.38 (VIOLATED)
_766129_/A1                           320.00  339.37  -19.37 (VIOLATED)
_765861_/A1                           320.00  339.37  -19.37 (VIOLATED)
place67157/A                          320.00  339.36  -19.36 (VIOLATED)
place72588/A                          320.00  339.36  -19.36 (VIOLATED)
_763822_/A                            320.00  339.36  -19.36 (VIOLATED)
_787104_/A                            320.00  339.35  -19.35 (VIOLATED)
_765051_/B                            320.00  339.34  -19.34 (VIOLATED)
_758798_/B2                           320.00  339.34  -19.34 (VIOLATED)
_766320_/B1                           320.00  339.33  -19.33 (VIOLATED)
_768343_/Y                            320.00  339.33  -19.33 (VIOLATED)
_480453_/B                            320.00  339.32  -19.32 (VIOLATED)
_765526_/A                            320.00  339.32  -19.32 (VIOLATED)
_616202_/A                            320.00  339.32  -19.32 (VIOLATED)
_764536_/A1                           320.00  339.32  -19.32 (VIOLATED)
_740486_/B                            320.00  339.31  -19.31 (VIOLATED)
_766096_/A1                           320.00  339.30  -19.30 (VIOLATED)
_766321_/B1                           320.00  339.30  -19.30 (VIOLATED)
_751162_/B                            320.00  339.28  -19.28 (VIOLATED)
_765822_/A1                           320.00  339.28  -19.28 (VIOLATED)
_742238_/A                            320.00  339.28  -19.28 (VIOLATED)
_755531_/B2                           320.00  339.26  -19.26 (VIOLATED)
_480115_/B3                           320.00  339.26  -19.26 (VIOLATED)
_624016_/A                            320.00  339.25  -19.25 (VIOLATED)
_766429_/C                            320.00  339.23  -19.23 (VIOLATED)
_648581_/A                            320.00  339.23  -19.23 (VIOLATED)
_486260_/A3                           320.00  339.22  -19.22 (VIOLATED)
_637321_/A                            320.00  339.22  -19.22 (VIOLATED)
_766301_/B1                           320.00  339.21  -19.21 (VIOLATED)
_766302_/B1                           320.00  339.21  -19.21 (VIOLATED)
_755772_/A                            320.00  339.21  -19.21 (VIOLATED)
_766305_/B1                           320.00  339.20  -19.20 (VIOLATED)
_761009_/A                            320.00  339.20  -19.20 (VIOLATED)
_761010_/A1                           320.00  339.17  -19.17 (VIOLATED)
_742616_/A                            320.00  339.17  -19.17 (VIOLATED)
_701682_/A1                           320.00  339.17  -19.17 (VIOLATED)
_758240_/A                            320.00  339.17  -19.17 (VIOLATED)
_755773_/A1                           320.00  339.15  -19.15 (VIOLATED)
_738420_/A                            320.00  339.14  -19.14 (VIOLATED)
_787396_/A                            320.00  339.13  -19.13 (VIOLATED)
_738467_/A                            320.00  339.12  -19.12 (VIOLATED)
place72344/A                          320.00  339.11  -19.11 (VIOLATED)
_764875_/A2                           320.00  339.10  -19.10 (VIOLATED)
_751966_/A1                           320.00  339.09  -19.09 (VIOLATED)
_482407_/C                            320.00  339.09  -19.09 (VIOLATED)
place73992/A                          320.00  339.09  -19.09 (VIOLATED)
_765023_/B                            320.00  339.08  -19.08 (VIOLATED)
_740346_/A                            320.00  339.07  -19.07 (VIOLATED)
_756388_/B2                           320.00  339.06  -19.06 (VIOLATED)
_860431_/B                            320.00  339.06  -19.06 (VIOLATED)
_663640_/A                            320.00  339.05  -19.05 (VIOLATED)
_739356_/B                            320.00  339.05  -19.05 (VIOLATED)
_482276_/A                            320.00  339.05  -19.05 (VIOLATED)
place73880/A                          320.00  339.04  -19.04 (VIOLATED)
_763254_/B                            320.00  339.04  -19.04 (VIOLATED)
_755013_/B                            320.00  339.04  -19.04 (VIOLATED)
_765026_/A2                           320.00  339.04  -19.04 (VIOLATED)
_750937_/C                            320.00  339.03  -19.03 (VIOLATED)
place67247/A                          320.00  339.01  -19.01 (VIOLATED)
_754894_/A1                           320.00  339.00  -19.00 (VIOLATED)
place74038/A                          320.00  339.00  -19.00 (VIOLATED)
_748915_/A                            320.00  338.98  -18.98 (VIOLATED)
_756254_/A                            320.00  338.97  -18.97 (VIOLATED)
_637324_/A                            320.00  338.97  -18.97 (VIOLATED)
_744257_/A                            320.00  338.97  -18.97 (VIOLATED)
_740389_/A                            320.00  338.96  -18.96 (VIOLATED)
_797500_/A                            320.00  338.95  -18.95 (VIOLATED)
_737587_/A                            320.00  338.94  -18.94 (VIOLATED)
_787843_/A1                           320.00  338.93  -18.93 (VIOLATED)
oskid_d[114]$_DFFE_PN0P_/RESETN       320.00  338.93  -18.93 (VIOLATED)
_740345_/A                            320.00  338.91  -18.91 (VIOLATED)
a_sym[19][4]$_DFFE_PN0P_/QN           320.00  338.91  -18.91 (VIOLATED)
_748988_/A                            320.00  338.89  -18.89 (VIOLATED)
_764360_/B                            320.00  338.88  -18.88 (VIOLATED)
_513012_/B3                           320.00  338.86  -18.86 (VIOLATED)
_752079_/B                            320.00  338.86  -18.86 (VIOLATED)
_745246_/A                            320.00  338.86  -18.86 (VIOLATED)
place67204/A                          320.00  338.85  -18.85 (VIOLATED)
_759405_/C                            320.00  338.85  -18.85 (VIOLATED)
_751117_/B                            320.00  338.85  -18.85 (VIOLATED)
_745355_/A                            320.00  338.85  -18.85 (VIOLATED)
_787772_/A1                           320.00  338.85  -18.85 (VIOLATED)
_738741_/A                            320.00  338.85  -18.85 (VIOLATED)
_745396_/A                            320.00  338.83  -18.83 (VIOLATED)
place74305/A                          320.00  338.83  -18.83 (VIOLATED)
_487183_/A1                           320.00  338.82  -18.82 (VIOLATED)
_860320_/B                            320.00  338.82  -18.82 (VIOLATED)
_663641_/A                            320.00  338.82  -18.82 (VIOLATED)
rdata_q[6703]$_DFFE_PP_/QN            320.00  338.81  -18.81 (VIOLATED)
_759851_/C                            320.00  338.80  -18.80 (VIOLATED)
_480567_/E                            320.00  338.80  -18.80 (VIOLATED)
_755473_/A1                           320.00  338.79  -18.79 (VIOLATED)
_754204_/A1                           320.00  338.79  -18.79 (VIOLATED)
_765832_/A1                           320.00  338.78  -18.78 (VIOLATED)
place67248/Y                          320.00  338.78  -18.78 (VIOLATED)
_737597_/A                            320.00  338.77  -18.77 (VIOLATED)
_766102_/C                            320.00  338.76  -18.76 (VIOLATED)
_746095_/B                            320.00  338.76  -18.76 (VIOLATED)
place75184/A                          320.00  338.76  -18.76 (VIOLATED)
_760892_/A                            320.00  338.76  -18.76 (VIOLATED)
_759406_/A1                           320.00  338.76  -18.76 (VIOLATED)
in_data_q[123]$_DFFE_PN0P_/QN         320.00  338.76  -18.76 (VIOLATED)
_523081_/B                            320.00  338.75  -18.75 (VIOLATED)
_765498_/C                            320.00  338.75  -18.75 (VIOLATED)
_765835_/A                            320.00  338.74  -18.74 (VIOLATED)
_764525_/A1                           320.00  338.72  -18.72 (VIOLATED)
_764524_/A                            320.00  338.72  -18.72 (VIOLATED)
_738797_/A                            320.00  338.72  -18.72 (VIOLATED)
place74235/A                          320.00  338.72  -18.72 (VIOLATED)
_670861_/A                            320.00  338.71  -18.71 (VIOLATED)
_740338_/A                            320.00  338.70  -18.70 (VIOLATED)
_635121_/B                            320.00  338.69  -18.69 (VIOLATED)
place74745/A                          320.00  338.66  -18.66 (VIOLATED)
_754140_/A3                           320.00  338.66  -18.66 (VIOLATED)
_752680_/C                            320.00  338.66  -18.66 (VIOLATED)
_756983_/A                            320.00  338.66  -18.66 (VIOLATED)
rdata_q[2725]$_DFFE_PP_/QN            320.00  338.66  -18.66 (VIOLATED)
_766243_/B1                           320.00  338.65  -18.65 (VIOLATED)
_746518_/B                            320.00  338.64  -18.64 (VIOLATED)
_765836_/A1                           320.00  338.64  -18.64 (VIOLATED)
place74381/A                          320.00  338.64  -18.64 (VIOLATED)
part_q[41][1]$_DFFE_PP_/D             320.00  338.63  -18.63 (VIOLATED)
_648013_/B                            320.00  338.62  -18.62 (VIOLATED)
_765101_/A1                           320.00  338.61  -18.61 (VIOLATED)
_745604_/B                            320.00  338.60  -18.60 (VIOLATED)
_758777_/C                            320.00  338.60  -18.60 (VIOLATED)
_737616_/A                            320.00  338.59  -18.59 (VIOLATED)
_766246_/B1                           320.00  338.57  -18.57 (VIOLATED)
_764978_/A                            320.00  338.55  -18.55 (VIOLATED)
_764979_/A1                           320.00  338.55  -18.55 (VIOLATED)
_757773_/Y                            320.00  338.55  -18.55 (VIOLATED)
place73500/A                          320.00  338.55  -18.55 (VIOLATED)
_740354_/A                            320.00  338.55  -18.55 (VIOLATED)
_696387_/B                            320.00  338.54  -18.54 (VIOLATED)
_764546_/A                            320.00  338.54  -18.54 (VIOLATED)
_744578_/B                            320.00  338.53  -18.53 (VIOLATED)
_757750_/B                            320.00  338.52  -18.52 (VIOLATED)
oskid_d[152]$_DFFE_PN0P_/RESETN       320.00  338.52  -18.52 (VIOLATED)
_749670_/C                            320.00  338.52  -18.52 (VIOLATED)
_711927_/A1                           320.00  338.51  -18.51 (VIOLATED)
_637327_/A                            320.00  338.48  -18.48 (VIOLATED)
_766289_/B1                           320.00  338.48  -18.48 (VIOLATED)
_766293_/B1                           320.00  338.46  -18.46 (VIOLATED)
_670862_/A                            320.00  338.45  -18.45 (VIOLATED)
_742236_/A                            320.00  338.45  -18.45 (VIOLATED)
_766249_/B1                           320.00  338.45  -18.45 (VIOLATED)
_766296_/B1                           320.00  338.42  -18.42 (VIOLATED)
_764887_/A2                           320.00  338.42  -18.42 (VIOLATED)
_737614_/A                            320.00  338.40  -18.40 (VIOLATED)
_616203_/A                            320.00  338.39  -18.39 (VIOLATED)
_755017_/C                            320.00  338.39  -18.39 (VIOLATED)
_766248_/B1                           320.00  338.37  -18.37 (VIOLATED)
_765495_/A1                           320.00  338.37  -18.37 (VIOLATED)
_645731_/A                            320.00  338.37  -18.37 (VIOLATED)
_645732_/A                            320.00  338.36  -18.36 (VIOLATED)
_624015_/A                            320.00  338.33  -18.33 (VIOLATED)
place67159/A                          320.00  338.30  -18.30 (VIOLATED)
_554491_/A1                           320.00  338.30  -18.30 (VIOLATED)
_749263_/A                            320.00  338.28  -18.28 (VIOLATED)
_737617_/A                            320.00  338.27  -18.27 (VIOLATED)
rdata_q[6788]$_DFFE_PP_/QN            320.00  338.26  -18.26 (VIOLATED)
_744722_/A                            320.00  338.24  -18.24 (VIOLATED)
_748808_/E                            320.00  338.22  -18.22 (VIOLATED)
_743368_/A                            320.00  338.20  -18.20 (VIOLATED)
_749014_/C                            320.00  338.20  -18.20 (VIOLATED)
place83503/A                          320.00  338.19  -18.19 (VIOLATED)
place73470/A                          320.00  338.19  -18.19 (VIOLATED)
_743307_/A                            320.00  338.18  -18.18 (VIOLATED)
_752741_/A                            320.00  338.17  -18.17 (VIOLATED)
_740392_/A                            320.00  338.17  -18.17 (VIOLATED)
_749528_/C                            320.00  338.16  -18.16 (VIOLATED)
_765473_/A1                           320.00  338.16  -18.16 (VIOLATED)
place67160/A                          320.00  338.16  -18.16 (VIOLATED)
_737572_/A                            320.00  338.15  -18.15 (VIOLATED)
_743427_/A                            320.00  338.13  -18.13 (VIOLATED)
_767940_/Y                            320.00  338.13  -18.13 (VIOLATED)
_758896_/A                            320.00  338.12  -18.12 (VIOLATED)
_480565_/Y                            320.00  338.12  -18.12 (VIOLATED)
_648580_/A                            320.00  338.12  -18.12 (VIOLATED)
_754105_/B                            320.00  338.11  -18.11 (VIOLATED)
_758897_/A1                           320.00  338.10  -18.10 (VIOLATED)
_761211_/A                            320.00  338.07  -18.07 (VIOLATED)
_635100_/B                            320.00  338.04  -18.04 (VIOLATED)
_771296_/A                            320.00  338.03  -18.03 (VIOLATED)
_815733_/B                            320.00  338.03  -18.03 (VIOLATED)
_696390_/B                            320.00  338.02  -18.02 (VIOLATED)
_761073_/A                            320.00  338.02  -18.02 (VIOLATED)
_740348_/A                            320.00  338.01  -18.01 (VIOLATED)
place74788/A                          320.00  338.01  -18.01 (VIOLATED)
_753536_/A                            320.00  338.00  -18.00 (VIOLATED)
_787857_/A                            320.00  338.00  -18.00 (VIOLATED)
a_sym[11][2]$_DFFE_PN0P_/QN           320.00  337.99  -17.99 (VIOLATED)
_480518_/C                            320.00  337.98  -17.98 (VIOLATED)
_795371_/A                            320.00  337.98  -17.98 (VIOLATED)
_787408_/D                            320.00  337.97  -17.97 (VIOLATED)
_754453_/B                            320.00  337.97  -17.97 (VIOLATED)
_753537_/A1                           320.00  337.97  -17.97 (VIOLATED)
_624014_/A                            320.00  337.96  -17.96 (VIOLATED)
_756594_/B                            320.00  337.96  -17.96 (VIOLATED)
_670863_/A                            320.00  337.96  -17.96 (VIOLATED)
_752076_/B                            320.00  337.96  -17.96 (VIOLATED)
_637330_/A                            320.00  337.94  -17.94 (VIOLATED)
_766100_/A1                           320.00  337.94  -17.94 (VIOLATED)
_748367_/A                            320.00  337.91  -17.91 (VIOLATED)
_787077_/B                            320.00  337.89  -17.89 (VIOLATED)
place83374/A                          320.00  337.89  -17.89 (VIOLATED)
_750601_/A                            320.00  337.88  -17.88 (VIOLATED)
_740352_/A                            320.00  337.87  -17.87 (VIOLATED)
_759986_/B2                           320.00  337.87  -17.87 (VIOLATED)
_645733_/A                            320.00  337.87  -17.87 (VIOLATED)
_740699_/A                            320.00  337.86  -17.86 (VIOLATED)
_749165_/A                            320.00  337.83  -17.83 (VIOLATED)
_752993_/A                            320.00  337.82  -17.82 (VIOLATED)
_745475_/B                            320.00  337.81  -17.81 (VIOLATED)
_616204_/A                            320.00  337.79  -17.79 (VIOLATED)
_749567_/C                            320.00  337.79  -17.79 (VIOLATED)
_762256_/A1                           320.00  337.78  -17.78 (VIOLATED)
_749431_/A1                           320.00  337.77  -17.77 (VIOLATED)
_752992_/B                            320.00  337.77  -17.77 (VIOLATED)
m_1h[26]$_DFFE_PN0P_/QN               320.00  337.76  -17.76 (VIOLATED)
_752996_/A                            320.00  337.75  -17.75 (VIOLATED)
_766276_/B1                           320.00  337.75  -17.75 (VIOLATED)
_787355_/A                            320.00  337.75  -17.75 (VIOLATED)
_758271_/A1                           320.00  337.75  -17.75 (VIOLATED)
_857906_/B                            320.00  337.74  -17.74 (VIOLATED)
_766279_/B1                           320.00  337.74  -17.74 (VIOLATED)
_766278_/B1                           320.00  337.74  -17.74 (VIOLATED)
coef_q[47]$_DFFE_PN0P_/RESETN         320.00  337.73  -17.73 (VIOLATED)
_751931_/B                            320.00  337.73  -17.73 (VIOLATED)
_752997_/B                            320.00  337.73  -17.73 (VIOLATED)
_737487_/A                            320.00  337.72  -17.72 (VIOLATED)
_616132_/A                            320.00  337.72  -17.72 (VIOLATED)
oskid_d[119]$_DFFE_PN0P_/RESETN       320.00  337.72  -17.72 (VIOLATED)
_757469_/A                            320.00  337.71  -17.71 (VIOLATED)
_748157_/A                            320.00  337.71  -17.71 (VIOLATED)
_739718_/A                            320.00  337.70  -17.70 (VIOLATED)
_740020_/B                            320.00  337.70  -17.70 (VIOLATED)
_750166_/A                            320.00  337.69  -17.69 (VIOLATED)
_739736_/A                            320.00  337.68  -17.68 (VIOLATED)
_739717_/A                            320.00  337.68  -17.68 (VIOLATED)
_663642_/A                            320.00  337.68  -17.68 (VIOLATED)
_760512_/B                            320.00  337.68  -17.68 (VIOLATED)
_756258_/B3                           320.00  337.67  -17.67 (VIOLATED)
_740461_/A                            320.00  337.67  -17.67 (VIOLATED)
_740357_/A                            320.00  337.66  -17.66 (VIOLATED)
_748197_/A                            320.00  337.66  -17.66 (VIOLATED)
_751097_/B2                           320.00  337.65  -17.65 (VIOLATED)
_766211_/A2                           320.00  337.65  -17.65 (VIOLATED)
_744386_/A                            320.00  337.65  -17.65 (VIOLATED)
_787920_/A                            320.00  337.63  -17.63 (VIOLATED)
_739742_/A                            320.00  337.62  -17.62 (VIOLATED)
_744378_/A                            320.00  337.61  -17.61 (VIOLATED)
_755556_/A                            320.00  337.61  -17.61 (VIOLATED)
_739721_/A                            320.00  337.58  -17.58 (VIOLATED)
coef_q[11]$_DFFE_PN0P_/RESETN         320.00  337.58  -17.58 (VIOLATED)
_787655_/A1                           320.00  337.57  -17.57 (VIOLATED)
oskid_d[17]$_DFFE_PN0P_/RESETN        320.00  337.57  -17.57 (VIOLATED)
_707460_/B                            320.00  337.57  -17.57 (VIOLATED)
coef_q[170]$_DFFE_PN0P_/RESETN        320.00  337.57  -17.57 (VIOLATED)
oskid_d[19]$_DFFE_PN0P_/RESETN        320.00  337.56  -17.56 (VIOLATED)
oskid_d[110]$_DFFE_PN0P_/RESETN       320.00  337.56  -17.56 (VIOLATED)
rdata_q[6624]$_DFFE_PP_/QN            320.00  337.55  -17.55 (VIOLATED)
_767967_/Y                            320.00  337.54  -17.54 (VIOLATED)
place73364/A                          320.00  337.54  -17.54 (VIOLATED)
_750690_/A1                           320.00  337.54  -17.54 (VIOLATED)
_755978_/A1                           320.00  337.53  -17.53 (VIOLATED)
_748147_/C                            320.00  337.52  -17.52 (VIOLATED)
_751145_/D                            320.00  337.52  -17.52 (VIOLATED)
_753099_/C                            320.00  337.51  -17.51 (VIOLATED)
oskid_d[15]$_DFFE_PN0P_/RESETN        320.00  337.51  -17.51 (VIOLATED)
coef_q[184]$_DFFE_PN0P_/RESETN        320.00  337.51  -17.51 (VIOLATED)
_744438_/A                            320.00  337.51  -17.51 (VIOLATED)
_750925_/B                            320.00  337.50  -17.50 (VIOLATED)
_506051_/A                            320.00  337.50  -17.50 (VIOLATED)
_744443_/A                            320.00  337.49  -17.49 (VIOLATED)
_753000_/B                            320.00  337.49  -17.49 (VIOLATED)
_760426_/A1                           320.00  337.48  -17.48 (VIOLATED)
_765477_/C                            320.00  337.48  -17.48 (VIOLATED)
_758467_/A1                           320.00  337.48  -17.48 (VIOLATED)
_744258_/A                            320.00  337.47  -17.47 (VIOLATED)
place74379/A                          320.00  337.44  -17.44 (VIOLATED)
_749120_/D                            320.00  337.44  -17.44 (VIOLATED)
coef_q[167]$_DFFE_PN0P_/RESETN        320.00  337.43  -17.43 (VIOLATED)
_616131_/A                            320.00  337.43  -17.43 (VIOLATED)
_644628_/A                            320.00  337.40  -17.40 (VIOLATED)
m_ce[9]$_DFFE_PN0P_/RESETN            320.00  337.40  -17.40 (VIOLATED)
_760132_/A                            320.00  337.40  -17.40 (VIOLATED)
_757474_/B2                           320.00  337.39  -17.39 (VIOLATED)
_755030_/A1                           320.00  337.38  -17.38 (VIOLATED)
_748352_/B                            320.00  337.36  -17.36 (VIOLATED)
_762246_/Y                            320.00  337.36  -17.36 (VIOLATED)
_740006_/B                            320.00  337.34  -17.34 (VIOLATED)
_756896_/A1                           320.00  337.34  -17.34 (VIOLATED)
_741285_/A                            320.00  337.32  -17.32 (VIOLATED)
_701681_/A                            320.00  337.31  -17.31 (VIOLATED)
_758957_/B2                           320.00  337.31  -17.31 (VIOLATED)
_813384_/B                            320.00  337.30  -17.30 (VIOLATED)
part_q[38][7]$_DFFE_PP_/QN            320.00  337.30  -17.30 (VIOLATED)
_743332_/A                            320.00  337.30  -17.30 (VIOLATED)
_746901_/A                            320.00  337.27  -17.27 (VIOLATED)
_750857_/D                            320.00  337.26  -17.26 (VIOLATED)
_739730_/A                            320.00  337.26  -17.26 (VIOLATED)
_746871_/A                            320.00  337.25  -17.25 (VIOLATED)
coef_q[186]$_DFFE_PN0P_/RESETN        320.00  337.24  -17.24 (VIOLATED)
_750990_/D                            320.00  337.22  -17.22 (VIOLATED)
_686623_/B                            320.00  337.21  -17.21 (VIOLATED)
place74528/A                          320.00  337.21  -17.21 (VIOLATED)
_750586_/C                            320.00  337.21  -17.21 (VIOLATED)
rdata_q[6708]$_DFFE_PP_/QN            320.00  337.20  -17.20 (VIOLATED)
_645734_/A                            320.00  337.20  -17.20 (VIOLATED)
place78977/A                          320.00  337.18  -17.18 (VIOLATED)
_750608_/C                            320.00  337.17  -17.17 (VIOLATED)
_744420_/A                            320.00  337.14  -17.14 (VIOLATED)
coef_q[149]$_DFFE_PN0P_/RESETN        320.00  337.14  -17.14 (VIOLATED)
_752999_/C                            320.00  337.13  -17.13 (VIOLATED)
_737891_/A                            320.00  337.11  -17.11 (VIOLATED)
_738455_/A                            320.00  337.11  -17.11 (VIOLATED)
coef_q[52]$_DFFE_PN0P_/RESETN         320.00  337.10  -17.10 (VIOLATED)
_737594_/A                            320.00  337.08  -17.08 (VIOLATED)
_738416_/A                            320.00  337.08  -17.08 (VIOLATED)
part_q[22][18]$_DFFE_PP_/QN           320.00  337.08  -17.08 (VIOLATED)
coef_q[183]$_DFFE_PN0P_/RESETN        320.00  337.06  -17.06 (VIOLATED)
coef_q[146]$_DFFE_PN0P_/RESETN        320.00  337.05  -17.05 (VIOLATED)
_738410_/A                            320.00  337.05  -17.05 (VIOLATED)
_740815_/A                            320.00  337.04  -17.04 (VIOLATED)
_757003_/A1                           320.00  337.04  -17.04 (VIOLATED)
_663643_/A                            320.00  337.03  -17.03 (VIOLATED)
_681911_/B                            320.00  337.03  -17.03 (VIOLATED)
a_sym[11][3]$_DFFE_PN0P_/QN           320.00  337.03  -17.03 (VIOLATED)
_754871_/A1                           320.00  337.00  -17.00 (VIOLATED)
rdata_q[7396]$_DFFE_PP_/QN            320.00  336.99  -16.99 (VIOLATED)
_755857_/A                            320.00  336.98  -16.98 (VIOLATED)
_759363_/B                            320.00  336.97  -16.97 (VIOLATED)
_758270_/A                            320.00  336.97  -16.97 (VIOLATED)
_755436_/A1                           320.00  336.97  -16.97 (VIOLATED)
rdata_q[7564]$_DFFE_PP_/QN            320.00  336.97  -16.97 (VIOLATED)
_755880_/A1                           320.00  336.97  -16.97 (VIOLATED)
_480591_/B                            320.00  336.94  -16.94 (VIOLATED)
_760810_/A1                           320.00  336.94  -16.94 (VIOLATED)
_480605_/B                            320.00  336.93  -16.93 (VIOLATED)
_486157_/A                            320.00  336.92  -16.92 (VIOLATED)
_741259_/B                            320.00  336.92  -16.92 (VIOLATED)
_760743_/A                            320.00  336.91  -16.91 (VIOLATED)
_616130_/A                            320.00  336.91  -16.91 (VIOLATED)
rdata_q[7554]$_DFFE_PP_/QN            320.00  336.89  -16.89 (VIOLATED)
_768608_/A                            320.00  336.89  -16.89 (VIOLATED)
_760669_/A1                           320.00  336.89  -16.89 (VIOLATED)
_523070_/D                            320.00  336.89  -16.89 (VIOLATED)
_765890_/A                            320.00  336.88  -16.88 (VIOLATED)
_482329_/B                            320.00  336.87  -16.87 (VIOLATED)
_664215_/A                            320.00  336.86  -16.86 (VIOLATED)
_738424_/A                            320.00  336.86  -16.86 (VIOLATED)
coef_q[1]$_DFFE_PN0P_/RESETN          320.00  336.85  -16.85 (VIOLATED)
_738003_/A                            320.00  336.85  -16.85 (VIOLATED)
_742509_/B                            320.00  336.83  -16.83 (VIOLATED)
place72604/A                          320.00  336.83  -16.83 (VIOLATED)
_761072_/B                            320.00  336.82  -16.82 (VIOLATED)
_740544_/B                            320.00  336.80  -16.80 (VIOLATED)
_739852_/A                            320.00  336.79  -16.79 (VIOLATED)
_750388_/A                            320.00  336.75  -16.75 (VIOLATED)
_741449_/B                            320.00  336.75  -16.75 (VIOLATED)
_490870_/A                            320.00  336.74  -16.74 (VIOLATED)
_754344_/A                            320.00  336.73  -16.73 (VIOLATED)
_490868_/C                            320.00  336.72  -16.72 (VIOLATED)
_756763_/A                            320.00  336.71  -16.71 (VIOLATED)
_756873_/A                            320.00  336.71  -16.71 (VIOLATED)
_756355_/A1                           320.00  336.70  -16.70 (VIOLATED)
_755977_/A                            320.00  336.70  -16.70 (VIOLATED)
_748985_/D                            320.00  336.69  -16.69 (VIOLATED)
_750791_/B                            320.00  336.69  -16.69 (VIOLATED)
_480626_/B                            320.00  336.69  -16.69 (VIOLATED)
_756269_/B3                           320.00  336.69  -16.69 (VIOLATED)
_743870_/A                            320.00  336.69  -16.69 (VIOLATED)
_533056_/A1                           320.00  336.69  -16.69 (VIOLATED)
_487367_/B                            320.00  336.69  -16.69 (VIOLATED)
_740715_/B                            320.00  336.69  -16.69 (VIOLATED)
_729426_/A                            320.00  336.69  -16.69 (VIOLATED)
_645735_/A                            320.00  336.68  -16.68 (VIOLATED)
_751068_/D                            320.00  336.67  -16.67 (VIOLATED)
_753033_/B                            320.00  336.67  -16.67 (VIOLATED)
_750701_/B                            320.00  336.67  -16.67 (VIOLATED)
_528164_/B                            320.00  336.66  -16.66 (VIOLATED)
_748839_/D                            320.00  336.66  -16.66 (VIOLATED)
_754402_/A1                           320.00  336.64  -16.64 (VIOLATED)
_739743_/A                            320.00  336.64  -16.64 (VIOLATED)
_750778_/A1                           320.00  336.63  -16.63 (VIOLATED)
_754098_/A                            320.00  336.62  -16.62 (VIOLATED)
_482325_/Y                            320.00  336.61  -16.61 (VIOLATED)
_741309_/A                            320.00  336.60  -16.60 (VIOLATED)
_756950_/C                            320.00  336.57  -16.57 (VIOLATED)
_616129_/A                            320.00  336.57  -16.57 (VIOLATED)
oskid_d[16]$_DFFE_PN0P_/RESETN        320.00  336.56  -16.56 (VIOLATED)
_744425_/A                            320.00  336.56  -16.56 (VIOLATED)
_753565_/A                            320.00  336.56  -16.56 (VIOLATED)
_763151_/A1                           320.00  336.56  -16.56 (VIOLATED)
_741687_/A                            320.00  336.55  -16.55 (VIOLATED)
coef_q[133]$_DFFE_PN0P_/RESETN        320.00  336.55  -16.55 (VIOLATED)
oskid_d[156]$_DFFE_PN0P_/RESETN       320.00  336.55  -16.55 (VIOLATED)
_648579_/A                            320.00  336.55  -16.55 (VIOLATED)
_756951_/B                            320.00  336.55  -16.55 (VIOLATED)
_752888_/A1                           320.00  336.54  -16.54 (VIOLATED)
_756393_/A                            320.00  336.54  -16.54 (VIOLATED)
_741693_/A                            320.00  336.54  -16.54 (VIOLATED)
_761070_/B                            320.00  336.54  -16.54 (VIOLATED)
_744141_/B                            320.00  336.53  -16.53 (VIOLATED)
_723012_/B                            320.00  336.52  -16.52 (VIOLATED)
_741301_/A                            320.00  336.51  -16.51 (VIOLATED)
_741436_/B                            320.00  336.51  -16.51 (VIOLATED)
_743482_/A                            320.00  336.50  -16.50 (VIOLATED)
place78584/A                          320.00  336.47  -16.47 (VIOLATED)
_755858_/A1                           320.00  336.47  -16.47 (VIOLATED)
_744422_/A                            320.00  336.46  -16.46 (VIOLATED)
_742429_/B                            320.00  336.46  -16.46 (VIOLATED)
_741566_/B                            320.00  336.45  -16.45 (VIOLATED)
_616206_/A                            320.00  336.44  -16.44 (VIOLATED)
_750607_/A                            320.00  336.44  -16.44 (VIOLATED)
_750835_/A1                           320.00  336.43  -16.43 (VIOLATED)
_739911_/B                            320.00  336.43  -16.43 (VIOLATED)
_765827_/A1                           320.00  336.42  -16.42 (VIOLATED)
_616205_/A                            320.00  336.42  -16.42 (VIOLATED)
_743501_/A                            320.00  336.41  -16.41 (VIOLATED)
_738421_/A                            320.00  336.41  -16.41 (VIOLATED)
place74318/A                          320.00  336.40  -16.40 (VIOLATED)
_754254_/A                            320.00  336.40  -16.40 (VIOLATED)
coef_q[141]$_DFFE_PN0P_/RESETN        320.00  336.40  -16.40 (VIOLATED)
place82273/A                          320.00  336.37  -16.37 (VIOLATED)
_743321_/A                            320.00  336.37  -16.37 (VIOLATED)
_748992_/C                            320.00  336.37  -16.37 (VIOLATED)
_750392_/A                            320.00  336.36  -16.36 (VIOLATED)
_765610_/A2                           320.00  336.36  -16.36 (VIOLATED)
_758003_/A1                           320.00  336.35  -16.35 (VIOLATED)
_739720_/A                            320.00  336.35  -16.35 (VIOLATED)
_639390_/A                            320.00  336.34  -16.34 (VIOLATED)
_750558_/A                            320.00  336.33  -16.33 (VIOLATED)
_766196_/C                            320.00  336.33  -16.33 (VIOLATED)
oskid_d[151]$_DFFE_PN0P_/RESETN       320.00  336.32  -16.32 (VIOLATED)
_745444_/B                            320.00  336.31  -16.31 (VIOLATED)
_751943_/C                            320.00  336.31  -16.31 (VIOLATED)
_751905_/A                            320.00  336.30  -16.30 (VIOLATED)
_758922_/A1                           320.00  336.30  -16.30 (VIOLATED)
a_sym[13][6]$_DFFE_PN0P_/RESETN       320.00  336.30  -16.30 (VIOLATED)
oskid_d[155]$_DFFE_PN0P_/RESETN       320.00  336.30  -16.30 (VIOLATED)
_736938_/A                            320.00  336.29  -16.29 (VIOLATED)
_754374_/A                            320.00  336.28  -16.28 (VIOLATED)
_752194_/B                            320.00  336.28  -16.28 (VIOLATED)
_751796_/A                            320.00  336.27  -16.27 (VIOLATED)
_797416_/A                            320.00  336.27  -16.27 (VIOLATED)
_757762_/A                            320.00  336.26  -16.26 (VIOLATED)
coef_q[6]$_DFFE_PN0P_/RESETN          320.00  336.24  -16.24 (VIOLATED)
_639391_/A                            320.00  336.23  -16.23 (VIOLATED)
_757789_/A                            320.00  336.23  -16.23 (VIOLATED)
_748209_/A1                           320.00  336.23  -16.23 (VIOLATED)
_737613_/A                            320.00  336.23  -16.23 (VIOLATED)
_744672_/B                            320.00  336.22  -16.22 (VIOLATED)
_748566_/A                            320.00  336.22  -16.22 (VIOLATED)
place74527/A                          320.00  336.21  -16.21 (VIOLATED)
_750440_/A                            320.00  336.20  -16.20 (VIOLATED)
_744381_/A                            320.00  336.18  -16.18 (VIOLATED)
_752673_/B3                           320.00  336.18  -16.18 (VIOLATED)
_760629_/A                            320.00  336.18  -16.18 (VIOLATED)
_749282_/A                            320.00  336.17  -16.17 (VIOLATED)
_749178_/A                            320.00  336.17  -16.17 (VIOLATED)
_744812_/B                            320.00  336.16  -16.16 (VIOLATED)
_666128_/B                            320.00  336.16  -16.16 (VIOLATED)
_738390_/A                            320.00  336.16  -16.16 (VIOLATED)
_756296_/A1                           320.00  336.16  -16.16 (VIOLATED)
_745422_/A                            320.00  336.14  -16.14 (VIOLATED)
_754350_/A1                           320.00  336.14  -16.14 (VIOLATED)
_747310_/A                            320.00  336.13  -16.13 (VIOLATED)
_639276_/A                            320.00  336.13  -16.13 (VIOLATED)
_671672_/A                            320.00  336.12  -16.12 (VIOLATED)
coef_q[2]$_DFFE_PN0P_/RESETN          320.00  336.12  -16.12 (VIOLATED)
hold123051/A                          320.00  336.10  -16.10 (VIOLATED)
_739437_/B                            320.00  336.10  -16.10 (VIOLATED)
m_ce[9]$_DFFE_PN0P_/QN                320.00  336.10  -16.10 (VIOLATED)
_757553_/B2                           320.00  336.09  -16.09 (VIOLATED)
_757329_/A1                           320.00  336.09  -16.09 (VIOLATED)
_755114_/A1                           320.00  336.08  -16.08 (VIOLATED)
coef_q[4]$_DFFE_PN0P_/RESETN          320.00  336.07  -16.07 (VIOLATED)
_752973_/A                            320.00  336.07  -16.07 (VIOLATED)
_738888_/A                            320.00  336.06  -16.06 (VIOLATED)
_754400_/A1                           320.00  336.06  -16.06 (VIOLATED)
_743500_/A                            320.00  336.05  -16.05 (VIOLATED)
_754989_/B                            320.00  336.05  -16.05 (VIOLATED)
_750583_/A                            320.00  336.04  -16.04 (VIOLATED)
_753107_/A                            320.00  336.03  -16.03 (VIOLATED)
_755562_/A1                           320.00  336.03  -16.03 (VIOLATED)
_757788_/A1                           320.00  336.03  -16.03 (VIOLATED)
_745266_/A                            320.00  336.01  -16.01 (VIOLATED)
_759516_/A                            320.00  335.99  -15.99 (VIOLATED)
_644629_/A                            320.00  335.99  -15.99 (VIOLATED)
m_addr[3]$_DFFE_PN0P_/RESETN          320.00  335.97  -15.97 (VIOLATED)
_748649_/A                            320.00  335.96  -15.96 (VIOLATED)
_756519_/A                            320.00  335.96  -15.96 (VIOLATED)
_751031_/A1                           320.00  335.96  -15.96 (VIOLATED)
_760245_/A1                           320.00  335.96  -15.96 (VIOLATED)
_751030_/A                            320.00  335.95  -15.95 (VIOLATED)
_645736_/A                            320.00  335.94  -15.94 (VIOLATED)
_755406_/A                            320.00  335.93  -15.93 (VIOLATED)
_752701_/A1                           320.00  335.93  -15.93 (VIOLATED)
_750420_/A                            320.00  335.93  -15.93 (VIOLATED)
_769075_/Y                            320.00  335.93  -15.93 (VIOLATED)
_743472_/A                            320.00  335.93  -15.93 (VIOLATED)
_759279_/A1                           320.00  335.92  -15.92 (VIOLATED)
_744390_/A                            320.00  335.92  -15.92 (VIOLATED)
rdata_q[1747]$_DFFE_PP_/QN            320.00  335.90  -15.90 (VIOLATED)
oskid_d[73]$_DFFE_PN0P_/RESETN        320.00  335.90  -15.90 (VIOLATED)
_739725_/A                            320.00  335.90  -15.90 (VIOLATED)
_616128_/A                            320.00  335.90  -15.90 (VIOLATED)
oskid_d[116]$_DFFE_PN0P_/RESETN       320.00  335.89  -15.89 (VIOLATED)
_753617_/B2                           320.00  335.87  -15.87 (VIOLATED)
rdata_q[7559]$_DFFE_PP_/QN            320.00  335.87  -15.87 (VIOLATED)
_743359_/A                            320.00  335.87  -15.87 (VIOLATED)
_747281_/A                            320.00  335.86  -15.86 (VIOLATED)
_743490_/A                            320.00  335.86  -15.86 (VIOLATED)
_743370_/A                            320.00  335.85  -15.85 (VIOLATED)
_753442_/B3                           320.00  335.85  -15.85 (VIOLATED)
_746528_/B                            320.00  335.85  -15.85 (VIOLATED)
_748816_/C                            320.00  335.85  -15.85 (VIOLATED)
_743360_/A                            320.00  335.84  -15.84 (VIOLATED)
_743328_/A                            320.00  335.84  -15.84 (VIOLATED)
oskid_d[74]$_DFFE_PN0P_/RESETN        320.00  335.84  -15.84 (VIOLATED)
place74366/A                          320.00  335.84  -15.84 (VIOLATED)
_769370_/Y                            320.00  335.84  -15.84 (VIOLATED)
_745643_/B                            320.00  335.83  -15.83 (VIOLATED)
_755911_/A                            320.00  335.83  -15.83 (VIOLATED)
_745378_/B                            320.00  335.81  -15.81 (VIOLATED)
_738620_/A                            320.00  335.81  -15.81 (VIOLATED)
_744384_/A                            320.00  335.80  -15.80 (VIOLATED)
_743479_/A                            320.00  335.80  -15.80 (VIOLATED)
_737567_/A                            320.00  335.79  -15.79 (VIOLATED)
_637325_/B                            320.00  335.79  -15.79 (VIOLATED)
_744793_/A                            320.00  335.78  -15.78 (VIOLATED)
_743361_/A                            320.00  335.78  -15.78 (VIOLATED)
_748213_/A                            320.00  335.78  -15.78 (VIOLATED)
_624013_/A                            320.00  335.77  -15.77 (VIOLATED)
_752669_/B3                           320.00  335.77  -15.77 (VIOLATED)
place74504/A                          320.00  335.77  -15.77 (VIOLATED)
_503070_/B                            320.00  335.74  -15.74 (VIOLATED)
_820120_/CI                           320.00  335.72  -15.72 (VIOLATED)
_752664_/A                            320.00  335.69  -15.69 (VIOLATED)
_750433_/A                            320.00  335.69  -15.69 (VIOLATED)
_743362_/A                            320.00  335.68  -15.68 (VIOLATED)
coef_q[60]$_DFFE_PN0P_/RESETN         320.00  335.68  -15.68 (VIOLATED)
_741284_/A                            320.00  335.68  -15.68 (VIOLATED)
_737612_/A                            320.00  335.67  -15.67 (VIOLATED)
_739741_/A                            320.00  335.67  -15.67 (VIOLATED)
_768870_/A                            320.00  335.66  -15.66 (VIOLATED)
_752877_/A1                           320.00  335.65  -15.65 (VIOLATED)
_755674_/C                            320.00  335.65  -15.65 (VIOLATED)
_753087_/A1                           320.00  335.64  -15.64 (VIOLATED)
a_sym[9][4]$_DFFE_PN0P_/QN            320.00  335.64  -15.64 (VIOLATED)
out_pix_data[140]$_DFFE_PN0P_/RESETN  320.00  335.62  -15.62 (VIOLATED)
_754352_/B                            320.00  335.62  -15.62 (VIOLATED)
_759519_/B2                           320.00  335.61  -15.61 (VIOLATED)
_751802_/C                            320.00  335.61  -15.61 (VIOLATED)
_743503_/A                            320.00  335.60  -15.60 (VIOLATED)
_754909_/A                            320.00  335.59  -15.59 (VIOLATED)
_743306_/A                            320.00  335.59  -15.59 (VIOLATED)
_743420_/A                            320.00  335.59  -15.59 (VIOLATED)
_748578_/C                            320.00  335.59  -15.59 (VIOLATED)
_743305_/A                            320.00  335.58  -15.58 (VIOLATED)
_765826_/A                            320.00  335.56  -15.56 (VIOLATED)
_743350_/A                            320.00  335.55  -15.55 (VIOLATED)
_743467_/A                            320.00  335.55  -15.55 (VIOLATED)
_737917_/A                            320.00  335.54  -15.54 (VIOLATED)
_740332_/A                            320.00  335.54  -15.54 (VIOLATED)
_753639_/C                            320.00  335.54  -15.54 (VIOLATED)
_737586_/A                            320.00  335.54  -15.54 (VIOLATED)
part_q[48][11]$_DFFE_PP_/QN           320.00  335.53  -15.53 (VIOLATED)
_762261_/A2                           320.00  335.53  -15.53 (VIOLATED)
_755989_/A1                           320.00  335.51  -15.51 (VIOLATED)
_743339_/A                            320.00  335.50  -15.50 (VIOLATED)
_487359_/A                            320.00  335.50  -15.50 (VIOLATED)
_758301_/B1                           320.00  335.50  -15.50 (VIOLATED)
_750002_/A                            320.00  335.47  -15.47 (VIOLATED)
_743324_/A                            320.00  335.46  -15.46 (VIOLATED)
_753438_/B3                           320.00  335.46  -15.46 (VIOLATED)
_616207_/A                            320.00  335.45  -15.45 (VIOLATED)
_758335_/A                            320.00  335.45  -15.45 (VIOLATED)
_759882_/A                            320.00  335.45  -15.45 (VIOLATED)
_740319_/A                            320.00  335.45  -15.45 (VIOLATED)
place72056/A                          320.00  335.44  -15.44 (VIOLATED)
_748654_/A1                           320.00  335.44  -15.44 (VIOLATED)
_745858_/B                            320.00  335.43  -15.43 (VIOLATED)
place74403/A                          320.00  335.43  -15.43 (VIOLATED)
_741695_/A                            320.00  335.43  -15.43 (VIOLATED)
_765825_/A1                           320.00  335.42  -15.42 (VIOLATED)
_757747_/A                            320.00  335.40  -15.40 (VIOLATED)
_755826_/A1                           320.00  335.40  -15.40 (VIOLATED)
_759402_/B                            320.00  335.40  -15.40 (VIOLATED)
_756001_/A1                           320.00  335.37  -15.37 (VIOLATED)
_746599_/B                            320.00  335.37  -15.37 (VIOLATED)
_746237_/B                            320.00  335.36  -15.36 (VIOLATED)
_740408_/A                            320.00  335.36  -15.36 (VIOLATED)
_564740_/A                            320.00  335.36  -15.36 (VIOLATED)
place72385/A                          320.00  335.33  -15.33 (VIOLATED)
_616127_/A                            320.00  335.33  -15.33 (VIOLATED)
_740317_/A                            320.00  335.33  -15.33 (VIOLATED)
_751822_/A                            320.00  335.32  -15.32 (VIOLATED)
m_out$_DFFE_PN0P_/RESETN              320.00  335.32  -15.32 (VIOLATED)
_758906_/A1                           320.00  335.32  -15.32 (VIOLATED)
_860453_/A                            320.00  335.32  -15.32 (VIOLATED)
_749264_/A1                           320.00  335.28  -15.28 (VIOLATED)
_746506_/B                            320.00  335.28  -15.28 (VIOLATED)
_757743_/A1                           320.00  335.28  -15.28 (VIOLATED)
_739145_/B                            320.00  335.25  -15.25 (VIOLATED)
_747278_/A                            320.00  335.25  -15.25 (VIOLATED)
_760477_/A                            320.00  335.25  -15.25 (VIOLATED)
_750656_/A                            320.00  335.24  -15.24 (VIOLATED)
_748702_/C                            320.00  335.22  -15.22 (VIOLATED)
_480164_/A1                           320.00  335.21  -15.21 (VIOLATED)
_740374_/A                            320.00  335.21  -15.21 (VIOLATED)
_743354_/A                            320.00  335.20  -15.20 (VIOLATED)
_739731_/A                            320.00  335.19  -15.19 (VIOLATED)
_737578_/A                            320.00  335.18  -15.18 (VIOLATED)
_737767_/B                            320.00  335.17  -15.18 (VIOLATED)
_754118_/B                            320.00  335.17  -15.17 (VIOLATED)
_744387_/A                            320.00  335.17  -15.17 (VIOLATED)
_635138_/A1                           320.00  335.17  -15.17 (VIOLATED)
_763363_/A1                           320.00  335.17  -15.17 (VIOLATED)
_756526_/A                            320.00  335.16  -15.16 (VIOLATED)
_763819_/C                            320.00  335.16  -15.16 (VIOLATED)
_787180_/A                            320.00  335.16  -15.16 (VIOLATED)
place74242/A                          320.00  335.16  -15.16 (VIOLATED)
_480394_/A1                           320.00  335.16  -15.16 (VIOLATED)
_751928_/B                            320.00  335.15  -15.15 (VIOLATED)
_748677_/A                            320.00  335.14  -15.14 (VIOLATED)
_480857_/A                            320.00  335.13  -15.13 (VIOLATED)
_754116_/B3                           320.00  335.13  -15.13 (VIOLATED)
a_sym[1][5]$_DFFE_PN0P_/RESETN        320.00  335.11  -15.11 (VIOLATED)
_759610_/B                            320.00  335.10  -15.10 (VIOLATED)
_764458_/A1                           320.00  335.10  -15.10 (VIOLATED)
_480188_/A1                           320.00  335.09  -15.09 (VIOLATED)
_764134_/C                            320.00  335.09  -15.09 (VIOLATED)
_749261_/A1                           320.00  335.09  -15.09 (VIOLATED)
_759581_/A1                           320.00  335.09  -15.09 (VIOLATED)
m_ce[3]$_DFFE_PN0P_/RESETN            320.00  335.08  -15.08 (VIOLATED)
_739726_/A                            320.00  335.07  -15.07 (VIOLATED)
part_q[55][16]$_DFFE_PP_/QN           320.00  335.07  -15.07 (VIOLATED)
_764456_/A1                           320.00  335.05  -15.05 (VIOLATED)
_768339_/Y                            320.00  335.04  -15.04 (VIOLATED)
_752092_/A1                           320.00  335.03  -15.03 (VIOLATED)
_480401_/A1                           320.00  335.03  -15.03 (VIOLATED)
rdata_q[5960]$_DFFE_PP_/QN            320.00  335.03  -15.03 (VIOLATED)
_480364_/A1                           320.00  335.02  -15.02 (VIOLATED)
_748668_/A                            320.00  335.01  -15.01 (VIOLATED)
_752925_/A                            320.00  335.01  -15.01 (VIOLATED)
a_sym[3][0]$_DFFE_PN0P_/RESETN        320.00  334.99  -14.99 (VIOLATED)
_479761_/A                            320.00  334.99  -14.99 (VIOLATED)
_480850_/A                            320.00  334.98  -14.98 (VIOLATED)
_729124_/B                            320.00  334.98  -14.98 (VIOLATED)
a_sym[11][4]$_DFFE_PN0P_/RESETN       320.00  334.97  -14.97 (VIOLATED)
_742101_/A                            320.00  334.97  -14.97 (VIOLATED)
rdata_q[6801]$_DFFE_PP_/QN            320.00  334.96  -14.96 (VIOLATED)
_764882_/C                            320.00  334.96  -14.96 (VIOLATED)
_751828_/A                            320.00  334.94  -14.94 (VIOLATED)
_764137_/C                            320.00  334.93  -14.93 (VIOLATED)
_763369_/C                            320.00  334.92  -14.92 (VIOLATED)
_745380_/A                            320.00  334.91  -14.91 (VIOLATED)
_743425_/A                            320.00  334.90  -14.90 (VIOLATED)
_764461_/A1                           320.00  334.90  -14.90 (VIOLATED)
_480767_/A                            320.00  334.90  -14.90 (VIOLATED)
_747194_/C                            320.00  334.90  -14.90 (VIOLATED)
_747067_/A                            320.00  334.89  -14.89 (VIOLATED)
_748670_/C                            320.00  334.89  -14.89 (VIOLATED)
_616126_/A                            320.00  334.88  -14.88 (VIOLATED)
_745431_/A                            320.00  334.88  -14.88 (VIOLATED)
_766184_/A                            320.00  334.88  -14.88 (VIOLATED)
a_sym[13][4]$_DFFE_PN0P_/RESETN       320.00  334.87  -14.87 (VIOLATED)
_748685_/C                            320.00  334.86  -14.86 (VIOLATED)
coef_q[154]$_DFFE_PN0P_/RESETN        320.00  334.86  -14.86 (VIOLATED)
_765606_/C                            320.00  334.84  -14.84 (VIOLATED)
_764463_/A1                           320.00  334.84  -14.84 (VIOLATED)
place74360/A                          320.00  334.83  -14.83 (VIOLATED)
place73995/A                          320.00  334.83  -14.83 (VIOLATED)
_748819_/C                            320.00  334.83  -14.83 (VIOLATED)
_754964_/A1                           320.00  334.81  -14.81 (VIOLATED)
place74816/A                          320.00  334.81  -14.81 (VIOLATED)
coef_q[7]$_DFFE_PN0P_/RESETN          320.00  334.81  -14.81 (VIOLATED)
oskid_d[113]$_DFFE_PN0P_/RESETN       320.00  334.80  -14.79 (VIOLATED)
_740430_/A                            320.00  334.79  -14.79 (VIOLATED)
oskid_d[115]$_DFFE_PN0P_/RESETN       320.00  334.79  -14.79 (VIOLATED)
_746893_/A                            320.00  334.78  -14.78 (VIOLATED)
ce_d2[21]$_DFFE_PN0P_/RESETN          320.00  334.78  -14.78 (VIOLATED)
out_pix_data[112]$_DFFE_PN0P_/RESETN  320.00  334.76  -14.76 (VIOLATED)
_753430_/B3                           320.00  334.76  -14.76 (VIOLATED)
a_sym[9][2]$_DFFE_PN0P_/QN            320.00  334.75  -14.75 (VIOLATED)
place74539/A                          320.00  334.75  -14.75 (VIOLATED)
in_data_q[16]$_DFFE_PN0P_/QN          320.00  334.74  -14.74 (VIOLATED)
_762770_/A                            320.00  334.74  -14.74 (VIOLATED)
_762771_/A1                           320.00  334.73  -14.73 (VIOLATED)
out_pix_data[18]$_DFFE_PN0P_/RESETN   320.00  334.73  -14.73 (VIOLATED)
_763824_/C                            320.00  334.72  -14.72 (VIOLATED)
_750825_/A1                           320.00  334.71  -14.71 (VIOLATED)
out_pix_data[14]$_DFFE_PN0P_/RESETN   320.00  334.70  -14.70 (VIOLATED)
_480147_/A1                           320.00  334.70  -14.70 (VIOLATED)
_750827_/A1                           320.00  334.70  -14.70 (VIOLATED)
a_sym[21][4]$_DFFE_PN0P_/RESETN       320.00  334.70  -14.70 (VIOLATED)
_753730_/A1                           320.00  334.69  -14.69 (VIOLATED)
_482692_/A                            320.00  334.69  -14.69 (VIOLATED)
out_pix_data[113]$_DFFE_PN0P_/RESETN  320.00  334.68  -14.68 (VIOLATED)
_741266_/B                            320.00  334.67  -14.67 (VIOLATED)
_860454_/A                            320.00  334.67  -14.67 (VIOLATED)
oskid_d[148]$_DFFE_PN0P_/RESETN       320.00  334.66  -14.66 (VIOLATED)
_759718_/C                            320.00  334.66  -14.66 (VIOLATED)
out_pix_data[148]$_DFFE_PN0P_/RESETN  320.00  334.66  -14.66 (VIOLATED)
oskid_d[118]$_DFFE_PN0P_/RESETN       320.00  334.65  -14.65 (VIOLATED)
_504071_/A1                           320.00  334.65  -14.65 (VIOLATED)
_748680_/A                            320.00  334.63  -14.63 (VIOLATED)
_743494_/A                            320.00  334.63  -14.63 (VIOLATED)
rdata_q[5349]$_DFFE_PP_/QN            320.00  334.62  -14.62 (VIOLATED)
_745383_/B                            320.00  334.61  -14.61 (VIOLATED)
_762880_/A                            320.00  334.61  -14.61 (VIOLATED)
_748361_/A                            320.00  334.59  -14.59 (VIOLATED)
_747180_/A                            320.00  334.58  -14.58 (VIOLATED)
rdata_q[1819]$_DFFE_PP_/QN            320.00  334.57  -14.57 (VIOLATED)
_755538_/A                            320.00  334.55  -14.55 (VIOLATED)
_759760_/B2                           320.00  334.54  -14.54 (VIOLATED)
_740350_/A                            320.00  334.54  -14.54 (VIOLATED)
_750743_/B                            320.00  334.54  -14.54 (VIOLATED)
a_sym[16][5]$_DFFE_PN0P_/RESETN       320.00  334.54  -14.54 (VIOLATED)
_740400_/A                            320.00  334.53  -14.53 (VIOLATED)
_757321_/A1                           320.00  334.53  -14.53 (VIOLATED)
_763910_/A1                           320.00  334.51  -14.51 (VIOLATED)
coef_q[180]$_DFFE_PN0P_/RESETN        320.00  334.50  -14.50 (VIOLATED)
_763930_/A2                           320.00  334.47  -14.47 (VIOLATED)
_758066_/B2                           320.00  334.47  -14.47 (VIOLATED)
_744424_/A                            320.00  334.46  -14.46 (VIOLATED)
_768379_/Y                            320.00  334.45  -14.45 (VIOLATED)
_663644_/A                            320.00  334.44  -14.44 (VIOLATED)
ce_d2[20]$_DFFE_PN0P_/RESETN          320.00  334.42  -14.42 (VIOLATED)
_769333_/Y                            320.00  334.42  -14.42 (VIOLATED)
place73394/A                          320.00  334.42  -14.42 (VIOLATED)
_756383_/A                            320.00  334.41  -14.41 (VIOLATED)
_713665_/B                            320.00  334.41  -14.41 (VIOLATED)
_748823_/B                            320.00  334.39  -14.39 (VIOLATED)
_739724_/A                            320.00  334.39  -14.39 (VIOLATED)
_756185_/A                            320.00  334.39  -14.39 (VIOLATED)
_624012_/A                            320.00  334.39  -14.39 (VIOLATED)
_755484_/B                            320.00  334.35  -14.35 (VIOLATED)
a_sym[19][5]$_DFFE_PN0P_/RESETN       320.00  334.35  -14.35 (VIOLATED)
_757871_/A                            320.00  334.33  -14.33 (VIOLATED)
_749501_/A                            320.00  334.33  -14.33 (VIOLATED)
_762881_/A1                           320.00  334.33  -14.33 (VIOLATED)
_744314_/A                            320.00  334.32  -14.32 (VIOLATED)
_480266_/A1                           320.00  334.31  -14.31 (VIOLATED)
out_pix_data[114]$_DFFE_PN0P_/RESETN  320.00  334.31  -14.31 (VIOLATED)
_645740_/A                            320.00  334.30  -14.30 (VIOLATED)
_480469_/C                            320.00  334.27  -14.27 (VIOLATED)
place74813/A                          320.00  334.26  -14.26 (VIOLATED)
_741696_/A                            320.00  334.25  -14.25 (VIOLATED)
_737285_/A                            320.00  334.25  -14.25 (VIOLATED)
_765883_/A                            320.00  334.23  -14.23 (VIOLATED)
_645739_/A                            320.00  334.22  -14.22 (VIOLATED)
_742609_/A                            320.00  334.21  -14.21 (VIOLATED)
_758438_/B                            320.00  334.20  -14.20 (VIOLATED)
_755952_/A1                           320.00  334.20  -14.20 (VIOLATED)
_739120_/B                            320.00  334.19  -14.19 (VIOLATED)
_764122_/C                            320.00  334.19  -14.19 (VIOLATED)
_788007_/A                            320.00  334.19  -14.19 (VIOLATED)
_756679_/A                            320.00  334.17  -14.17 (VIOLATED)
_740323_/A                            320.00  334.17  -14.17 (VIOLATED)
_753032_/A                            320.00  334.16  -14.16 (VIOLATED)
_760476_/Y                            320.00  334.15  -14.15 (VIOLATED)
_755059_/C                            320.00  334.15  -14.15 (VIOLATED)
_739740_/A                            320.00  334.15  -14.15 (VIOLATED)
_748547_/A                            320.00  334.15  -14.15 (VIOLATED)
_754934_/C                            320.00  334.14  -14.14 (VIOLATED)
out_d1$_DFFE_PN0P_/RESETN             320.00  334.14  -14.14 (VIOLATED)
_740427_/A                            320.00  334.13  -14.13 (VIOLATED)
_740324_/A                            320.00  334.13  -14.13 (VIOLATED)
_744423_/A                            320.00  334.11  -14.11 (VIOLATED)
_762758_/A                            320.00  334.10  -14.10 (VIOLATED)
_738417_/A                            320.00  334.09  -14.09 (VIOLATED)
_751059_/A                            320.00  334.09  -14.09 (VIOLATED)
_737619_/A                            320.00  334.08  -14.08 (VIOLATED)
_754443_/A                            320.00  334.07  -14.07 (VIOLATED)
_750609_/A                            320.00  334.06  -14.06 (VIOLATED)
_737635_/A                            320.00  334.06  -14.06 (VIOLATED)
_740379_/A                            320.00  334.06  -14.06 (VIOLATED)
_614357_/B                            320.00  334.06  -14.06 (VIOLATED)
_756639_/A                            320.00  334.05  -14.05 (VIOLATED)
_759612_/A                            320.00  334.04  -14.04 (VIOLATED)
_748593_/A                            320.00  334.03  -14.03 (VIOLATED)
_738412_/A                            320.00  334.03  -14.03 (VIOLATED)
_755045_/A                            320.00  334.03  -14.03 (VIOLATED)
_616125_/A                            320.00  334.02  -14.02 (VIOLATED)
coef_q[40]$_DFFE_PN0P_/RESETN         320.00  334.02  -14.02 (VIOLATED)
out_pix_data[17]$_DFFE_PN0P_/RESETN   320.00  334.01  -14.01 (VIOLATED)
_759613_/A1                           320.00  334.01  -14.01 (VIOLATED)
_616208_/A                            320.00  333.99  -13.99 (VIOLATED)
_764860_/C                            320.00  333.98  -13.98 (VIOLATED)
_750667_/A                            320.00  333.97  -13.97 (VIOLATED)
_763922_/A1                           320.00  333.96  -13.96 (VIOLATED)
_759115_/A                            320.00  333.96  -13.96 (VIOLATED)
_737652_/A                            320.00  333.94  -13.94 (VIOLATED)
_751974_/A1                           320.00  333.94  -13.94 (VIOLATED)
_737592_/A                            320.00  333.93  -13.93 (VIOLATED)
_744389_/A                            320.00  333.93  -13.93 (VIOLATED)
_754496_/A1                           320.00  333.93  -13.93 (VIOLATED)
place83522/Y                          320.00  333.92  -13.92 (VIOLATED)
_751855_/C                            320.00  333.92  -13.92 (VIOLATED)
_479694_/A                            320.00  333.92  -13.92 (VIOLATED)
_787047_/A1                           320.00  333.91  -13.91 (VIOLATED)
_762761_/A                            320.00  333.91  -13.91 (VIOLATED)
part_q[51][7]$_DFFE_PP_/QN            320.00  333.90  -13.90 (VIOLATED)
_744292_/A                            320.00  333.90  -13.90 (VIOLATED)
_744307_/A                            320.00  333.88  -13.88 (VIOLATED)
_745495_/B                            320.00  333.88  -13.88 (VIOLATED)
_744306_/A                            320.00  333.88  -13.88 (VIOLATED)
_759249_/A1                           320.00  333.87  -13.87 (VIOLATED)
place73325/Y                          320.00  333.86  -13.86 (VIOLATED)
_751039_/A1                           320.00  333.86  -13.86 (VIOLATED)
_666146_/B                            320.00  333.85  -13.85 (VIOLATED)
_744305_/A                            320.00  333.84  -13.84 (VIOLATED)
_750639_/A                            320.00  333.84  -13.84 (VIOLATED)
_740321_/A                            320.00  333.81  -13.81 (VIOLATED)
_751827_/A                            320.00  333.81  -13.81 (VIOLATED)
_768373_/Y                            320.00  333.80  -13.80 (VIOLATED)
_752650_/A1                           320.00  333.80  -13.80 (VIOLATED)
_753394_/A1                           320.00  333.80  -13.80 (VIOLATED)
_738282_/B                            320.00  333.79  -13.79 (VIOLATED)
_745018_/B                            320.00  333.79  -13.79 (VIOLATED)
rdata_q[7222]$_DFFE_PP_/QN            320.00  333.79  -13.79 (VIOLATED)
a_sym[8][6]$_DFFE_PN0P_/RESETN        320.00  333.79  -13.79 (VIOLATED)
_739147_/B                            320.00  333.78  -13.78 (VIOLATED)
place73629/A                          320.00  333.77  -13.77 (VIOLATED)
part_q[38][9]$_DFFE_PP_/QN            320.00  333.76  -13.76 (VIOLATED)
_746438_/B                            320.00  333.75  -13.75 (VIOLATED)
a_sym[7][5]$_DFFE_PN0P_/RESETN        320.00  333.74  -13.74 (VIOLATED)
_752142_/A1                           320.00  333.73  -13.73 (VIOLATED)
_766336_/C                            320.00  333.71  -13.71 (VIOLATED)
_486339_/A                            320.00  333.71  -13.71 (VIOLATED)
_751788_/B2                           320.00  333.71  -13.71 (VIOLATED)
_744297_/A                            320.00  333.70  -13.70 (VIOLATED)
_749442_/A                            320.00  333.69  -13.69 (VIOLATED)
_753680_/A1                           320.00  333.69  -13.69 (VIOLATED)
_738768_/B                            320.00  333.69  -13.69 (VIOLATED)
_749218_/A1                           320.00  333.69  -13.69 (VIOLATED)
place74972/A                          320.00  333.68  -13.68 (VIOLATED)
_763932_/B                            320.00  333.68  -13.68 (VIOLATED)
_482678_/A                            320.00  333.68  -13.68 (VIOLATED)
_639277_/A                            320.00  333.67  -13.67 (VIOLATED)
_749479_/A                            320.00  333.66  -13.66 (VIOLATED)
_737323_/B                            320.00  333.65  -13.65 (VIOLATED)
_480296_/A                            320.00  333.65  -13.65 (VIOLATED)
rdata_q[908]$_DFFE_PP_/QN             320.00  333.64  -13.64 (VIOLATED)
_751830_/A                            320.00  333.64  -13.64 (VIOLATED)
_482286_/A1                           320.00  333.63  -13.63 (VIOLATED)
_754926_/B                            320.00  333.63  -13.63 (VIOLATED)
_768369_/Y                            320.00  333.62  -13.62 (VIOLATED)
_741296_/A                            320.00  333.62  -13.62 (VIOLATED)
_645738_/A                            320.00  333.62  -13.62 (VIOLATED)
_756319_/A1                           320.00  333.62  -13.62 (VIOLATED)
_753540_/A1                           320.00  333.62  -13.62 (VIOLATED)
_759593_/A                            320.00  333.60  -13.60 (VIOLATED)
_762759_/A1                           320.00  333.60  -13.60 (VIOLATED)
_748686_/A                            320.00  333.58  -13.58 (VIOLATED)
part_q[36][12]$_DFFE_PP_/QN           320.00  333.57  -13.57 (VIOLATED)
_753635_/A1                           320.00  333.57  -13.57 (VIOLATED)
_748598_/A                            320.00  333.55  -13.55 (VIOLATED)
_758463_/B                            320.00  333.55  -13.55 (VIOLATED)
out_pix_data[141]$_DFFE_PN0P_/RESETN  320.00  333.54  -13.54 (VIOLATED)
_745091_/B                            320.00  333.54  -13.54 (VIOLATED)
rdata_q[1812]$_DFFE_PP_/QN            320.00  333.54  -13.54 (VIOLATED)
_756565_/B                            320.00  333.54  -13.54 (VIOLATED)
in_data_q[124]$_DFFE_PN0P_/QN         320.00  333.53  -13.53 (VIOLATED)
a_sym[15][2]$_DFFE_PN0P_/QN           320.00  333.52  -13.52 (VIOLATED)
_748570_/A                            320.00  333.51  -13.51 (VIOLATED)
_744298_/A                            320.00  333.51  -13.51 (VIOLATED)
_624010_/A                            320.00  333.50  -13.50 (VIOLATED)
_750423_/A                            320.00  333.50  -13.50 (VIOLATED)
place74230/A                          320.00  333.50  -13.50 (VIOLATED)
_739899_/A                            320.00  333.49  -13.49 (VIOLATED)
_748142_/A                            320.00  333.49  -13.49 (VIOLATED)
place74342/A                          320.00  333.47  -13.47 (VIOLATED)
_744300_/A                            320.00  333.46  -13.46 (VIOLATED)
_756170_/B                            320.00  333.45  -13.45 (VIOLATED)
_738576_/B                            320.00  333.43  -13.43 (VIOLATED)
_744301_/A                            320.00  333.42  -13.42 (VIOLATED)
_752027_/A1                           320.00  333.41  -13.41 (VIOLATED)
_739722_/A                            320.00  333.41  -13.41 (VIOLATED)
_597428_/B                            320.00  333.41  -13.41 (VIOLATED)
place74321/A                          320.00  333.40  -13.40 (VIOLATED)
place74105/A                          320.00  333.39  -13.39 (VIOLATED)
_758114_/A                            320.00  333.38  -13.38 (VIOLATED)
_763773_/C                            320.00  333.37  -13.37 (VIOLATED)
_744308_/A                            320.00  333.37  -13.37 (VIOLATED)
_748682_/C                            320.00  333.36  -13.36 (VIOLATED)
_696522_/B                            320.00  333.35  -13.35 (VIOLATED)
place72275/A                          320.00  333.35  -13.35 (VIOLATED)
_750475_/B                            320.00  333.34  -13.34 (VIOLATED)
_635109_/B                            320.00  333.34  -13.34 (VIOLATED)
_750645_/B                            320.00  333.34  -13.34 (VIOLATED)
_748661_/C                            320.00  333.32  -13.32 (VIOLATED)
_747725_/A                            320.00  333.30  -13.30 (VIOLATED)
_748684_/A                            320.00  333.30  -13.30 (VIOLATED)
out_pix_data[156]$_DFFE_PN0P_/RESETN  320.00  333.30  -13.30 (VIOLATED)
_750645_/A                            320.00  333.30  -13.30 (VIOLATED)
a_sym[15][5]$_DFFE_PN0P_/RESETN       320.00  333.30  -13.30 (VIOLATED)
_660635_/A                            320.00  333.28  -13.28 (VIOLATED)
_787378_/C                            320.00  333.28  -13.28 (VIOLATED)
_745654_/B                            320.00  333.28  -13.28 (VIOLATED)
_757121_/A1                           320.00  333.27  -13.27 (VIOLATED)
_758260_/Y                            320.00  333.27  -13.27 (VIOLATED)
_549382_/A1                           320.00  333.26  -13.26 (VIOLATED)
_741087_/B                            320.00  333.25  -13.25 (VIOLATED)
_765146_/C                            320.00  333.24  -13.24 (VIOLATED)
_744244_/B                            320.00  333.23  -13.23 (VIOLATED)
_740327_/A                            320.00  333.20  -13.20 (VIOLATED)
_744299_/A                            320.00  333.17  -13.17 (VIOLATED)
place67313/A                          320.00  333.16  -13.16 (VIOLATED)
_737918_/A                            320.00  333.16  -13.16 (VIOLATED)
rdata_q[6622]$_DFFE_PP_/QN            320.00  333.15  -13.15 (VIOLATED)
_740310_/A                            320.00  333.15  -13.15 (VIOLATED)
_753584_/A                            320.00  333.14  -13.14 (VIOLATED)
_762755_/A                            320.00  333.14  -13.14 (VIOLATED)
part_q[76][4]$_DFFE_PP_/QN            320.00  333.13  -13.13 (VIOLATED)
_747992_/A                            320.00  333.13  -13.13 (VIOLATED)
_763284_/A1                           320.00  333.12  -13.12 (VIOLATED)
_742262_/A                            320.00  333.11  -13.11 (VIOLATED)
place74766/A                          320.00  333.11  -13.11 (VIOLATED)
_763147_/A                            320.00  333.11  -13.11 (VIOLATED)
_765762_/C                            320.00  333.11  -13.11 (VIOLATED)
rdata_q[7800]$_DFFE_PP_/QN            320.00  333.11  -13.11 (VIOLATED)
_503085_/B2                           320.00  333.10  -13.10 (VIOLATED)
_765436_/A1                           320.00  333.09  -13.09 (VIOLATED)
_757512_/Y                            320.00  333.09  -13.09 (VIOLATED)
_766042_/A1                           320.00  333.08  -13.08 (VIOLATED)
_645737_/A                            320.00  333.08  -13.08 (VIOLATED)
_649095_/B                            320.00  333.07  -13.07 (VIOLATED)
_660634_/A                            320.00  333.07  -13.07 (VIOLATED)
_762756_/A1                           320.00  333.07  -13.07 (VIOLATED)
_742258_/A                            320.00  333.05  -13.05 (VIOLATED)
_742256_/A                            320.00  333.04  -13.04 (VIOLATED)
_753683_/A1                           320.00  333.03  -13.03 (VIOLATED)
_763524_/A1                           320.00  333.03  -13.03 (VIOLATED)
_763533_/A                            320.00  333.03  -13.03 (VIOLATED)
_744302_/A                            320.00  333.02  -13.02 (VIOLATED)
_742305_/A                            320.00  333.02  -13.02 (VIOLATED)
_768721_/A                            320.00  333.00  -13.00 (VIOLATED)
_744419_/A                            320.00  333.00  -13.00 (VIOLATED)
_762762_/A1                           320.00  332.99  -12.99 (VIOLATED)
_740422_/A                            320.00  332.97  -12.97 (VIOLATED)
_742297_/A                            320.00  332.97  -12.97 (VIOLATED)
in_data_q[2]$_DFFE_PN0P_/QN           320.00  332.97  -12.97 (VIOLATED)
_480349_/B                            320.00  332.96  -12.96 (VIOLATED)
_480359_/A                            320.00  332.95  -12.95 (VIOLATED)
out_pix_data[150]$_DFFE_PN0P_/RESETN  320.00  332.94  -12.94 (VIOLATED)
_766073_/A1                           320.00  332.94  -12.94 (VIOLATED)
_740366_/A                            320.00  332.94  -12.94 (VIOLATED)
_480864_/A2                           320.00  332.93  -12.93 (VIOLATED)
_763716_/A1                           320.00  332.92  -12.92 (VIOLATED)
_554490_/B2                           320.00  332.91  -12.91 (VIOLATED)
_480308_/A                            320.00  332.90  -12.90 (VIOLATED)
_765466_/A1                           320.00  332.90  -12.90 (VIOLATED)
_763721_/A                            320.00  332.89  -12.89 (VIOLATED)
_763618_/A                            320.00  332.87  -12.87 (VIOLATED)
a_sym[21][5]$_DFFE_PN0P_/RESETN       320.00  332.86  -12.86 (VIOLATED)
_763623_/A1                           320.00  332.86  -12.86 (VIOLATED)
_765803_/C                            320.00  332.85  -12.85 (VIOLATED)
_486161_/A                            320.00  332.85  -12.85 (VIOLATED)
_749674_/A1                           320.00  332.83  -12.83 (VIOLATED)
_745649_/B                            320.00  332.81  -12.81 (VIOLATED)
_750511_/A                            320.00  332.81  -12.81 (VIOLATED)
_748879_/B2                           320.00  332.80  -12.80 (VIOLATED)
_752005_/B                            320.00  332.80  -12.80 (VIOLATED)
_738656_/A                            320.00  332.78  -12.78 (VIOLATED)
_760294_/A1                           320.00  332.78  -12.78 (VIOLATED)
_486340_/A                            320.00  332.77  -12.77 (VIOLATED)
_752740_/C                            320.00  332.77  -12.77 (VIOLATED)
_750556_/A                            320.00  332.77  -12.77 (VIOLATED)
_748228_/A                            320.00  332.77  -12.77 (VIOLATED)
_748248_/A                            320.00  332.77  -12.77 (VIOLATED)
_750552_/C                            320.00  332.77  -12.77 (VIOLATED)
_762889_/A                            320.00  332.77  -12.77 (VIOLATED)
_757546_/A1                           320.00  332.76  -12.76 (VIOLATED)
_745394_/A                            320.00  332.75  -12.75 (VIOLATED)
_749501_/B                            320.00  332.73  -12.73 (VIOLATED)
_768801_/A                            320.00  332.73  -12.73 (VIOLATED)
_480044_/A1                           320.00  332.72  -12.72 (VIOLATED)
_742246_/A                            320.00  332.72  -12.72 (VIOLATED)
_742319_/A                            320.00  332.71  -12.71 (VIOLATED)
_756980_/B                            320.00  332.70  -12.70 (VIOLATED)
_677149_/B                            320.00  332.69  -12.69 (VIOLATED)
_660633_/A                            320.00  332.67  -12.67 (VIOLATED)
_630904_/A                            320.00  332.67  -12.67 (VIOLATED)
_758110_/A                            320.00  332.67  -12.67 (VIOLATED)
_740305_/A                            320.00  332.67  -12.67 (VIOLATED)
_847931_/A                            320.00  332.66  -12.66 (VIOLATED)
_754354_/D                            320.00  332.65  -12.65 (VIOLATED)
_737636_/A                            320.00  332.65  -12.65 (VIOLATED)
_744318_/A                            320.00  332.65  -12.65 (VIOLATED)
_750632_/C                            320.00  332.65  -12.65 (VIOLATED)
_756283_/A1                           320.00  332.61  -12.61 (VIOLATED)
_480453_/C                            320.00  332.61  -12.61 (VIOLATED)
place74496/A                          320.00  332.61  -12.61 (VIOLATED)
out_pix_data[79]$_DFFE_PN0P_/RESETN   320.00  332.60  -12.60 (VIOLATED)
place73671/A                          320.00  332.59  -12.59 (VIOLATED)
_762741_/A                            320.00  332.59  -12.59 (VIOLATED)
_762179_/B                            320.00  332.59  -12.59 (VIOLATED)
_744686_/B                            320.00  332.59  -12.59 (VIOLATED)
_759589_/A1                           320.00  332.58  -12.58 (VIOLATED)
_762890_/A1                           320.00  332.57  -12.57 (VIOLATED)
_748115_/A                            320.00  332.56  -12.56 (VIOLATED)
_486207_/A                            320.00  332.56  -12.56 (VIOLATED)
_630905_/A                            320.00  332.55  -12.55 (VIOLATED)
_741312_/A                            320.00  332.54  -12.54 (VIOLATED)
place74697/A                          320.00  332.54  -12.54 (VIOLATED)
_673215_/B                            320.00  332.53  -12.53 (VIOLATED)
_742263_/A                            320.00  332.52  -12.52 (VIOLATED)
_748574_/D                            320.00  332.52  -12.52 (VIOLATED)
_760545_/A1                           320.00  332.52  -12.52 (VIOLATED)
_738981_/B                            320.00  332.52  -12.52 (VIOLATED)
part_q[47][19]$_DFFE_PP_/QN           320.00  332.50  -12.50 (VIOLATED)
_749499_/B                            320.00  332.50  -12.50 (VIOLATED)
_738747_/B                            320.00  332.49  -12.49 (VIOLATED)
_743480_/A                            320.00  332.48  -12.48 (VIOLATED)
_535299_/A                            320.00  332.46  -12.46 (VIOLATED)
rdata_q[5801]$_DFFE_PP_/QN            320.00  332.46  -12.46 (VIOLATED)
_502984_/A1                           320.00  332.45  -12.45 (VIOLATED)
_496849_/A1                           320.00  332.45  -12.45 (VIOLATED)
_738046_/A                            320.00  332.45  -12.45 (VIOLATED)
_738043_/A                            320.00  332.43  -12.43 (VIOLATED)
_738045_/A                            320.00  332.41  -12.41 (VIOLATED)
_761151_/A1                           320.00  332.41  -12.41 (VIOLATED)
_750855_/A1                           320.00  332.41  -12.41 (VIOLATED)
_513066_/A1                           320.00  332.39  -12.39 (VIOLATED)
_683684_/A1                           320.00  332.39  -12.39 (VIOLATED)
_749134_/A                            320.00  332.39  -12.39 (VIOLATED)
wire18493/A                           320.00  332.38  -12.38 (VIOLATED)
_747795_/A                            320.00  332.37  -12.37 (VIOLATED)
_750641_/A                            320.00  332.35  -12.35 (VIOLATED)
_756585_/A1                           320.00  332.34  -12.34 (VIOLATED)
_758901_/B                            320.00  332.34  -12.34 (VIOLATED)
rdata_q[6532]$_DFFE_PP_/QN            320.00  332.32  -12.32 (VIOLATED)
m_1h[0]$_DFFE_PN0P_/QN                320.00  332.31  -12.31 (VIOLATED)
place67156/A                          320.00  332.31  -12.31 (VIOLATED)
_741176_/B                            320.00  332.30  -12.30 (VIOLATED)
place75124/A                          320.00  332.30  -12.30 (VIOLATED)
place67197/A                          320.00  332.29  -12.29 (VIOLATED)
_630903_/A                            320.00  332.28  -12.28 (VIOLATED)
_751539_/A                            320.00  332.27  -12.27 (VIOLATED)
_592417_/A                            320.00  332.26  -12.26 (VIOLATED)
place72779/A                          320.00  332.26  -12.26 (VIOLATED)
a_sym[5][5]$_DFFE_PN0P_/RESETN        320.00  332.25  -12.25 (VIOLATED)
place75000/A                          320.00  332.24  -12.24 (VIOLATED)
_758064_/A1                           320.00  332.24  -12.24 (VIOLATED)
_760983_/Y                            320.00  332.21  -12.21 (VIOLATED)
_735959_/A                            320.00  332.21  -12.21 (VIOLATED)
rdata_q[7211]$_DFFE_PP_/QN            320.00  332.20  -12.20 (VIOLATED)
_742291_/A                            320.00  332.20  -12.20 (VIOLATED)
_750626_/A                            320.00  332.19  -12.19 (VIOLATED)
_624011_/A                            320.00  332.19  -12.19 (VIOLATED)
_722875_/B                            320.00  332.19  -12.19 (VIOLATED)
m_ce[4]$_DFFE_PN0P_/RESETN            320.00  332.18  -12.18 (VIOLATED)
_787642_/A1                           320.00  332.17  -12.17 (VIOLATED)
_759866_/A1                           320.00  332.17  -12.17 (VIOLATED)
place72256/A                          320.00  332.16  -12.16 (VIOLATED)
_738747_/A                            320.00  332.16  -12.16 (VIOLATED)
_742425_/B                            320.00  332.16  -12.16 (VIOLATED)
_753767_/A1                           320.00  332.14  -12.14 (VIOLATED)
_788043_/A                            320.00  332.14  -12.14 (VIOLATED)
place73979/A                          320.00  332.14  -12.14 (VIOLATED)
_616124_/A                            320.00  332.14  -12.14 (VIOLATED)
_738388_/A                            320.00  332.13  -12.13 (VIOLATED)
a_sym[7][0]$_DFFE_PN0P_/QN            320.00  332.12  -12.12 (VIOLATED)
_738459_/B                            320.00  332.11  -12.11 (VIOLATED)
_806129_/CI                           320.00  332.11  -12.11 (VIOLATED)
_757297_/A                            320.00  332.11  -12.11 (VIOLATED)
_744274_/B                            320.00  332.11  -12.11 (VIOLATED)
_754496_/C                            320.00  332.08  -12.08 (VIOLATED)
_771136_/A2                           320.00  332.08  -12.08 (VIOLATED)
in_data_q[19]$_DFFE_PN0P_/QN          320.00  332.08  -12.08 (VIOLATED)
_744388_/A                            320.00  332.07  -12.07 (VIOLATED)
place72379/A                          320.00  332.06  -12.06 (VIOLATED)
_759979_/B2                           320.00  332.06  -12.06 (VIOLATED)
_748953_/A1                           320.00  332.05  -12.05 (VIOLATED)
_758706_/B2                           320.00  332.04  -12.04 (VIOLATED)
_729423_/A1                           320.00  332.03  -12.03 (VIOLATED)
_738646_/A                            320.00  332.02  -12.02 (VIOLATED)
_769196_/A                            320.00  332.01  -12.01 (VIOLATED)
_729425_/A2                           320.00  331.99  -11.99 (VIOLATED)
_480868_/A                            320.00  331.98  -11.98 (VIOLATED)
_490937_/A                            320.00  331.97  -11.97 (VIOLATED)
_660632_/A                            320.00  331.97  -11.97 (VIOLATED)
_739713_/A                            320.00  331.97  -11.97 (VIOLATED)
_744289_/A                            320.00  331.96  -11.96 (VIOLATED)
_753762_/A1                           320.00  331.95  -11.95 (VIOLATED)
_750797_/B2                           320.00  331.93  -11.93 (VIOLATED)
_504094_/A1                           320.00  331.93  -11.93 (VIOLATED)
_740061_/B                            320.00  331.92  -11.92 (VIOLATED)
_660631_/A                            320.00  331.90  -11.90 (VIOLATED)
_738039_/A                            320.00  331.90  -11.90 (VIOLATED)
_738034_/A                            320.00  331.89  -11.89 (VIOLATED)
_743907_/A                            320.00  331.89  -11.89 (VIOLATED)
_547247_/A1                           320.00  331.88  -11.88 (VIOLATED)
_744284_/A                            320.00  331.87  -11.87 (VIOLATED)
_745274_/A                            320.00  331.82  -11.82 (VIOLATED)
_745080_/B                            320.00  331.81  -11.81 (VIOLATED)
_737930_/A                            320.00  331.81  -11.81 (VIOLATED)
_749656_/A1                           320.00  331.80  -11.80 (VIOLATED)
_742306_/A                            320.00  331.79  -11.79 (VIOLATED)
_744285_/A                            320.00  331.79  -11.79 (VIOLATED)
_752080_/A                            320.00  331.79  -11.79 (VIOLATED)
_750766_/B                            320.00  331.79  -11.79 (VIOLATED)
_762721_/A1                           320.00  331.78  -11.78 (VIOLATED)
_752769_/A                            320.00  331.78  -11.78 (VIOLATED)
_750765_/A1                           320.00  331.77  -11.77 (VIOLATED)
_743465_/A                            320.00  331.76  -11.76 (VIOLATED)
_480619_/A1                           320.00  331.76  -11.76 (VIOLATED)
_748706_/C                            320.00  331.74  -11.74 (VIOLATED)
coef_q[109]$_DFFE_PN0P_/RESETN        320.00  331.71  -11.71 (VIOLATED)
_755009_/B2                           320.00  331.70  -11.70 (VIOLATED)
_748698_/A                            320.00  331.70  -11.70 (VIOLATED)
_762720_/A                            320.00  331.68  -11.68 (VIOLATED)
_503058_/B                            320.00  331.67  -11.67 (VIOLATED)
_480336_/A                            320.00  331.65  -11.65 (VIOLATED)
_752766_/A1                           320.00  331.63  -11.63 (VIOLATED)
_493062_/A                            320.00  331.63  -11.63 (VIOLATED)
_604956_/A                            320.00  331.63  -11.63 (VIOLATED)
place71968/A                          320.00  331.62  -11.62 (VIOLATED)
_750623_/A                            320.00  331.58  -11.58 (VIOLATED)
hold106664/A                          320.00  331.58  -11.58 (VIOLATED)
_550446_/A1                           320.00  331.57  -11.57 (VIOLATED)
_723033_/B                            320.00  331.56  -11.56 (VIOLATED)
_604975_/A                            320.00  331.54  -11.54 (VIOLATED)
_639278_/A                            320.00  331.54  -11.54 (VIOLATED)
_755002_/A                            320.00  331.53  -11.53 (VIOLATED)
_604990_/A                            320.00  331.53  -11.53 (VIOLATED)
place74047/A                          320.00  331.52  -11.52 (VIOLATED)
_741297_/A                            320.00  331.51  -11.51 (VIOLATED)
_480337_/B                            320.00  331.50  -11.50 (VIOLATED)
_744287_/A                            320.00  331.50  -11.50 (VIOLATED)
_756932_/A1                           320.00  331.49  -11.49 (VIOLATED)
_751900_/A1                           320.00  331.49  -11.49 (VIOLATED)
_638046_/B                            320.00  331.49  -11.49 (VIOLATED)
out_pix_data[76]$_DFFE_PN0P_/RESETN   320.00  331.48  -11.48 (VIOLATED)
place73610/A                          320.00  331.47  -11.47 (VIOLATED)
_749834_/A                            320.00  331.45  -11.45 (VIOLATED)
_787664_/C                            320.00  331.44  -11.44 (VIOLATED)
_738464_/A                            320.00  331.43  -11.43 (VIOLATED)
_744291_/A                            320.00  331.42  -11.42 (VIOLATED)
_738398_/A                            320.00  331.42  -11.42 (VIOLATED)
place73711/A                          320.00  331.41  -11.41 (VIOLATED)
_744286_/A                            320.00  331.40  -11.40 (VIOLATED)
place75079/A                          320.00  331.39  -11.39 (VIOLATED)
_761007_/A                            320.00  331.38  -11.38 (VIOLATED)
out_pix_data[73]$_DFFE_PN0P_/RESETN   320.00  331.37  -11.37 (VIOLATED)
place73722/A                          320.00  331.37  -11.37 (VIOLATED)
_761008_/A1                           320.00  331.36  -11.36 (VIOLATED)
_753761_/A1                           320.00  331.35  -11.35 (VIOLATED)
_701688_/A                            320.00  331.35  -11.35 (VIOLATED)
_742606_/A                            320.00  331.34  -11.34 (VIOLATED)
_760087_/A1                           320.00  331.34  -11.34 (VIOLATED)
_740371_/A                            320.00  331.34  -11.34 (VIOLATED)
_592414_/A                            320.00  331.32  -11.32 (VIOLATED)
_755831_/C                            320.00  331.31  -11.31 (VIOLATED)
_738041_/A                            320.00  331.30  -11.30 (VIOLATED)
place74710/A                          320.00  331.29  -11.29 (VIOLATED)
_738400_/A                            320.00  331.28  -11.28 (VIOLATED)
place73274/A                          320.00  331.27  -11.27 (VIOLATED)
part_q[36][5]$_DFFE_PP_/QN            320.00  331.26  -11.26 (VIOLATED)
_762901_/A                            320.00  331.26  -11.26 (VIOLATED)
_492538_/A                            320.00  331.26  -11.26 (VIOLATED)
_762902_/A1                           320.00  331.26  -11.26 (VIOLATED)
_616123_/A                            320.00  331.25  -11.25 (VIOLATED)
_762768_/A1                           320.00  331.24  -11.24 (VIOLATED)
_744442_/A                            320.00  331.23  -11.23 (VIOLATED)
_742430_/B                            320.00  331.21  -11.21 (VIOLATED)
oskid_d[55]$_DFFE_PN0P_/RESETN        320.00  331.20  -11.20 (VIOLATED)
_787593_/A1                           320.00  331.19  -11.19 (VIOLATED)
_739343_/B                            320.00  331.19  -11.19 (VIOLATED)
oskid_d[57]$_DFFE_PN0P_/RESETN        320.00  331.19  -11.19 (VIOLATED)
_752150_/A1                           320.00  331.18  -11.18 (VIOLATED)
coef_q[130]$_DFFE_PN0P_/RESETN        320.00  331.18  -11.18 (VIOLATED)
rdata_q[5821]$_DFFE_PP_/QN            320.00  331.18  -11.18 (VIOLATED)
_749653_/A1                           320.00  331.17  -11.17 (VIOLATED)
nbm1_q[0]$_DFFE_PN0P_/RESETN          320.00  331.17  -11.17 (VIOLATED)
_751976_/A1                           320.00  331.16  -11.16 (VIOLATED)
_719328_/A                            320.00  331.16  -11.16 (VIOLATED)
_752805_/B3                           320.00  331.15  -11.15 (VIOLATED)
_757034_/A1                           320.00  331.13  -11.13 (VIOLATED)
_745650_/B                            320.00  331.12  -11.12 (VIOLATED)
_750557_/C                            320.00  331.11  -11.11 (VIOLATED)
_757035_/A1                           320.00  331.10  -11.10 (VIOLATED)
_768328_/Y                            320.00  331.09  -11.09 (VIOLATED)
_738643_/A                            320.00  331.08  -11.08 (VIOLATED)
_746972_/B                            320.00  331.07  -11.07 (VIOLATED)
_738710_/A                            320.00  331.07  -11.07 (VIOLATED)
_772485_/A1                           320.00  331.06  -11.06 (VIOLATED)
_522576_/C                            320.00  331.05  -11.05 (VIOLATED)
_605005_/A                            320.00  331.05  -11.05 (VIOLATED)
place74005/A                          320.00  331.04  -11.04 (VIOLATED)
out_pix_data[57]$_DFFE_PN0P_/RESETN   320.00  331.03  -11.03 (VIOLATED)
_490879_/A1                           320.00  331.02  -11.02 (VIOLATED)
_745538_/B                            320.00  331.02  -11.02 (VIOLATED)
_740432_/A                            320.00  331.01  -11.01 (VIOLATED)
_748541_/C                            320.00  331.00  -11.00 (VIOLATED)
oskid_d[51]$_DFFE_PN0P_/RESETN        320.00  331.00  -11.00 (VIOLATED)
_759054_/A1                           320.00  330.97  -10.97 (VIOLATED)
_737869_/A                            320.00  330.96  -10.96 (VIOLATED)
_480098_/A1                           320.00  330.95  -10.95 (VIOLATED)
_504119_/C                            320.00  330.95  -10.95 (VIOLATED)
_762767_/A                            320.00  330.95  -10.95 (VIOLATED)
_762742_/A1                           320.00  330.95  -10.95 (VIOLATED)
_479988_/A1                           320.00  330.95  -10.95 (VIOLATED)
_741697_/A                            320.00  330.94  -10.94 (VIOLATED)
_744506_/A                            320.00  330.94  -10.94 (VIOLATED)
_756921_/A1                           320.00  330.91  -10.91 (VIOLATED)
_738040_/A                            320.00  330.91  -10.91 (VIOLATED)
_759360_/A1                           320.00  330.90  -10.90 (VIOLATED)
_744324_/A                            320.00  330.89  -10.89 (VIOLATED)
_738651_/A                            320.00  330.89  -10.89 (VIOLATED)
nbm1_q[2]$_DFFE_PN0P_/RESETN          320.00  330.87  -10.87 (VIOLATED)
_743478_/A                            320.00  330.87  -10.87 (VIOLATED)
_743492_/A                            320.00  330.87  -10.87 (VIOLATED)
_748558_/B2                           320.00  330.87  -10.87 (VIOLATED)
_547252_/C                            320.00  330.86  -10.86 (VIOLATED)
_630906_/A                            320.00  330.86  -10.86 (VIOLATED)
_745656_/B                            320.00  330.85  -10.85 (VIOLATED)
_748966_/B                            320.00  330.85  -10.85 (VIOLATED)
_748639_/C                            320.00  330.84  -10.84 (VIOLATED)
_744316_/A                            320.00  330.84  -10.84 (VIOLATED)
oskid_d[59]$_DFFE_PN0P_/RESETN        320.00  330.83  -10.83 (VIOLATED)
_762907_/A                            320.00  330.81  -10.81 (VIOLATED)
_750642_/C                            320.00  330.81  -10.81 (VIOLATED)
_744294_/A                            320.00  330.79  -10.79 (VIOLATED)
_760106_/A                            320.00  330.78  -10.78 (VIOLATED)
_738581_/A                            320.00  330.76  -10.76 (VIOLATED)
_744288_/A                            320.00  330.76  -10.76 (VIOLATED)
_686241_/A                            320.00  330.76  -10.76 (VIOLATED)
_787599_/C                            320.00  330.76  -10.76 (VIOLATED)
_758322_/A                            320.00  330.75  -10.75 (VIOLATED)
_753766_/A                            320.00  330.74  -10.74 (VIOLATED)
_713653_/B                            320.00  330.74  -10.74 (VIOLATED)
_661927_/B                            320.00  330.73  -10.73 (VIOLATED)
_787670_/A1                           320.00  330.73  -10.73 (VIOLATED)
_768081_/Y                            320.00  330.72  -10.72 (VIOLATED)
_760107_/A1                           320.00  330.69  -10.69 (VIOLATED)
out_pix_data[158]$_DFFE_PN0P_/RESETN  320.00  330.69  -10.69 (VIOLATED)
_746558_/B                            320.00  330.67  -10.67 (VIOLATED)
_480304_/A                            320.00  330.67  -10.67 (VIOLATED)
_671671_/A                            320.00  330.66  -10.66 (VIOLATED)
part_q[1][15]$_DFFE_PP_/QN            320.00  330.66  -10.66 (VIOLATED)
_755804_/A                            320.00  330.65  -10.65 (VIOLATED)
_658364_/B                            320.00  330.64  -10.64 (VIOLATED)
_762498_/A                            320.00  330.63  -10.63 (VIOLATED)
_517041_/A1                           320.00  330.62  -10.62 (VIOLATED)
place83519/A                          320.00  330.62  -10.62 (VIOLATED)
_754995_/A1                           320.00  330.62  -10.62 (VIOLATED)
_656757_/B                            320.00  330.61  -10.61 (VIOLATED)
_742672_/A                            320.00  330.61  -10.61 (VIOLATED)
_738600_/A                            320.00  330.59  -10.59 (VIOLATED)
_762499_/A1                           320.00  330.59  -10.59 (VIOLATED)
_721820_/A                            320.00  330.59  -10.59 (VIOLATED)
_751155_/A1                           320.00  330.58  -10.58 (VIOLATED)
_748648_/C                            320.00  330.58  -10.58 (VIOLATED)
_755669_/A2                           320.00  330.57  -10.57 (VIOLATED)
_754442_/A1                           320.00  330.55  -10.55 (VIOLATED)
_740372_/A                            320.00  330.54  -10.54 (VIOLATED)
_748292_/A                            320.00  330.53  -10.53 (VIOLATED)
_747066_/Y                            320.00  330.52  -10.52 (VIOLATED)
_657207_/A                            320.00  330.52  -10.52 (VIOLATED)
_758701_/A1                           320.00  330.51  -10.51 (VIOLATED)
out_pix_data[139]$_DFFE_PN0P_/RESETN  320.00  330.50  -10.50 (VIOLATED)
_738393_/A                            320.00  330.50  -10.50 (VIOLATED)
oskid_d[50]$_DFFE_PN0P_/RESETN        320.00  330.50  -10.50 (VIOLATED)
_738409_/A                            320.00  330.48  -10.48 (VIOLATED)
_742322_/A                            320.00  330.48  -10.48 (VIOLATED)
_742321_/A                            320.00  330.46  -10.46 (VIOLATED)
_744446_/B                            320.00  330.46  -10.46 (VIOLATED)
_656736_/B                            320.00  330.46  -10.46 (VIOLATED)
_480820_/A                            320.00  330.43  -10.43 (VIOLATED)
_482548_/A                            320.00  330.43  -10.43 (VIOLATED)
a_sym[16][4]$_DFFE_PN0P_/QN           320.00  330.42  -10.42 (VIOLATED)
_738591_/A                            320.00  330.42  -10.42 (VIOLATED)
_753682_/A1                           320.00  330.41  -10.41 (VIOLATED)
_740417_/A                            320.00  330.41  -10.41 (VIOLATED)
_744295_/A                            320.00  330.41  -10.41 (VIOLATED)
place74717/A                          320.00  330.40  -10.40 (VIOLATED)
_738452_/A                            320.00  330.40  -10.40 (VIOLATED)
_480299_/Y                            320.00  330.40  -10.40 (VIOLATED)
_738459_/A                            320.00  330.39  -10.39 (VIOLATED)
_737585_/A                            320.00  330.38  -10.38 (VIOLATED)
_738602_/A                            320.00  330.38  -10.38 (VIOLATED)
_758094_/A1                           320.00  330.38  -10.38 (VIOLATED)
_759346_/A                            320.00  330.37  -10.37 (VIOLATED)
_738614_/A                            320.00  330.36  -10.36 (VIOLATED)
_738610_/A                            320.00  330.32  -10.32 (VIOLATED)
place73721/A                          320.00  330.31  -10.31 (VIOLATED)
_738609_/A                            320.00  330.29  -10.29 (VIOLATED)
_616209_/A                            320.00  330.28  -10.28 (VIOLATED)
_757529_/A                            320.00  330.25  -10.25 (VIOLATED)
_741691_/A                            320.00  330.22  -10.22 (VIOLATED)
in_data_q[144]$_DFFE_PN0P_/QN         320.00  330.22  -10.22 (VIOLATED)
_657208_/A                            320.00  330.22  -10.22 (VIOLATED)
_768372_/Y                            320.00  330.20  -10.20 (VIOLATED)
_748064_/A                            320.00  330.19  -10.19 (VIOLATED)
_737568_/A                            320.00  330.19  -10.19 (VIOLATED)
out_pix_data[144]$_DFFE_PN0P_/QN      320.00  330.18  -10.18 (VIOLATED)
_741682_/A                            320.00  330.18  -10.18 (VIOLATED)
coef_q[29]$_DFFE_PN0P_/RESETN         320.00  330.18  -10.18 (VIOLATED)
_753759_/A1                           320.00  330.17  -10.17 (VIOLATED)
_750362_/A                            320.00  330.17  -10.17 (VIOLATED)
_740753_/B                            320.00  330.17  -10.17 (VIOLATED)
_482329_/A                            320.00  330.15  -10.15 (VIOLATED)
_523070_/A                            320.00  330.15  -10.15 (VIOLATED)
a_sym[5][7]$_DFFE_PN0P_/QN            320.00  330.13  -10.13 (VIOLATED)
_744907_/A                            320.00  330.13  -10.13 (VIOLATED)
_754283_/B                            320.00  330.12  -10.12 (VIOLATED)
_749639_/A1                           320.00  330.12  -10.12 (VIOLATED)
place83355/A                          320.00  330.11  -10.11 (VIOLATED)
_756592_/A1                           320.00  330.11  -10.11 (VIOLATED)
_762200_/A                            320.00  330.10  -10.10 (VIOLATED)
_482427_/A                            320.00  330.09  -10.09 (VIOLATED)
_749546_/A1                           320.00  330.09  -10.09 (VIOLATED)
_480107_/A1                           320.00  330.09  -10.09 (VIOLATED)
_739729_/A                            320.00  330.08  -10.08 (VIOLATED)
_645345_/B                            320.00  330.08  -10.08 (VIOLATED)
_621147_/A                            320.00  330.08  -10.08 (VIOLATED)
_757527_/A                            320.00  330.07  -10.07 (VIOLATED)
_762823_/A1                           320.00  330.05  -10.05 (VIOLATED)
_630907_/A                            320.00  330.04  -10.04 (VIOLATED)
_742303_/A                            320.00  330.03  -10.03 (VIOLATED)
_749181_/A1                           320.00  330.01  -10.01 (VIOLATED)
_750594_/A                            320.00  330.01  -10.01 (VIOLATED)
_757530_/A1                           320.00  330.00  -10.00 (VIOLATED)
_738037_/A                            320.00  329.97   -9.97 (VIOLATED)
rdata_q[5988]$_DFFE_PP_/QN            320.00  329.96   -9.96 (VIOLATED)
_566299_/A                            320.00  329.95   -9.95 (VIOLATED)
_745715_/B                            320.00  329.95   -9.95 (VIOLATED)
rdata_q[6786]$_DFFE_PP_/QN            320.00  329.95   -9.95 (VIOLATED)
_751747_/A1                           320.00  329.95   -9.95 (VIOLATED)
place62539/A                          320.00  329.95   -9.95 (VIOLATED)
_750584_/A                            320.00  329.94   -9.94 (VIOLATED)
_737868_/A                            320.00  329.93   -9.93 (VIOLATED)
_753622_/A1                           320.00  329.92   -9.92 (VIOLATED)
place73705/A                          320.00  329.92   -9.92 (VIOLATED)
_737872_/A                            320.00  329.90   -9.90 (VIOLATED)
_765195_/A2                           320.00  329.90   -9.90 (VIOLATED)
place67167/A                          320.00  329.90   -9.90 (VIOLATED)
_749174_/A1                           320.00  329.90   -9.90 (VIOLATED)
_762883_/A                            320.00  329.89   -9.89 (VIOLATED)
rdata_q[7566]$_DFFE_PP_/QN            320.00  329.89   -9.89 (VIOLATED)
_737866_/A                            320.00  329.89   -9.89 (VIOLATED)
_755862_/B                            320.00  329.89   -9.89 (VIOLATED)
_657209_/A                            320.00  329.89   -9.89 (VIOLATED)
_749184_/A1                           320.00  329.89   -9.89 (VIOLATED)
_738941_/B                            320.00  329.88   -9.88 (VIOLATED)
_739863_/B                            320.00  329.87   -9.87 (VIOLATED)
_787649_/A1                           320.00  329.86   -9.86 (VIOLATED)
_757029_/A1                           320.00  329.86   -9.86 (VIOLATED)
_739728_/A                            320.00  329.85   -9.85 (VIOLATED)
part_q[21][15]$_DFFE_PP_/QN           320.00  329.84   -9.84 (VIOLATED)
_749038_/A1                           320.00  329.83   -9.83 (VIOLATED)
_745206_/B                            320.00  329.83   -9.83 (VIOLATED)
_757023_/A1                           320.00  329.82   -9.82 (VIOLATED)
_743855_/A                            320.00  329.81   -9.81 (VIOLATED)
_750649_/B                            320.00  329.81   -9.81 (VIOLATED)
a_sym[24][0]$_DFFE_PN0P_/RESETN       320.00  329.77   -9.77 (VIOLATED)
_755966_/A1                           320.00  329.77   -9.77 (VIOLATED)
_757024_/A1                           320.00  329.76   -9.76 (VIOLATED)
_768376_/Y                            320.00  329.76   -9.76 (VIOLATED)
_757468_/A1                           320.00  329.75   -9.75 (VIOLATED)
_765197_/B                            320.00  329.75   -9.75 (VIOLATED)
_751941_/A1                           320.00  329.75   -9.75 (VIOLATED)
_749053_/A1                           320.00  329.74   -9.74 (VIOLATED)
_755775_/A1                           320.00  329.73   -9.73 (VIOLATED)
_751048_/B                            320.00  329.73   -9.73 (VIOLATED)
_738781_/A                            320.00  329.73   -9.73 (VIOLATED)
_754489_/A                            320.00  329.72   -9.72 (VIOLATED)
_754493_/A                            320.00  329.70   -9.70 (VIOLATED)
rdata_q[3198]$_DFFE_PP_/QN            320.00  329.70   -9.70 (VIOLATED)
_753028_/A                            320.00  329.70   -9.70 (VIOLATED)
_762908_/A1                           320.00  329.69   -9.69 (VIOLATED)
rdata_q[7195]$_DFFE_PP_/QN            320.00  329.69   -9.69 (VIOLATED)
_749029_/A1                           320.00  329.69   -9.69 (VIOLATED)
_754484_/A1                           320.00  329.68   -9.68 (VIOLATED)
_753657_/A1                           320.00  329.68   -9.68 (VIOLATED)
_664557_/A                            320.00  329.68   -9.68 (VIOLATED)
_739338_/A                            320.00  329.68   -9.68 (VIOLATED)
_758043_/A                            320.00  329.67   -9.67 (VIOLATED)
_739559_/B                            320.00  329.67   -9.67 (VIOLATED)
_738465_/A                            320.00  329.67   -9.67 (VIOLATED)
_751061_/A                            320.00  329.67   -9.67 (VIOLATED)
place73893/A                          320.00  329.66   -9.66 (VIOLATED)
_739256_/A                            320.00  329.63   -9.63 (VIOLATED)
_853878_/A                            320.00  329.63   -9.63 (VIOLATED)
_751988_/A1                           320.00  329.62   -9.62 (VIOLATED)
_749124_/A1                           320.00  329.62   -9.62 (VIOLATED)
_739254_/A                            320.00  329.60   -9.60 (VIOLATED)
out_pix_data[152]$_DFFE_PN0P_/RESETN  320.00  329.60   -9.60 (VIOLATED)
_755670_/A2                           320.00  329.60   -9.60 (VIOLATED)
_741690_/A                            320.00  329.60   -9.60 (VIOLATED)
_740421_/A                            320.00  329.59   -9.59 (VIOLATED)
out_pix_data[151]$_DFFE_PN0P_/RESETN  320.00  329.59   -9.59 (VIOLATED)
_738435_/A                            320.00  329.59   -9.59 (VIOLATED)
_738032_/A                            320.00  329.59   -9.59 (VIOLATED)
_744323_/A                            320.00  329.59   -9.59 (VIOLATED)
_754482_/A1                           320.00  329.58   -9.58 (VIOLATED)
out_pix_data[154]$_DFFE_PN0P_/RESETN  320.00  329.58   -9.58 (VIOLATED)
_744303_/A                            320.00  329.57   -9.57 (VIOLATED)
_754948_/A1                           320.00  329.57   -9.57 (VIOLATED)
_739305_/A                            320.00  329.56   -9.56 (VIOLATED)
out_pix_data[50]$_DFFE_PN0P_/RESETN   320.00  329.56   -9.56 (VIOLATED)
_757815_/A1                           320.00  329.55   -9.55 (VIOLATED)
rdata_q[1813]$_DFFE_PP_/QN            320.00  329.54   -9.54 (VIOLATED)
place74774/A                          320.00  329.53   -9.53 (VIOLATED)
_744421_/A                            320.00  329.53   -9.53 (VIOLATED)
_751069_/A1                           320.00  329.53   -9.53 (VIOLATED)
_754904_/A1                           320.00  329.52   -9.52 (VIOLATED)
_753102_/A1                           320.00  329.52   -9.52 (VIOLATED)
_756366_/A1                           320.00  329.51   -9.51 (VIOLATED)
_737856_/B                            320.00  329.51   -9.51 (VIOLATED)
out_pix_data[153]$_DFFE_PN0P_/RESETN  320.00  329.51   -9.51 (VIOLATED)
_745631_/B                            320.00  329.50   -9.50 (VIOLATED)
_746153_/B                            320.00  329.49   -9.49 (VIOLATED)
_749071_/A1                           320.00  329.48   -9.48 (VIOLATED)
_753460_/B                            320.00  329.46   -9.46 (VIOLATED)
_748438_/A                            320.00  329.45   -9.45 (VIOLATED)
out_pix_data[155]$_DFFE_PN0P_/RESETN  320.00  329.44   -9.44 (VIOLATED)
_754854_/C                            320.00  329.43   -9.43 (VIOLATED)
_786430_/A1                           320.00  329.43   -9.43 (VIOLATED)
_741263_/A                            320.00  329.43   -9.43 (VIOLATED)
place83376/A                          320.00  329.42   -9.42 (VIOLATED)
_748844_/A                            320.00  329.42   -9.42 (VIOLATED)
_787638_/A1                           320.00  329.41   -9.41 (VIOLATED)
_739735_/A                            320.00  329.39   -9.39 (VIOLATED)
_748254_/A1                           320.00  329.38   -9.38 (VIOLATED)
_756262_/A1                           320.00  329.35   -9.35 (VIOLATED)
_756348_/A                            320.00  329.35   -9.35 (VIOLATED)
_753656_/A1                           320.00  329.34   -9.34 (VIOLATED)
_741941_/B                            320.00  329.33   -9.33 (VIOLATED)
place67116/Y                          320.00  329.29   -9.29 (VIOLATED)
_749066_/A1                           320.00  329.28   -9.28 (VIOLATED)
_749636_/A1                           320.00  329.27   -9.27 (VIOLATED)
_762822_/A                            320.00  329.26   -9.26 (VIOLATED)
_753003_/C2                           320.00  329.26   -9.26 (VIOLATED)
_749462_/A                            320.00  329.24   -9.24 (VIOLATED)
_618614_/A                            320.00  329.24   -9.24 (VIOLATED)
out_pix_data[59]$_DFFE_PN0P_/RESETN   320.00  329.23   -9.23 (VIOLATED)
_739294_/A                            320.00  329.21   -9.21 (VIOLATED)
_762884_/A1                           320.00  329.18   -9.18 (VIOLATED)
_747672_/A                            320.00  329.17   -9.17 (VIOLATED)
_764707_/B2                           320.00  329.15   -9.15 (VIOLATED)
_719354_/B                            320.00  329.15   -9.15 (VIOLATED)
_744145_/B                            320.00  329.14   -9.14 (VIOLATED)
_723036_/B                            320.00  329.14   -9.14 (VIOLATED)
_740308_/A                            320.00  329.13   -9.13 (VIOLATED)
_740746_/B                            320.00  329.12   -9.12 (VIOLATED)
_664218_/A                            320.00  329.08   -9.08 (VIOLATED)
_753655_/A1                           320.00  329.08   -9.08 (VIOLATED)
_759362_/C                            320.00  329.06   -9.06 (VIOLATED)
_745938_/B                            320.00  329.06   -9.06 (VIOLATED)
out_pix_data[157]$_DFFE_PN0P_/RESETN  320.00  329.05   -9.05 (VIOLATED)
_753760_/A1                           320.00  329.04   -9.04 (VIOLATED)
_742096_/A                            320.00  329.04   -9.04 (VIOLATED)
coef_q[0]$_DFFE_PN0P_/RESETN          320.00  329.01   -9.01 (VIOLATED)
_749509_/A                            320.00  329.00   -9.00 (VIOLATED)
_768377_/Y                            320.00  328.99   -8.99 (VIOLATED)
out_pix_data[142]$_DFFE_PN0P_/RESETN  320.00  328.99   -8.99 (VIOLATED)
_744290_/A                            320.00  328.98   -8.98 (VIOLATED)
_749525_/A                            320.00  328.97   -8.97 (VIOLATED)
ce_d1[28]$_DFFE_PN0P_/RESETN          320.00  328.97   -8.97 (VIOLATED)
_745418_/A                            320.00  328.94   -8.94 (VIOLATED)
_751897_/A1                           320.00  328.94   -8.94 (VIOLATED)
ce_d2[28]$_DFFE_PN0P_/RESETN          320.00  328.93   -8.93 (VIOLATED)
place72962/A                          320.00  328.93   -8.93 (VIOLATED)
_752192_/B                            320.00  328.92   -8.92 (VIOLATED)
place73700/A                          320.00  328.90   -8.90 (VIOLATED)
_738035_/A                            320.00  328.89   -8.89 (VIOLATED)
_759776_/A1                           320.00  328.88   -8.88 (VIOLATED)
_738449_/A                            320.00  328.86   -8.86 (VIOLATED)
_742604_/A                            320.00  328.86   -8.86 (VIOLATED)
_836823_/A                            320.00  328.85   -8.85 (VIOLATED)
_760906_/A1                           320.00  328.83   -8.83 (VIOLATED)
_749642_/A1                           320.00  328.83   -8.83 (VIOLATED)
_748181_/A                            320.00  328.82   -8.82 (VIOLATED)
_741632_/A                            320.00  328.82   -8.82 (VIOLATED)
_758795_/A                            320.00  328.82   -8.82 (VIOLATED)
_758796_/A1                           320.00  328.82   -8.82 (VIOLATED)
_747164_/A                            320.00  328.79   -8.79 (VIOLATED)
_738024_/B                            320.00  328.79   -8.79 (VIOLATED)
rdata_q[5803]$_DFFE_PP_/QN            320.00  328.78   -8.78 (VIOLATED)
_753580_/B3                           320.00  328.77   -8.77 (VIOLATED)
_771133_/A1                           320.00  328.76   -8.76 (VIOLATED)
place73898/A                          320.00  328.76   -8.76 (VIOLATED)
_739153_/B                            320.00  328.75   -8.75 (VIOLATED)
_750768_/B                            320.00  328.75   -8.75 (VIOLATED)
_480267_/D                            320.00  328.73   -8.73 (VIOLATED)
_754248_/A                            320.00  328.69   -8.69 (VIOLATED)
_753421_/A                            320.00  328.69   -8.69 (VIOLATED)
_739260_/A                            320.00  328.68   -8.68 (VIOLATED)
place72772/A                          320.00  328.66   -8.66 (VIOLATED)
_751943_/A1                           320.00  328.66   -8.66 (VIOLATED)
_737590_/B                            320.00  328.65   -8.65 (VIOLATED)
_738901_/A                            320.00  328.64   -8.64 (VIOLATED)
_749970_/A                            320.00  328.64   -8.64 (VIOLATED)
_761225_/A1                           320.00  328.64   -8.64 (VIOLATED)
_738755_/A                            320.00  328.63   -8.63 (VIOLATED)
_744296_/A                            320.00  328.63   -8.63 (VIOLATED)
oskid_d[157]$_DFFE_PN0P_/RESETN       320.00  328.62   -8.62 (VIOLATED)
oskid_d[150]$_DFFE_PN0P_/RESETN       320.00  328.62   -8.62 (VIOLATED)
oskid_d[158]$_DFFE_PN0P_/RESETN       320.00  328.62   -8.62 (VIOLATED)
oskid_d[159]$_DFFE_PN0P_/RESETN       320.00  328.61   -8.61 (VIOLATED)
_480774_/B                            320.00  328.60   -8.60 (VIOLATED)
place79278/A                          320.00  328.59   -8.59 (VIOLATED)
_746657_/A                            320.00  328.58   -8.58 (VIOLATED)
_573236_/A                            320.00  328.58   -8.58 (VIOLATED)
out_pix_data[70]$_DFFE_PN0P_/RESETN   320.00  328.58   -8.58 (VIOLATED)
_657210_/A                            320.00  328.56   -8.56 (VIOLATED)
_738742_/A                            320.00  328.56   -8.56 (VIOLATED)
place83506/Y                          320.00  328.56   -8.56 (VIOLATED)
_742435_/B                            320.00  328.53   -8.53 (VIOLATED)
place73752/A                          320.00  328.53   -8.53 (VIOLATED)
part_q[1][4]$_DFFE_PP_/QN             320.00  328.52   -8.52 (VIOLATED)
_786178_/B                            320.00  328.52   -8.52 (VIOLATED)
in_data_q[75]$_DFFE_PN0P_/QN          320.00  328.52   -8.52 (VIOLATED)
_751944_/A1                           320.00  328.51   -8.51 (VIOLATED)
_743891_/A                            320.00  328.50   -8.50 (VIOLATED)
_837273_/CI                           320.00  328.50   -8.50 (VIOLATED)
_696405_/B                            320.00  328.48   -8.48 (VIOLATED)
_754848_/A                            320.00  328.48   -8.48 (VIOLATED)
_748504_/A                            320.00  328.48   -8.48 (VIOLATED)
_726958_/B                            320.00  328.47   -8.47 (VIOLATED)
_753658_/A1                           320.00  328.47   -8.47 (VIOLATED)
_757125_/A1                           320.00  328.46   -8.46 (VIOLATED)
ce_d2[29]$_DFFE_PN0P_/RESETN          320.00  328.45   -8.45 (VIOLATED)
rdata_q[7245]$_DFFE_PP_/QN            320.00  328.44   -8.44 (VIOLATED)
_737871_/A                            320.00  328.44   -8.44 (VIOLATED)
_745300_/A                            320.00  328.38   -8.38 (VIOLATED)
rdata_q[6862]$_DFFE_PP_/QN            320.00  328.37   -8.37 (VIOLATED)
rdata_q[7278]$_DFFE_PP_/QN            320.00  328.37   -8.37 (VIOLATED)
_736901_/A                            320.00  328.36   -8.36 (VIOLATED)
part_q[36][15]$_DFFE_PP_/QN           320.00  328.34   -8.34 (VIOLATED)
_751045_/C                            320.00  328.34   -8.34 (VIOLATED)
_743468_/A                            320.00  328.32   -8.32 (VIOLATED)
_597440_/B                            320.00  328.32   -8.32 (VIOLATED)
_760233_/A1                           320.00  328.32   -8.32 (VIOLATED)
_788041_/A                            320.00  328.29   -8.29 (VIOLATED)
_738038_/A                            320.00  328.28   -8.28 (VIOLATED)
oskid_d[52]$_DFFE_PN0P_/RESETN        320.00  328.28   -8.28 (VIOLATED)
_751071_/A1                           320.00  328.27   -8.27 (VIOLATED)
_739332_/A                            320.00  328.26   -8.26 (VIOLATED)
_764053_/B                            320.00  328.25   -8.25 (VIOLATED)
_480841_/B                            320.00  328.25   -8.25 (VIOLATED)
_766098_/B2                           320.00  328.24   -8.24 (VIOLATED)
_768009_/Y                            320.00  328.23   -8.23 (VIOLATED)
_763677_/A2                           320.00  328.22   -8.22 (VIOLATED)
_738414_/B                            320.00  328.22   -8.22 (VIOLATED)
oskid_d[54]$_DFFE_PN0P_/RESETN        320.00  328.20   -8.20 (VIOLATED)
_748489_/D                            320.00  328.20   -8.20 (VIOLATED)
_766304_/B2                           320.00  328.20   -8.20 (VIOLATED)
_750700_/B                            320.00  328.19   -8.19 (VIOLATED)
_482507_/A                            320.00  328.18   -8.18 (VIOLATED)
_745270_/A                            320.00  328.18   -8.18 (VIOLATED)
_630909_/A                            320.00  328.18   -8.18 (VIOLATED)
_745612_/B                            320.00  328.17   -8.17 (VIOLATED)
_752189_/B                            320.00  328.16   -8.16 (VIOLATED)
_765493_/B2                           320.00  328.15   -8.15 (VIOLATED)
_748167_/A                            320.00  328.15   -8.15 (VIOLATED)
_764745_/B                            320.00  328.14   -8.14 (VIOLATED)
_757126_/A1                           320.00  328.14   -8.14 (VIOLATED)
_764532_/A1                           320.00  328.14   -8.14 (VIOLATED)
_755549_/A1                           320.00  328.12   -8.12 (VIOLATED)
place68160/A                          320.00  328.11   -8.11 (VIOLATED)
_738626_/A                            320.00  328.09   -8.09 (VIOLATED)
_740186_/B                            320.00  328.07   -8.07 (VIOLATED)
_480009_/A1                           320.00  328.06   -8.06 (VIOLATED)
_749755_/A                            320.00  328.05   -8.05 (VIOLATED)
rdata_q[2323]$_DFFE_PP_/QN            320.00  328.04   -8.04 (VIOLATED)
rdata_q[7553]$_DFFE_PP_/QN            320.00  328.03   -8.03 (VIOLATED)
_756547_/A                            320.00  328.02   -8.02 (VIOLATED)
rdata_q[6905]$_DFFE_PP_/QN            320.00  328.02   -8.02 (VIOLATED)
_480469_/D                            320.00  328.01   -8.01 (VIOLATED)
_737573_/A                            320.00  328.00   -8.00 (VIOLATED)
_753563_/B                            320.00  327.99   -7.99 (VIOLATED)
_630908_/A                            320.00  327.99   -7.99 (VIOLATED)
_482470_/A2                           320.00  327.99   -7.99 (VIOLATED)
_556004_/A                            320.00  327.99   -7.99 (VIOLATED)
_763242_/B                            320.00  327.97   -7.97 (VIOLATED)
_757318_/A1                           320.00  327.95   -7.95 (VIOLATED)
_739715_/A                            320.00  327.93   -7.93 (VIOLATED)
oskid_d[56]$_DFFE_PN0P_/RESETN        320.00  327.91   -7.91 (VIOLATED)
place74113/A                          320.00  327.91   -7.91 (VIOLATED)
_768086_/Y                            320.00  327.90   -7.90 (VIOLATED)
_759990_/C                            320.00  327.88   -7.88 (VIOLATED)
out_pix_data[54]$_DFFE_PN0P_/RESETN   320.00  327.87   -7.87 (VIOLATED)
_744441_/A                            320.00  327.87   -7.87 (VIOLATED)
_755645_/B                            320.00  327.87   -7.87 (VIOLATED)
_762752_/A                            320.00  327.86   -7.86 (VIOLATED)
_738415_/A                            320.00  327.85   -7.85 (VIOLATED)
_739141_/B                            320.00  327.84   -7.84 (VIOLATED)
_743491_/A                            320.00  327.84   -7.84 (VIOLATED)
_744269_/B                            320.00  327.83   -7.83 (VIOLATED)
part_q[36][6]$_DFFE_PP_/QN            320.00  327.82   -7.82 (VIOLATED)
_753443_/B                            320.00  327.82   -7.82 (VIOLATED)
_746195_/B                            320.00  327.80   -7.80 (VIOLATED)
_639279_/A                            320.00  327.79   -7.79 (VIOLATED)
_766399_/C                            320.00  327.78   -7.78 (VIOLATED)
_751969_/B2                           320.00  327.78   -7.78 (VIOLATED)
_752772_/A                            320.00  327.75   -7.75 (VIOLATED)
_762753_/A1                           320.00  327.74   -7.74 (VIOLATED)
_750602_/A                            320.00  327.74   -7.74 (VIOLATED)
_752063_/B2                           320.00  327.73   -7.73 (VIOLATED)
place73345/A                          320.00  327.73   -7.73 (VIOLATED)
_480521_/A1                           320.00  327.71   -7.71 (VIOLATED)
_763956_/C                            320.00  327.71   -7.71 (VIOLATED)
_684755_/A                            320.00  327.70   -7.70 (VIOLATED)
_719206_/B                            320.00  327.70   -7.70 (VIOLATED)
_769355_/Y                            320.00  327.70   -7.70 (VIOLATED)
_744309_/A                            320.00  327.69   -7.69 (VIOLATED)
rdata_q[1817]$_DFFE_PP_/QN            320.00  327.67   -7.67 (VIOLATED)
_744310_/A                            320.00  327.65   -7.65 (VIOLATED)
_786446_/A                            320.00  327.65   -7.65 (VIOLATED)
a_sym[11][6]$_DFFE_PN0P_/QN           320.00  327.64   -7.64 (VIOLATED)
_749260_/A1                           320.00  327.63   -7.63 (VIOLATED)
_751659_/A                            320.00  327.63   -7.63 (VIOLATED)
_739823_/A                            320.00  327.63   -7.63 (VIOLATED)
_742255_/A                            320.00  327.62   -7.62 (VIOLATED)
_766374_/C                            320.00  327.62   -7.62 (VIOLATED)
_744283_/A                            320.00  327.61   -7.61 (VIOLATED)
_766378_/B                            320.00  327.61   -7.61 (VIOLATED)
_787119_/D                            320.00  327.61   -7.61 (VIOLATED)
_758061_/A                            320.00  327.59   -7.59 (VIOLATED)
rdata_q[6785]$_DFFE_PP_/QN            320.00  327.59   -7.59 (VIOLATED)
place83508/A                          320.00  327.58   -7.58 (VIOLATED)
oskid_d[53]$_DFFE_PN0P_/RESETN        320.00  327.58   -7.58 (VIOLATED)
_748583_/A1                           320.00  327.57   -7.57 (VIOLATED)
_748895_/A1                           320.00  327.56   -7.56 (VIOLATED)
_506077_/A                            320.00  327.54   -7.54 (VIOLATED)
_741683_/A                            320.00  327.54   -7.54 (VIOLATED)
_752145_/A1                           320.00  327.54   -7.54 (VIOLATED)
_754907_/A                            320.00  327.54   -7.54 (VIOLATED)
_696384_/B                            320.00  327.54   -7.54 (VIOLATED)
place72676/A                          320.00  327.53   -7.53 (VIOLATED)
_739853_/A                            320.00  327.53   -7.53 (VIOLATED)
_755096_/A                            320.00  327.52   -7.52 (VIOLATED)
_754503_/A1                           320.00  327.51   -7.51 (VIOLATED)
_838803_/A                            320.00  327.50   -7.50 (VIOLATED)
_752127_/A1                           320.00  327.50   -7.50 (VIOLATED)
_764529_/A1                           320.00  327.49   -7.49 (VIOLATED)
_740538_/A                            320.00  327.48   -7.48 (VIOLATED)
oskid_d[58]$_DFFE_PN0P_/RESETN        320.00  327.48   -7.48 (VIOLATED)
_755967_/A                            320.00  327.48   -7.48 (VIOLATED)
_748062_/A                            320.00  327.48   -7.48 (VIOLATED)
_480574_/A1                           320.00  327.48   -7.48 (VIOLATED)
_749005_/A                            320.00  327.47   -7.47 (VIOLATED)
_758909_/A1                           320.00  327.47   -7.47 (VIOLATED)
_738417_/B                            320.00  327.47   -7.47 (VIOLATED)
_756350_/A                            320.00  327.46   -7.46 (VIOLATED)
_751042_/D                            320.00  327.46   -7.46 (VIOLATED)
_480523_/B                            320.00  327.45   -7.45 (VIOLATED)
_751040_/B                            320.00  327.45   -7.45 (VIOLATED)
_768712_/A                            320.00  327.45   -7.45 (VIOLATED)
_748512_/C                            320.00  327.44   -7.44 (VIOLATED)
_759881_/C2                           320.00  327.41   -7.41 (VIOLATED)
_479312_/A                            320.00  327.40   -7.40 (VIOLATED)
_740533_/A                            320.00  327.40   -7.40 (VIOLATED)
_750742_/A                            320.00  327.40   -7.40 (VIOLATED)
_751640_/A                            320.00  327.39   -7.39 (VIOLATED)
_749138_/A                            320.00  327.39   -7.39 (VIOLATED)
_740530_/A                            320.00  327.38   -7.38 (VIOLATED)
rdata_q[7104]$_DFFE_PP_/QN            320.00  327.38   -7.38 (VIOLATED)
_621148_/A                            320.00  327.37   -7.37 (VIOLATED)
_739258_/A                            320.00  327.36   -7.36 (VIOLATED)
_751644_/A1                           320.00  327.34   -7.34 (VIOLATED)
_764527_/A1                           320.00  327.33   -7.33 (VIOLATED)
_741292_/A                            320.00  327.33   -7.33 (VIOLATED)
place72836/A                          320.00  327.33   -7.33 (VIOLATED)
_741681_/A                            320.00  327.31   -7.31 (VIOLATED)
_738898_/A                            320.00  327.29   -7.29 (VIOLATED)
_761084_/A                            320.00  327.27   -7.27 (VIOLATED)
_618613_/A                            320.00  327.27   -7.27 (VIOLATED)
_765416_/B1                           320.00  327.26   -7.26 (VIOLATED)
_748015_/A                            320.00  327.25   -7.25 (VIOLATED)
_738780_/A                            320.00  327.25   -7.25 (VIOLATED)
_797511_/A                            320.00  327.25   -7.25 (VIOLATED)
_758040_/A1                           320.00  327.25   -7.25 (VIOLATED)
place67150/Y                          320.00  327.25   -7.25 (VIOLATED)
_740529_/A                            320.00  327.25   -7.25 (VIOLATED)
_740532_/A                            320.00  327.25   -7.25 (VIOLATED)
_765414_/C                            320.00  327.23   -7.23 (VIOLATED)
place74357/A                          320.00  327.22   -7.22 (VIOLATED)
_738802_/A                            320.00  327.22   -7.22 (VIOLATED)
_749044_/A                            320.00  327.22   -7.22 (VIOLATED)
output10041/A                         320.00  327.21   -7.21 (VIOLATED)
out_pix_data[74]$_DFFE_PN0P_/RESETN   320.00  327.21   -7.21 (VIOLATED)
_740361_/B                            320.00  327.21   -7.21 (VIOLATED)
_748183_/A                            320.00  327.19   -7.19 (VIOLATED)
_748201_/A                            320.00  327.19   -7.19 (VIOLATED)
_744311_/A                            320.00  327.18   -7.18 (VIOLATED)
_765407_/C                            320.00  327.17   -7.17 (VIOLATED)
_760458_/A1                           320.00  327.17   -7.17 (VIOLATED)
_765412_/B1                           320.00  327.17   -7.17 (VIOLATED)
_753625_/A1                           320.00  327.16   -7.16 (VIOLATED)
_760457_/A                            320.00  327.15   -7.15 (VIOLATED)
_745424_/A                            320.00  327.15   -7.15 (VIOLATED)
place74543/A                          320.00  327.14   -7.14 (VIOLATED)
in_data_q[15]$_DFFE_PN0P_/QN          320.00  327.13   -7.13 (VIOLATED)
_740652_/A                            320.00  327.13   -7.13 (VIOLATED)
place67093/Y                          320.00  327.13   -7.13 (VIOLATED)
_749026_/A1                           320.00  327.12   -7.12 (VIOLATED)
_753548_/A                            320.00  327.11   -7.11 (VIOLATED)
_740541_/A                            320.00  327.11   -7.11 (VIOLATED)
_752784_/A                            320.00  327.10   -7.10 (VIOLATED)
_755559_/C                            320.00  327.10   -7.10 (VIOLATED)
place75105/A                          320.00  327.09   -7.09 (VIOLATED)
_738392_/A                            320.00  327.09   -7.09 (VIOLATED)
_656754_/B                            320.00  327.09   -7.09 (VIOLATED)
_757127_/A1                           320.00  327.08   -7.08 (VIOLATED)
_752770_/A1                           320.00  327.08   -7.08 (VIOLATED)
_754334_/A                            320.00  327.07   -7.07 (VIOLATED)
_657211_/A                            320.00  327.07   -7.07 (VIOLATED)
_740539_/A                            320.00  327.06   -7.06 (VIOLATED)
_765487_/B1                           320.00  327.05   -7.05 (VIOLATED)
_766191_/A                            320.00  327.05   -7.05 (VIOLATED)
_760578_/A1                           320.00  327.04   -7.04 (VIOLATED)
_749257_/A1                           320.00  327.04   -7.04 (VIOLATED)
_745143_/B                            320.00  327.03   -7.03 (VIOLATED)
_745280_/A                            320.00  327.02   -7.02 (VIOLATED)
_754359_/A1                           320.00  327.02   -7.02 (VIOLATED)
out_pix_data[55]$_DFFE_PN0P_/RESETN   320.00  327.01   -7.01 (VIOLATED)
_638205_/B                            320.00  327.01   -7.01 (VIOLATED)
_761082_/A1                           320.00  327.01   -7.01 (VIOLATED)
_750556_/B                            320.00  326.99   -6.99 (VIOLATED)
place67194/A                          320.00  326.99   -6.99 (VIOLATED)
_758889_/B                            320.00  326.99   -6.99 (VIOLATED)
_766349_/B                            320.00  326.98   -6.98 (VIOLATED)
_744313_/A                            320.00  326.98   -6.98 (VIOLATED)
_742091_/A                            320.00  326.98   -6.98 (VIOLATED)
_758799_/B                            320.00  326.97   -6.97 (VIOLATED)
_745242_/A                            320.00  326.97   -6.97 (VIOLATED)
_764534_/A1                           320.00  326.97   -6.97 (VIOLATED)
rdata_q[6601]$_DFFE_PP_/QN            320.00  326.96   -6.96 (VIOLATED)
_745261_/A                            320.00  326.95   -6.95 (VIOLATED)
_756878_/A                            320.00  326.95   -6.95 (VIOLATED)
_757291_/A                            320.00  326.94   -6.94 (VIOLATED)
_750553_/A                            320.00  326.94   -6.94 (VIOLATED)
_738434_/A                            320.00  326.94   -6.94 (VIOLATED)
_762869_/A                            320.00  326.93   -6.93 (VIOLATED)
_737870_/A                            320.00  326.92   -6.92 (VIOLATED)
_765483_/B1                           320.00  326.91   -6.91 (VIOLATED)
_743474_/A                            320.00  326.90   -6.90 (VIOLATED)
_755580_/A2                           320.00  326.90   -6.90 (VIOLATED)
_743487_/A                            320.00  326.89   -6.89 (VIOLATED)
_760526_/A1                           320.00  326.88   -6.88 (VIOLATED)
_820137_/CI                           320.00  326.87   -6.87 (VIOLATED)
_762886_/A                            320.00  326.87   -6.87 (VIOLATED)
_763148_/A1                           320.00  326.86   -6.86 (VIOLATED)
_739143_/B                            320.00  326.85   -6.85 (VIOLATED)
_752148_/A1                           320.00  326.85   -6.85 (VIOLATED)
_743495_/A                            320.00  326.85   -6.85 (VIOLATED)
_739266_/A                            320.00  326.83   -6.83 (VIOLATED)
_738395_/A                            320.00  326.83   -6.83 (VIOLATED)
_768375_/Y                            320.00  326.83   -6.83 (VIOLATED)
_749008_/A1                           320.00  326.82   -6.82 (VIOLATED)
_597434_/B                            320.00  326.81   -6.81 (VIOLATED)
_556020_/A1                           320.00  326.81   -6.81 (VIOLATED)
_738670_/B                            320.00  326.80   -6.80 (VIOLATED)
_786915_/B                            320.00  326.78   -6.78 (VIOLATED)
_514480_/A1                           320.00  326.77   -6.77 (VIOLATED)
_751957_/A                            320.00  326.76   -6.76 (VIOLATED)
_640548_/A1                           320.00  326.76   -6.76 (VIOLATED)
_754390_/A1                           320.00  326.76   -6.76 (VIOLATED)
_529975_/A1                           320.00  326.76   -6.76 (VIOLATED)
place74617/A                          320.00  326.74   -6.74 (VIOLATED)
in_data_q[152]$_DFFE_PN0P_/QN         320.00  326.74   -6.74 (VIOLATED)
_738389_/A                            320.00  326.74   -6.74 (VIOLATED)
_529974_/A                            320.00  326.72   -6.72 (VIOLATED)
_751764_/A1                           320.00  326.70   -6.70 (VIOLATED)
_756924_/A1                           320.00  326.70   -6.70 (VIOLATED)
_567405_/A                            320.00  326.69   -6.69 (VIOLATED)
_739257_/A                            320.00  326.69   -6.69 (VIOLATED)
_745294_/A                            320.00  326.69   -6.69 (VIOLATED)
_503058_/A1                           320.00  326.68   -6.68 (VIOLATED)
_765477_/B1                           320.00  326.68   -6.68 (VIOLATED)
_538439_/A                            320.00  326.68   -6.68 (VIOLATED)
_480640_/B                            320.00  326.66   -6.66 (VIOLATED)
_738454_/A                            320.00  326.65   -6.65 (VIOLATED)
_741694_/A                            320.00  326.64   -6.64 (VIOLATED)
_503061_/A1                           320.00  326.63   -6.63 (VIOLATED)
_673395_/B                            320.00  326.63   -6.63 (VIOLATED)
_741699_/A                            320.00  326.63   -6.63 (VIOLATED)
_739467_/B                            320.00  326.62   -6.62 (VIOLATED)
_764246_/C                            320.00  326.62   -6.62 (VIOLATED)
_739818_/A                            320.00  326.62   -6.62 (VIOLATED)
_744317_/A                            320.00  326.61   -6.61 (VIOLATED)
_743488_/A                            320.00  326.61   -6.61 (VIOLATED)
_736792_/A                            320.00  326.61   -6.61 (VIOLATED)
nbm1_q[6]$_DFFE_PN0P_/RESETN          320.00  326.60   -6.60 (VIOLATED)
nbm1_q[7]$_DFFE_PN0P_/RESETN          320.00  326.58   -6.58 (VIOLATED)
_765498_/B1                           320.00  326.57   -6.57 (VIOLATED)
_760455_/A                            320.00  326.57   -6.57 (VIOLATED)
_480641_/A1                           320.00  326.57   -6.57 (VIOLATED)
_751807_/A                            320.00  326.55   -6.55 (VIOLATED)
_740641_/A                            320.00  326.53   -6.53 (VIOLATED)
_767957_/Y                            320.00  326.53   -6.53 (VIOLATED)
rdata_q[6929]$_DFFE_PP_/QN            320.00  326.53   -6.53 (VIOLATED)
_748939_/A                            320.00  326.50   -6.50 (VIOLATED)
_664206_/A                            320.00  326.49   -6.49 (VIOLATED)
coef_q[3]$_DFFE_PN0P_/RESETN          320.00  326.47   -6.47 (VIOLATED)
_738426_/A                            320.00  326.42   -6.42 (VIOLATED)
_741406_/B                            320.00  326.42   -6.42 (VIOLATED)
place67334/A                          320.00  326.42   -6.42 (VIOLATED)
_750520_/C                            320.00  326.41   -6.41 (VIOLATED)
_766362_/B                            320.00  326.40   -6.40 (VIOLATED)
_765444_/B1                           320.00  326.39   -6.39 (VIOLATED)
_765449_/B1                           320.00  326.38   -6.38 (VIOLATED)
_545174_/A1                           320.00  326.38   -6.38 (VIOLATED)
_765441_/B1                           320.00  326.37   -6.37 (VIOLATED)
_760284_/A                            320.00  326.36   -6.36 (VIOLATED)
_757124_/A1                           320.00  326.34   -6.34 (VIOLATED)
_765430_/B1                           320.00  326.33   -6.33 (VIOLATED)
_753434_/B                            320.00  326.33   -6.33 (VIOLATED)
_748973_/A                            320.00  326.33   -6.33 (VIOLATED)
_759634_/B2                           320.00  326.33   -6.33 (VIOLATED)
_747989_/A                            320.00  326.32   -6.32 (VIOLATED)
_482487_/A1                           320.00  326.32   -6.32 (VIOLATED)
_743484_/A                            320.00  326.32   -6.32 (VIOLATED)
_750504_/C                            320.00  326.30   -6.30 (VIOLATED)
_738036_/A                            320.00  326.30   -6.30 (VIOLATED)
_748880_/A                            320.00  326.30   -6.30 (VIOLATED)
_757539_/A1                           320.00  326.26   -6.26 (VIOLATED)
_737302_/A                            320.00  326.26   -6.26 (VIOLATED)
rdata_q[6620]$_DFFE_PP_/QN            320.00  326.25   -6.25 (VIOLATED)
_738405_/A                            320.00  326.25   -6.25 (VIOLATED)
_750517_/C                            320.00  326.25   -6.25 (VIOLATED)
_739259_/A                            320.00  326.24   -6.24 (VIOLATED)
_748930_/C                            320.00  326.24   -6.24 (VIOLATED)
_743498_/A                            320.00  326.23   -6.23 (VIOLATED)
_748498_/A1                           320.00  326.22   -6.22 (VIOLATED)
_750748_/A1                           320.00  326.22   -6.22 (VIOLATED)
_742264_/A                            320.00  326.22   -6.22 (VIOLATED)
_748938_/A1                           320.00  326.20   -6.20 (VIOLATED)
_480486_/A                            320.00  326.19   -6.19 (VIOLATED)
c_d2[304]$_DFFE_PP_/QN                320.00  326.19   -6.19 (VIOLATED)
_739739_/A                            320.00  326.18   -6.18 (VIOLATED)
_480543_/C                            320.00  326.18   -6.18 (VIOLATED)
_765434_/B1                           320.00  326.17   -6.17 (VIOLATED)
_760468_/C                            320.00  326.17   -6.17 (VIOLATED)
_480747_/A                            320.00  326.16   -6.16 (VIOLATED)
_760279_/A1                           320.00  326.16   -6.16 (VIOLATED)
_752107_/A                            320.00  326.15   -6.15 (VIOLATED)
_766337_/C                            320.00  326.15   -6.15 (VIOLATED)
_762838_/A1                           320.00  326.15   -6.15 (VIOLATED)
_480552_/C                            320.00  326.14   -6.14 (VIOLATED)
_738044_/A                            320.00  326.14   -6.14 (VIOLATED)
_818473_/CI                           320.00  326.12   -6.12 (VIOLATED)
_739747_/A                            320.00  326.12   -6.12 (VIOLATED)
_749510_/A                            320.00  326.12   -6.12 (VIOLATED)
_762837_/A                            320.00  326.11   -6.11 (VIOLATED)
_755494_/A                            320.00  326.10   -6.10 (VIOLATED)
_744903_/B                            320.00  326.10   -6.10 (VIOLATED)
place75157/A                          320.00  326.09   -6.09 (VIOLATED)
_740328_/A                            320.00  326.09   -6.09 (VIOLATED)
part_q[42][17]$_DFFE_PP_/QN           320.00  326.09   -6.09 (VIOLATED)
_739255_/A                            320.00  326.09   -6.09 (VIOLATED)
_758915_/A                            320.00  326.08   -6.08 (VIOLATED)
_774450_/Y                            320.00  326.08   -6.08 (VIOLATED)
_751067_/A                            320.00  326.06   -6.06 (VIOLATED)
_750562_/C                            320.00  326.06   -6.06 (VIOLATED)
_755493_/B                            320.00  326.06   -6.06 (VIOLATED)
_752856_/A1                           320.00  326.06   -6.06 (VIOLATED)
a_sym[21][0]$_DFFE_PN0P_/RESETN       320.00  326.05   -6.05 (VIOLATED)
_745139_/B                            320.00  326.05   -6.05 (VIOLATED)
coef_q[104]$_DFFE_PN0P_/RESETN        320.00  326.04   -6.04 (VIOLATED)
_765464_/B1                           320.00  326.02   -6.02 (VIOLATED)
_739745_/A                            320.00  326.02   -6.02 (VIOLATED)
_744332_/B                            320.00  326.02   -6.02 (VIOLATED)
_748309_/B                            320.00  326.01   -6.01 (VIOLATED)
_482413_/A1                           320.00  326.01   -6.01 (VIOLATED)
_747127_/A                            320.00  326.01   -6.01 (VIOLATED)
_750643_/A                            320.00  326.01   -6.01 (VIOLATED)
_744445_/A                            320.00  326.00   -6.00 (VIOLATED)
_760459_/A                            320.00  326.00   -6.00 (VIOLATED)
_751158_/A1                           320.00  326.00   -6.00 (VIOLATED)
_743483_/A                            320.00  325.99   -5.99 (VIOLATED)
_749293_/A                            320.00  325.99   -5.99 (VIOLATED)
_758436_/A                            320.00  325.98   -5.98 (VIOLATED)
a_sym[15][0]$_DFFE_PN0P_/QN           320.00  325.98   -5.98 (VIOLATED)
_755569_/A1                           320.00  325.98   -5.98 (VIOLATED)
_741965_/B                            320.00  325.97   -5.97 (VIOLATED)
_482494_/C                            320.00  325.97   -5.97 (VIOLATED)
_516976_/A1                           320.00  325.97   -5.97 (VIOLATED)
_751011_/A                            320.00  325.95   -5.95 (VIOLATED)
_744509_/B                            320.00  325.93   -5.93 (VIOLATED)
_748417_/A1                           320.00  325.93   -5.93 (VIOLATED)
_765705_/C                            320.00  325.93   -5.93 (VIOLATED)
_748410_/C                            320.00  325.93   -5.93 (VIOLATED)
_743477_/A                            320.00  325.93   -5.93 (VIOLATED)
place74903/A                          320.00  325.93   -5.93 (VIOLATED)
_750488_/C                            320.00  325.92   -5.92 (VIOLATED)
_750487_/A                            320.00  325.92   -5.92 (VIOLATED)
place74069/A                          320.00  325.91   -5.91 (VIOLATED)
_744322_/A                            320.00  325.91   -5.91 (VIOLATED)
in_data_q[51]$_DFFE_PN0P_/QN          320.00  325.90   -5.90 (VIOLATED)
_748149_/A1                           320.00  325.90   -5.90 (VIOLATED)
_748214_/B                            320.00  325.90   -5.90 (VIOLATED)
_753432_/B                            320.00  325.89   -5.89 (VIOLATED)
_754176_/A1                           320.00  325.89   -5.89 (VIOLATED)
_750512_/C                            320.00  325.88   -5.88 (VIOLATED)
_739331_/A                            320.00  325.87   -5.87 (VIOLATED)
_762887_/A1                           320.00  325.87   -5.87 (VIOLATED)
_765597_/A1                           320.00  325.86   -5.86 (VIOLATED)
_739452_/B                            320.00  325.85   -5.85 (VIOLATED)
_750722_/A                            320.00  325.85   -5.85 (VIOLATED)
_752828_/A                            320.00  325.84   -5.84 (VIOLATED)
_765601_/B1                           320.00  325.84   -5.84 (VIOLATED)
_754263_/C                            320.00  325.84   -5.84 (VIOLATED)
_765599_/C                            320.00  325.84   -5.84 (VIOLATED)
_741410_/B                            320.00  325.84   -5.84 (VIOLATED)
_765603_/C                            320.00  325.84   -5.84 (VIOLATED)
_738847_/B                            320.00  325.82   -5.82 (VIOLATED)
_739807_/A                            320.00  325.81   -5.81 (VIOLATED)
_616013_/B                            320.00  325.81   -5.81 (VIOLATED)
_748740_/A1                           320.00  325.80   -5.80 (VIOLATED)
_753599_/A1                           320.00  325.79   -5.79 (VIOLATED)
_765079_/A1                           320.00  325.79   -5.79 (VIOLATED)
_749577_/A1                           320.00  325.79   -5.79 (VIOLATED)
_752716_/A1                           320.00  325.78   -5.78 (VIOLATED)
output10033/A                         320.00  325.78   -5.78 (VIOLATED)
_751884_/A1                           320.00  325.76   -5.76 (VIOLATED)
_547239_/B                            320.00  325.76   -5.76 (VIOLATED)
_479453_/A                            320.00  325.75   -5.75 (VIOLATED)
_753585_/B3                           320.00  325.75   -5.75 (VIOLATED)
_740609_/A                            320.00  325.75   -5.75 (VIOLATED)
_738592_/A                            320.00  325.74   -5.74 (VIOLATED)
_756570_/A1                           320.00  325.74   -5.74 (VIOLATED)
place83377/A                          320.00  325.74   -5.74 (VIOLATED)
_716436_/A1                           320.00  325.73   -5.73 (VIOLATED)
_749610_/A1                           320.00  325.72   -5.72 (VIOLATED)
_768127_/Y                            320.00  325.72   -5.72 (VIOLATED)
_751874_/A1                           320.00  325.72   -5.72 (VIOLATED)
_748843_/A1                           320.00  325.72   -5.72 (VIOLATED)
_753618_/A                            320.00  325.72   -5.72 (VIOLATED)
_740537_/A                            320.00  325.71   -5.71 (VIOLATED)
_739719_/A                            320.00  325.69   -5.69 (VIOLATED)
_738560_/B                            320.00  325.69   -5.69 (VIOLATED)
_739723_/A                            320.00  325.69   -5.69 (VIOLATED)
_744447_/A                            320.00  325.67   -5.67 (VIOLATED)
_760627_/A                            320.00  325.67   -5.67 (VIOLATED)
part_q[51][11]$_DFFE_PP_/QN           320.00  325.66   -5.66 (VIOLATED)
_745947_/B                            320.00  325.66   -5.66 (VIOLATED)
_751721_/B1                           320.00  325.65   -5.65 (VIOLATED)
_751034_/A                            320.00  325.63   -5.63 (VIOLATED)
_745250_/A                            320.00  325.62   -5.62 (VIOLATED)
_754211_/C                            320.00  325.62   -5.62 (VIOLATED)
_752992_/A                            320.00  325.61   -5.61 (VIOLATED)
_760460_/A1                           320.00  325.60   -5.60 (VIOLATED)
_760002_/A1                           320.00  325.59   -5.59 (VIOLATED)
_698534_/A                            320.00  325.59   -5.59 (VIOLATED)
_480777_/A                            320.00  325.58   -5.58 (VIOLATED)
_740531_/A                            320.00  325.57   -5.57 (VIOLATED)
place74612/A                          320.00  325.56   -5.56 (VIOLATED)
_480551_/A1                           320.00  325.56   -5.56 (VIOLATED)
_746887_/A                            320.00  325.56   -5.56 (VIOLATED)
_746900_/A                            320.00  325.56   -5.56 (VIOLATED)
_737847_/B                            320.00  325.55   -5.55 (VIOLATED)
_765083_/A1                           320.00  325.55   -5.55 (VIOLATED)
_748553_/A                            320.00  325.53   -5.53 (VIOLATED)
_758021_/A1                           320.00  325.53   -5.53 (VIOLATED)
_748479_/C                            320.00  325.53   -5.53 (VIOLATED)
_752858_/B1                           320.00  325.52   -5.52 (VIOLATED)
_750542_/C                            320.00  325.51   -5.51 (VIOLATED)
_631787_/A                            320.00  325.51   -5.51 (VIOLATED)
_754212_/C                            320.00  325.51   -5.51 (VIOLATED)
_739734_/A                            320.00  325.51   -5.51 (VIOLATED)
_758024_/A1                           320.00  325.51   -5.51 (VIOLATED)
out_pix_data[51]$_DFFE_PN0P_/RESETN   320.00  325.50   -5.50 (VIOLATED)
_755649_/A1                           320.00  325.50   -5.50 (VIOLATED)
_746886_/Y                            320.00  325.50   -5.50 (VIOLATED)
_750541_/A                            320.00  325.50   -5.50 (VIOLATED)
_754213_/A1                           320.00  325.50   -5.50 (VIOLATED)
_737928_/B                            320.00  325.49   -5.49 (VIOLATED)
_749451_/A2                           320.00  325.49   -5.49 (VIOLATED)
_748979_/A1                           320.00  325.48   -5.48 (VIOLATED)
place74644/A                          320.00  325.48   -5.48 (VIOLATED)
_748702_/A                            320.00  325.47   -5.47 (VIOLATED)
rdata_q[6554]$_DFFE_PP_/QN            320.00  325.47   -5.47 (VIOLATED)
_763464_/A1                           320.00  325.46   -5.46 (VIOLATED)
_744444_/A                            320.00  325.45   -5.45 (VIOLATED)
_752859_/A1                           320.00  325.45   -5.45 (VIOLATED)
_752809_/A                            320.00  325.44   -5.44 (VIOLATED)
_716481_/B                            320.00  325.44   -5.44 (VIOLATED)
_631788_/A                            320.00  325.43   -5.43 (VIOLATED)
_740583_/A                            320.00  325.42   -5.42 (VIOLATED)
_741698_/A                            320.00  325.41   -5.41 (VIOLATED)
_748941_/A1                           320.00  325.41   -5.41 (VIOLATED)
_753747_/A1                           320.00  325.41   -5.41 (VIOLATED)
_748502_/A1                           320.00  325.40   -5.40 (VIOLATED)
place73694/A                          320.00  325.40   -5.40 (VIOLATED)
_748982_/A1                           320.00  325.39   -5.39 (VIOLATED)
_749455_/A                            320.00  325.39   -5.39 (VIOLATED)
place74155/A                          320.00  325.38   -5.38 (VIOLATED)
_740642_/A                            320.00  325.38   -5.38 (VIOLATED)
_748076_/B                            320.00  325.36   -5.36 (VIOLATED)
_760466_/A1                           320.00  325.36   -5.36 (VIOLATED)
_765091_/A                            320.00  325.35   -5.35 (VIOLATED)
_751813_/A1                           320.00  325.35   -5.35 (VIOLATED)
_743473_/A                            320.00  325.34   -5.34 (VIOLATED)
_743835_/A                            320.00  325.34   -5.34 (VIOLATED)
_762189_/B                            320.00  325.32   -5.32 (VIOLATED)
_657212_/A                            320.00  325.32   -5.32 (VIOLATED)
_813043_/A                            320.00  325.31   -5.31 (VIOLATED)
_748500_/A                            320.00  325.31   -5.31 (VIOLATED)
_752755_/B2                           320.00  325.31   -5.31 (VIOLATED)
_750663_/B2                           320.00  325.30   -5.31 (VIOLATED)
_740650_/A                            320.00  325.30   -5.30 (VIOLATED)
_760463_/A                            320.00  325.30   -5.30 (VIOLATED)
_753745_/A1                           320.00  325.30   -5.30 (VIOLATED)
_752105_/A1                           320.00  325.29   -5.29 (VIOLATED)
_748986_/A1                           320.00  325.29   -5.29 (VIOLATED)
_743869_/A                            320.00  325.29   -5.29 (VIOLATED)
_749448_/A1                           320.00  325.29   -5.29 (VIOLATED)
_740009_/B                            320.00  325.29   -5.29 (VIOLATED)
place72822/A                          320.00  325.29   -5.29 (VIOLATED)
_756229_/A1                           320.00  325.26   -5.26 (VIOLATED)
_696402_/B                            320.00  325.26   -5.26 (VIOLATED)
_764034_/A                            320.00  325.26   -5.26 (VIOLATED)
_755534_/B2                           320.00  325.25   -5.25 (VIOLATED)
part_q[1][11]$_DFFE_PP_/D             320.00  325.24   -5.24 (VIOLATED)
_758547_/A                            320.00  325.24   -5.24 (VIOLATED)
place67145/Y                          320.00  325.24   -5.24 (VIOLATED)
_756228_/A                            320.00  325.23   -5.23 (VIOLATED)
_764035_/A1                           320.00  325.22   -5.22 (VIOLATED)
_754261_/A                            320.00  325.22   -5.22 (VIOLATED)
_740326_/A                            320.00  325.20   -5.20 (VIOLATED)
_754914_/A                            320.00  325.18   -5.18 (VIOLATED)
_748476_/A                            320.00  325.18   -5.18 (VIOLATED)
_739779_/B                            320.00  325.17   -5.17 (VIOLATED)
_745029_/B                            320.00  325.17   -5.17 (VIOLATED)
part_q[69][14]$_DFFE_PP_/D            320.00  325.16   -5.16 (VIOLATED)
_788036_/A                            320.00  325.16   -5.16 (VIOLATED)
_787173_/A                            320.00  325.16   -5.16 (VIOLATED)
_749573_/A1                           320.00  325.16   -5.16 (VIOLATED)
_487198_/A1                           320.00  325.16   -5.16 (VIOLATED)
part_q[55][12]$_DFFE_PP_/QN           320.00  325.15   -5.15 (VIOLATED)
a_sym[15][1]$_DFFE_PN0P_/RESETN       320.00  325.14   -5.14 (VIOLATED)
_749492_/C                            320.00  325.13   -5.13 (VIOLATED)
_764037_/A1                           320.00  325.12   -5.12 (VIOLATED)
_757807_/C2                           320.00  325.12   -5.12 (VIOLATED)
_749483_/B                            320.00  325.10   -5.10 (VIOLATED)
_737359_/A                            320.00  325.09   -5.09 (VIOLATED)
_744505_/A                            320.00  325.09   -5.09 (VIOLATED)
_762488_/A1                           320.00  325.08   -5.08 (VIOLATED)
_657213_/A                            320.00  325.08   -5.08 (VIOLATED)
_760324_/A                            320.00  325.06   -5.06 (VIOLATED)
_764036_/A                            320.00  325.06   -5.06 (VIOLATED)
_756273_/C                            320.00  325.05   -5.05 (VIOLATED)
place74064/A                          320.00  325.02   -5.02 (VIOLATED)
_631789_/A                            320.00  325.00   -5.00 (VIOLATED)
part_q[76][2]$_DFFE_PP_/D             320.00  324.97   -4.97 (VIOLATED)
_760325_/A1                           320.00  324.96   -4.96 (VIOLATED)
_742048_/B                            320.00  324.95   -4.95 (VIOLATED)
rdata_q[3197]$_DFFE_PP_/QN            320.00  324.95   -4.95 (VIOLATED)
_660490_/A                            320.00  324.92   -4.92 (VIOLATED)
_740544_/A                            320.00  324.92   -4.92 (VIOLATED)
_755489_/A                            320.00  324.91   -4.91 (VIOLATED)
_787361_/A1                           320.00  324.90   -4.90 (VIOLATED)
_749033_/A1                           320.00  324.89   -4.89 (VIOLATED)
_744911_/B                            320.00  324.88   -4.88 (VIOLATED)
_758039_/A                            320.00  324.88   -4.88 (VIOLATED)
_745582_/B                            320.00  324.87   -4.87 (VIOLATED)
_757022_/A1                           320.00  324.87   -4.87 (VIOLATED)
_743489_/A                            320.00  324.86   -4.86 (VIOLATED)
_751845_/C                            320.00  324.85   -4.85 (VIOLATED)
_739265_/A                            320.00  324.83   -4.83 (VIOLATED)
_748906_/B                            320.00  324.83   -4.83 (VIOLATED)
_749000_/B                            320.00  324.83   -4.83 (VIOLATED)
_757786_/A                            320.00  324.81   -4.81 (VIOLATED)
_748720_/B                            320.00  324.81   -4.81 (VIOLATED)
place72970/A                          320.00  324.81   -4.81 (VIOLATED)
_745638_/B                            320.00  324.81   -4.81 (VIOLATED)
_562854_/A                            320.00  324.81   -4.81 (VIOLATED)
_740644_/A                            320.00  324.80   -4.80 (VIOLATED)
_762517_/A1                           320.00  324.80   -4.80 (VIOLATED)
_762516_/A                            320.00  324.79   -4.79 (VIOLATED)
_749459_/A                            320.00  324.77   -4.77 (VIOLATED)
_742392_/B                            320.00  324.75   -4.75 (VIOLATED)
rdata_q[6948]$_DFFE_PP_/QN            320.00  324.73   -4.73 (VIOLATED)
_486178_/C                            320.00  324.73   -4.73 (VIOLATED)
_660489_/A                            320.00  324.72   -4.72 (VIOLATED)
_748443_/A                            320.00  324.71   -4.71 (VIOLATED)
place80449/A                          320.00  324.71   -4.71 (VIOLATED)
_480624_/C                            320.00  324.70   -4.70 (VIOLATED)
_739531_/B                            320.00  324.70   -4.70 (VIOLATED)
_672142_/A                            320.00  324.70   -4.70 (VIOLATED)
_480548_/A1                           320.00  324.70   -4.70 (VIOLATED)
_750613_/C                            320.00  324.68   -4.68 (VIOLATED)
_747093_/A                            320.00  324.68   -4.68 (VIOLATED)
_744312_/A                            320.00  324.68   -4.68 (VIOLATED)
_749613_/A1                           320.00  324.67   -4.67 (VIOLATED)
_752195_/A1                           320.00  324.67   -4.67 (VIOLATED)
_748449_/A                            320.00  324.65   -4.65 (VIOLATED)
_479302_/Y                            320.00  324.65   -4.65 (VIOLATED)
_743960_/A                            320.00  324.64   -4.64 (VIOLATED)
_657214_/A                            320.00  324.62   -4.62 (VIOLATED)
part_q[17][19]$_DFFE_PP_/QN           320.00  324.61   -4.61 (VIOLATED)
_631793_/A                            320.00  324.60   -4.60 (VIOLATED)
_750614_/A1                           320.00  324.60   -4.60 (VIOLATED)
_738002_/A                            320.00  324.60   -4.60 (VIOLATED)
_755867_/A1                           320.00  324.58   -4.58 (VIOLATED)
_758728_/A1                           320.00  324.58   -4.58 (VIOLATED)
_482499_/B                            320.00  324.57   -4.57 (VIOLATED)
_739282_/A                            320.00  324.57   -4.57 (VIOLATED)
_549373_/A1                           320.00  324.57   -4.57 (VIOLATED)
_616913_/B                            320.00  324.56   -4.56 (VIOLATED)
_748428_/B                            320.00  324.56   -4.56 (VIOLATED)
_748130_/B                            320.00  324.56   -4.56 (VIOLATED)
_750419_/B                            320.00  324.55   -4.55 (VIOLATED)
_748329_/B                            320.00  324.55   -4.55 (VIOLATED)
_737405_/A                            320.00  324.55   -4.55 (VIOLATED)
_737065_/A                            320.00  324.55   -4.55 (VIOLATED)
_480522_/Y                            320.00  324.55   -4.55 (VIOLATED)
place73344/A                          320.00  324.55   -4.55 (VIOLATED)
_635148_/C                            320.00  324.54   -4.54 (VIOLATED)
_738762_/A                            320.00  324.53   -4.53 (VIOLATED)
_631792_/A                            320.00  324.53   -4.53 (VIOLATED)
_605106_/B                            320.00  324.53   -4.53 (VIOLATED)
_743879_/A                            320.00  324.51   -4.51 (VIOLATED)
_740607_/A                            320.00  324.50   -4.50 (VIOLATED)
_743949_/A                            320.00  324.50   -4.50 (VIOLATED)
_762487_/A                            320.00  324.50   -4.50 (VIOLATED)
_745248_/A                            320.00  324.50   -4.50 (VIOLATED)
_737188_/A                            320.00  324.49   -4.49 (VIOLATED)
_748447_/A1                           320.00  324.49   -4.49 (VIOLATED)
_740320_/A                            320.00  324.48   -4.48 (VIOLATED)
_738033_/A                            320.00  324.48   -4.48 (VIOLATED)
_750351_/A                            320.00  324.46   -4.46 (VIOLATED)
_750642_/B                            320.00  324.45   -4.45 (VIOLATED)
_631790_/A                            320.00  324.44   -4.44 (VIOLATED)
part_q[28][15]$_DFFE_PP_/QN           320.00  324.43   -4.43 (VIOLATED)
_748294_/A                            320.00  324.42   -4.42 (VIOLATED)
_741293_/A                            320.00  324.41   -4.41 (VIOLATED)
_739744_/A                            320.00  324.40   -4.40 (VIOLATED)
_768101_/Y                            320.00  324.39   -4.39 (VIOLATED)
_756703_/A1                           320.00  324.38   -4.38 (VIOLATED)
_742673_/A                            320.00  324.37   -4.37 (VIOLATED)
_752008_/C                            320.00  324.37   -4.37 (VIOLATED)
_749273_/C                            320.00  324.37   -4.37 (VIOLATED)
_741684_/A                            320.00  324.36   -4.36 (VIOLATED)
_752193_/C                            320.00  324.34   -4.34 (VIOLATED)
_751160_/C                            320.00  324.33   -4.33 (VIOLATED)
_737389_/A                            320.00  324.32   -4.32 (VIOLATED)
_753746_/A1                           320.00  324.32   -4.32 (VIOLATED)
_752067_/C                            320.00  324.32   -4.32 (VIOLATED)
_748559_/B                            320.00  324.31   -4.31 (VIOLATED)
_756314_/C                            320.00  324.30   -4.30 (VIOLATED)
_748009_/B                            320.00  324.28   -4.28 (VIOLATED)
_756972_/A1                           320.00  324.27   -4.27 (VIOLATED)
_745679_/B                            320.00  324.27   -4.27 (VIOLATED)
_750470_/B                            320.00  324.26   -4.26 (VIOLATED)
_748485_/A                            320.00  324.24   -4.24 (VIOLATED)
_737438_/A                            320.00  324.24   -4.24 (VIOLATED)
_764007_/A1                           320.00  324.23   -4.23 (VIOLATED)
_749564_/A1                           320.00  324.20   -4.20 (VIOLATED)
_755563_/A2                           320.00  324.19   -4.19 (VIOLATED)
_755890_/A                            320.00  324.18   -4.18 (VIOLATED)
_754341_/A                            320.00  324.18   -4.18 (VIOLATED)
_751108_/A1                           320.00  324.18   -4.18 (VIOLATED)
_749561_/A1                           320.00  324.17   -4.17 (VIOLATED)
_737938_/A                            320.00  324.15   -4.15 (VIOLATED)
_737996_/A                            320.00  324.15   -4.15 (VIOLATED)
_760465_/A                            320.00  324.14   -4.14 (VIOLATED)
_752638_/B                            320.00  324.13   -4.13 (VIOLATED)
_764520_/A1                           320.00  324.12   -4.12 (VIOLATED)
rdata_q[7115]$_DFFE_PP_/QN            320.00  324.11   -4.11 (VIOLATED)
_738000_/A                            320.00  324.10   -4.10 (VIOLATED)
_747475_/A                            320.00  324.09   -4.09 (VIOLATED)
_737999_/A                            320.00  324.09   -4.09 (VIOLATED)
_748484_/A1                           320.00  324.07   -4.07 (VIOLATED)
_740637_/A                            320.00  324.06   -4.06 (VIOLATED)
_743958_/A                            320.00  324.06   -4.06 (VIOLATED)
_750137_/A                            320.00  324.04   -4.04 (VIOLATED)
_745429_/A                            320.00  324.03   -4.03 (VIOLATED)
_752469_/A                            320.00  324.02   -4.02 (VIOLATED)
_742416_/B                            320.00  324.01   -4.01 (VIOLATED)
_742261_/A                            320.00  324.01   -4.01 (VIOLATED)
place83508/Y                          320.00  324.01   -4.01 (VIOLATED)
_764006_/A                            320.00  324.00   -4.00 (VIOLATED)
_746092_/B                            320.00  324.00   -4.00 (VIOLATED)
place72302/A                          320.00  323.98   -3.98 (VIOLATED)
_739669_/A                            320.00  323.98   -3.98 (VIOLATED)
_750130_/A                            320.00  323.98   -3.98 (VIOLATED)
_621149_/A                            320.00  323.97   -3.97 (VIOLATED)
_760576_/A1                           320.00  323.97   -3.97 (VIOLATED)
_739620_/A                            320.00  323.97   -3.97 (VIOLATED)
_560185_/A1                           320.00  323.95   -3.95 (VIOLATED)
_743979_/A                            320.00  323.95   -3.95 (VIOLATED)
_760575_/A                            320.00  323.95   -3.95 (VIOLATED)
_739597_/A                            320.00  323.94   -3.94 (VIOLATED)
_750604_/B                            320.00  323.94   -3.94 (VIOLATED)
_736909_/A                            320.00  323.94   -3.94 (VIOLATED)
_742142_/A                            320.00  323.93   -3.93 (VIOLATED)
_739684_/A                            320.00  323.93   -3.93 (VIOLATED)
_743971_/A                            320.00  323.93   -3.93 (VIOLATED)
_739695_/A                            320.00  323.92   -3.92 (VIOLATED)
_614345_/B                            320.00  323.89   -3.89 (VIOLATED)
_739614_/A                            320.00  323.89   -3.89 (VIOLATED)
_752116_/A1                           320.00  323.88   -3.88 (VIOLATED)
_762188_/B                            320.00  323.87   -3.87 (VIOLATED)
_631791_/A                            320.00  323.87   -3.87 (VIOLATED)
_618612_/A                            320.00  323.87   -3.87 (VIOLATED)
_750591_/B                            320.00  323.86   -3.86 (VIOLATED)
_764709_/B2                           320.00  323.85   -3.85 (VIOLATED)
_748482_/A                            320.00  323.85   -3.85 (VIOLATED)
_740599_/A                            320.00  323.85   -3.85 (VIOLATED)
_751506_/A                            320.00  323.85   -3.85 (VIOLATED)
_748483_/A1                           320.00  323.85   -3.85 (VIOLATED)
_523147_/B                            320.00  323.85   -3.85 (VIOLATED)
_482489_/B1                           320.00  323.84   -3.84 (VIOLATED)
_737591_/A                            320.00  323.83   -3.83 (VIOLATED)
_640551_/A                            320.00  323.82   -3.82 (VIOLATED)
_738393_/B                            320.00  323.82   -3.82 (VIOLATED)
_753520_/A1                           320.00  323.82   -3.82 (VIOLATED)
_753523_/A                            320.00  323.81   -3.81 (VIOLATED)
_751160_/B                            320.00  323.81   -3.81 (VIOLATED)
_739708_/B                            320.00  323.81   -3.81 (VIOLATED)
_743955_/A                            320.00  323.81   -3.81 (VIOLATED)
_737377_/A                            320.00  323.80   -3.80 (VIOLATED)
_739623_/A                            320.00  323.80   -3.80 (VIOLATED)
place74152/A                          320.00  323.80   -3.80 (VIOLATED)
_753522_/A                            320.00  323.80   -3.80 (VIOLATED)
_755123_/A1                           320.00  323.78   -3.78 (VIOLATED)
_750508_/B                            320.00  323.77   -3.77 (VIOLATED)
_749598_/A                            320.00  323.76   -3.76 (VIOLATED)
hold105986/A                          320.00  323.75   -3.75 (VIOLATED)
_739676_/A                            320.00  323.75   -3.75 (VIOLATED)
_752180_/A                            320.00  323.74   -3.74 (VIOLATED)
_526571_/C                            320.00  323.74   -3.74 (VIOLATED)
in_data_q[57]$_DFFE_PN0P_/QN          320.00  323.74   -3.74 (VIOLATED)
_744440_/A                            320.00  323.74   -3.74 (VIOLATED)
_801604_/A                            320.00  323.73   -3.73 (VIOLATED)
_742181_/B                            320.00  323.73   -3.73 (VIOLATED)
_741680_/A                            320.00  323.71   -3.71 (VIOLATED)
_480842_/B                            320.00  323.71   -3.71 (VIOLATED)
_747526_/A                            320.00  323.71   -3.71 (VIOLATED)
_740588_/A                            320.00  323.70   -3.70 (VIOLATED)
_768335_/Y                            320.00  323.70   -3.70 (VIOLATED)
_786432_/A1                           320.00  323.70   -3.70 (VIOLATED)
_738403_/A                            320.00  323.70   -3.70 (VIOLATED)
_750550_/B                            320.00  323.70   -3.70 (VIOLATED)
_752754_/B                            320.00  323.70   -3.70 (VIOLATED)
_480841_/Y                            320.00  323.69   -3.69 (VIOLATED)
_759591_/A                            320.00  323.67   -3.67 (VIOLATED)
_749566_/A                            320.00  323.66   -3.66 (VIOLATED)
_523087_/A                            320.00  323.66   -3.66 (VIOLATED)
_660488_/A                            320.00  323.66   -3.66 (VIOLATED)
_664224_/A                            320.00  323.62   -3.62 (VIOLATED)
_530014_/A                            320.00  323.61   -3.61 (VIOLATED)
_760088_/A                            320.00  323.57   -3.57 (VIOLATED)
_756581_/A1                           320.00  323.55   -3.55 (VIOLATED)
_744267_/A                            320.00  323.53   -3.53 (VIOLATED)
_746944_/B                            320.00  323.53   -3.53 (VIOLATED)
_741304_/A                            320.00  323.51   -3.51 (VIOLATED)
_758267_/A1                           320.00  323.51   -3.51 (VIOLATED)
_751721_/A1                           320.00  323.51   -3.51 (VIOLATED)
_748728_/A1                           320.00  323.50   -3.50 (VIOLATED)
_744265_/A                            320.00  323.50   -3.50 (VIOLATED)
rdata_q[6932]$_DFFE_PP_/QN            320.00  323.50   -3.50 (VIOLATED)
_787657_/B                            320.00  323.49   -3.49 (VIOLATED)
_748458_/A                            320.00  323.49   -3.49 (VIOLATED)
_753549_/A                            320.00  323.49   -3.49 (VIOLATED)
_743942_/A                            320.00  323.48   -3.48 (VIOLATED)
_750479_/A                            320.00  323.48   -3.48 (VIOLATED)
_769198_/A                            320.00  323.47   -3.47 (VIOLATED)
_753560_/A                            320.00  323.46   -3.46 (VIOLATED)
_744336_/A                            320.00  323.46   -3.46 (VIOLATED)
_739599_/A                            320.00  323.45   -3.45 (VIOLATED)
_752697_/B                            320.00  323.44   -3.44 (VIOLATED)
_677299_/B                            320.00  323.43   -3.43 (VIOLATED)
_544474_/A1                           320.00  323.43   -3.43 (VIOLATED)
_748701_/Y                            320.00  323.41   -3.41 (VIOLATED)
_758792_/A1                           320.00  323.40   -3.40 (VIOLATED)
_744264_/A                            320.00  323.38   -3.38 (VIOLATED)
place80190/A                          320.00  323.38   -3.38 (VIOLATED)
_764522_/A1                           320.00  323.38   -3.38 (VIOLATED)
_744332_/A                            320.00  323.38   -3.38 (VIOLATED)
_748873_/B                            320.00  323.37   -3.37 (VIOLATED)
rdata_q[6544]$_DFFE_PP_/QN            320.00  323.37   -3.37 (VIOLATED)
_671670_/A                            320.00  323.36   -3.36 (VIOLATED)
_657215_/A                            320.00  323.35   -3.35 (VIOLATED)
_748454_/A1                           320.00  323.34   -3.34 (VIOLATED)
_744329_/A                            320.00  323.33   -3.33 (VIOLATED)
place73787/A                          320.00  323.32   -3.32 (VIOLATED)
_737397_/A                            320.00  323.32   -3.32 (VIOLATED)
_737098_/A                            320.00  323.31   -3.31 (VIOLATED)
_738201_/B                            320.00  323.31   -3.31 (VIOLATED)
_739689_/A                            320.00  323.31   -3.31 (VIOLATED)
_759961_/B                            320.00  323.31   -3.31 (VIOLATED)
_744325_/A                            320.00  323.30   -3.30 (VIOLATED)
_747590_/A                            320.00  323.29   -3.29 (VIOLATED)
_744334_/A                            320.00  323.28   -3.28 (VIOLATED)
_737213_/A                            320.00  323.28   -3.28 (VIOLATED)
_748727_/A                            320.00  323.28   -3.28 (VIOLATED)
place72464/A                          320.00  323.25   -3.25 (VIOLATED)
_744909_/A                            320.00  323.24   -3.24 (VIOLATED)
hold122450/A                          320.00  323.22   -3.22 (VIOLATED)
_757350_/A1                           320.00  323.21   -3.21 (VIOLATED)
_749478_/B                            320.00  323.20   -3.20 (VIOLATED)
_766414_/B                            320.00  323.20   -3.20 (VIOLATED)
_559668_/A                            320.00  323.20   -3.20 (VIOLATED)
_742307_/A                            320.00  323.19   -3.19 (VIOLATED)
_754239_/A1                           320.00  323.18   -3.18 (VIOLATED)
_480718_/A                            320.00  323.18   -3.18 (VIOLATED)
_737229_/A                            320.00  323.18   -3.18 (VIOLATED)
_755482_/C                            320.00  323.18   -3.18 (VIOLATED)
_742257_/A                            320.00  323.17   -3.17 (VIOLATED)
_503041_/D                            320.00  323.17   -3.17 (VIOLATED)
_787635_/A1                           320.00  323.17   -3.17 (VIOLATED)
_748452_/A                            320.00  323.16   -3.16 (VIOLATED)
rdata_q[6938]$_DFFE_PP_/QN            320.00  323.15   -3.15 (VIOLATED)
_759626_/A1                           320.00  323.15   -3.15 (VIOLATED)
_787634_/B                            320.00  323.14   -3.14 (VIOLATED)
_755932_/B                            320.00  323.14   -3.14 (VIOLATED)
place74148/A                          320.00  323.14   -3.14 (VIOLATED)
_752781_/A                            320.00  323.12   -3.12 (VIOLATED)
_749305_/A1                           320.00  323.12   -3.12 (VIOLATED)
_556023_/B                            320.00  323.12   -3.12 (VIOLATED)
_744328_/A                            320.00  323.11   -3.11 (VIOLATED)
_739659_/A                            320.00  323.11   -3.11 (VIOLATED)
_742259_/A                            320.00  323.10   -3.10 (VIOLATED)
_744327_/A                            320.00  323.10   -3.10 (VIOLATED)
_768529_/Y                            320.00  323.09   -3.09 (VIOLATED)
_480105_/A                            320.00  323.09   -3.09 (VIOLATED)
place78975/A                          320.00  323.08   -3.08 (VIOLATED)
_759774_/B2                           320.00  323.05   -3.05 (VIOLATED)
_759349_/B                            320.00  323.05   -3.05 (VIOLATED)
nbm1_q[4]$_DFFE_PN0P_/RESETN          320.00  323.03   -3.03 (VIOLATED)
_538487_/B2                           320.00  323.02   -3.02 (VIOLATED)
_741688_/A                            320.00  323.00   -3.00 (VIOLATED)
rdata_q[6922]$_DFFE_PP_/QN            320.00  322.99   -2.99 (VIOLATED)
_758782_/A                            320.00  322.98   -2.98 (VIOLATED)
_822379_/B                            320.00  322.98   -2.98 (VIOLATED)
_760568_/A                            320.00  322.97   -2.97 (VIOLATED)
_739308_/A                            320.00  322.96   -2.96 (VIOLATED)
_740585_/A                            320.00  322.96   -2.96 (VIOLATED)
_744321_/A                            320.00  322.95   -2.95 (VIOLATED)
_787537_/B                            320.00  322.94   -2.94 (VIOLATED)
_737576_/A                            320.00  322.94   -2.94 (VIOLATED)
_744319_/A                            320.00  322.94   -2.94 (VIOLATED)
_766421_/A                            320.00  322.93   -2.93 (VIOLATED)
_744333_/A                            320.00  322.92   -2.92 (VIOLATED)
_737648_/A                            320.00  322.92   -2.92 (VIOLATED)
_737589_/B                            320.00  322.92   -2.92 (VIOLATED)
_754200_/A                            320.00  322.91   -2.91 (VIOLATED)
_762727_/A1                           320.00  322.90   -2.90 (VIOLATED)
_739811_/A                            320.00  322.89   -2.89 (VIOLATED)
_760569_/A1                           320.00  322.88   -2.88 (VIOLATED)
_767961_/Y                            320.00  322.87   -2.87 (VIOLATED)
_738446_/A                            320.00  322.87   -2.87 (VIOLATED)
_797426_/A                            320.00  322.85   -2.85 (VIOLATED)
_746445_/B                            320.00  322.85   -2.85 (VIOLATED)
rdata_q[6401]$_DFFE_PP_/QN            320.00  322.84   -2.84 (VIOLATED)
_660487_/A                            320.00  322.84   -2.84 (VIOLATED)
_737615_/A                            320.00  322.83   -2.83 (VIOLATED)
_737565_/A                            320.00  322.82   -2.82 (VIOLATED)
_748496_/A                            320.00  322.79   -2.79 (VIOLATED)
_486214_/A                            320.00  322.79   -2.79 (VIOLATED)
_752765_/B                            320.00  322.79   -2.79 (VIOLATED)
_482463_/A                            320.00  322.78   -2.78 (VIOLATED)
_482513_/B1                           320.00  322.78   -2.78 (VIOLATED)
_754970_/A1                           320.00  322.77   -2.77 (VIOLATED)
_737294_/A                            320.00  322.76   -2.76 (VIOLATED)
_749473_/B1                           320.00  322.76   -2.76 (VIOLATED)
_749343_/A1                           320.00  322.76   -2.76 (VIOLATED)
_744330_/A                            320.00  322.74   -2.74 (VIOLATED)
_649938_/A                            320.00  322.73   -2.73 (VIOLATED)
_649939_/A                            320.00  322.72   -2.72 (VIOLATED)
_761108_/A                            320.00  322.69   -2.69 (VIOLATED)
_737644_/A                            320.00  322.69   -2.69 (VIOLATED)
_764249_/C                            320.00  322.68   -2.68 (VIOLATED)
_528146_/B1                           320.00  322.68   -2.68 (VIOLATED)
_741679_/A                            320.00  322.66   -2.66 (VIOLATED)
_737919_/A                            320.00  322.65   -2.65 (VIOLATED)
_758903_/A                            320.00  322.64   -2.64 (VIOLATED)
_747589_/Y                            320.00  322.64   -2.64 (VIOLATED)
_740681_/A                            320.00  322.62   -2.62 (VIOLATED)
_480828_/B1                           320.00  322.62   -2.62 (VIOLATED)
_740660_/A                            320.00  322.62   -2.62 (VIOLATED)
_486233_/A                            320.00  322.61   -2.61 (VIOLATED)
_752791_/A1                           320.00  322.61   -2.61 (VIOLATED)
_737598_/A                            320.00  322.59   -2.59 (VIOLATED)
_740715_/A                            320.00  322.58   -2.58 (VIOLATED)
_746186_/B                            320.00  322.57   -2.57 (VIOLATED)
_743951_/A                            320.00  322.54   -2.54 (VIOLATED)
_758720_/A                            320.00  322.53   -2.53 (VIOLATED)
_741788_/B                            320.00  322.53   -2.53 (VIOLATED)
_480682_/A                            320.00  322.52   -2.52 (VIOLATED)
_738397_/A                            320.00  322.51   -2.51 (VIOLATED)
_738386_/A                            320.00  322.51   -2.51 (VIOLATED)
_747163_/Y                            320.00  322.50   -2.50 (VIOLATED)
_479392_/B                            320.00  322.49   -2.49 (VIOLATED)
_769077_/Y                            320.00  322.49   -2.49 (VIOLATED)
_740808_/A                            320.00  322.49   -2.49 (VIOLATED)
_740806_/A                            320.00  322.47   -2.47 (VIOLATED)
_737653_/A                            320.00  322.47   -2.47 (VIOLATED)
_743947_/A                            320.00  322.47   -2.47 (VIOLATED)
_751350_/A                            320.00  322.46   -2.46 (VIOLATED)
_740798_/A                            320.00  322.46   -2.46 (VIOLATED)
_743954_/A                            320.00  322.44   -2.44 (VIOLATED)
_740766_/A                            320.00  322.44   -2.44 (VIOLATED)
_753487_/A                            320.00  322.44   -2.44 (VIOLATED)
_753486_/A                            320.00  322.44   -2.44 (VIOLATED)
_748353_/A1                           320.00  322.44   -2.44 (VIOLATED)
_748351_/A                            320.00  322.43   -2.43 (VIOLATED)
_748357_/A                            320.00  322.43   -2.43 (VIOLATED)
_486277_/B1                           320.00  322.43   -2.43 (VIOLATED)
_737369_/A                            320.00  322.43   -2.43 (VIOLATED)
_755536_/A1                           320.00  322.43   -2.43 (VIOLATED)
_763470_/C                            320.00  322.42   -2.42 (VIOLATED)
_754245_/A                            320.00  322.42   -2.42 (VIOLATED)
_741626_/A                            320.00  322.42   -2.42 (VIOLATED)
_740768_/A                            320.00  322.41   -2.41 (VIOLATED)
_480678_/Y                            320.00  322.39   -2.39 (VIOLATED)
_748663_/C                            320.00  322.38   -2.38 (VIOLATED)
place73268/A                          320.00  322.38   -2.38 (VIOLATED)
_769074_/Y                            320.00  322.38   -2.38 (VIOLATED)
_740759_/A                            320.00  322.38   -2.38 (VIOLATED)
out_pix_data[77]$_DFFE_PN0P_/RESETN   320.00  322.36   -2.36 (VIOLATED)
_759221_/A1                           320.00  322.35   -2.35 (VIOLATED)
_744331_/A                            320.00  322.35   -2.35 (VIOLATED)
_743700_/A                            320.00  322.35   -2.35 (VIOLATED)
_649940_/A                            320.00  322.34   -2.34 (VIOLATED)
_704053_/A1                           320.00  322.33   -2.33 (VIOLATED)
_787252_/A1                           320.00  322.33   -2.33 (VIOLATED)
_741633_/A                            320.00  322.32   -2.32 (VIOLATED)
_737574_/A                            320.00  322.32   -2.32 (VIOLATED)
a_sym[5][5]$_DFFE_PN0P_/QN            320.00  322.31   -2.31 (VIOLATED)
_786430_/Y                            320.00  322.30   -2.30 (VIOLATED)
_762279_/A2                           320.00  322.29   -2.29 (VIOLATED)
_755644_/A1                           320.00  322.29   -2.29 (VIOLATED)
_868147_/A                            320.00  322.29   -2.29 (VIOLATED)
rdata_q[6780]$_DFFE_PP_/QN            320.00  322.29   -2.29 (VIOLATED)
_737580_/A                            320.00  322.28   -2.28 (VIOLATED)
place73620/A                          320.00  322.28   -2.28 (VIOLATED)
_741628_/A                            320.00  322.28   -2.28 (VIOLATED)
_737155_/A                            320.00  322.27   -2.27 (VIOLATED)
_748760_/B                            320.00  322.27   -2.27 (VIOLATED)
nbm1_q[3]$_DFFE_PN0P_/RESETN          320.00  322.27   -2.27 (VIOLATED)
_748124_/B                            320.00  322.26   -2.26 (VIOLATED)
_549383_/A                            320.00  322.26   -2.26 (VIOLATED)
_741625_/A                            320.00  322.26   -2.26 (VIOLATED)
_721816_/A                            320.00  322.25   -2.25 (VIOLATED)
_760977_/A                            320.00  322.25   -2.25 (VIOLATED)
_740747_/A                            320.00  322.25   -2.25 (VIOLATED)
_739610_/A                            320.00  322.25   -2.25 (VIOLATED)
_736913_/A                            320.00  322.23   -2.23 (VIOLATED)
a_sym[5][3]$_DFFE_PN0P_/QN            320.00  322.23   -2.23 (VIOLATED)
_740748_/A                            320.00  322.23   -2.23 (VIOLATED)
_746523_/B                            320.00  322.22   -2.22 (VIOLATED)
_750475_/C                            320.00  322.22   -2.22 (VIOLATED)
_743715_/A                            320.00  322.22   -2.22 (VIOLATED)
_740792_/A                            320.00  322.22   -2.22 (VIOLATED)
_762196_/A                            320.00  322.20   -2.20 (VIOLATED)
_740810_/A                            320.00  322.20   -2.20 (VIOLATED)
_750473_/B                            320.00  322.20   -2.20 (VIOLATED)
_740716_/B                            320.00  322.19   -2.19 (VIOLATED)
out_pix_data[53]$_DFFE_PN0P_/RESETN   320.00  322.19   -2.19 (VIOLATED)
place72329/A                          320.00  322.18   -2.18 (VIOLATED)
_750459_/C                            320.00  322.17   -2.17 (VIOLATED)
_759595_/A1                           320.00  322.16   -2.16 (VIOLATED)
_737658_/A                            320.00  322.16   -2.16 (VIOLATED)
_737593_/A                            320.00  322.14   -2.14 (VIOLATED)
_740791_/A                            320.00  322.14   -2.14 (VIOLATED)
_749157_/A1                           320.00  322.14   -2.14 (VIOLATED)
_737914_/A                            320.00  322.14   -2.14 (VIOLATED)
_748247_/A                            320.00  322.13   -2.13 (VIOLATED)
_754854_/A1                           320.00  322.13   -2.13 (VIOLATED)
_737867_/A                            320.00  322.13   -2.13 (VIOLATED)
_753461_/C                            320.00  322.12   -2.12 (VIOLATED)
_740771_/A                            320.00  322.12   -2.12 (VIOLATED)
_751812_/A                            320.00  322.11   -2.11 (VIOLATED)
_657327_/A                            320.00  322.11   -2.11 (VIOLATED)
_748665_/A                            320.00  322.11   -2.11 (VIOLATED)
_754242_/A                            320.00  322.11   -2.11 (VIOLATED)
_740687_/A                            320.00  322.10   -2.10 (VIOLATED)
_737642_/A                            320.00  322.10   -2.10 (VIOLATED)
rdata_q[6465]$_DFFE_PP_/QN            320.00  322.10   -2.10 (VIOLATED)
_747692_/A                            320.00  322.09   -2.09 (VIOLATED)
_648555_/A                            320.00  322.09   -2.09 (VIOLATED)
_748184_/A                            320.00  322.09   -2.09 (VIOLATED)
place72281/A                          320.00  322.09   -2.09 (VIOLATED)
place73799/A                          320.00  322.08   -2.08 (VIOLATED)
_743737_/A                            320.00  322.08   -2.08 (VIOLATED)
_649941_/A                            320.00  322.08   -2.08 (VIOLATED)
part_q[5][11]$_DFFE_PP_/QN            320.00  322.07   -2.07 (VIOLATED)
_618611_/A                            320.00  322.07   -2.07 (VIOLATED)
_750465_/C                            320.00  322.07   -2.07 (VIOLATED)
place67128/A                          320.00  322.06   -2.06 (VIOLATED)
place73122/A                          320.00  322.06   -2.06 (VIOLATED)
_737611_/A                            320.00  322.06   -2.06 (VIOLATED)
rdata_q[2321]$_DFFE_PP_/QN            320.00  322.06   -2.06 (VIOLATED)
_750521_/C                            320.00  322.05   -2.05 (VIOLATED)
_760573_/A                            320.00  322.05   -2.05 (VIOLATED)
_737463_/A                            320.00  322.04   -2.04 (VIOLATED)
_737921_/A                            320.00  322.03   -2.03 (VIOLATED)
_744504_/A                            320.00  322.02   -2.02 (VIOLATED)
_744446_/A                            320.00  322.02   -2.02 (VIOLATED)
_768368_/Y                            320.00  322.02   -2.02 (VIOLATED)
m_ce[21]$_DFFE_PN0P_/QN               320.00  322.01   -2.01 (VIOLATED)
_758245_/B                            320.00  322.01   -2.01 (VIOLATED)
_747991_/B                            320.00  322.00   -2.00 (VIOLATED)
_760316_/A                            320.00  322.00   -2.00 (VIOLATED)
_751700_/C                            320.00  321.99   -1.99 (VIOLATED)
_744694_/B                            320.00  321.98   -1.98 (VIOLATED)
_737241_/A                            320.00  321.97   -1.97 (VIOLATED)
_748195_/A1                           320.00  321.97   -1.97 (VIOLATED)
_744508_/A                            320.00  321.96   -1.96 (VIOLATED)
_740426_/A                            320.00  321.95   -1.95 (VIOLATED)
_742248_/A                            320.00  321.95   -1.95 (VIOLATED)
_743669_/A                            320.00  321.94   -1.94 (VIOLATED)
_750445_/C                            320.00  321.92   -1.92 (VIOLATED)
_740419_/A                            320.00  321.91   -1.91 (VIOLATED)
_740684_/A                            320.00  321.89   -1.89 (VIOLATED)
_738627_/A                            320.00  321.89   -1.89 (VIOLATED)
place74455/A                          320.00  321.89   -1.89 (VIOLATED)
_740315_/A                            320.00  321.88   -1.88 (VIOLATED)
_657326_/A                            320.00  321.88   -1.88 (VIOLATED)
_739712_/A                            320.00  321.87   -1.87 (VIOLATED)
_755425_/A                            320.00  321.87   -1.87 (VIOLATED)
_751704_/A1                           320.00  321.87   -1.87 (VIOLATED)
place73073/Y                          320.00  321.86   -1.86 (VIOLATED)
_745286_/A                            320.00  321.85   -1.85 (VIOLATED)
rdata_q[7246]$_DFFE_PP_/QN            320.00  321.85   -1.85 (VIOLATED)
_739856_/A                            320.00  321.84   -1.84 (VIOLATED)
_739261_/A                            320.00  321.84   -1.84 (VIOLATED)
place74130/A                          320.00  321.84   -1.84 (VIOLATED)
_739897_/A                            320.00  321.83   -1.83 (VIOLATED)
_744507_/A                            320.00  321.83   -1.83 (VIOLATED)
_750471_/A                            320.00  321.83   -1.83 (VIOLATED)
_750403_/A                            320.00  321.83   -1.83 (VIOLATED)
_737093_/A                            320.00  321.83   -1.83 (VIOLATED)
_748290_/A1                           320.00  321.82   -1.82 (VIOLATED)
_649810_/A                            320.00  321.82   -1.82 (VIOLATED)
_739674_/A                            320.00  321.82   -1.82 (VIOLATED)
_754836_/A                            320.00  321.81   -1.81 (VIOLATED)
_750462_/B                            320.00  321.81   -1.81 (VIOLATED)
_740403_/A                            320.00  321.81   -1.81 (VIOLATED)
_752696_/A                            320.00  321.80   -1.80 (VIOLATED)
_748515_/C                            320.00  321.80   -1.80 (VIOLATED)
_748658_/B                            320.00  321.80   -1.80 (VIOLATED)
_751052_/B                            320.00  321.80   -1.80 (VIOLATED)
_739626_/A                            320.00  321.79   -1.79 (VIOLATED)
_747668_/A                            320.00  321.79   -1.79 (VIOLATED)
_739863_/A                            320.00  321.78   -1.78 (VIOLATED)
_740410_/A                            320.00  321.78   -1.78 (VIOLATED)
_750228_/C                            320.00  321.78   -1.78 (VIOLATED)
_740659_/A                            320.00  321.77   -1.77 (VIOLATED)
_759940_/A                            320.00  321.77   -1.77 (VIOLATED)
_480864_/B                            320.00  321.77   -1.77 (VIOLATED)
_740307_/A                            320.00  321.77   -1.77 (VIOLATED)
_739648_/A                            320.00  321.77   -1.77 (VIOLATED)
_749454_/Y                            320.00  321.76   -1.76 (VIOLATED)
_756314_/B                            320.00  321.75   -1.75 (VIOLATED)
_787065_/B                            320.00  321.75   -1.75 (VIOLATED)
_711913_/C                            320.00  321.75   -1.75 (VIOLATED)
_739313_/A                            320.00  321.74   -1.74 (VIOLATED)
_649813_/A                            320.00  321.73   -1.73 (VIOLATED)
_752693_/A                            320.00  321.73   -1.73 (VIOLATED)
_748372_/B                            320.00  321.72   -1.72 (VIOLATED)
_479392_/A                            320.00  321.72   -1.72 (VIOLATED)
_827272_/CI                           320.00  321.72   -1.72 (VIOLATED)
_765541_/B                            320.00  321.72   -1.72 (VIOLATED)
_739647_/A                            320.00  321.72   -1.72 (VIOLATED)
_746141_/B                            320.00  321.71   -1.71 (VIOLATED)
_753457_/A1                           320.00  321.71   -1.71 (VIOLATED)
_740664_/A                            320.00  321.71   -1.71 (VIOLATED)
_739830_/A                            320.00  321.70   -1.70 (VIOLATED)
_755919_/B                            320.00  321.70   -1.70 (VIOLATED)
_755027_/C                            320.00  321.69   -1.69 (VIOLATED)
_737589_/A                            320.00  321.69   -1.69 (VIOLATED)
_766428_/A                            320.00  321.68   -1.68 (VIOLATED)
_745420_/A                            320.00  321.68   -1.68 (VIOLATED)
_755917_/B                            320.00  321.68   -1.68 (VIOLATED)
_739869_/A                            320.00  321.67   -1.67 (VIOLATED)
_755426_/A                            320.00  321.67   -1.67 (VIOLATED)
_765549_/A2                           320.00  321.66   -1.66 (VIOLATED)
_755102_/C                            320.00  321.66   -1.66 (VIOLATED)
_739675_/A                            320.00  321.65   -1.65 (VIOLATED)
_748772_/A                            320.00  321.65   -1.65 (VIOLATED)
_742251_/A                            320.00  321.64   -1.64 (VIOLATED)
_765544_/C                            320.00  321.63   -1.63 (VIOLATED)
_739686_/A                            320.00  321.62   -1.62 (VIOLATED)
_753644_/A1                           320.00  321.62   -1.62 (VIOLATED)
_760319_/A                            320.00  321.62   -1.62 (VIOLATED)
_716436_/C2                           320.00  321.61   -1.61 (VIOLATED)
_749160_/A1                           320.00  321.61   -1.61 (VIOLATED)
_757037_/A1                           320.00  321.60   -1.60 (VIOLATED)
_739833_/A                            320.00  321.60   -1.60 (VIOLATED)
_748448_/A1                           320.00  321.60   -1.60 (VIOLATED)
_750616_/B                            320.00  321.59   -1.59 (VIOLATED)
_743723_/A                            320.00  321.59   -1.59 (VIOLATED)
_742245_/A                            320.00  321.57   -1.57 (VIOLATED)
_802406_/A                            320.00  321.57   -1.57 (VIOLATED)
_504116_/A1                           320.00  321.56   -1.56 (VIOLATED)
_860064_/A                            320.00  321.56   -1.56 (VIOLATED)
_530010_/B                            320.00  321.56   -1.56 (VIOLATED)
_739673_/A                            320.00  321.55   -1.55 (VIOLATED)
_480858_/B                            320.00  321.55   -1.55 (VIOLATED)
_748011_/A                            320.00  321.55   -1.55 (VIOLATED)
_480838_/A1                           320.00  321.55   -1.55 (VIOLATED)
_611515_/B                            320.00  321.55   -1.55 (VIOLATED)
_748510_/B                            320.00  321.55   -1.55 (VIOLATED)
_480338_/A                            320.00  321.54   -1.54 (VIOLATED)
_742250_/A                            320.00  321.54   -1.54 (VIOLATED)
_747667_/Y                            320.00  321.53   -1.53 (VIOLATED)
_787233_/D                            320.00  321.53   -1.53 (VIOLATED)
_739911_/A                            320.00  321.52   -1.52 (VIOLATED)
_739825_/A                            320.00  321.52   -1.52 (VIOLATED)
_750831_/C                            320.00  321.52   -1.52 (VIOLATED)
_740809_/A                            320.00  321.52   -1.52 (VIOLATED)
_739319_/A                            320.00  321.51   -1.51 (VIOLATED)
place67246/A                          320.00  321.50   -1.50 (VIOLATED)
_743677_/A                            320.00  321.50   -1.50 (VIOLATED)
_739151_/B                            320.00  321.49   -1.49 (VIOLATED)
_742247_/A                            320.00  321.49   -1.49 (VIOLATED)
_649816_/A                            320.00  321.49   -1.49 (VIOLATED)
_621150_/A                            320.00  321.48   -1.48 (VIOLATED)
_750576_/A1                           320.00  321.47   -1.47 (VIOLATED)
place74434/A                          320.00  321.47   -1.47 (VIOLATED)
_756179_/C                            320.00  321.46   -1.46 (VIOLATED)
_752694_/A                            320.00  321.46   -1.46 (VIOLATED)
_755026_/B2                           320.00  321.45   -1.45 (VIOLATED)
_763441_/C                            320.00  321.45   -1.45 (VIOLATED)
place72682/A                          320.00  321.44   -1.44 (VIOLATED)
_760837_/A1                           320.00  321.43   -1.43 (VIOLATED)
_765521_/A2                           320.00  321.43   -1.43 (VIOLATED)
_739641_/A                            320.00  321.43   -1.43 (VIOLATED)
_759458_/A1                           320.00  321.42   -1.42 (VIOLATED)
_748442_/A                            320.00  321.42   -1.42 (VIOLATED)
_871278_/A                            320.00  321.41   -1.41 (VIOLATED)
wire18494/A                           320.00  321.41   -1.41 (VIOLATED)
_657325_/A                            320.00  321.40   -1.40 (VIOLATED)
_482494_/A                            320.00  321.40   -1.40 (VIOLATED)
_765512_/A2                           320.00  321.39   -1.39 (VIOLATED)
_649942_/A                            320.00  321.39   -1.39 (VIOLATED)
_741267_/A                            320.00  321.38   -1.38 (VIOLATED)
_739666_/A                            320.00  321.38   -1.38 (VIOLATED)
_764005_/A1                           320.00  321.36   -1.36 (VIOLATED)
_739831_/A                            320.00  321.36   -1.36 (VIOLATED)
_745552_/B                            320.00  321.33   -1.33 (VIOLATED)
_479388_/Y                            320.00  321.33   -1.33 (VIOLATED)
_719221_/B                            320.00  321.33   -1.33 (VIOLATED)
place72520/A                          320.00  321.33   -1.33 (VIOLATED)
_749619_/B                            320.00  321.32   -1.32 (VIOLATED)
_737418_/A                            320.00  321.32   -1.32 (VIOLATED)
_743673_/A                            320.00  321.31   -1.31 (VIOLATED)
_758924_/A1                           320.00  321.31   -1.31 (VIOLATED)
_755585_/A1                           320.00  321.31   -1.31 (VIOLATED)
_752853_/B                            320.00  321.31   -1.31 (VIOLATED)
_739629_/A                            320.00  321.30   -1.30 (VIOLATED)
_752911_/B2                           320.00  321.30   -1.30 (VIOLATED)
_760518_/B                            320.00  321.30   -1.30 (VIOLATED)
_743678_/A                            320.00  321.30   -1.30 (VIOLATED)
rdata_q[7119]$_DFFE_PP_/QN            320.00  321.26   -1.26 (VIOLATED)
_765510_/A2                           320.00  321.26   -1.26 (VIOLATED)
_749541_/B                            320.00  321.24   -1.24 (VIOLATED)
_768620_/A                            320.00  321.24   -1.24 (VIOLATED)
_580798_/A                            320.00  321.24   -1.24 (VIOLATED)
_737571_/B                            320.00  321.24   -1.24 (VIOLATED)
_751011_/B                            320.00  321.22   -1.22 (VIOLATED)
_480469_/B                            320.00  321.22   -1.22 (VIOLATED)
_642802_/A                            320.00  321.21   -1.21 (VIOLATED)
_748513_/A1                           320.00  321.21   -1.21 (VIOLATED)
_765791_/A1                           320.00  321.21   -1.21 (VIOLATED)
rdata_q[1909]$_DFFE_PP_/QN            320.00  321.19   -1.19 (VIOLATED)
place80446/A                          320.00  321.19   -1.19 (VIOLATED)
_759500_/A1                           320.00  321.18   -1.18 (VIOLATED)
_739630_/A                            320.00  321.17   -1.17 (VIOLATED)
_751145_/B                            320.00  321.17   -1.17 (VIOLATED)
_787840_/C                            320.00  321.17   -1.17 (VIOLATED)
_749626_/B                            320.00  321.16   -1.16 (VIOLATED)
_787929_/A1                           320.00  321.16   -1.16 (VIOLATED)
_480484_/A1                           320.00  321.15   -1.15 (VIOLATED)
_751803_/B                            320.00  321.15   -1.15 (VIOLATED)
_748373_/A                            320.00  321.14   -1.14 (VIOLATED)
_754820_/A                            320.00  321.14   -1.14 (VIOLATED)
_740765_/A                            320.00  321.14   -1.14 (VIOLATED)
_743935_/A                            320.00  321.13   -1.13 (VIOLATED)
_711914_/A                            320.00  321.13   -1.13 (VIOLATED)
_787930_/A                            320.00  321.13   -1.13 (VIOLATED)
_738569_/A                            320.00  321.10   -1.10 (VIOLATED)
_737595_/A                            320.00  321.09   -1.09 (VIOLATED)
_751947_/A1                           320.00  321.08   -1.08 (VIOLATED)
_753612_/B                            320.00  321.07   -1.07 (VIOLATED)
_740571_/A                            320.00  321.06   -1.06 (VIOLATED)
_755993_/B                            320.00  321.06   -1.06 (VIOLATED)
_738777_/B                            320.00  321.05   -1.05 (VIOLATED)
_743823_/A                            320.00  321.05   -1.05 (VIOLATED)
_649819_/A                            320.00  321.05   -1.05 (VIOLATED)
rdata_q[7643]$_DFFE_PP_/QN            320.00  321.04   -1.04 (VIOLATED)
_752837_/A1                           320.00  321.04   -1.04 (VIOLATED)
_696378_/B                            320.00  321.04   -1.04 (VIOLATED)
out_pix_data[52]$_DFFE_PN0P_/RESETN   320.00  321.04   -1.04 (VIOLATED)
_751750_/A1                           320.00  321.03   -1.03 (VIOLATED)
_740807_/A                            320.00  321.02   -1.02 (VIOLATED)
_758681_/A1                           320.00  321.02   -1.02 (VIOLATED)
_642803_/A                            320.00  321.01   -1.01 (VIOLATED)
_755131_/A                            320.00  321.01   -1.01 (VIOLATED)
_743471_/A                            320.00  321.00   -1.00 (VIOLATED)
_755142_/A                            320.00  320.99   -0.99 (VIOLATED)
rdata_q[6828]$_DFFE_PP_/QN            320.00  320.98   -0.98 (VIOLATED)
_766062_/A                            320.00  320.98   -0.98 (VIOLATED)
_753413_/B3                           320.00  320.97   -0.97 (VIOLATED)
rdata_q[7829]$_DFFE_PP_/QN            320.00  320.97   -0.97 (VIOLATED)
_743716_/A                            320.00  320.96   -0.96 (VIOLATED)
_765516_/B                            320.00  320.96   -0.96 (VIOLATED)
_766063_/A1                           320.00  320.95   -0.95 (VIOLATED)
_750991_/C                            320.00  320.94   -0.94 (VIOLATED)
_757253_/A1                           320.00  320.93   -0.93 (VIOLATED)
_614351_/B                            320.00  320.92   -0.92 (VIOLATED)
rdata_q[6787]$_DFFE_PP_/QN            320.00  320.92   -0.92 (VIOLATED)
_504108_/A                            320.00  320.91   -0.91 (VIOLATED)
place74027/A                          320.00  320.91   -0.91 (VIOLATED)
_740793_/A                            320.00  320.90   -0.90 (VIOLATED)
_754135_/C                            320.00  320.90   -0.90 (VIOLATED)
_748353_/A2                           320.00  320.89   -0.89 (VIOLATED)
_762204_/A                            320.00  320.89   -0.89 (VIOLATED)
_755919_/C                            320.00  320.89   -0.89 (VIOLATED)
rdata_q[6537]$_DFFE_PP_/QN            320.00  320.89   -0.89 (VIOLATED)
_486277_/B2                           320.00  320.89   -0.89 (VIOLATED)
_741685_/A                            320.00  320.88   -0.88 (VIOLATED)
_754906_/A                            320.00  320.88   -0.88 (VIOLATED)
_748357_/B                            320.00  320.87   -0.87 (VIOLATED)
_649943_/A                            320.00  320.87   -0.87 (VIOLATED)
_757838_/C1                           320.00  320.86   -0.86 (VIOLATED)
_755917_/C                            320.00  320.86   -0.86 (VIOLATED)
_765525_/B                            320.00  320.86   -0.86 (VIOLATED)
_765528_/A2                           320.00  320.85   -0.85 (VIOLATED)
_753487_/B                            320.00  320.85   -0.85 (VIOLATED)
_753486_/B                            320.00  320.85   -0.85 (VIOLATED)
_740647_/A                            320.00  320.84   -0.84 (VIOLATED)
_745821_/B                            320.00  320.83   -0.83 (VIOLATED)
rdata_q[6530]$_DFFE_PP_/QN            320.00  320.82   -0.82 (VIOLATED)
a_sym[20][7]$_DFFE_PN0P_/RESETN       320.00  320.82   -0.82 (VIOLATED)
_739714_/A                            320.00  320.82   -0.82 (VIOLATED)
_765453_/A                            320.00  320.82   -0.82 (VIOLATED)
_764238_/C                            320.00  320.80   -0.80 (VIOLATED)
_744510_/A                            320.00  320.80   -0.80 (VIOLATED)
_737049_/A                            320.00  320.80   -0.80 (VIOLATED)
_737455_/A                            320.00  320.79   -0.79 (VIOLATED)
_737620_/A                            320.00  320.79   -0.79 (VIOLATED)
_482545_/A                            320.00  320.78   -0.78 (VIOLATED)
_748351_/B                            320.00  320.78   -0.78 (VIOLATED)
_740543_/A                            320.00  320.78   -0.78 (VIOLATED)
_621875_/A                            320.00  320.77   -0.77 (VIOLATED)
rdata_q[3199]$_DFFE_PP_/QN            320.00  320.77   -0.77 (VIOLATED)
_657319_/A                            320.00  320.75   -0.75 (VIOLATED)
_765454_/A1                           320.00  320.75   -0.75 (VIOLATED)
_755492_/A                            320.00  320.75   -0.75 (VIOLATED)
_486307_/A1                           320.00  320.75   -0.75 (VIOLATED)
_743642_/A                            320.00  320.74   -0.74 (VIOLATED)
_743693_/A                            320.00  320.74   -0.74 (VIOLATED)
_771136_/B                            320.00  320.74   -0.74 (VIOLATED)
_748608_/C                            320.00  320.74   -0.74 (VIOLATED)
_759381_/A                            320.00  320.74   -0.74 (VIOLATED)
_753538_/A                            320.00  320.73   -0.73 (VIOLATED)
_743690_/A                            320.00  320.73   -0.73 (VIOLATED)
_762870_/A1                           320.00  320.72   -0.72 (VIOLATED)
_630910_/A                            320.00  320.72   -0.72 (VIOLATED)
_480486_/B                            320.00  320.72   -0.72 (VIOLATED)
_752052_/A1                           320.00  320.71   -0.71 (VIOLATED)
_584403_/A1                           320.00  320.70   -0.70 (VIOLATED)
_657320_/A                            320.00  320.69   -0.69 (VIOLATED)
_744509_/A                            320.00  320.69   -0.69 (VIOLATED)
_480543_/D                            320.00  320.69   -0.69 (VIOLATED)
_754121_/A                            320.00  320.68   -0.68 (VIOLATED)
_743697_/A                            320.00  320.68   -0.68 (VIOLATED)
_740832_/A                            320.00  320.67   -0.67 (VIOLATED)
_740610_/A                            320.00  320.65   -0.65 (VIOLATED)
part_q[36][16]$_DFFE_PP_/QN           320.00  320.65   -0.65 (VIOLATED)
rdata_q[5827]$_DFFE_PP_/QN            320.00  320.64   -0.64 (VIOLATED)
_754103_/B                            320.00  320.62   -0.62 (VIOLATED)
_768727_/A                            320.00  320.62   -0.62 (VIOLATED)
_740525_/A                            320.00  320.61   -0.61 (VIOLATED)
_769088_/Y                            320.00  320.61   -0.61 (VIOLATED)
_738616_/A                            320.00  320.60   -0.60 (VIOLATED)
_750575_/A                            320.00  320.60   -0.60 (VIOLATED)
_752771_/A1                           320.00  320.59   -0.59 (VIOLATED)
_740576_/A                            320.00  320.59   -0.59 (VIOLATED)
_751014_/B                            320.00  320.59   -0.59 (VIOLATED)
_480552_/D                            320.00  320.57   -0.57 (VIOLATED)
_538437_/B1                           320.00  320.57   -0.57 (VIOLATED)
_739660_/A                            320.00  320.56   -0.56 (VIOLATED)
_649822_/A                            320.00  320.55   -0.55 (VIOLATED)
_482454_/D                            320.00  320.53   -0.53 (VIOLATED)
_750487_/B                            320.00  320.53   -0.53 (VIOLATED)
_480621_/A                            320.00  320.52   -0.52 (VIOLATED)
_642804_/A                            320.00  320.52   -0.52 (VIOLATED)
_544452_/B2                           320.00  320.52   -0.52 (VIOLATED)
_749619_/C                            320.00  320.51   -0.51 (VIOLATED)
_740362_/B                            320.00  320.51   -0.51 (VIOLATED)
_504078_/B                            320.00  320.50   -0.50 (VIOLATED)
_756317_/A1                           320.00  320.49   -0.49 (VIOLATED)
_657321_/A                            320.00  320.49   -0.49 (VIOLATED)
_664221_/A                            320.00  320.48   -0.48 (VIOLATED)
_559665_/A1                           320.00  320.48   -0.48 (VIOLATED)
_758791_/A                            320.00  320.48   -0.48 (VIOLATED)
_745729_/B                            320.00  320.48   -0.48 (VIOLATED)
_764004_/A                            320.00  320.47   -0.47 (VIOLATED)
_762203_/A                            320.00  320.47   -0.47 (VIOLATED)
_764640_/B                            320.00  320.47   -0.47 (VIOLATED)
_482463_/D                            320.00  320.46   -0.46 (VIOLATED)
_741260_/A                            320.00  320.46   -0.46 (VIOLATED)
_756321_/B2                           320.00  320.45   -0.45 (VIOLATED)
place74240/A                          320.00  320.45   -0.45 (VIOLATED)
_743705_/A                            320.00  320.45   -0.45 (VIOLATED)
_649825_/A                            320.00  320.45   -0.45 (VIOLATED)
_740685_/A                            320.00  320.45   -0.45 (VIOLATED)
_740714_/A                            320.00  320.44   -0.44 (VIOLATED)
_486272_/A2                           320.00  320.43   -0.43 (VIOLATED)
_755926_/A1                           320.00  320.42   -0.42 (VIOLATED)
_671578_/A                            320.00  320.42   -0.42 (VIOLATED)
_752029_/B2                           320.00  320.42   -0.42 (VIOLATED)
_671584_/A                            320.00  320.42   -0.42 (VIOLATED)
_748410_/D                            320.00  320.41   -0.41 (VIOLATED)
_748417_/A2                           320.00  320.41   -0.41 (VIOLATED)
_482434_/A                            320.00  320.41   -0.41 (VIOLATED)
_497031_/A1                           320.00  320.41   -0.41 (VIOLATED)
_740823_/A                            320.00  320.39   -0.39 (VIOLATED)
_740665_/A                            320.00  320.39   -0.39 (VIOLATED)
_752627_/A1                           320.00  320.39   -0.39 (VIOLATED)
_750488_/D                            320.00  320.39   -0.39 (VIOLATED)
_739306_/A                            320.00  320.38   -0.38 (VIOLATED)
_763707_/C                            320.00  320.38   -0.38 (VIOLATED)
_740805_/A                            320.00  320.37   -0.37 (VIOLATED)
place75156/A                          320.00  320.37   -0.37 (VIOLATED)
_752097_/C                            320.00  320.37   -0.37 (VIOLATED)
_750372_/B                            320.00  320.37   -0.37 (VIOLATED)
_740750_/A                            320.00  320.37   -0.37 (VIOLATED)
_758878_/A                            320.00  320.36   -0.36 (VIOLATED)
_737582_/A                            320.00  320.36   -0.36 (VIOLATED)
_788039_/A                            320.00  320.36   -0.36 (VIOLATED)
_739642_/A                            320.00  320.35   -0.35 (VIOLATED)
place73481/A                          320.00  320.35   -0.35 (VIOLATED)
_754176_/A2                           320.00  320.34   -0.34 (VIOLATED)
_740752_/A                            320.00  320.34   -0.34 (VIOLATED)
_749152_/A1                           320.00  320.34   -0.34 (VIOLATED)
_742481_/B                            320.00  320.34   -0.34 (VIOLATED)
_740065_/B                            320.00  320.33   -0.33 (VIOLATED)
_750474_/A                            320.00  320.33   -0.33 (VIOLATED)
_757103_/C                            320.00  320.33   -0.33 (VIOLATED)
_740758_/A                            320.00  320.32   -0.32 (VIOLATED)
_763368_/A                            320.00  320.32   -0.32 (VIOLATED)
_671590_/A                            320.00  320.32   -0.32 (VIOLATED)
_740788_/A                            320.00  320.30   -0.30 (VIOLATED)
_797424_/B                            320.00  320.30   -0.30 (VIOLATED)
_763369_/A1                           320.00  320.30   -0.30 (VIOLATED)
_745290_/A                            320.00  320.29   -0.29 (VIOLATED)
_745253_/A                            320.00  320.29   -0.29 (VIOLATED)
_740688_/A                            320.00  320.28   -0.28 (VIOLATED)
_740779_/A                            320.00  320.28   -0.28 (VIOLATED)
_480137_/B                            320.00  320.27   -0.27 (VIOLATED)
_756635_/A1                           320.00  320.27   -0.27 (VIOLATED)
_765444_/C                            320.00  320.26   -0.26 (VIOLATED)
_502974_/A                            320.00  320.26   -0.26 (VIOLATED)
_480434_/D                            320.00  320.25   -0.25 (VIOLATED)
_763365_/A                            320.00  320.25   -0.25 (VIOLATED)
_671581_/A                            320.00  320.23   -0.23 (VIOLATED)
_523077_/B2                           320.00  320.23   -0.23 (VIOLATED)
_740785_/A                            320.00  320.23   -0.23 (VIOLATED)
_482408_/D                            320.00  320.21   -0.21 (VIOLATED)
place73409/A                          320.00  320.21   -0.21 (VIOLATED)
_740749_/A                            320.00  320.21   -0.21 (VIOLATED)
_764139_/A1                           320.00  320.20   -0.20 (VIOLATED)
_744262_/A                            320.00  320.20   -0.20 (VIOLATED)
_740799_/A                            320.00  320.20   -0.20 (VIOLATED)
_740770_/A                            320.00  320.20   -0.20 (VIOLATED)
_832295_/CI                           320.00  320.19   -0.19 (VIOLATED)
_487387_/B                            320.00  320.19   -0.19 (VIOLATED)
place75013/A                          320.00  320.19   -0.19 (VIOLATED)
_752716_/A2                           320.00  320.19   -0.19 (VIOLATED)
_753663_/B                            320.00  320.19   -0.19 (VIOLATED)
_745258_/A                            320.00  320.18   -0.18 (VIOLATED)
_740716_/A                            320.00  320.18   -0.18 (VIOLATED)
_743876_/A                            320.00  320.17   -0.17 (VIOLATED)
_754191_/B                            320.00  320.17   -0.17 (VIOLATED)
_743688_/A                            320.00  320.15   -0.15 (VIOLATED)
rdata_q[2940]$_DFFE_PP_/QN            320.00  320.15   -0.15 (VIOLATED)
_752009_/B                            320.00  320.15   -0.15 (VIOLATED)
_758872_/C                            320.00  320.14   -0.14 (VIOLATED)
place72595/A                          320.00  320.14   -0.14 (VIOLATED)
_649944_/A                            320.00  320.14   -0.14 (VIOLATED)
_740658_/A                            320.00  320.14   -0.14 (VIOLATED)
_749626_/C                            320.00  320.14   -0.14 (VIOLATED)
_752630_/B                            320.00  320.13   -0.13 (VIOLATED)
_755027_/D                            320.00  320.13   -0.13 (VIOLATED)
_671575_/A                            320.00  320.13   -0.13 (VIOLATED)
_750770_/A                            320.00  320.12   -0.12 (VIOLATED)
_752952_/B2                           320.00  320.11   -0.11 (VIOLATED)
part_q[57][19]$_DFFE_PP_/QN           320.00  320.11   -0.11 (VIOLATED)
_739158_/B                            320.00  320.10   -0.10 (VIOLATED)
_676663_/A                            320.00  320.09   -0.09 (VIOLATED)
_502972_/A                            320.00  320.09   -0.09 (VIOLATED)
_686611_/B                            320.00  320.08   -0.08 (VIOLATED)
_763366_/A1                           320.00  320.08   -0.08 (VIOLATED)
_753644_/A2                           320.00  320.08   -0.08 (VIOLATED)
_763847_/A                            320.00  320.08   -0.08 (VIOLATED)
_671596_/A                            320.00  320.08   -0.08 (VIOLATED)
_747985_/A                            320.00  320.07   -0.07 (VIOLATED)
_764633_/A                            320.00  320.06   -0.06 (VIOLATED)
_713506_/B                            320.00  320.06   -0.06 (VIOLATED)
_671593_/A                            320.00  320.05   -0.05 (VIOLATED)
_766049_/C                            320.00  320.05   -0.05 (VIOLATED)
_787909_/C                            320.00  320.05   -0.05 (VIOLATED)
_748017_/B                            320.00  320.04   -0.04 (VIOLATED)
_787939_/A                            320.00  320.04   -0.04 (VIOLATED)
_754112_/A1                           320.00  320.04   -0.04 (VIOLATED)
_740826_/A                            320.00  320.04   -0.04 (VIOLATED)
_787947_/A1                           320.00  320.03   -0.03 (VIOLATED)
_787906_/C                            320.00  320.03   -0.03 (VIOLATED)
_738674_/A                            320.00  320.03   -0.03 (VIOLATED)
_760474_/A1                           320.00  320.03   -0.03 (VIOLATED)
_745423_/A                            320.00  320.03   -0.03 (VIOLATED)
_763545_/A1                           320.00  320.02   -0.02 (VIOLATED)
_513016_/A1                           320.00  320.02   -0.02 (VIOLATED)
_787581_/A1                           320.00  320.01   -0.01 (VIOLATED)
place67137/A                          320.00  320.00   -0.00 (VIOLATED)
_787683_/C                            320.00  320.00   -0.00 (VIOLATED)
place73678/A                          320.00  320.00   -0.00 (VIOLATED)

==== SS_clock_checks ====
Group                                  Slack
--------------------------------------------
No paths found.

==== SS_skew_setup ====
Clock core_clock
 990.01 source latency icnt[0]$_DFF_PN0_/CLK ^
-325.75 target latency _788069_/CLK ^
 150.00 clock uncertainty
  -1.70 CRPR
--------------
 812.56 setup skew

Clock vclk_core_clock
No launch/capture paths found.

Clock vclk_mem
No launch/capture paths found.

==== SS_skew_hold ====
Clock core_clock
 969.18 source latency icnt[0]$_DFF_PN0_/CLK ^
-336.15 target latency _788069_/CLK ^
 -30.00 clock uncertainty
  -1.70 CRPR
--------------
 601.33 hold skew

Clock vclk_core_clock
No launch/capture paths found.

Clock vclk_mem
No launch/capture paths found.

==== endpoint_enumeration ====
reg_data_pins  23399
reg_clk_pins   20985
all_ports      16873
==== DONE_MARKER ====
