Warning 1212: /root/ORFS/flow/platforms/asap7/lib/NLDM/asap7sc7p5t_SIMPLE_RVT_TT_nldm_211120.lib.gz line 13178, timing group from output port.
Warning 1212: /root/ORFS/flow/platforms/asap7/lib/NLDM/asap7sc7p5t_SIMPLE_RVT_TT_nldm_211120.lib.gz line 13211, timing group from output port.
Warning 1212: /root/ORFS/flow/platforms/asap7/lib/NLDM/asap7sc7p5t_SIMPLE_RVT_TT_nldm_211120.lib.gz line 13244, timing group from output port.
Warning 1212: /root/ORFS/flow/platforms/asap7/lib/NLDM/asap7sc7p5t_SIMPLE_RVT_TT_nldm_211120.lib.gz line 13277, timing group from output port.
Warning 1212: /root/ORFS/flow/platforms/asap7/lib/NLDM/asap7sc7p5t_SIMPLE_RVT_TT_nldm_211120.lib.gz line 13310, timing group from output port.
Warning 1212: /root/ORFS/flow/platforms/asap7/lib/NLDM/asap7sc7p5t_SIMPLE_RVT_TT_nldm_211120.lib.gz line 13343, timing group from output port.
Warning 1212: /root/ORFS/flow/platforms/asap7/lib/NLDM/asap7sc7p5t_SIMPLE_RVT_TT_nldm_211120.lib.gz line 13376, timing group from output port.
Warning 1212: /root/ORFS/flow/platforms/asap7/lib/NLDM/asap7sc7p5t_SIMPLE_RVT_TT_nldm_211120.lib.gz line 14772, timing group from output port.
Warning 1212: /root/ORFS/flow/platforms/asap7/lib/NLDM/asap7sc7p5t_SIMPLE_RVT_TT_nldm_211120.lib.gz line 14805, timing group from output port.
Warning 1212: /root/ORFS/flow/platforms/asap7/lib/NLDM/asap7sc7p5t_SIMPLE_RVT_TT_nldm_211120.lib.gz line 14838, timing group from output port.
==== TT_setup_ws ====
worst slack max -401.67
==== TT_setup_tns ====
tns max -974290.88
==== TT_hold_ws ====
worst slack min 52.80
==== TT_hold_tns ====
tns min 0.00
==== TT_worst_setup_path ====
max_delay/setup group core_clock

                                     Required  Actual
Endpoint                               Delay   Delay   Slack
------------------------------------------------------------
c_fut[159]$_DFF_P_/D (DFFHQNx1_ASAP7_75t_R) 1530.38 1932.05 -401.67 (VIOLATED)

max_delay/setup group vclk_core_clock

                                     Required  Actual
Endpoint                               Delay   Delay   Slack
------------------------------------------------------------
out_pix_data[144] (output)           1600.00 1114.92  485.08 (MET)

max_delay/setup group vclk_mem

                                     Required  Actual
Endpoint                               Delay   Delay   Slack
------------------------------------------------------------
mem_wdata[872] (output)              1700.00 1769.50  -69.50 (VIOLATED)

==== TT_worst_hold_path ====
min_delay/hold group core_clock

                                     Required  Actual
Endpoint                               Delay   Delay   Slack
------------------------------------------------------------
out_pix_data[83]$_DFFE_PN0P_/D (DFFASRHQNx1_ASAP7_75t_R)  687.99  740.80   52.80 (MET)

min_delay/hold group vclk_core_clock

                                     Required  Actual
Endpoint                               Delay   Delay   Slack
------------------------------------------------------------
out_pix_data[118] (output)            300.00  765.63  465.63 (MET)

min_delay/hold group vclk_mem

                                     Required  Actual
Endpoint                               Delay   Delay   Slack
------------------------------------------------------------
mem_ce[48] (output)                   300.00  779.26  479.26 (MET)

==== TT_drv ====
max slew

Pin                                    Limit    Slew   Slack
------------------------------------------------------------
_788074_/SE                           320.00  655.66 -335.66 (VIOLATED)
place74327/A                          320.00  513.92 -193.92 (VIOLATED)
_739172_/B                            320.00  511.97 -191.97 (VIOLATED)
_556000_/A1                           320.00  489.12 -169.12 (VIOLATED)
_506046_/A1                           320.00  489.05 -169.05 (VIOLATED)
_554505_/A1                           320.00  489.03 -169.03 (VIOLATED)
_554504_/A                            320.00  489.01 -169.01 (VIOLATED)
_757823_/B                            320.00  489.00 -169.00 (VIOLATED)
_554501_/B                            320.00  488.99 -168.99 (VIOLATED)
_554503_/A1                           320.00  488.92 -168.92 (VIOLATED)
_522575_/A                            320.00  488.88 -168.88 (VIOLATED)
_759999_/A1                           320.00  488.78 -168.78 (VIOLATED)
_757308_/A1                           320.00  488.76 -168.76 (VIOLATED)
_759870_/A                            320.00  488.57 -168.57 (VIOLATED)
_480416_/A1                           320.00  488.48 -168.48 (VIOLATED)
_486253_/A1                           320.00  488.20 -168.20 (VIOLATED)
_755850_/A                            320.00  488.09 -168.09 (VIOLATED)
_759996_/B                            320.00  487.41 -167.41 (VIOLATED)
_759992_/A                            320.00  486.88 -166.88 (VIOLATED)
_759993_/A1                           320.00  486.59 -166.59 (VIOLATED)
_759354_/A                            320.00  486.28 -166.28 (VIOLATED)
_759486_/A                            320.00  485.97 -165.97 (VIOLATED)
_756252_/A1                           320.00  485.06 -165.06 (VIOLATED)
_758561_/A                            320.00  481.62 -161.62 (VIOLATED)
_757811_/A                            320.00  481.51 -161.51 (VIOLATED)
_759234_/A1                           320.00  481.49 -161.49 (VIOLATED)
_745554_/B                            320.00  481.31 -161.31 (VIOLATED)
_759742_/A2                           320.00  479.66 -159.66 (VIOLATED)
_745731_/B                            320.00  479.51 -159.51 (VIOLATED)
_544457_/A1                           320.00  479.47 -159.47 (VIOLATED)
_526517_/A1                           320.00  479.37 -159.37 (VIOLATED)
_683663_/A                            320.00  478.67 -158.67 (VIOLATED)
_635147_/A1                           320.00  478.24 -158.24 (VIOLATED)
_711912_/A                            320.00  477.78 -157.78 (VIOLATED)
_640545_/B                            320.00  477.28 -157.28 (VIOLATED)
_554499_/A1                           320.00  476.05 -156.05 (VIOLATED)
_490839_/A1                           320.00  475.95 -155.95 (VIOLATED)
_760276_/B                            320.00  474.13 -154.13 (VIOLATED)
_758276_/B                            320.00  473.90 -153.90 (VIOLATED)
_753604_/A                            320.00  468.77 -148.77 (VIOLATED)
_737786_/B                            320.00  463.35 -143.35 (VIOLATED)
_737282_/B                            320.00  463.33 -143.33 (VIOLATED)
_737609_/B                            320.00  462.26 -142.26 (VIOLATED)
_737963_/B                            320.00  460.16 -140.16 (VIOLATED)
_745595_/B                            320.00  459.54 -139.54 (VIOLATED)
place73915/A                          320.00  459.54 -139.54 (VIOLATED)
_775906_/A                            320.00  459.22 -139.22 (VIOLATED)
_754333_/A1                           320.00  458.92 -138.92 (VIOLATED)
_758434_/A                            320.00  458.82 -138.82 (VIOLATED)
_685586_/A                            320.00  458.48 -138.48 (VIOLATED)
_738140_/B                            320.00  458.02 -138.02 (VIOLATED)
_746374_/B                            320.00  456.59 -136.59 (VIOLATED)
_528260_/A                            320.00  455.33 -135.33 (VIOLATED)
_760523_/A                            320.00  455.21 -135.21 (VIOLATED)
_754318_/A1                           320.00  454.94 -134.94 (VIOLATED)
_787662_/A1                           320.00  454.87 -134.87 (VIOLATED)
_787588_/A                            320.00  454.87 -134.87 (VIOLATED)
_787661_/A                            320.00  454.83 -134.83 (VIOLATED)
_787591_/A                            320.00  454.80 -134.80 (VIOLATED)
_787589_/A1                           320.00  454.79 -134.79 (VIOLATED)
_787592_/A1                           320.00  454.50 -134.50 (VIOLATED)
_759614_/A                            320.00  454.30 -134.30 (VIOLATED)
_754965_/A                            320.00  453.98 -133.98 (VIOLATED)
_787668_/A                            320.00  453.36 -133.36 (VIOLATED)
_787669_/A1                           320.00  453.21 -133.21 (VIOLATED)
_787598_/A                            320.00  452.79 -132.79 (VIOLATED)
_750694_/C                            320.00  452.73 -132.73 (VIOLATED)
place74538/A                          320.00  452.26 -132.26 (VIOLATED)
_787596_/A1                           320.00  452.23 -132.23 (VIOLATED)
_754955_/A                            320.00  452.20 -132.20 (VIOLATED)
_787599_/A1                           320.00  452.17 -132.17 (VIOLATED)
_787595_/A                            320.00  452.09 -132.09 (VIOLATED)
place75210/A                          320.00  451.47 -131.47 (VIOLATED)
_742390_/B                            320.00  450.61 -130.61 (VIOLATED)
_763097_/B                            320.00  446.99 -126.99 (VIOLATED)
_764246_/A1                           320.00  445.93 -125.93 (VIOLATED)
_743689_/B                            320.00  445.92 -125.92 (VIOLATED)
_764245_/A                            320.00  445.42 -125.42 (VIOLATED)
_764243_/A                            320.00  444.01 -124.01 (VIOLATED)
_763460_/A                            320.00  443.94 -123.94 (VIOLATED)
_764244_/A1                           320.00  443.89 -123.89 (VIOLATED)
_763463_/A1                           320.00  443.68 -123.68 (VIOLATED)
_738671_/B                            320.00  442.14 -122.14 (VIOLATED)
_756574_/A                            320.00  440.36 -120.36 (VIOLATED)
_740110_/B                            320.00  439.16 -119.16 (VIOLATED)
place74772/A                          320.00  439.15 -119.15 (VIOLATED)
_745542_/B                            320.00  438.64 -118.64 (VIOLATED)
_764249_/A1                           320.00  438.53 -118.53 (VIOLATED)
_745719_/B                            320.00  437.82 -117.82 (VIOLATED)
_764248_/A                            320.00  437.27 -117.27 (VIOLATED)
_763466_/A                            320.00  436.16 -116.16 (VIOLATED)
_868158_/A                            320.00  435.26 -115.25 (VIOLATED)
_764250_/A                            320.00  435.24 -115.24 (VIOLATED)
_764251_/A1                           320.00  434.27 -114.27 (VIOLATED)
_748232_/A                            320.00  432.81 -112.81 (VIOLATED)
_751700_/A1                           320.00  432.68 -112.68 (VIOLATED)
_763467_/A1                           320.00  432.56 -112.56 (VIOLATED)
_751697_/A                            320.00  431.90 -111.90 (VIOLATED)
_754855_/A1                           320.00  431.41 -111.41 (VIOLATED)
_753461_/A1                           320.00  430.78 -110.78 (VIOLATED)
_754370_/B1                           320.00  430.28 -110.28 (VIOLATED)
place74624/A                          320.00  429.59 -109.59 (VIOLATED)
_741178_/B                            320.00  429.10 -109.10 (VIOLATED)
_751667_/A                            320.00  428.92 -108.92 (VIOLATED)
place73680/A                          320.00  428.68 -108.68 (VIOLATED)
_743540_/B                            320.00  428.66 -108.66 (VIOLATED)
_763437_/A1                           320.00  428.58 -108.58 (VIOLATED)
_754838_/A                            320.00  426.90 -106.90 (VIOLATED)
place75202/A                          320.00  426.56 -106.56 (VIOLATED)
place74371/A                          320.00  425.37 -105.37 (VIOLATED)
place75092/A                          320.00  425.17 -105.17 (VIOLATED)
_764237_/A                            320.00  424.99 -104.99 (VIOLATED)
_754847_/A                            320.00  424.70 -104.70 (VIOLATED)
_748158_/A                            320.00  424.18 -104.18 (VIOLATED)
_757819_/A1                           320.00  423.95 -103.95 (VIOLATED)
_743951_/B                            320.00  423.67 -103.67 (VIOLATED)
_764238_/A1                           320.00  423.67 -103.67 (VIOLATED)
_585132_/A                            320.00  422.77 -102.77 (VIOLATED)
place73673/A                          320.00  422.55 -102.55 (VIOLATED)
_751660_/A                            320.00  422.48 -102.48 (VIOLATED)
_764240_/A1                           320.00  422.33 -102.33 (VIOLATED)
_764239_/A                            320.00  421.96 -101.96 (VIOLATED)
_743679_/B                            320.00  421.85 -101.85 (VIOLATED)
_739538_/B                            320.00  421.19 -101.19 (VIOLATED)
_748191_/A                            320.00  420.84 -100.84 (VIOLATED)
_763436_/A                            320.00  419.84  -99.84 (VIOLATED)
_745556_/B                            320.00  419.76  -99.76 (VIOLATED)
_756592_/C                            320.00  419.65  -99.65 (VIOLATED)
_754132_/A                            320.00  418.65  -98.65 (VIOLATED)
_745733_/B                            320.00  418.51  -98.51 (VIOLATED)
place75201/A                          320.00  417.95  -97.95 (VIOLATED)
place73674/A                          320.00  417.50  -97.50 (VIOLATED)
_737052_/A                            320.00  417.43  -97.43 (VIOLATED)
_754830_/A                            320.00  417.05  -97.05 (VIOLATED)
_745555_/B                            320.00  416.92  -96.92 (VIOLATED)
place74631/A                          320.00  416.86  -96.86 (VIOLATED)
place73656/A                          320.00  416.82  -96.82 (VIOLATED)
_745599_/B                            320.00  416.76  -96.76 (VIOLATED)
place73164/A                          320.00  416.30  -96.30 (VIOLATED)
in_data_q[106]$_DFFE_PN0P_/QN         320.00  416.10  -96.10 (VIOLATED)
_762199_/A                            320.00  415.36  -95.36 (VIOLATED)
_739932_/A                            320.00  415.32  -95.32 (VIOLATED)
_739942_/A                            320.00  415.13  -95.13 (VIOLATED)
in_data_q[80]$_DFFE_PN0P_/QN          320.00  415.09  -95.09 (VIOLATED)
_739348_/B                            320.00  414.87  -94.87 (VIOLATED)
_745732_/B                            320.00  414.62  -94.62 (VIOLATED)
_743290_/A                            320.00  414.53  -94.53 (VIOLATED)
_745524_/B                            320.00  414.52  -94.52 (VIOLATED)
_743446_/A                            320.00  414.48  -94.48 (VIOLATED)
_744246_/B                            320.00  414.45  -94.45 (VIOLATED)
_576794_/A                            320.00  414.41  -94.41 (VIOLATED)
_739919_/A                            320.00  414.35  -94.35 (VIOLATED)
_743315_/A                            320.00  414.30  -94.30 (VIOLATED)
_743296_/A                            320.00  414.04  -94.04 (VIOLATED)
_739946_/A                            320.00  413.87  -93.87 (VIOLATED)
_743308_/A                            320.00  413.80  -93.80 (VIOLATED)
_743299_/A                            320.00  413.76  -93.76 (VIOLATED)
_745701_/B                            320.00  413.61  -93.61 (VIOLATED)
_743326_/A                            320.00  413.51  -93.51 (VIOLATED)
_751676_/A                            320.00  413.35  -93.35 (VIOLATED)
_760218_/A1                           320.00  413.06  -93.06 (VIOLATED)
_743344_/A                            320.00  412.58  -92.58 (VIOLATED)
_743325_/A                            320.00  412.42  -92.42 (VIOLATED)
_743292_/A                            320.00  412.23  -92.23 (VIOLATED)
_754108_/A1                           320.00  411.42  -91.42 (VIOLATED)
_755414_/A1                           320.00  411.35  -91.35 (VIOLATED)
_743317_/A                            320.00  411.26  -91.26 (VIOLATED)
_754840_/A1                           320.00  411.26  -91.26 (VIOLATED)
_748121_/A1                           320.00  411.25  -91.25 (VIOLATED)
_737808_/B                            320.00  411.18  -91.18 (VIOLATED)
_743440_/A                            320.00  411.02  -91.02 (VIOLATED)
_743302_/A                            320.00  410.98  -90.98 (VIOLATED)
_743363_/A                            320.00  410.90  -90.90 (VIOLATED)
_758879_/A1                           320.00  410.69  -90.69 (VIOLATED)
_753448_/A1                           320.00  410.63  -90.63 (VIOLATED)
_748133_/A                            320.00  410.62  -90.62 (VIOLATED)
place75086/A                          320.00  410.50  -90.50 (VIOLATED)
_754111_/A                            320.00  410.48  -90.48 (VIOLATED)
_754842_/A                            320.00  410.46  -90.46 (VIOLATED)
_752676_/A1                           320.00  410.37  -90.37 (VIOLATED)
_743443_/A                            320.00  410.30  -90.30 (VIOLATED)
_754130_/A1                           320.00  410.26  -90.26 (VIOLATED)
_753476_/A1                           320.00  410.22  -90.22 (VIOLATED)
_758770_/A                            320.00  409.81  -89.81 (VIOLATED)
_758771_/A1                           320.00  409.81  -89.81 (VIOLATED)
_758776_/A1                           320.00  409.73  -89.73 (VIOLATED)
_737631_/B                            320.00  409.66  -89.66 (VIOLATED)
_743450_/A                            320.00  409.60  -89.60 (VIOLATED)
_751681_/C                            320.00  409.24  -89.24 (VIOLATED)
_758775_/A                            320.00  409.08  -89.08 (VIOLATED)
_750443_/A1                           320.00  408.92  -88.92 (VIOLATED)
_755785_/A1                           320.00  408.86  -88.86 (VIOLATED)
_755784_/A                            320.00  408.82  -88.82 (VIOLATED)
_743451_/A                            320.00  408.82  -88.82 (VIOLATED)
_739134_/B                            320.00  408.81  -88.81 (VIOLATED)
_759463_/A1                           320.00  408.79  -88.79 (VIOLATED)
_737364_/B                            320.00  408.73  -88.73 (VIOLATED)
_752682_/A1                           320.00  408.66  -88.66 (VIOLATED)
_758569_/A                            320.00  408.66  -88.66 (VIOLATED)
_745553_/B                            320.00  408.63  -88.63 (VIOLATED)
_758245_/A                            320.00  408.62  -88.62 (VIOLATED)
_751713_/A                            320.00  408.50  -88.50 (VIOLATED)
_758777_/A1                           320.00  408.50  -88.50 (VIOLATED)
_748321_/A1                           320.00  408.43  -88.43 (VIOLATED)
_751707_/A1                           320.00  408.42  -88.42 (VIOLATED)
_745588_/B                            320.00  408.40  -88.40 (VIOLATED)
_754126_/A                            320.00  408.38  -88.38 (VIOLATED)
_752700_/A1                           320.00  408.31  -88.31 (VIOLATED)
place73937/A                          320.00  408.22  -88.22 (VIOLATED)
_760668_/A1                           320.00  407.95  -87.95 (VIOLATED)
_753454_/A                            320.00  407.77  -87.77 (VIOLATED)
_745730_/B                            320.00  407.65  -87.65 (VIOLATED)
_758675_/A                            320.00  407.61  -87.61 (VIOLATED)
_760667_/C                            320.00  407.41  -87.41 (VIOLATED)
place75085/A                          320.00  407.25  -87.25 (VIOLATED)
_788013_/A                            320.00  407.07  -87.07 (VIOLATED)
_754538_/A1                           320.00  406.66  -86.66 (VIOLATED)
_745579_/B                            320.00  406.61  -86.61 (VIOLATED)
_741042_/B                            320.00  406.61  -86.61 (VIOLATED)
_760722_/C                            320.00  406.58  -86.58 (VIOLATED)
_754530_/A                            320.00  406.55  -86.55 (VIOLATED)
_743382_/A                            320.00  406.21  -86.21 (VIOLATED)
_739361_/B                            320.00  405.83  -85.83 (VIOLATED)
_755997_/A                            320.00  405.75  -85.75 (VIOLATED)
_640549_/A1                           320.00  405.26  -85.26 (VIOLATED)
_538485_/A1                           320.00  405.24  -85.24 (VIOLATED)
_538478_/A1                           320.00  405.20  -85.20 (VIOLATED)
_759208_/A1                           320.00  404.97  -84.97 (VIOLATED)
_745526_/B                            320.00  404.91  -84.91 (VIOLATED)
_743303_/A                            320.00  404.89  -84.89 (VIOLATED)
_523147_/A1                           320.00  404.84  -84.84 (VIOLATED)
in_data_q[115]$_DFFE_PN0P_/QN         320.00  404.82  -84.82 (VIOLATED)
_758411_/A                            320.00  404.79  -84.79 (VIOLATED)
_756377_/A                            320.00  404.79  -84.79 (VIOLATED)
_526569_/A                            320.00  404.74  -84.74 (VIOLATED)
_758886_/A                            320.00  404.73  -84.73 (VIOLATED)
_758887_/A1                           320.00  404.69  -84.69 (VIOLATED)
_743385_/A                            320.00  404.63  -84.63 (VIOLATED)
_743431_/A                            320.00  404.62  -84.62 (VIOLATED)
_743435_/A                            320.00  404.61  -84.61 (VIOLATED)
_743447_/A                            320.00  404.58  -84.58 (VIOLATED)
_753481_/C                            320.00  404.54  -84.54 (VIOLATED)
_538484_/A                            320.00  404.54  -84.54 (VIOLATED)
_560191_/A1                           320.00  404.54  -84.54 (VIOLATED)
_752721_/A1                           320.00  404.50  -84.50 (VIOLATED)
_753453_/A1                           320.00  404.50  -84.50 (VIOLATED)
_751775_/C                            320.00  404.50  -84.50 (VIOLATED)
_758545_/A1                           320.00  404.47  -84.47 (VIOLATED)
_752035_/B                            320.00  404.42  -84.42 (VIOLATED)
_749207_/B                            320.00  404.40  -84.40 (VIOLATED)
_750875_/A                            320.00  404.40  -84.40 (VIOLATED)
_758881_/A1                           320.00  404.39  -84.39 (VIOLATED)
_752034_/A                            320.00  404.38  -84.38 (VIOLATED)
_743449_/A                            320.00  404.37  -84.37 (VIOLATED)
_753510_/C                            320.00  404.37  -84.37 (VIOLATED)
_752761_/A1                           320.00  404.33  -84.33 (VIOLATED)
_754852_/A1                           320.00  404.31  -84.31 (VIOLATED)
_750876_/A                            320.00  404.31  -84.31 (VIOLATED)
_754429_/B                            320.00  404.31  -84.31 (VIOLATED)
_758682_/A                            320.00  404.29  -84.29 (VIOLATED)
_752735_/B                            320.00  404.26  -84.26 (VIOLATED)
_743351_/A                            320.00  404.26  -84.26 (VIOLATED)
_749193_/B                            320.00  404.26  -84.26 (VIOLATED)
_758785_/A                            320.00  404.25  -84.25 (VIOLATED)
_759630_/A1                           320.00  404.25  -84.25 (VIOLATED)
_749203_/B                            320.00  404.21  -84.21 (VIOLATED)
_761201_/A1                           320.00  404.20  -84.20 (VIOLATED)
_754275_/A1                           320.00  404.09  -84.09 (VIOLATED)
_764232_/A                            320.00  404.02  -84.02 (VIOLATED)
_749201_/B                            320.00  404.01  -84.01 (VIOLATED)
place74200/A                          320.00  404.00  -84.00 (VIOLATED)
_751782_/A                            320.00  404.00  -84.00 (VIOLATED)
_743433_/A                            320.00  403.96  -83.96 (VIOLATED)
_749211_/A                            320.00  403.92  -83.92 (VIOLATED)
_754207_/A                            320.00  403.88  -83.88 (VIOLATED)
_749645_/B                            320.00  403.87  -83.87 (VIOLATED)
_763449_/A                            320.00  403.81  -83.81 (VIOLATED)
_526566_/C                            320.00  403.79  -83.79 (VIOLATED)
_754851_/B                            320.00  403.78  -83.78 (VIOLATED)
_740829_/A                            320.00  403.73  -83.73 (VIOLATED)
_740677_/A                            320.00  403.70  -83.70 (VIOLATED)
_764233_/A1                           320.00  403.57  -83.57 (VIOLATED)
_754123_/A                            320.00  403.54  -83.54 (VIOLATED)
_749189_/A                            320.00  403.44  -83.44 (VIOLATED)
_740728_/A                            320.00  403.43  -83.43 (VIOLATED)
_740702_/A                            320.00  403.38  -83.38 (VIOLATED)
_745703_/B                            320.00  403.38  -83.38 (VIOLATED)
_743448_/A                            320.00  403.34  -83.34 (VIOLATED)
place74627/A                          320.00  403.31  -83.31 (VIOLATED)
_750570_/A1                           320.00  403.29  -83.29 (VIOLATED)
place73649/A                          320.00  403.28  -83.28 (VIOLATED)
_763451_/A1                           320.00  403.22  -83.22 (VIOLATED)
_749283_/B                            320.00  403.20  -83.20 (VIOLATED)
place74955/A                          320.00  403.20  -83.20 (VIOLATED)
_760191_/A                            320.00  403.16  -83.16 (VIOLATED)
_751123_/B                            320.00  403.11  -83.11 (VIOLATED)
_544469_/A                            320.00  403.05  -83.05 (VIOLATED)
_740719_/A                            320.00  403.04  -83.04 (VIOLATED)
_768724_/A                            320.00  402.99  -82.99 (VIOLATED)
place74161/A                          320.00  402.96  -82.96 (VIOLATED)
_711926_/B                            320.00  402.91  -82.91 (VIOLATED)
_740818_/A                            320.00  402.83  -82.83 (VIOLATED)
_740700_/A                            320.00  402.75  -82.75 (VIOLATED)
_750924_/B                            320.00  402.73  -82.73 (VIOLATED)
_763447_/A1                           320.00  402.69  -82.69 (VIOLATED)
_743436_/A                            320.00  402.67  -82.67 (VIOLATED)
_750884_/A                            320.00  402.66  -82.66 (VIOLATED)
_749274_/B                            320.00  402.63  -82.63 (VIOLATED)
_763446_/A                            320.00  402.61  -82.61 (VIOLATED)
_528158_/A                            320.00  402.60  -82.60 (VIOLATED)
_760412_/A1                           320.00  402.59  -82.59 (VIOLATED)
_740691_/A                            320.00  402.59  -82.59 (VIOLATED)
_754418_/A                            320.00  402.57  -82.57 (VIOLATED)
_740821_/A                            320.00  402.57  -82.57 (VIOLATED)
_758794_/A1                           320.00  402.56  -82.56 (VIOLATED)
_759047_/A                            320.00  402.52  -82.52 (VIOLATED)
_740831_/A                            320.00  402.49  -82.49 (VIOLATED)
_556021_/C                            320.00  402.44  -82.44 (VIOLATED)
_749624_/C                            320.00  402.41  -82.41 (VIOLATED)
_544467_/A                            320.00  402.31  -82.31 (VIOLATED)
_562836_/A                            320.00  402.29  -82.29 (VIOLATED)
_528273_/A                            320.00  402.13  -82.13 (VIOLATED)
_754417_/A                            320.00  402.09  -82.09 (VIOLATED)
_497038_/A                            320.00  401.97  -81.97 (VIOLATED)
_750882_/A                            320.00  401.91  -81.91 (VIOLATED)
_562841_/A1                           320.00  401.82  -81.82 (VIOLATED)
_750928_/A                            320.00  401.80  -81.80 (VIOLATED)
place73923/A                          320.00  401.72  -81.72 (VIOLATED)
_740709_/A                            320.00  401.71  -81.71 (VIOLATED)
_738162_/B                            320.00  401.67  -81.67 (VIOLATED)
in_data_q[62]$_DFFE_PN0P_/QN          320.00  401.61  -81.61 (VIOLATED)
_740721_/A                            320.00  401.48  -81.48 (VIOLATED)
_750883_/A                            320.00  401.46  -81.46 (VIOLATED)
_743668_/B                            320.00  401.26  -81.26 (VIOLATED)
_758793_/A                            320.00  401.08  -81.08 (VIOLATED)
_759458_/C                            320.00  401.03  -81.03 (VIOLATED)
_743384_/A                            320.00  401.00  -81.00 (VIOLATED)
place74926/A                          320.00  400.87  -80.87 (VIOLATED)
_692221_/A1                           320.00  400.86  -80.86 (VIOLATED)
place83510/A                          320.00  400.82  -80.82 (VIOLATED)
_743374_/A                            320.00  400.76  -80.76 (VIOLATED)
in_data_q[37]$_DFFE_PN0P_/RESETN      320.00  400.73  -80.73 (VIOLATED)
_584402_/A1                           320.00  400.70  -80.70 (VIOLATED)
_740828_/A                            320.00  400.67  -80.67 (VIOLATED)
in_data_q[34]$_DFFE_PN0P_/RESETN      320.00  400.65  -80.65 (VIOLATED)
_740708_/A                            320.00  400.65  -80.65 (VIOLATED)
in_data_q[155]$_DFFE_PN0P_/RESETN     320.00  400.61  -80.61 (VIOLATED)
_506111_/A                            320.00  400.59  -80.59 (VIOLATED)
_740720_/A                            320.00  400.47  -80.47 (VIOLATED)
in_data_q[36]$_DFFE_PN0P_/RESETN      320.00  400.27  -80.27 (VIOLATED)
_750907_/A                            320.00  400.25  -80.25 (VIOLATED)
_749230_/A1                           320.00  400.15  -80.15 (VIOLATED)
_751835_/C                            320.00  400.14  -80.14 (VIOLATED)
in_data_q[159]$_DFFE_PN0P_/RESETN     320.00  400.10  -80.10 (VIOLATED)
place74149/A                          320.00  400.07  -80.07 (VIOLATED)
_737985_/B                            320.00  400.01  -80.01 (VIOLATED)
in_data_q[44]$_DFFE_PN0P_/RESETN      320.00  399.95  -79.95 (VIOLATED)
_758407_/C                            320.00  399.84  -79.84 (VIOLATED)
_743432_/A                            320.00  399.82  -79.82 (VIOLATED)
_554489_/A1                           320.00  399.82  -79.82 (VIOLATED)
place74604/A                          320.00  399.72  -79.72 (VIOLATED)
_749173_/D                            320.00  399.66  -79.66 (VIOLATED)
_749638_/D                            320.00  399.58  -79.58 (VIOLATED)
_616546_/B                            320.00  399.57  -79.57 (VIOLATED)
_752958_/A                            320.00  399.48  -79.48 (VIOLATED)
in_data_q[35]$_DFFE_PN0P_/RESETN      320.00  399.48  -79.48 (VIOLATED)
_740830_/A                            320.00  399.38  -79.38 (VIOLATED)
_750896_/B                            320.00  399.36  -79.36 (VIOLATED)
_749576_/D                            320.00  399.30  -79.30 (VIOLATED)
place74834/A                          320.00  399.22  -79.22 (VIOLATED)
place75241/A                          320.00  399.18  -79.18 (VIOLATED)
_658131_/A                            320.00  399.07  -79.07 (VIOLATED)
_658132_/A                            320.00  399.00  -79.00 (VIOLATED)
_739778_/B                            320.00  398.98  -78.98 (VIOLATED)
in_data_q[30]$_DFFE_PN0P_/RESETN      320.00  398.95  -78.95 (VIOLATED)
_658133_/A                            320.00  398.92  -78.92 (VIOLATED)
place74937/A                          320.00  398.89  -78.89 (VIOLATED)
_748289_/A                            320.00  398.79  -78.79 (VIOLATED)
_749259_/C                            320.00  398.76  -78.76 (VIOLATED)
_759462_/A1                           320.00  398.71  -78.71 (VIOLATED)
place74097/A                          320.00  398.62  -78.62 (VIOLATED)
_748194_/A                            320.00  398.61  -78.61 (VIOLATED)
_755780_/A1                           320.00  398.59  -78.59 (VIOLATED)
_756239_/A1                           320.00  398.39  -78.39 (VIOLATED)
_658134_/A                            320.00  398.37  -78.37 (VIOLATED)
_756238_/A                            320.00  398.35  -78.35 (VIOLATED)
_749609_/C                            320.00  398.31  -78.31 (VIOLATED)
_739345_/B                            320.00  398.31  -78.31 (VIOLATED)
_752662_/A                            320.00  398.28  -78.28 (VIOLATED)
_763480_/A                            320.00  398.27  -78.27 (VIOLATED)
_750650_/C                            320.00  398.20  -78.20 (VIOLATED)
_756180_/A1                           320.00  398.03  -78.03 (VIOLATED)
_740784_/A                            320.00  397.89  -77.89 (VIOLATED)
_759457_/A                            320.00  397.89  -77.89 (VIOLATED)
_749641_/B                            320.00  397.88  -77.88 (VIOLATED)
_749635_/B                            320.00  397.85  -77.85 (VIOLATED)
_752147_/D                            320.00  397.79  -77.79 (VIOLATED)
_506132_/A1                           320.00  397.73  -77.73 (VIOLATED)
_757756_/C                            320.00  397.70  -77.70 (VIOLATED)
_749180_/B                            320.00  397.65  -77.65 (VIOLATED)
_760191_/B                            320.00  397.64  -77.64 (VIOLATED)
_749156_/D                            320.00  397.57  -77.57 (VIOLATED)
_756316_/C                            320.00  397.36  -77.36 (VIOLATED)
_744019_/B                            320.00  397.23  -77.23 (VIOLATED)
_658135_/A                            320.00  397.22  -77.22 (VIOLATED)
_749159_/D                            320.00  397.08  -77.08 (VIOLATED)
place74142/A                          320.00  397.06  -77.06 (VIOLATED)
_755590_/A1                           320.00  397.01  -77.01 (VIOLATED)
_740794_/A                            320.00  396.89  -76.89 (VIOLATED)
place74960/A                          320.00  396.83  -76.83 (VIOLATED)
place73648/A                          320.00  396.81  -76.81 (VIOLATED)
_763481_/A1                           320.00  396.79  -76.79 (VIOLATED)
_751157_/C                            320.00  396.74  -76.74 (VIOLATED)
_761200_/B                            320.00  396.67  -76.67 (VIOLATED)
_745533_/B                            320.00  396.63  -76.63 (VIOLATED)
place74919/A                          320.00  396.58  -76.58 (VIOLATED)
_658136_/A                            320.00  396.53  -76.53 (VIOLATED)
_750811_/A                            320.00  396.51  -76.51 (VIOLATED)
_752917_/A                            320.00  396.49  -76.49 (VIOLATED)
in_data_q[154]$_DFFE_PN0P_/RESETN     320.00  396.44  -76.44 (VIOLATED)
_743439_/A                            320.00  396.31  -76.31 (VIOLATED)
_743666_/B                            320.00  396.17  -76.17 (VIOLATED)
_753592_/B                            320.00  396.15  -76.15 (VIOLATED)
in_data_q[55]$_DFFE_PN0P_/RESETN      320.00  396.05  -76.05 (VIOLATED)
_756196_/A1                           320.00  395.96  -75.96 (VIOLATED)
_658137_/A                            320.00  395.83  -75.83 (VIOLATED)
_756190_/A1                           320.00  395.69  -75.69 (VIOLATED)
_764221_/A1                           320.00  395.63  -75.63 (VIOLATED)
_754384_/B                            320.00  395.60  -75.60 (VIOLATED)
_740718_/A                            320.00  395.43  -75.43 (VIOLATED)
_740819_/A                            320.00  395.37  -75.37 (VIOLATED)
place74247/A                          320.00  395.16  -75.16 (VIOLATED)
_753108_/B                            320.00  395.06  -75.06 (VIOLATED)
_759282_/A                            320.00  395.04  -75.04 (VIOLATED)
_740669_/A                            320.00  395.03  -75.03 (VIOLATED)
_740703_/A                            320.00  394.96  -74.96 (VIOLATED)
_740754_/A                            320.00  394.95  -74.95 (VIOLATED)
_743378_/A                            320.00  394.94  -74.94 (VIOLATED)
place73888/A                          320.00  394.92  -74.92 (VIOLATED)
_743323_/A                            320.00  394.90  -74.90 (VIOLATED)
_739160_/B                            320.00  394.83  -74.83 (VIOLATED)
_743381_/A                            320.00  394.82  -74.82 (VIOLATED)
_745710_/B                            320.00  394.81  -74.81 (VIOLATED)
_750812_/B                            320.00  394.80  -74.80 (VIOLATED)
_740711_/A                            320.00  394.76  -74.76 (VIOLATED)
_740729_/A                            320.00  394.72  -74.72 (VIOLATED)
_740717_/A                            320.00  394.66  -74.66 (VIOLATED)
_743377_/A                            320.00  394.61  -74.61 (VIOLATED)
_749560_/D                            320.00  394.54  -74.54 (VIOLATED)
_750412_/B                            320.00  394.54  -74.54 (VIOLATED)
_483589_/A                            320.00  394.51  -74.51 (VIOLATED)
_736870_/A                            320.00  394.49  -74.49 (VIOLATED)
_746371_/B                            320.00  394.46  -74.46 (VIOLATED)
in_data_q[158]$_DFFE_PN0P_/RESETN     320.00  394.46  -74.46 (VIOLATED)
_759461_/B2                           320.00  394.41  -74.41 (VIOLATED)
_759404_/B2                           320.00  394.34  -74.34 (VIOLATED)
_740824_/A                            320.00  394.33  -74.33 (VIOLATED)
_749586_/A                            320.00  394.27  -74.27 (VIOLATED)
_759909_/C                            320.00  394.21  -74.21 (VIOLATED)
place74450/A                          320.00  394.21  -74.21 (VIOLATED)
_757113_/B                            320.00  394.15  -74.15 (VIOLATED)
_749280_/A                            320.00  394.14  -74.14 (VIOLATED)
_757131_/A1                           320.00  394.09  -74.09 (VIOLATED)
_740753_/A                            320.00  394.08  -74.08 (VIOLATED)
_742383_/B                            320.00  394.05  -74.05 (VIOLATED)
_755991_/A1                           320.00  393.98  -73.98 (VIOLATED)
_759623_/A                            320.00  393.93  -73.93 (VIOLATED)
_749281_/B                            320.00  393.87  -73.87 (VIOLATED)
_740783_/A                            320.00  393.81  -73.81 (VIOLATED)
_740777_/A                            320.00  393.74  -73.74 (VIOLATED)
_753093_/B2                           320.00  393.62  -73.62 (VIOLATED)
in_data_q[153]$_DFFE_PN0P_/RESETN     320.00  393.60  -73.60 (VIOLATED)
_522603_/A1                           320.00  393.57  -73.57 (VIOLATED)
_760760_/A1                           320.00  393.57  -73.57 (VIOLATED)
_745878_/B                            320.00  393.44  -73.44 (VIOLATED)
_758117_/A1                           320.00  393.41  -73.41 (VIOLATED)
_740676_/A                            320.00  393.38  -73.38 (VIOLATED)
in_data_q[156]$_DFFE_PN0P_/RESETN     320.00  393.34  -73.34 (VIOLATED)
_750895_/A                            320.00  393.28  -73.28 (VIOLATED)
_740686_/A                            320.00  393.27  -73.27 (VIOLATED)
_756525_/C2                           320.00  393.20  -73.20 (VIOLATED)
_763477_/A                            320.00  393.20  -73.20 (VIOLATED)
_749235_/B                            320.00  393.05  -73.05 (VIOLATED)
_740825_/A                            320.00  392.92  -72.92 (VIOLATED)
place74949/A                          320.00  392.78  -72.78 (VIOLATED)
_749621_/B2                           320.00  392.70  -72.70 (VIOLATED)
_755126_/A1                           320.00  392.24  -72.24 (VIOLATED)
_658138_/A                            320.00  392.17  -72.17 (VIOLATED)
_743367_/A                            320.00  391.99  -71.99 (VIOLATED)
_759592_/A1                           320.00  391.96  -71.96 (VIOLATED)
in_data_q[50]$_DFFE_PN0P_/RESETN      320.00  391.80  -71.80 (VIOLATED)
_750815_/D                            320.00  391.79  -71.79 (VIOLATED)
_756518_/A1                           320.00  391.78  -71.78 (VIOLATED)
_750804_/B                            320.00  391.68  -71.68 (VIOLATED)
_758442_/A1                           320.00  391.65  -71.65 (VIOLATED)
_749082_/A1                           320.00  391.62  -71.62 (VIOLATED)
_726153_/A1                           320.00  391.62  -71.62 (VIOLATED)
place74920/A                          320.00  391.35  -71.35 (VIOLATED)
place74634/A                          320.00  391.35  -71.35 (VIOLATED)
_759671_/A1                           320.00  391.31  -71.31 (VIOLATED)
_760136_/A                            320.00  391.29  -71.29 (VIOLATED)
_764220_/A                            320.00  391.17  -71.17 (VIOLATED)
in_data_q[125]$_DFFE_PN0P_/QN         320.00  391.12  -71.12 (VIOLATED)
_759116_/C                            320.00  391.08  -71.08 (VIOLATED)
_755674_/A1                           320.00  390.83  -70.83 (VIOLATED)
_754427_/B                            320.00  390.80  -70.80 (VIOLATED)
_754387_/A                            320.00  390.73  -70.73 (VIOLATED)
_749563_/D                            320.00  390.72  -70.72 (VIOLATED)
a_sym[6][0]$_DFFE_PN0P_/RESETN        320.00  390.68  -70.68 (VIOLATED)
a_sym[14][1]$_DFFE_PN0P_/RESETN       320.00  390.57  -70.57 (VIOLATED)
_756195_/A                            320.00  390.53  -70.53 (VIOLATED)
a_sym[22][6]$_DFFE_PN0P_/RESETN       320.00  390.52  -70.52 (VIOLATED)
a_sym[14][5]$_DFFE_PN0P_/RESETN       320.00  390.51  -70.51 (VIOLATED)
_658140_/A                            320.00  390.50  -70.50 (VIOLATED)
_756523_/C2                           320.00  390.31  -70.31 (VIOLATED)
wire18495/A                           320.00  390.17  -70.17 (VIOLATED)
_758767_/A1                           320.00  390.17  -70.17 (VIOLATED)
a_sym[10][5]$_DFFE_PN0P_/RESETN       320.00  390.15  -70.15 (VIOLATED)
_755125_/B                            320.00  389.92  -69.92 (VIOLATED)
_755598_/B                            320.00  389.79  -69.79 (VIOLATED)
_763478_/A1                           320.00  389.69  -69.69 (VIOLATED)
_743424_/A                            320.00  389.63  -69.63 (VIOLATED)
_749052_/D                            320.00  389.62  -69.62 (VIOLATED)
place74124/A                          320.00  389.61  -69.61 (VIOLATED)
in_data_q[59]$_DFFE_PN0P_/RESETN      320.00  389.53  -69.53 (VIOLATED)
a_sym[3][6]$_DFFE_PN0P_/RESETN        320.00  389.49  -69.49 (VIOLATED)
a_sym[11][0]$_DFFE_PN0P_/RESETN       320.00  389.49  -69.49 (VIOLATED)
a_sym[23][4]$_DFFE_PN0P_/RESETN       320.00  389.42  -69.42 (VIOLATED)
a_sym[15][4]$_DFFE_PN0P_/RESETN       320.00  389.28  -69.28 (VIOLATED)
_658139_/A                            320.00  389.27  -69.27 (VIOLATED)
_752795_/A1                           320.00  389.25  -69.25 (VIOLATED)
a_sym[9][4]$_DFFE_PN0P_/RESETN        320.00  389.20  -69.20 (VIOLATED)
a_sym[7][4]$_DFFE_PN0P_/RESETN        320.00  389.07  -69.07 (VIOLATED)
_755673_/A1                           320.00  389.07  -69.07 (VIOLATED)
in_data_q[82]$_DFFE_PN0P_/QN          320.00  389.02  -69.02 (VIOLATED)
a_sym[2][2]$_DFFE_PN0P_/RESETN        320.00  388.91  -68.91 (VIOLATED)
_755401_/B                            320.00  388.91  -68.91 (VIOLATED)
_755667_/B                            320.00  388.83  -68.83 (VIOLATED)
a_sym[6][4]$_DFFE_PN0P_/RESETN        320.00  388.76  -68.76 (VIOLATED)
place73702/A                          320.00  388.70  -68.70 (VIOLATED)
a_sym[2][6]$_DFFE_PN0P_/RESETN        320.00  388.56  -68.56 (VIOLATED)
a_sym[22][1]$_DFFE_PN0P_/RESETN       320.00  388.56  -68.56 (VIOLATED)
in_data_q[57]$_DFFE_PN0P_/RESETN      320.00  388.56  -68.56 (VIOLATED)
in_data_q[58]$_DFFE_PN0P_/RESETN      320.00  388.41  -68.41 (VIOLATED)
a_sym[14][4]$_DFFE_PN0P_/RESETN       320.00  388.40  -68.40 (VIOLATED)
_751834_/A1                           320.00  388.37  -68.37 (VIOLATED)
_741613_/B                            320.00  388.30  -68.30 (VIOLATED)
_760468_/A1                           320.00  388.23  -68.23 (VIOLATED)
_758556_/A                            320.00  388.18  -68.18 (VIOLATED)
_759586_/A                            320.00  388.17  -68.17 (VIOLATED)
in_data_q[53]$_DFFE_PN0P_/RESETN      320.00  388.13  -68.13 (VIOLATED)
a_sym[12][0]$_DFFE_PN0P_/RESETN       320.00  388.06  -68.06 (VIOLATED)
_749173_/C                            320.00  388.04  -68.04 (VIOLATED)
a_sym[18][7]$_DFFE_PN0P_/RESETN       320.00  388.03  -68.03 (VIOLATED)
in_data_q[52]$_DFFE_PN0P_/RESETN      320.00  388.03  -68.03 (VIOLATED)
_754379_/B                            320.00  388.02  -68.02 (VIOLATED)
in_data_q[54]$_DFFE_PN0P_/RESETN      320.00  388.01  -68.01 (VIOLATED)
_749638_/C                            320.00  388.01  -68.01 (VIOLATED)
place75028/A                          320.00  387.99  -67.99 (VIOLATED)
_749256_/C                            320.00  387.99  -67.99 (VIOLATED)
m_ce[7]$_DFFE_PN0P_/RESETN            320.00  387.97  -67.97 (VIOLATED)
_749612_/C                            320.00  387.96  -67.96 (VIOLATED)
in_data_q[150]$_DFFE_PN0P_/QN         320.00  387.96  -67.96 (VIOLATED)
_740289_/B                            320.00  387.94  -67.94 (VIOLATED)
a_sym[4][0]$_DFFE_PN0P_/RESETN        320.00  387.93  -67.93 (VIOLATED)
_750807_/A                            320.00  387.92  -67.92 (VIOLATED)
_787352_/C                            320.00  387.87  -67.87 (VIOLATED)
a_sym[0][7]$_DFFE_PN0P_/RESETN        320.00  387.85  -67.85 (VIOLATED)
_749576_/C                            320.00  387.72  -67.72 (VIOLATED)
_787322_/A1                           320.00  387.69  -67.69 (VIOLATED)
place74286/A                          320.00  387.68  -67.68 (VIOLATED)
_740755_/A                            320.00  387.67  -67.67 (VIOLATED)
_749641_/A                            320.00  387.62  -67.62 (VIOLATED)
a_sym[22][0]$_DFFE_PN0P_/RESETN       320.00  387.61  -67.61 (VIOLATED)
a_sym[14][6]$_DFFE_PN0P_/RESETN       320.00  387.56  -67.56 (VIOLATED)
_752147_/C                            320.00  387.55  -67.55 (VIOLATED)
_749635_/A                            320.00  387.54  -67.54 (VIOLATED)
a_sym[22][4]$_DFFE_PN0P_/RESETN       320.00  387.54  -67.54 (VIOLATED)
a_sym[18][2]$_DFFE_PN0P_/RESETN       320.00  387.52  -67.52 (VIOLATED)
a_sym[18][6]$_DFFE_PN0P_/RESETN       320.00  387.46  -67.46 (VIOLATED)
in_data_q[51]$_DFFE_PN0P_/RESETN      320.00  387.40  -67.40 (VIOLATED)
a_sym[2][3]$_DFFE_PN0P_/RESETN        320.00  387.39  -67.39 (VIOLATED)
place74930/A                          320.00  387.38  -67.38 (VIOLATED)
_749259_/B                            320.00  387.33  -67.33 (VIOLATED)
a_sym[2][5]$_DFFE_PN0P_/RESETN        320.00  387.31  -67.31 (VIOLATED)
_758585_/B                            320.00  387.30  -67.30 (VIOLATED)
a_sym[22][5]$_DFFE_PN0P_/RESETN       320.00  387.22  -67.22 (VIOLATED)
_749180_/A                            320.00  387.20  -67.20 (VIOLATED)
_749123_/C                            320.00  387.18  -67.18 (VIOLATED)
_749609_/B                            320.00  387.12  -67.12 (VIOLATED)
a_sym[2][4]$_DFFE_PN0P_/RESETN        320.00  387.12  -67.12 (VIOLATED)
_760482_/A1                           320.00  387.11  -67.11 (VIOLATED)
place83520/A                          320.00  387.07  -67.07 (VIOLATED)
in_data_q[152]$_DFFE_PN0P_/RESETN     320.00  387.07  -67.07 (VIOLATED)
_635149_/A1                           320.00  387.03  -67.03 (VIOLATED)
_560184_/C                            320.00  386.99  -66.99 (VIOLATED)
a_sym[6][7]$_DFFE_PN0P_/RESETN        320.00  386.97  -66.97 (VIOLATED)
_683671_/A1                           320.00  386.97  -66.97 (VIOLATED)
_749156_/C                            320.00  386.90  -66.90 (VIOLATED)
_683670_/C                            320.00  386.82  -66.82 (VIOLATED)
_743346_/A                            320.00  386.78  -66.78 (VIOLATED)
a_sym[18][0]$_DFFE_PN0P_/RESETN       320.00  386.73  -66.73 (VIOLATED)
_749159_/C                            320.00  386.60  -66.60 (VIOLATED)
_526526_/C                            320.00  386.51  -66.51 (VIOLATED)
_644805_/A                            320.00  386.40  -66.40 (VIOLATED)
_740780_/A                            320.00  386.37  -66.37 (VIOLATED)
_644802_/A                            320.00  386.25  -66.25 (VIOLATED)
_760423_/A                            320.00  386.14  -66.14 (VIOLATED)
_756693_/A                            320.00  386.05  -66.05 (VIOLATED)
_644799_/A                            320.00  385.97  -65.97 (VIOLATED)
_759335_/B2                           320.00  385.62  -65.62 (VIOLATED)
_644793_/A                            320.00  385.59  -65.59 (VIOLATED)
a_sym[8][0]$_DFFE_PN0P_/RESETN        320.00  385.58  -65.58 (VIOLATED)
_751157_/B                            320.00  385.55  -65.55 (VIOLATED)
_759332_/A                            320.00  385.54  -65.54 (VIOLATED)
_768186_/A                            320.00  385.48  -65.48 (VIOLATED)
_758923_/A1                           320.00  385.43  -65.43 (VIOLATED)
_738693_/B                            320.00  385.40  -65.40 (VIOLATED)
a_sym[22][2]$_DFFE_PN0P_/RESETN       320.00  385.38  -65.38 (VIOLATED)
_750801_/B                            320.00  385.35  -65.35 (VIOLATED)
_758666_/A                            320.00  385.34  -65.34 (VIOLATED)
_756316_/B                            320.00  385.33  -65.33 (VIOLATED)
_759723_/A1                           320.00  385.29  -65.29 (VIOLATED)
_644796_/A                            320.00  385.11  -65.11 (VIOLATED)
_755793_/A1                           320.00  385.10  -65.10 (VIOLATED)
_523088_/A1                           320.00  384.99  -64.99 (VIOLATED)
_756889_/B                            320.00  384.94  -64.94 (VIOLATED)
_759331_/A1                           320.00  384.90  -64.90 (VIOLATED)
place73412/A                          320.00  384.89  -64.89 (VIOLATED)
_756697_/B                            320.00  384.87  -64.87 (VIOLATED)
place74931/A                          320.00  384.85  -64.85 (VIOLATED)
_757866_/C                            320.00  384.83  -64.83 (VIOLATED)
_755410_/A1                           320.00  384.77  -64.77 (VIOLATED)
_749028_/D                            320.00  384.71  -64.71 (VIOLATED)
_644790_/A                            320.00  384.51  -64.51 (VIOLATED)
_755783_/A1                           320.00  384.46  -64.46 (VIOLATED)
in_data_q[128]$_DFFE_PN0P_/QN         320.00  384.40  -64.40 (VIOLATED)
in_data_q[56]$_DFFE_PN0P_/RESETN      320.00  384.30  -64.30 (VIOLATED)
in_data_q[127]$_DFFE_PN0P_/QN         320.00  384.30  -64.30 (VIOLATED)
out_pix_data[69]$_DFFE_PN0P_/RESETN   320.00  384.28  -64.28 (VIOLATED)
_503045_/B2                           320.00  384.26  -64.26 (VIOLATED)
place74884/A                          320.00  383.90  -63.90 (VIOLATED)
_740672_/A                            320.00  383.88  -63.88 (VIOLATED)
_758600_/A                            320.00  383.86  -63.86 (VIOLATED)
_740813_/A                            320.00  383.83  -63.83 (VIOLATED)
_740732_/A                            320.00  383.81  -63.81 (VIOLATED)
place74881/A                          320.00  383.75  -63.75 (VIOLATED)
_740782_/A                            320.00  383.74  -63.74 (VIOLATED)
_635151_/A                            320.00  383.72  -63.72 (VIOLATED)
place73643/A                          320.00  383.61  -63.61 (VIOLATED)
_749036_/B                            320.00  383.48  -63.48 (VIOLATED)
_739166_/B                            320.00  383.46  -63.46 (VIOLATED)
_740772_/A                            320.00  383.41  -63.41 (VIOLATED)
_760090_/B                            320.00  383.36  -63.36 (VIOLATED)
_757749_/A                            320.00  383.32  -63.32 (VIOLATED)
_740827_/A                            320.00  383.31  -63.31 (VIOLATED)
_745539_/B                            320.00  383.28  -63.28 (VIOLATED)
_509956_/A                            320.00  383.15  -63.15 (VIOLATED)
_749560_/C                            320.00  383.15  -63.15 (VIOLATED)
_756527_/A1                           320.00  383.12  -63.12 (VIOLATED)
_644787_/A                            320.00  383.08  -63.08 (VIOLATED)
_760520_/B                            320.00  383.07  -63.07 (VIOLATED)
_740663_/A                            320.00  382.90  -62.90 (VIOLATED)
_740724_/A                            320.00  382.83  -62.83 (VIOLATED)
_740774_/A                            320.00  382.81  -62.81 (VIOLATED)
_742321_/B                            320.00  382.74  -62.74 (VIOLATED)
_739775_/A                            320.00  382.70  -62.70 (VIOLATED)
_739780_/A                            320.00  382.70  -62.70 (VIOLATED)
_740762_/A                            320.00  382.69  -62.69 (VIOLATED)
place74580/A                          320.00  382.63  -62.63 (VIOLATED)
_758243_/C                            320.00  382.62  -62.62 (VIOLATED)
_758565_/A                            320.00  382.58  -62.58 (VIOLATED)
_739777_/A                            320.00  382.53  -62.53 (VIOLATED)
_739779_/A                            320.00  382.52  -62.52 (VIOLATED)
_761136_/B                            320.00  382.50  -62.50 (VIOLATED)
place73927/A                          320.00  382.46  -62.46 (VIOLATED)
_486364_/B                            320.00  382.40  -62.40 (VIOLATED)
_530011_/A                            320.00  382.35  -62.35 (VIOLATED)
_544472_/C1                           320.00  382.33  -62.33 (VIOLATED)
_746375_/B                            320.00  382.30  -62.30 (VIOLATED)
_739775_/B                            320.00  382.20  -62.20 (VIOLATED)
place73854/A                          320.00  382.18  -62.18 (VIOLATED)
_739778_/A                            320.00  382.17  -62.17 (VIOLATED)
_745716_/B                            320.00  382.16  -62.16 (VIOLATED)
_644784_/A                            320.00  381.93  -61.93 (VIOLATED)
_549375_/A                            320.00  381.82  -61.82 (VIOLATED)
_704057_/B2                           320.00  381.61  -61.61 (VIOLATED)
place73165/A                          320.00  381.60  -61.60 (VIOLATED)
a_sym[14][2]$_DFFE_PN0P_/RESETN       320.00  381.46  -61.46 (VIOLATED)
_737303_/B                            320.00  381.45  -61.45 (VIOLATED)
_764227_/A1                           320.00  381.35  -61.35 (VIOLATED)
_740781_/A                            320.00  381.29  -61.29 (VIOLATED)
place73848/A                          320.00  381.21  -61.21 (VIOLATED)
_758920_/A                            320.00  381.09  -61.09 (VIOLATED)
_755503_/A                            320.00  381.06  -61.06 (VIOLATED)
_740751_/A                            320.00  380.93  -60.93 (VIOLATED)
_746511_/B                            320.00  380.91  -60.91 (VIOLATED)
_750821_/A                            320.00  380.75  -60.75 (VIOLATED)
place74830/A                          320.00  380.70  -60.70 (VIOLATED)
_644781_/A                            320.00  380.56  -60.56 (VIOLATED)
place74715/A                          320.00  380.54  -60.54 (VIOLATED)
_759719_/A1                           320.00  380.35  -60.35 (VIOLATED)
_742144_/B                            320.00  380.25  -60.25 (VIOLATED)
_743428_/A                            320.00  380.23  -60.23 (VIOLATED)
_740763_/A                            320.00  380.03  -60.03 (VIOLATED)
_760472_/A1                           320.00  379.98  -59.98 (VIOLATED)
_644778_/A                            320.00  379.92  -59.92 (VIOLATED)
_758570_/A1                           320.00  379.84  -59.84 (VIOLATED)
place73904/A                          320.00  379.63  -59.63 (VIOLATED)
_759716_/A1                           320.00  379.61  -59.61 (VIOLATED)
_744150_/B                            320.00  379.57  -59.57 (VIOLATED)
_749059_/B                            320.00  379.56  -59.56 (VIOLATED)
place74991/A                          320.00  379.52  -59.52 (VIOLATED)
a_sym[10][3]$_DFFE_PN0P_/RESETN       320.00  379.41  -59.41 (VIOLATED)
_740746_/A                            320.00  379.22  -59.22 (VIOLATED)
_753595_/A1                           320.00  379.16  -59.16 (VIOLATED)
_749652_/D                            320.00  379.14  -59.14 (VIOLATED)
_740814_/A                            320.00  379.11  -59.11 (VIOLATED)
_758908_/A                            320.00  379.10  -59.10 (VIOLATED)
_538440_/A1                           320.00  379.03  -59.03 (VIOLATED)
_737307_/B                            320.00  379.03  -59.03 (VIOLATED)
_752816_/B                            320.00  379.02  -59.02 (VIOLATED)
_754118_/C                            320.00  379.01  -59.01 (VIOLATED)
a_sym[17][4]$_DFFE_PN0P_/RESETN       320.00  378.93  -58.93 (VIOLATED)
_749062_/B                            320.00  378.91  -58.91 (VIOLATED)
_750815_/C                            320.00  378.72  -58.72 (VIOLATED)
_748703_/A                            320.00  378.69  -58.69 (VIOLATED)
_759717_/A1                           320.00  378.62  -58.62 (VIOLATED)
_756516_/C                            320.00  378.59  -58.59 (VIOLATED)
_742441_/B                            320.00  378.52  -58.52 (VIOLATED)
_757867_/A1                           320.00  378.34  -58.34 (VIOLATED)
_749649_/B                            320.00  378.34  -58.34 (VIOLATED)
_754290_/A                            320.00  378.33  -58.33 (VIOLATED)
_750432_/B                            320.00  378.20  -58.20 (VIOLATED)
_741968_/A                            320.00  378.17  -58.17 (VIOLATED)
_746373_/B                            320.00  378.12  -58.12 (VIOLATED)
_754829_/A                            320.00  378.12  -58.12 (VIOLATED)
_754947_/A                            320.00  377.99  -57.99 (VIOLATED)
_748216_/B                            320.00  377.99  -57.99 (VIOLATED)
_737299_/B                            320.00  377.71  -57.71 (VIOLATED)
_743250_/B                            320.00  377.68  -57.68 (VIOLATED)
_748120_/A                            320.00  377.61  -57.61 (VIOLATED)
in_data_q[112]$_DFFE_PN0P_/RESETN     320.00  377.55  -57.55 (VIOLATED)
_748161_/A                            320.00  377.49  -57.49 (VIOLATED)
_754109_/B                            320.00  377.39  -57.39 (VIOLATED)
_745523_/B                            320.00  377.31  -57.31 (VIOLATED)
in_data_q[111]$_DFFE_PN0P_/RESETN     320.00  377.28  -57.28 (VIOLATED)
_748171_/A                            320.00  377.24  -57.24 (VIOLATED)
place73261/A                          320.00  377.19  -57.19 (VIOLATED)
_749025_/D                            320.00  377.17  -57.17 (VIOLATED)
_640547_/A                            320.00  377.13  -57.13 (VIOLATED)
_745623_/B                            320.00  377.12  -57.12 (VIOLATED)
_754287_/A                            320.00  377.09  -57.09 (VIOLATED)
_749563_/C                            320.00  377.07  -57.07 (VIOLATED)
_745546_/B                            320.00  377.05  -57.05 (VIOLATED)
_740725_/A                            320.00  377.00  -57.00 (VIOLATED)
a_sym[14][7]$_DFFE_PN0P_/RESETN       320.00  376.93  -56.93 (VIOLATED)
_751820_/A                            320.00  376.92  -56.92 (VIOLATED)
in_data_q[90]$_DFFE_PN0P_/RESETN      320.00  376.87  -56.87 (VIOLATED)
place83509/A                          320.00  376.77  -56.77 (VIOLATED)
_754107_/B                            320.00  376.76  -56.76 (VIOLATED)
_528263_/B                            320.00  376.71  -56.71 (VIOLATED)
in_data_q[71]$_DFFE_PN0P_/RESETN      320.00  376.63  -56.63 (VIOLATED)
_743329_/A                            320.00  376.57  -56.57 (VIOLATED)
_764226_/A                            320.00  376.46  -56.46 (VIOLATED)
_749052_/C                            320.00  376.32  -56.32 (VIOLATED)
_754839_/A1                           320.00  376.26  -56.26 (VIOLATED)
_751669_/A1                           320.00  376.26  -56.26 (VIOLATED)
_745700_/B                            320.00  376.25  -56.25 (VIOLATED)
_757754_/A1                           320.00  376.24  -56.24 (VIOLATED)
_748134_/A1                           320.00  376.21  -56.21 (VIOLATED)
_758531_/A                            320.00  376.11  -56.11 (VIOLATED)
_760838_/A1                           320.00  376.09  -56.09 (VIOLATED)
_737319_/B                            320.00  376.06  -56.06 (VIOLATED)
_528264_/A1                           320.00  376.02  -56.02 (VIOLATED)
_745532_/B                            320.00  375.89  -55.89 (VIOLATED)
_760246_/A1                           320.00  375.85  -55.85 (VIOLATED)
in_data_q[98]$_DFFE_PN0P_/RESETN      320.00  375.81  -55.81 (VIOLATED)
_745723_/B                            320.00  375.80  -55.80 (VIOLATED)
_759786_/A1                           320.00  375.76  -55.76 (VIOLATED)
_757994_/A1                           320.00  375.72  -55.72 (VIOLATED)
_758338_/A                            320.00  375.58  -55.58 (VIOLATED)
_753750_/A                            320.00  375.49  -55.49 (VIOLATED)
_754278_/A                            320.00  375.45  -55.45 (VIOLATED)
_639411_/A                            320.00  375.44  -55.44 (VIOLATED)
oskid_d[80]$_DFFE_PN0P_/RESETN        320.00  375.26  -55.26 (VIOLATED)
_639412_/A                            320.00  375.25  -55.25 (VIOLATED)
_755691_/A1                           320.00  375.19  -55.19 (VIOLATED)
_754131_/A                            320.00  375.16  -55.16 (VIOLATED)
_737807_/B                            320.00  375.13  -55.13 (VIOLATED)
_748676_/A                            320.00  374.96  -54.96 (VIOLATED)
_756381_/A1                           320.00  374.95  -54.95 (VIOLATED)
_584596_/A                            320.00  374.94  -54.94 (VIOLATED)
_757592_/A1                           320.00  374.90  -54.90 (VIOLATED)
_748178_/A                            320.00  374.90  -54.90 (VIOLATED)
oskid_d[83]$_DFFE_PN0P_/RESETN        320.00  374.88  -54.88 (VIOLATED)
_763485_/A1                           320.00  374.87  -54.87 (VIOLATED)
in_data_q[94]$_DFFE_PN0P_/RESETN      320.00  374.85  -54.85 (VIOLATED)
oskid_d[82]$_DFFE_PN0P_/RESETN        320.00  374.83  -54.83 (VIOLATED)
_751677_/A1                           320.00  374.71  -54.71 (VIOLATED)
_748186_/A                            320.00  374.68  -54.68 (VIOLATED)
out_pix_data[82]$_DFFE_PN0P_/RESETN   320.00  374.66  -54.66 (VIOLATED)
_758907_/A1                           320.00  374.63  -54.63 (VIOLATED)
_549376_/A1                           320.00  374.63  -54.63 (VIOLATED)
oskid_d[85]$_DFFE_PN0P_/RESETN        320.00  374.62  -54.62 (VIOLATED)
_639413_/A                            320.00  374.62  -54.62 (VIOLATED)
_739892_/B                            320.00  374.59  -54.59 (VIOLATED)
out_pix_data[83]$_DFFE_PN0P_/RESETN   320.00  374.58  -54.58 (VIOLATED)
_750636_/B                            320.00  374.52  -54.52 (VIOLATED)
_591632_/A                            320.00  374.51  -54.51 (VIOLATED)
_743714_/B                            320.00  374.50  -54.50 (VIOLATED)
place73730/A                          320.00  374.47  -54.47 (VIOLATED)
_748202_/B                            320.00  374.47  -54.47 (VIOLATED)
out_pix_data[80]$_DFFE_PN0P_/RESETN   320.00  374.43  -54.43 (VIOLATED)
_757596_/B2                           320.00  374.43  -54.43 (VIOLATED)
_754841_/A                            320.00  374.35  -54.35 (VIOLATED)
_743671_/B                            320.00  374.35  -54.35 (VIOLATED)
_754129_/A                            320.00  374.33  -54.33 (VIOLATED)
out_pix_data[85]$_DFFE_PN0P_/RESETN   320.00  374.16  -54.16 (VIOLATED)
a_sym[16][0]$_DFFE_PN0P_/RESETN       320.00  374.16  -54.16 (VIOLATED)
_639414_/A                            320.00  374.11  -54.11 (VIOLATED)
_591605_/A                            320.00  373.90  -53.90 (VIOLATED)
place73829/A                          320.00  373.76  -53.76 (VIOLATED)
_591608_/A                            320.00  373.74  -53.74 (VIOLATED)
out_pix_data[87]$_DFFE_PN0P_/RESETN   320.00  373.70  -53.70 (VIOLATED)
_760631_/B                            320.00  373.68  -53.68 (VIOLATED)
_749256_/B                            320.00  373.68  -53.68 (VIOLATED)
place73861/A                          320.00  373.60  -53.60 (VIOLATED)
_749612_/B                            320.00  373.60  -53.60 (VIOLATED)
out_pix_data[81]$_DFFE_PN0P_/RESETN   320.00  373.58  -53.58 (VIOLATED)
oskid_d[87]$_DFFE_PN0P_/RESETN        320.00  373.54  -53.54 (VIOLATED)
_751668_/A1                           320.00  373.50  -53.50 (VIOLATED)
_639415_/A                            320.00  373.49  -53.49 (VIOLATED)
in_data_q[138]$_DFFE_PN0P_/RESETN     320.00  373.48  -53.48 (VIOLATED)
_758800_/C                            320.00  373.48  -53.48 (VIOLATED)
_749658_/B1                           320.00  373.21  -53.21 (VIOLATED)
_745709_/B                            320.00  373.14  -53.14 (VIOLATED)
_737630_/B                            320.00  373.13  -53.13 (VIOLATED)
_750439_/B                            320.00  373.00  -53.00 (VIOLATED)
_759610_/A                            320.00  372.92  -52.92 (VIOLATED)
_745622_/B                            320.00  372.91  -52.91 (VIOLATED)
_759227_/B                            320.00  372.87  -52.87 (VIOLATED)
_591611_/A                            320.00  372.86  -52.86 (VIOLATED)
_754125_/A                            320.00  372.83  -52.83 (VIOLATED)
_749065_/D                            320.00  372.79  -52.79 (VIOLATED)
_754949_/B                            320.00  372.74  -52.74 (VIOLATED)
out_pix_data[84]$_DFFE_PN0P_/RESETN   320.00  372.60  -52.60 (VIOLATED)
_591629_/A                            320.00  372.53  -52.53 (VIOLATED)
_756238_/B                            320.00  372.52  -52.52 (VIOLATED)
_763484_/A                            320.00  372.49  -52.49 (VIOLATED)
_758428_/A1                           320.00  372.45  -52.45 (VIOLATED)
_755829_/A                            320.00  372.44  -52.44 (VIOLATED)
oskid_d[84]$_DFFE_PN0P_/RESETN        320.00  372.40  -52.40 (VIOLATED)
place74187/A                          320.00  372.40  -52.40 (VIOLATED)
_756234_/A1                           320.00  372.38  -52.38 (VIOLATED)
_752807_/A1                           320.00  372.37  -52.37 (VIOLATED)
_753592_/A1                           320.00  372.36  -52.36 (VIOLATED)
out_pix_data[60]$_DFFE_PN0P_/RESETN   320.00  372.35  -52.35 (VIOLATED)
_743191_/B                            320.00  372.28  -52.28 (VIOLATED)
_750650_/A1                           320.00  372.27  -52.27 (VIOLATED)
_639416_/A                            320.00  372.24  -52.24 (VIOLATED)
_591614_/A                            320.00  372.21  -52.21 (VIOLATED)
_756233_/A                            320.00  372.19  -52.19 (VIOLATED)
_745618_/B                            320.00  372.16  -52.16 (VIOLATED)
_756562_/A                            320.00  372.05  -52.05 (VIOLATED)
_749107_/A                            320.00  372.01  -52.01 (VIOLATED)
place67331/A                          320.00  371.99  -51.99 (VIOLATED)
oskid_d[81]$_DFFE_PN0P_/RESETN        320.00  371.96  -51.96 (VIOLATED)
oskid_d[47]$_DFFE_PN0P_/RESETN        320.00  371.79  -51.79 (VIOLATED)
place73905/A                          320.00  371.78  -51.78 (VIOLATED)
oskid_d[49]$_DFFE_PN0P_/RESETN        320.00  371.77  -51.77 (VIOLATED)
_752672_/B                            320.00  371.74  -51.74 (VIOLATED)
oskid_d[48]$_DFFE_PN0P_/RESETN        320.00  371.67  -51.67 (VIOLATED)
_759523_/A1                           320.00  371.65  -51.65 (VIOLATED)
_748655_/A                            320.00  371.59  -51.59 (VIOLATED)
oskid_d[40]$_DFFE_PN0P_/RESETN        320.00  371.56  -51.56 (VIOLATED)
_754285_/B                            320.00  371.55  -51.55 (VIOLATED)
_758269_/A                            320.00  371.53  -51.53 (VIOLATED)
_749123_/B                            320.00  371.48  -51.48 (VIOLATED)
oskid_d[41]$_DFFE_PN0P_/RESETN        320.00  371.41  -51.41 (VIOLATED)
place74395/A                          320.00  371.27  -51.27 (VIOLATED)
_639417_/A                            320.00  371.24  -51.24 (VIOLATED)
_760520_/C                            320.00  371.18  -51.18 (VIOLATED)
oskid_d[89]$_DFFE_PN0P_/RESETN        320.00  371.18  -51.18 (VIOLATED)
_751642_/B                            320.00  371.15  -51.15 (VIOLATED)
_758268_/A1                           320.00  371.14  -51.14 (VIOLATED)
place74057/A                          320.00  371.05  -51.05 (VIOLATED)
place74597/A                          320.00  371.05  -51.05 (VIOLATED)
_737360_/B                            320.00  371.05  -51.05 (VIOLATED)
_758267_/C                            320.00  371.05  -51.05 (VIOLATED)
_591617_/A                            320.00  371.04  -51.04 (VIOLATED)
_739564_/B                            320.00  370.77  -50.77 (VIOLATED)
_763826_/A1                           320.00  370.77  -50.77 (VIOLATED)
_763825_/A                            320.00  370.74  -50.74 (VIOLATED)
place74621/A                          320.00  370.71  -50.71 (VIOLATED)
in_data_q[76]$_DFFE_PN0P_/RESETN      320.00  370.63  -50.63 (VIOLATED)
in_data_q[78]$_DFFE_PN0P_/RESETN      320.00  370.62  -50.62 (VIOLATED)
_756507_/C                            320.00  370.58  -50.58 (VIOLATED)
_758686_/B                            320.00  370.49  -50.49 (VIOLATED)
_591620_/A                            320.00  370.48  -50.48 (VIOLATED)
_758781_/A1                           320.00  370.47  -50.47 (VIOLATED)
_739777_/B                            320.00  370.43  -50.43 (VIOLATED)
_755405_/B                            320.00  370.40  -50.40 (VIOLATED)
_740680_/A                            320.00  370.35  -50.35 (VIOLATED)
a_sym[8][4]$_DFFE_PN0P_/RESETN        320.00  370.32  -50.32 (VIOLATED)
_750416_/B                            320.00  370.30  -50.30 (VIOLATED)
_744616_/B                            320.00  370.30  -50.30 (VIOLATED)
_758780_/A                            320.00  370.29  -50.29 (VIOLATED)
a_sym[6][3]$_DFFE_PN0P_/RESETN        320.00  370.28  -50.28 (VIOLATED)
_764786_/B                            320.00  370.23  -50.23 (VIOLATED)
_748423_/A                            320.00  370.21  -50.21 (VIOLATED)
_756507_/A1                           320.00  370.10  -50.10 (VIOLATED)
_745529_/B                            320.00  370.03  -50.03 (VIOLATED)
_759351_/A1                           320.00  370.02  -50.02 (VIOLATED)
_745534_/B                            320.00  369.99  -49.99 (VIOLATED)
_523124_/B                            320.00  369.94  -49.94 (VIOLATED)
_763820_/A                            320.00  369.89  -49.89 (VIOLATED)
place74125/A                          320.00  369.88  -49.88 (VIOLATED)
_756528_/A                            320.00  369.81  -49.81 (VIOLATED)
_749217_/D                            320.00  369.80  -49.80 (VIOLATED)
_756506_/A                            320.00  369.76  -49.76 (VIOLATED)
_591626_/A                            320.00  369.75  -49.75 (VIOLATED)
_480794_/A                            320.00  369.72  -49.72 (VIOLATED)
in_data_q[134]$_DFFE_PN0P_/RESETN     320.00  369.59  -49.59 (VIOLATED)
_639418_/A                            320.00  369.56  -49.56 (VIOLATED)
out_pix_data[89]$_DFFE_PN0P_/RESETN   320.00  369.53  -49.53 (VIOLATED)
_754349_/A1                           320.00  369.50  -49.50 (VIOLATED)
in_data_q[114]$_DFFE_PN0P_/RESETN     320.00  369.49  -49.49 (VIOLATED)
_750799_/A                            320.00  369.49  -49.49 (VIOLATED)
_763821_/A1                           320.00  369.48  -49.48 (VIOLATED)
_756563_/A1                           320.00  369.43  -49.43 (VIOLATED)
_763819_/A1                           320.00  369.43  -49.43 (VIOLATED)
_754281_/A                            320.00  369.35  -49.35 (VIOLATED)
_658097_/A                            320.00  369.31  -49.31 (VIOLATED)
_756169_/A1                           320.00  369.27  -49.27 (VIOLATED)
in_data_q[135]$_DFFE_PN0P_/RESETN     320.00  369.10  -49.10 (VIOLATED)
_756898_/A1                           320.00  369.09  -49.09 (VIOLATED)
_752697_/A1                           320.00  369.07  -49.07 (VIOLATED)
in_data_q[17]$_DFFE_PN0P_/RESETN      320.00  369.01  -49.01 (VIOLATED)
_755141_/A1                           320.00  368.92  -48.92 (VIOLATED)
_755424_/B                            320.00  368.73  -48.73 (VIOLATED)
_658098_/A                            320.00  368.72  -48.72 (VIOLATED)
_751741_/A1                           320.00  368.71  -48.71 (VIOLATED)
_749036_/A                            320.00  368.64  -48.64 (VIOLATED)
_754122_/A                            320.00  368.62  -48.62 (VIOLATED)
_750468_/B2                           320.00  368.59  -48.59 (VIOLATED)
_754849_/A                            320.00  368.59  -48.59 (VIOLATED)
_745711_/B                            320.00  368.57  -48.57 (VIOLATED)
_745706_/B                            320.00  368.55  -48.55 (VIOLATED)
_658099_/A                            320.00  368.51  -48.51 (VIOLATED)
_764225_/A1                           320.00  368.44  -48.44 (VIOLATED)
_763818_/A                            320.00  368.44  -48.44 (VIOLATED)
_753443_/A                            320.00  368.40  -48.40 (VIOLATED)
_754198_/B                            320.00  368.36  -48.36 (VIOLATED)
in_data_q[133]$_DFFE_PN0P_/RESETN     320.00  368.31  -48.31 (VIOLATED)
_751661_/A                            320.00  368.31  -48.31 (VIOLATED)
_497037_/A1                           320.00  368.25  -48.25 (VIOLATED)
_760203_/A                            320.00  368.25  -48.25 (VIOLATED)
_765535_/A                            320.00  368.25  -48.25 (VIOLATED)
_763793_/A                            320.00  368.21  -48.21 (VIOLATED)
_754152_/A                            320.00  368.19  -48.19 (VIOLATED)
_741964_/A                            320.00  368.17  -48.17 (VIOLATED)
_743958_/B                            320.00  368.09  -48.09 (VIOLATED)
_756522_/B                            320.00  368.09  -48.09 (VIOLATED)
_763794_/A1                           320.00  368.03  -48.03 (VIOLATED)
_757255_/C                            320.00  367.99  -47.99 (VIOLATED)
_759845_/A1                           320.00  367.98  -47.98 (VIOLATED)
_754149_/A                            320.00  367.98  -47.98 (VIOLATED)
_750432_/A                            320.00  367.98  -47.98 (VIOLATED)
_742341_/B                            320.00  367.96  -47.96 (VIOLATED)
_745620_/B                            320.00  367.95  -47.95 (VIOLATED)
_756933_/A1                           320.00  367.90  -47.90 (VIOLATED)
_740817_/A                            320.00  367.85  -47.85 (VIOLATED)
place74985/A                          320.00  367.74  -47.74 (VIOLATED)
place74428/A                          320.00  367.73  -47.73 (VIOLATED)
_763790_/A                            320.00  367.72  -47.72 (VIOLATED)
_658100_/A                            320.00  367.68  -47.68 (VIOLATED)
_737295_/B                            320.00  367.66  -47.66 (VIOLATED)
_741963_/A                            320.00  367.58  -47.58 (VIOLATED)
_763791_/A1                           320.00  367.52  -47.52 (VIOLATED)
a_sym[6][2]$_DFFE_PN0P_/RESETN        320.00  367.48  -47.48 (VIOLATED)
a_sym[10][7]$_DFFE_PN0P_/RESETN       320.00  367.40  -47.40 (VIOLATED)
_740786_/A                            320.00  367.40  -47.40 (VIOLATED)
a_sym[14][3]$_DFFE_PN0P_/RESETN       320.00  367.36  -47.36 (VIOLATED)
place74058/A                          320.00  367.33  -47.33 (VIOLATED)
_749028_/C                            320.00  367.33  -47.33 (VIOLATED)
_745617_/B                            320.00  367.32  -47.32 (VIOLATED)
a_sym[2][7]$_DFFE_PN0P_/RESETN        320.00  367.30  -47.30 (VIOLATED)
_748216_/A                            320.00  367.26  -47.26 (VIOLATED)
a_sym[10][2]$_DFFE_PN0P_/RESETN       320.00  367.20  -47.20 (VIOLATED)
_763809_/A                            320.00  367.20  -47.20 (VIOLATED)
_756512_/A                            320.00  367.18  -47.18 (VIOLATED)
_743371_/A                            320.00  367.10  -47.10 (VIOLATED)
_750612_/C                            320.00  367.07  -47.07 (VIOLATED)
_745557_/B                            320.00  367.04  -47.04 (VIOLATED)
_760399_/A                            320.00  367.03  -47.03 (VIOLATED)
_760105_/C                            320.00  367.00  -47.00 (VIOLATED)
_763808_/A                            320.00  366.99  -46.99 (VIOLATED)
_743956_/B                            320.00  366.94  -46.94 (VIOLATED)
a_sym[17][0]$_DFFE_PN0P_/RESETN       320.00  366.94  -46.94 (VIOLATED)
in_data_q[132]$_DFFE_PN0P_/RESETN     320.00  366.88  -46.88 (VIOLATED)
a_sym[18][3]$_DFFE_PN0P_/RESETN       320.00  366.84  -46.84 (VIOLATED)
_749557_/D                            320.00  366.79  -46.79 (VIOLATED)
_754832_/A1                           320.00  366.79  -46.79 (VIOLATED)
_658101_/A                            320.00  366.74  -46.74 (VIOLATED)
_740731_/A                            320.00  366.72  -46.72 (VIOLATED)
_754837_/A                            320.00  366.72  -46.72 (VIOLATED)
_757528_/B3                           320.00  366.71  -46.71 (VIOLATED)
_756550_/B                            320.00  366.71  -46.71 (VIOLATED)
_758961_/A1                           320.00  366.70  -46.70 (VIOLATED)
_756227_/A1                           320.00  366.70  -46.70 (VIOLATED)
_591623_/A                            320.00  366.69  -46.69 (VIOLATED)
place74569/A                          320.00  366.69  -46.69 (VIOLATED)
_749566_/D                            320.00  366.66  -46.66 (VIOLATED)
_745500_/B                            320.00  366.54  -46.54 (VIOLATED)
_762205_/A                            320.00  366.40  -46.40 (VIOLATED)
_742030_/A                            320.00  366.37  -46.37 (VIOLATED)
place73264/A                          320.00  366.37  -46.37 (VIOLATED)
_749572_/A2                           320.00  366.36  -46.36 (VIOLATED)
_753743_/A2                           320.00  366.33  -46.33 (VIOLATED)
_760527_/A                            320.00  366.32  -46.32 (VIOLATED)
_739571_/B                            320.00  366.31  -46.31 (VIOLATED)
_749666_/D                            320.00  366.30  -46.30 (VIOLATED)
_758041_/A                            320.00  366.26  -46.26 (VIOLATED)
a_sym[6][5]$_DFFE_PN0P_/RESETN        320.00  366.23  -46.23 (VIOLATED)
_584217_/A                            320.00  366.18  -46.18 (VIOLATED)
_745194_/B                            320.00  366.16  -46.16 (VIOLATED)
_763769_/A                            320.00  366.16  -46.16 (VIOLATED)
_751703_/A                            320.00  366.11  -46.11 (VIOLATED)
place74476/A                          320.00  366.04  -46.04 (VIOLATED)
place73207/A                          320.00  365.95  -45.95 (VIOLATED)
_745371_/B                            320.00  365.89  -45.89 (VIOLATED)
_754335_/A1                           320.00  365.89  -45.89 (VIOLATED)
_758832_/A1                           320.00  365.85  -45.85 (VIOLATED)
a_sym[18][1]$_DFFE_PN0P_/RESETN       320.00  365.82  -45.82 (VIOLATED)
_745734_/B                            320.00  365.77  -45.77 (VIOLATED)
a_sym[7][0]$_DFFE_PN0P_/RESETN        320.00  365.68  -45.68 (VIOLATED)
_763770_/A1                           320.00  365.68  -45.68 (VIOLATED)
m_ce[2]$_DFFE_PN0P_/RESETN            320.00  365.67  -45.67 (VIOLATED)
place73865/A                          320.00  365.63  -45.63 (VIOLATED)
_752727_/A1                           320.00  365.59  -45.59 (VIOLATED)
_749241_/A2                           320.00  365.58  -45.58 (VIOLATED)
_744278_/B                            320.00  365.57  -45.57 (VIOLATED)
a_sym[0][0]$_DFFE_PN0P_/RESETN        320.00  365.55  -45.55 (VIOLATED)
a_sym[10][6]$_DFFE_PN0P_/RESETN       320.00  365.55  -45.55 (VIOLATED)
place74041/A                          320.00  365.55  -45.55 (VIOLATED)
a_sym[5][0]$_DFFE_PN0P_/RESETN        320.00  365.54  -45.54 (VIOLATED)
_758790_/A1                           320.00  365.53  -45.53 (VIOLATED)
_744940_/A                            320.00  365.53  -45.53 (VIOLATED)
_744953_/A                            320.00  365.51  -45.51 (VIOLATED)
place75196/A                          320.00  365.43  -45.43 (VIOLATED)
a_sym[22][3]$_DFFE_PN0P_/RESETN       320.00  365.43  -45.43 (VIOLATED)
in_data_q[137]$_DFFE_PN0P_/RESETN     320.00  365.42  -45.42 (VIOLATED)
_763767_/A1                           320.00  365.37  -45.37 (VIOLATED)
_752655_/A1                           320.00  365.36  -45.36 (VIOLATED)
_759586_/B                            320.00  365.36  -45.36 (VIOLATED)
_744926_/A                            320.00  365.36  -45.36 (VIOLATED)
_740661_/A                            320.00  365.34  -45.34 (VIOLATED)
a_sym[14][0]$_DFFE_PN0P_/RESETN       320.00  365.30  -45.30 (VIOLATED)
_639419_/A                            320.00  365.28  -45.28 (VIOLATED)
in_data_q[7]$_DFFE_PN0P_/RESETN       320.00  365.25  -45.25 (VIOLATED)
_763766_/A                            320.00  365.22  -45.22 (VIOLATED)
a_sym[2][0]$_DFFE_PN0P_/RESETN        320.00  365.21  -45.21 (VIOLATED)
_745543_/B                            320.00  365.20  -45.20 (VIOLATED)
_740787_/A                            320.00  365.12  -45.12 (VIOLATED)
a_sym[10][4]$_DFFE_PN0P_/RESETN       320.00  365.11  -45.11 (VIOLATED)
_744928_/A                            320.00  365.10  -45.10 (VIOLATED)
_480795_/A                            320.00  365.09  -45.09 (VIOLATED)
_737287_/B                            320.00  365.09  -45.09 (VIOLATED)
_738161_/B                            320.00  365.06  -45.06 (VIOLATED)
_744955_/A                            320.00  365.03  -45.03 (VIOLATED)
_752970_/C                            320.00  365.01  -45.01 (VIOLATED)
_748134_/C                            320.00  365.01  -45.01 (VIOLATED)
a_sym[10][0]$_DFFE_PN0P_/RESETN       320.00  365.00  -45.00 (VIOLATED)
_750904_/D                            320.00  364.99  -44.99 (VIOLATED)
_740760_/A                            320.00  364.96  -44.96 (VIOLATED)
_658102_/A                            320.00  364.95  -44.95 (VIOLATED)
_740689_/A                            320.00  364.93  -44.93 (VIOLATED)
_744961_/A                            320.00  364.89  -44.89 (VIOLATED)
_753450_/A1                           320.00  364.88  -44.88 (VIOLATED)
_749669_/D                            320.00  364.83  -44.83 (VIOLATED)
_749659_/D                            320.00  364.81  -44.81 (VIOLATED)
_754108_/B                            320.00  364.78  -44.78 (VIOLATED)
_739830_/B                            320.00  364.77  -44.77 (VIOLATED)
_740682_/A                            320.00  364.77  -44.77 (VIOLATED)
_752665_/B                            320.00  364.69  -44.69 (VIOLATED)
oskid_d[86]$_DFFE_PN0P_/RESETN        320.00  364.68  -44.68 (VIOLATED)
_755832_/A1                           320.00  364.66  -44.66 (VIOLATED)
_760577_/A                            320.00  364.64  -44.64 (VIOLATED)
_480400_/C                            320.00  364.63  -44.63 (VIOLATED)
_751678_/A                            320.00  364.61  -44.61 (VIOLATED)
_480393_/C                            320.00  364.60  -44.60 (VIOLATED)
a_sym[18][5]$_DFFE_PN0P_/RESETN       320.00  364.57  -44.57 (VIOLATED)
_480146_/A                            320.00  364.53  -44.53 (VIOLATED)
place74827/A                          320.00  364.52  -44.52 (VIOLATED)
place74112/A                          320.00  364.47  -44.47 (VIOLATED)
_582028_/A                            320.00  364.47  -44.47 (VIOLATED)
_745720_/B                            320.00  364.46  -44.46 (VIOLATED)
_758687_/A1                           320.00  364.46  -44.46 (VIOLATED)
_480107_/C                            320.00  364.36  -44.36 (VIOLATED)
_756231_/A                            320.00  364.35  -44.35 (VIOLATED)
a_sym[18][4]$_DFFE_PN0P_/RESETN       320.00  364.34  -44.34 (VIOLATED)
in_data_q[141]$_DFFE_PN0P_/RESETN     320.00  364.31  -44.31 (VIOLATED)
place73767/A                          320.00  364.30  -44.30 (VIOLATED)
_480573_/C                            320.00  364.30  -44.30 (VIOLATED)
a_sym[5][6]$_DFFE_PN0P_/RESETN        320.00  364.27  -44.27 (VIOLATED)
_480556_/C                            320.00  364.27  -44.27 (VIOLATED)
a_sym[6][6]$_DFFE_PN0P_/RESETN        320.00  364.24  -44.24 (VIOLATED)
_480122_/A                            320.00  364.23  -44.23 (VIOLATED)
a_sym[6][1]$_DFFE_PN0P_/RESETN        320.00  364.16  -44.16 (VIOLATED)
_741965_/A                            320.00  364.14  -44.14 (VIOLATED)
_760036_/A1                           320.00  364.12  -44.12 (VIOLATED)
_744945_/A                            320.00  364.11  -44.11 (VIOLATED)
_763488_/A                            320.00  364.08  -44.08 (VIOLATED)
_763489_/A1                           320.00  364.08  -44.08 (VIOLATED)
place74201/A                          320.00  364.07  -44.07 (VIOLATED)
_748501_/A                            320.00  364.02  -44.02 (VIOLATED)
_740662_/A                            320.00  364.00  -44.00 (VIOLATED)
_760847_/A                            320.00  363.99  -43.99 (VIOLATED)
_749110_/A                            320.00  363.99  -43.99 (VIOLATED)
_750596_/A1                           320.00  363.96  -43.96 (VIOLATED)
_750540_/A                            320.00  363.92  -43.92 (VIOLATED)
_739748_/B                            320.00  363.92  -43.92 (VIOLATED)
_753462_/B                            320.00  363.91  -43.91 (VIOLATED)
place73360/A                          320.00  363.90  -43.90 (VIOLATED)
_750612_/A1                           320.00  363.89  -43.89 (VIOLATED)
_748250_/A                            320.00  363.87  -43.87 (VIOLATED)
_480288_/B                            320.00  363.87  -43.87 (VIOLATED)
_746369_/B                            320.00  363.84  -43.84 (VIOLATED)
_748192_/A                            320.00  363.81  -43.81 (VIOLATED)
_740674_/A                            320.00  363.80  -43.80 (VIOLATED)
_480255_/B                            320.00  363.78  -43.78 (VIOLATED)
_749662_/D                            320.00  363.76  -43.76 (VIOLATED)
_748678_/A                            320.00  363.74  -43.74 (VIOLATED)
_754348_/A                            320.00  363.71  -43.71 (VIOLATED)
place74622/A                          320.00  363.68  -43.68 (VIOLATED)
_751823_/A                            320.00  363.65  -43.65 (VIOLATED)
_480087_/C                            320.00  363.62  -43.62 (VIOLATED)
place73534/A                          320.00  363.61  -43.61 (VIOLATED)
_748172_/A                            320.00  363.60  -43.60 (VIOLATED)
_755413_/B                            320.00  363.55  -43.55 (VIOLATED)
_743194_/B                            320.00  363.54  -43.54 (VIOLATED)
place74415/A                          320.00  363.52  -43.52 (VIOLATED)
_756559_/A                            320.00  363.51  -43.51 (VIOLATED)
_744959_/A                            320.00  363.50  -43.50 (VIOLATED)
_480475_/B                            320.00  363.49  -43.49 (VIOLATED)
_744957_/A                            320.00  363.44  -43.44 (VIOLATED)
_744951_/A                            320.00  363.43  -43.43 (VIOLATED)
_756003_/A1                           320.00  363.40  -43.40 (VIOLATED)
_751699_/A                            320.00  363.38  -43.38 (VIOLATED)
_759525_/A1                           320.00  363.34  -43.34 (VIOLATED)
_744934_/A                            320.00  363.32  -43.32 (VIOLATED)
_739780_/B                            320.00  363.20  -43.20 (VIOLATED)
_751663_/A                            320.00  363.17  -43.17 (VIOLATED)
_480441_/B                            320.00  363.17  -43.17 (VIOLATED)
_746238_/B                            320.00  363.17  -43.17 (VIOLATED)
place74053/A                          320.00  363.13  -43.13 (VIOLATED)
place75222/A                          320.00  363.12  -43.12 (VIOLATED)
_751829_/B                            320.00  363.10  -43.10 (VIOLATED)
_742470_/B                            320.00  363.06  -43.06 (VIOLATED)
_759715_/A1                           320.00  363.05  -43.05 (VIOLATED)
_742022_/A                            320.00  363.04  -43.04 (VIOLATED)
_742024_/A                            320.00  363.02  -43.02 (VIOLATED)
_787440_/A                            320.00  362.94  -42.94 (VIOLATED)
_749631_/D                            320.00  362.93  -42.93 (VIOLATED)
_756510_/A                            320.00  362.88  -42.88 (VIOLATED)
_759736_/A1                           320.00  362.87  -42.87 (VIOLATED)
_742485_/B                            320.00  362.86  -42.86 (VIOLATED)
in_data_q[52]$_DFFE_PN0P_/QN          320.00  362.65  -42.65 (VIOLATED)
_749070_/C                            320.00  362.54  -42.54 (VIOLATED)
a_sym[22][7]$_DFFE_PN0P_/RESETN       320.00  362.54  -42.54 (VIOLATED)
oskid_d[88]$_DFFE_PN0P_/RESETN        320.00  362.53  -42.53 (VIOLATED)
_763752_/A                            320.00  362.45  -42.45 (VIOLATED)
_749652_/C                            320.00  362.40  -42.40 (VIOLATED)
place74034/A                          320.00  362.38  -42.38 (VIOLATED)
_727657_/B                            320.00  362.30  -42.30 (VIOLATED)
_740795_/A                            320.00  362.27  -42.27 (VIOLATED)
_752855_/C                            320.00  362.27  -42.27 (VIOLATED)
place74343/A                          320.00  362.21  -42.21 (VIOLATED)
_757803_/A                            320.00  362.16  -42.16 (VIOLATED)
_754938_/B                            320.00  362.14  -42.14 (VIOLATED)
place73276/A                          320.00  362.12  -42.12 (VIOLATED)
_745531_/B                            320.00  362.11  -42.11 (VIOLATED)
_744932_/A                            320.00  362.07  -42.07 (VIOLATED)
_742013_/A                            320.00  362.05  -42.05 (VIOLATED)
_754853_/B                            320.00  361.98  -41.98 (VIOLATED)
_745499_/B                            320.00  361.89  -41.89 (VIOLATED)
_759606_/B                            320.00  361.83  -41.83 (VIOLATED)
_764224_/A                            320.00  361.81  -41.81 (VIOLATED)
place75149/A                          320.00  361.78  -41.78 (VIOLATED)
place74995/A                          320.00  361.66  -41.66 (VIOLATED)
_749025_/C                            320.00  361.57  -41.57 (VIOLATED)
_744947_/A                            320.00  361.47  -41.47 (VIOLATED)
_763753_/A1                           320.00  361.35  -41.35 (VIOLATED)
_756929_/A                            320.00  361.27  -41.27 (VIOLATED)
place74761/A                          320.00  361.17  -41.17 (VIOLATED)
_754115_/B                            320.00  361.14  -41.14 (VIOLATED)
_488923_/A                            320.00  360.93  -40.93 (VIOLATED)
_763749_/A                            320.00  360.87  -40.87 (VIOLATED)
_741957_/A                            320.00  360.84  -40.84 (VIOLATED)
_760839_/A                            320.00  360.79  -40.79 (VIOLATED)
_749655_/C                            320.00  360.60  -40.60 (VIOLATED)
_739176_/B                            320.00  360.49  -40.49 (VIOLATED)
_745708_/B                            320.00  360.49  -40.49 (VIOLATED)
_750726_/A                            320.00  360.42  -40.42 (VIOLATED)
_758563_/A                            320.00  360.41  -40.41 (VIOLATED)
_760471_/A1                           320.00  360.41  -40.41 (VIOLATED)
_744963_/A                            320.00  360.36  -40.36 (VIOLATED)
_658104_/A                            320.00  360.36  -40.36 (VIOLATED)
_751888_/A                            320.00  360.33  -40.33 (VIOLATED)
in_data_q[122]$_DFFE_PN0P_/QN         320.00  360.24  -40.24 (VIOLATED)
place73379/A                          320.00  360.24  -40.24 (VIOLATED)
_658103_/A                            320.00  360.10  -40.10 (VIOLATED)
_746612_/A                            320.00  360.10  -40.10 (VIOLATED)
a_sym[2][1]$_DFFE_PN0P_/RESETN        320.00  360.09  -40.09 (VIOLATED)
output9935/A                          320.00  360.01  -40.01 (VIOLATED)
output9865/A                          320.00  359.99  -39.99 (VIOLATED)
_741958_/A                            320.00  359.95  -39.95 (VIOLATED)
output9950/A                          320.00  359.94  -39.94 (VIOLATED)
output9955/A                          320.00  359.92  -39.92 (VIOLATED)
_742027_/A                            320.00  359.91  -39.91 (VIOLATED)
_750439_/A                            320.00  359.91  -39.91 (VIOLATED)
_740357_/B                            320.00  359.79  -39.79 (VIOLATED)
_750407_/B                            320.00  359.77  -39.77 (VIOLATED)
output9883/A                          320.00  359.76  -39.76 (VIOLATED)
_749602_/C                            320.00  359.71  -39.71 (VIOLATED)
_763750_/A1                           320.00  359.71  -39.71 (VIOLATED)
_740796_/A                            320.00  359.68  -39.68 (VIOLATED)
_740666_/A                            320.00  359.67  -39.67 (VIOLATED)
_740683_/A                            320.00  359.60  -39.60 (VIOLATED)
out_pix_data[46]$_DFFE_PN0P_/RESETN   320.00  359.55  -39.55 (VIOLATED)
_787558_/A                            320.00  359.47  -39.47 (VIOLATED)
out_pix_data[45]$_DFFE_PN0P_/RESETN   320.00  359.46  -39.46 (VIOLATED)
output9985/A                          320.00  359.41  -39.41 (VIOLATED)
_787559_/A1                           320.00  359.41  -39.41 (VIOLATED)
a_sym[4][6]$_DFFE_PN0P_/RESETN        320.00  359.38  -39.38 (VIOLATED)
output9834/A                          320.00  359.35  -39.35 (VIOLATED)
_497037_/B2                           320.00  359.35  -39.35 (VIOLATED)
_754346_/B                            320.00  359.28  -39.28 (VIOLATED)
_787561_/A                            320.00  359.27  -39.27 (VIOLATED)
_787562_/A1                           320.00  359.26  -39.26 (VIOLATED)
out_pix_data[44]$_DFFE_PN0P_/RESETN   320.00  359.25  -39.25 (VIOLATED)
output9914/A                          320.00  359.23  -39.23 (VIOLATED)
_787691_/A1                           320.00  359.19  -39.19 (VIOLATED)
_787689_/A1                           320.00  358.93  -38.93 (VIOLATED)
_757366_/A1                           320.00  358.91  -38.91 (VIOLATED)
_755516_/A1                           320.00  358.87  -38.87 (VIOLATED)
_760033_/A1                           320.00  358.86  -38.86 (VIOLATED)
_759238_/A                            320.00  358.85  -38.85 (VIOLATED)
_757365_/A                            320.00  358.83  -38.83 (VIOLATED)
_744888_/A                            320.00  358.75  -38.75 (VIOLATED)
_744890_/A                            320.00  358.74  -38.74 (VIOLATED)
_740804_/A                            320.00  358.74  -38.74 (VIOLATED)
_787688_/A                            320.00  358.74  -38.74 (VIOLATED)
_749582_/D                            320.00  358.72  -38.72 (VIOLATED)
a_sym[24][4]$_DFFE_PN0P_/RESETN       320.00  358.70  -38.70 (VIOLATED)
_744886_/A                            320.00  358.68  -38.68 (VIOLATED)
oskid_d[44]$_DFFE_PN0P_/RESETN        320.00  358.62  -38.62 (VIOLATED)
output9945/A                          320.00  358.60  -38.60 (VIOLATED)
_757006_/D                            320.00  358.55  -38.55 (VIOLATED)
_757046_/D                            320.00  358.54  -38.54 (VIOLATED)
oskid_d[45]$_DFFE_PN0P_/RESETN        320.00  358.52  -38.52 (VIOLATED)
oskid_d[43]$_DFFE_PN0P_/RESETN        320.00  358.49  -38.49 (VIOLATED)
_749410_/D                            320.00  358.48  -38.48 (VIOLATED)
output9990/A                          320.00  358.35  -38.35 (VIOLATED)
_749065_/C                            320.00  358.32  -38.32 (VIOLATED)
_749220_/C                            320.00  358.31  -38.31 (VIOLATED)
_744884_/A                            320.00  358.31  -38.31 (VIOLATED)
_754130_/C                            320.00  358.26  -38.26 (VIOLATED)
_752017_/C                            320.00  358.25  -38.25 (VIOLATED)
_755677_/A1                           320.00  358.24  -38.24 (VIOLATED)
_749163_/D                            320.00  358.24  -38.24 (VIOLATED)
_787690_/A                            320.00  358.21  -38.21 (VIOLATED)
_749105_/A                            320.00  358.13  -38.13 (VIOLATED)
oskid_d[46]$_DFFE_PN0P_/RESETN        320.00  358.08  -38.08 (VIOLATED)
_753085_/C                            320.00  358.05  -38.05 (VIOLATED)
_743966_/A                            320.00  358.03  -38.03 (VIOLATED)
_749269_/C                            320.00  358.02  -38.02 (VIOLATED)
_748236_/A                            320.00  358.02  -38.02 (VIOLATED)
in_data_q[74]$_DFFE_PN0P_/RESETN      320.00  358.00  -38.00 (VIOLATED)
output9893/A                          320.00  358.00  -38.00 (VIOLATED)
oskid_d[42]$_DFFE_PN0P_/RESETN        320.00  357.95  -37.96 (VIOLATED)
_757044_/D                            320.00  357.95  -37.95 (VIOLATED)
_743864_/A                            320.00  357.90  -37.90 (VIOLATED)
_745483_/B                            320.00  357.84  -37.84 (VIOLATED)
_787552_/A1                           320.00  357.83  -37.83 (VIOLATED)
_743909_/A                            320.00  357.83  -37.83 (VIOLATED)
_743916_/A                            320.00  357.82  -37.82 (VIOLATED)
_787555_/A1                           320.00  357.81  -37.81 (VIOLATED)
_749168_/D                            320.00  357.79  -37.79 (VIOLATED)
_504102_/B                            320.00  357.76  -37.76 (VIOLATED)
_743866_/A                            320.00  357.76  -37.76 (VIOLATED)
_504119_/B2                           320.00  357.76  -37.76 (VIOLATED)
out_pix_data[42]$_DFFE_PN0P_/RESETN   320.00  357.75  -37.75 (VIOLATED)
_743834_/A                            320.00  357.75  -37.75 (VIOLATED)
_787551_/A                            320.00  357.74  -37.74 (VIOLATED)
place73359/A                          320.00  357.61  -37.61 (VIOLATED)
_754198_/A                            320.00  357.59  -37.59 (VIOLATED)
output9850/A                          320.00  357.54  -37.54 (VIOLATED)
_743319_/A                            320.00  357.52  -37.52 (VIOLATED)
_743330_/A                            320.00  357.49  -37.49 (VIOLATED)
output9903/A                          320.00  357.45  -37.45 (VIOLATED)
_609687_/A                            320.00  357.44  -37.44 (VIOLATED)
_743334_/A                            320.00  357.43  -37.43 (VIOLATED)
_749217_/C                            320.00  357.36  -37.36 (VIOLATED)
_754936_/A                            320.00  357.35  -37.35 (VIOLATED)
output10005/A                         320.00  357.34  -37.34 (VIOLATED)
_743853_/A                            320.00  357.34  -37.34 (VIOLATED)
_758424_/B                            320.00  357.33  -37.33 (VIOLATED)
place74593/A                          320.00  357.30  -37.30 (VIOLATED)
_758313_/B2                           320.00  357.30  -37.30 (VIOLATED)
_743318_/A                            320.00  357.29  -37.29 (VIOLATED)
_787554_/A                            320.00  357.29  -37.29 (VIOLATED)
_758439_/C                            320.00  357.27  -37.27 (VIOLATED)
_743304_/A                            320.00  357.17  -37.17 (VIOLATED)
_755789_/B2                           320.00  357.16  -37.16 (VIOLATED)
_737315_/B                            320.00  357.14  -37.14 (VIOLATED)
_749249_/D                            320.00  357.13  -37.13 (VIOLATED)
_748244_/B2                           320.00  357.11  -37.11 (VIOLATED)
_753083_/C                            320.00  357.02  -37.02 (VIOLATED)
_757254_/A1                           320.00  356.98  -36.98 (VIOLATED)
_658105_/A                            320.00  356.95  -36.95 (VIOLATED)
_749176_/D                            320.00  356.93  -36.93 (VIOLATED)
_743343_/A                            320.00  356.92  -36.92 (VIOLATED)
_752950_/C                            320.00  356.89  -36.89 (VIOLATED)
_787693_/A                            320.00  356.89  -36.89 (VIOLATED)
_740713_/A                            320.00  356.78  -36.78 (VIOLATED)
_749372_/D                            320.00  356.74  -36.74 (VIOLATED)
_750409_/A1                           320.00  356.74  -36.74 (VIOLATED)
_751677_/C                            320.00  356.73  -36.73 (VIOLATED)
_741956_/A                            320.00  356.71  -36.71 (VIOLATED)
_748202_/A                            320.00  356.71  -36.71 (VIOLATED)
_744882_/A                            320.00  356.64  -36.64 (VIOLATED)
_743338_/A                            320.00  356.60  -36.60 (VIOLATED)
place73363/A                          320.00  356.57  -36.57 (VIOLATED)
in_data_q[14]$_DFFE_PN0P_/RESETN      320.00  356.45  -36.45 (VIOLATED)
in_data_q[1]$_DFFE_PN0P_/RESETN       320.00  356.44  -36.44 (VIOLATED)
_741961_/A                            320.00  356.41  -36.41 (VIOLATED)
_743429_/A                            320.00  356.34  -36.34 (VIOLATED)
_759481_/A                            320.00  356.30  -36.30 (VIOLATED)
output9975/A                          320.00  356.28  -36.28 (VIOLATED)
_743970_/A                            320.00  356.20  -36.20 (VIOLATED)
_743438_/A                            320.00  356.18  -36.18 (VIOLATED)
_743965_/A                            320.00  356.17  -36.17 (VIOLATED)
_743848_/A                            320.00  356.16  -36.16 (VIOLATED)
_787695_/A                            320.00  356.11  -36.11 (VIOLATED)
_844234_/B                            320.00  356.09  -36.09 (VIOLATED)
output9855/A                          320.00  356.08  -36.08 (VIOLATED)
_743833_/A                            320.00  356.07  -36.07 (VIOLATED)
_763763_/A                            320.00  356.03  -36.03 (VIOLATED)
out_pix_data[47]$_DFFE_PN0P_/RESETN   320.00  356.00  -36.00 (VIOLATED)
_760628_/A1                           320.00  355.99  -35.99 (VIOLATED)
_743978_/A                            320.00  355.88  -35.88 (VIOLATED)
_748923_/B                            320.00  355.84  -35.84 (VIOLATED)
_739776_/B                            320.00  355.79  -35.79 (VIOLATED)
output9924/A                          320.00  355.78  -35.78 (VIOLATED)
_748922_/B                            320.00  355.73  -35.73 (VIOLATED)
_768723_/A                            320.00  355.65  -35.65 (VIOLATED)
_750732_/B                            320.00  355.64  -35.64 (VIOLATED)
_742011_/A                            320.00  355.64  -35.64 (VIOLATED)
_787694_/A1                           320.00  355.64  -35.64 (VIOLATED)
_740705_/A                            320.00  355.59  -35.59 (VIOLATED)
_787696_/A1                           320.00  355.59  -35.59 (VIOLATED)
_752167_/C                            320.00  355.50  -35.50 (VIOLATED)
_743915_/A                            320.00  355.49  -35.49 (VIOLATED)
_748956_/B                            320.00  355.39  -35.39 (VIOLATED)
_742029_/A                            320.00  355.32  -35.32 (VIOLATED)
_748960_/B                            320.00  355.29  -35.29 (VIOLATED)
_742025_/A                            320.00  355.25  -35.25 (VIOLATED)
_736908_/A                            320.00  355.20  -35.20 (VIOLATED)
_740803_/A                            320.00  355.18  -35.18 (VIOLATED)
_752948_/C                            320.00  355.18  -35.18 (VIOLATED)
_751919_/B                            320.00  355.10  -35.10 (VIOLATED)
_760840_/A1                           320.00  355.09  -35.09 (VIOLATED)
_744275_/B                            320.00  355.07  -35.07 (VIOLATED)
place74004/A                          320.00  355.07  -35.07 (VIOLATED)
_752894_/A1                           320.00  355.05  -35.05 (VIOLATED)
_751896_/A1                           320.00  355.04  -35.04 (VIOLATED)
out_pix_data[43]$_DFFE_PN0P_/RESETN   320.00  355.04  -35.04 (VIOLATED)
_742018_/A                            320.00  355.02  -35.02 (VIOLATED)
_758278_/A1                           320.00  354.95  -34.95 (VIOLATED)
_760208_/C1                           320.00  354.94  -34.94 (VIOLATED)
_748879_/A1                           320.00  354.88  -34.88 (VIOLATED)
_749606_/C                            320.00  354.86  -34.86 (VIOLATED)
_743126_/B                            320.00  354.84  -34.84 (VIOLATED)
_742017_/A                            320.00  354.84  -34.84 (VIOLATED)
_671705_/A                            320.00  354.84  -34.84 (VIOLATED)
_666134_/B                            320.00  354.76  -34.76 (VIOLATED)
place74046/A                          320.00  354.71  -34.71 (VIOLATED)
_750729_/A                            320.00  354.69  -34.69 (VIOLATED)
_763760_/A                            320.00  354.69  -34.69 (VIOLATED)
_752672_/A                            320.00  354.62  -34.62 (VIOLATED)
_755839_/B2                           320.00  354.61  -34.61 (VIOLATED)
out_pix_data[61]$_DFFE_PN0P_/RESETN   320.00  354.58  -34.58 (VIOLATED)
_764017_/A1                           320.00  354.51  -34.51 (VIOLATED)
_760678_/A1                           320.00  354.50  -34.50 (VIOLATED)
_750782_/A                            320.00  354.46  -34.46 (VIOLATED)
_742014_/A                            320.00  354.42  -34.42 (VIOLATED)
_754365_/A                            320.00  354.41  -34.41 (VIOLATED)
_664212_/A                            320.00  354.40  -34.40 (VIOLATED)
_757834_/A                            320.00  354.38  -34.38 (VIOLATED)
_759484_/C                            320.00  354.36  -34.36 (VIOLATED)
_740820_/A                            320.00  354.30  -34.30 (VIOLATED)
place83504/A                          320.00  354.28  -34.28 (VIOLATED)
_752881_/A                            320.00  354.25  -34.25 (VIOLATED)
_742016_/A                            320.00  354.22  -34.22 (VIOLATED)
_756244_/B1                           320.00  354.20  -34.20 (VIOLATED)
_742028_/A                            320.00  354.13  -34.13 (VIOLATED)
_745653_/B                            320.00  354.06  -34.06 (VIOLATED)
_759273_/A                            320.00  354.03  -34.03 (VIOLATED)
_752870_/A                            320.00  354.01  -34.01 (VIOLATED)
_752873_/A                            320.00  354.01  -34.01 (VIOLATED)
_756222_/B                            320.00  353.97  -33.97 (VIOLATED)
out_pix_data[86]$_DFFE_PN0P_/RESETN   320.00  353.94  -33.94 (VIOLATED)
in_data_q[53]$_DFFE_PN0P_/QN          320.00  353.93  -33.93 (VIOLATED)
_743968_/A                            320.00  353.92  -33.92 (VIOLATED)
_658106_/A                            320.00  353.91  -33.91 (VIOLATED)
_759356_/A1                           320.00  353.86  -33.86 (VIOLATED)
_743442_/A                            320.00  353.60  -33.60 (VIOLATED)
_743901_/A                            320.00  353.59  -33.59 (VIOLATED)
_757821_/B2                           320.00  353.56  -33.56 (VIOLATED)
_740802_/A                            320.00  353.43  -33.43 (VIOLATED)
_757004_/D                            320.00  353.42  -33.42 (VIOLATED)
_743889_/A                            320.00  353.39  -33.39 (VIOLATED)
_743871_/A                            320.00  353.36  -33.36 (VIOLATED)
_743877_/A                            320.00  353.36  -33.36 (VIOLATED)
_743820_/A                            320.00  353.32  -33.32 (VIOLATED)
_743975_/A                            320.00  353.32  -33.32 (VIOLATED)
_750784_/A                            320.00  353.30  -33.30 (VIOLATED)
_749655_/B                            320.00  353.28  -33.28 (VIOLATED)
_754933_/A                            320.00  353.23  -33.23 (VIOLATED)
_757041_/B2                           320.00  353.22  -33.22 (VIOLATED)
_737984_/B                            320.00  353.21  -33.21 (VIOLATED)
_752878_/A                            320.00  353.19  -33.19 (VIOLATED)
_751920_/B                            320.00  353.17  -33.17 (VIOLATED)
_740733_/A                            320.00  353.15  -33.15 (VIOLATED)
_743905_/A                            320.00  353.12  -33.12 (VIOLATED)
m_1h[12]$_DFFE_PN0P_/QN               320.00  353.07  -33.07 (VIOLATED)
_757535_/C                            320.00  353.07  -33.07 (VIOLATED)
_740390_/A                            320.00  353.05  -33.05 (VIOLATED)
_740349_/A                            320.00  353.03  -33.03 (VIOLATED)
_744892_/A                            320.00  352.98  -32.98 (VIOLATED)
ce_d2[46]$_DFFE_PN0P_/RESETN          320.00  352.96  -32.96 (VIOLATED)
_752200_/A                            320.00  352.95  -32.95 (VIOLATED)
_746154_/B                            320.00  352.91  -32.91 (VIOLATED)
_740337_/A                            320.00  352.90  -32.90 (VIOLATED)
ce_d1[46]$_DFFE_PN0P_/RESETN          320.00  352.89  -32.89 (VIOLATED)
output9724/A                          320.00  352.88  -32.88 (VIOLATED)
output9593/A                          320.00  352.88  -32.88 (VIOLATED)
_758280_/A1                           320.00  352.83  -32.83 (VIOLATED)
_741942_/B                            320.00  352.81  -32.81 (VIOLATED)
_611863_/B                            320.00  352.80  -32.80 (VIOLATED)
_743826_/A                            320.00  352.78  -32.78 (VIOLATED)
_753734_/C                            320.00  352.78  -32.78 (VIOLATED)
_741983_/A                            320.00  352.76  -32.76 (VIOLATED)
_765508_/A                            320.00  352.75  -32.75 (VIOLATED)
_749550_/A1                           320.00  352.73  -32.73 (VIOLATED)
place73514/A                          320.00  352.73  -32.73 (VIOLATED)
output9693/A                          320.00  352.72  -32.72 (VIOLATED)
_490896_/B                            320.00  352.70  -32.70 (VIOLATED)
output9624/A                          320.00  352.69  -32.69 (VIOLATED)
_749508_/C                            320.00  352.68  -32.68 (VIOLATED)
_759232_/B                            320.00  352.61  -32.61 (VIOLATED)
place74755/A                          320.00  352.54  -32.54 (VIOLATED)
_740340_/A                            320.00  352.48  -32.48 (VIOLATED)
output9783/A                          320.00  352.46  -32.46 (VIOLATED)
_743841_/A                            320.00  352.42  -32.42 (VIOLATED)
output9824/A                          320.00  352.38  -32.38 (VIOLATED)
_749409_/A                            320.00  352.38  -32.38 (VIOLATED)
_753040_/C                            320.00  352.35  -32.35 (VIOLATED)
_757311_/B2                           320.00  352.34  -32.34 (VIOLATED)
_754951_/A1                           320.00  352.31  -32.31 (VIOLATED)
output9614/A                          320.00  352.25  -32.25 (VIOLATED)
output9774/A                          320.00  352.25  -32.25 (VIOLATED)
output9734/A                          320.00  352.23  -32.23 (VIOLATED)
_749134_/D                            320.00  352.20  -32.20 (VIOLATED)
output9674/A                          320.00  352.16  -32.16 (VIOLATED)
_758048_/A1                           320.00  352.12  -32.12 (VIOLATED)
_749044_/D                            320.00  352.11  -32.11 (VIOLATED)
place75266/A                          320.00  352.02  -32.02 (VIOLATED)
output9793/A                          320.00  352.01  -32.01 (VIOLATED)
output9644/A                          320.00  352.01  -32.01 (VIOLATED)
output9814/A                          320.00  352.00  -32.00 (VIOLATED)
_740344_/A                            320.00  352.00  -32.00 (VIOLATED)
_755874_/A                            320.00  351.98  -31.98 (VIOLATED)
_754860_/A                            320.00  351.94  -31.94 (VIOLATED)
_764016_/A                            320.00  351.86  -31.86 (VIOLATED)
_737113_/A                            320.00  351.80  -31.80 (VIOLATED)
place73633/A                          320.00  351.73  -31.73 (VIOLATED)
_758914_/A                            320.00  351.68  -31.68 (VIOLATED)
_721824_/A1                           320.00  351.58  -31.58 (VIOLATED)
_482545_/B                            320.00  351.56  -31.56 (VIOLATED)
output9649/A                          320.00  351.55  -31.55 (VIOLATED)
output9583/A                          320.00  351.54  -31.54 (VIOLATED)
_765509_/A1                           320.00  351.51  -31.51 (VIOLATED)
_749113_/C                            320.00  351.49  -31.49 (VIOLATED)
output9634/A                          320.00  351.48  -31.48 (VIOLATED)
_745225_/B                            320.00  351.40  -31.40 (VIOLATED)
place73616/A                          320.00  351.27  -31.27 (VIOLATED)
_749183_/C                            320.00  351.27  -31.27 (VIOLATED)
out_pix_data[88]$_DFFE_PN0P_/RESETN   320.00  351.26  -31.26 (VIOLATED)
output9654/A                          320.00  351.26  -31.26 (VIOLATED)
_755400_/A1                           320.00  351.24  -31.24 (VIOLATED)
_755647_/A2                           320.00  351.21  -31.21 (VIOLATED)
_486309_/A                            320.00  351.21  -31.21 (VIOLATED)
_749070_/B                            320.00  351.18  -31.18 (VIOLATED)
_749117_/C                            320.00  351.13  -31.13 (VIOLATED)
_756963_/B1                           320.00  351.06  -31.06 (VIOLATED)
_683682_/B                            320.00  351.06  -31.06 (VIOLATED)
_755656_/A                            320.00  351.04  -31.04 (VIOLATED)
_517037_/A1                           320.00  350.93  -30.93 (VIOLATED)
_754161_/A                            320.00  350.93  -30.93 (VIOLATED)
output9714/A                          320.00  350.79  -30.79 (VIOLATED)
output9574/A                          320.00  350.78  -30.78 (VIOLATED)
output9749/A                          320.00  350.78  -30.78 (VIOLATED)
output9744/A                          320.00  350.77  -30.77 (VIOLATED)
output9765/A                          320.00  350.75  -30.75 (VIOLATED)
_749488_/A1                           320.00  350.74  -30.74 (VIOLATED)
_750416_/A                            320.00  350.72  -30.72 (VIOLATED)
_754124_/A                            320.00  350.70  -30.70 (VIOLATED)
output9683/A                          320.00  350.69  -30.69 (VIOLATED)
_755405_/A                            320.00  350.67  -30.67 (VIOLATED)
_759228_/A                            320.00  350.65  -30.65 (VIOLATED)
_671704_/A                            320.00  350.64  -30.64 (VIOLATED)
_755961_/B2                           320.00  350.64  -30.64 (VIOLATED)
_759227_/A                            320.00  350.63  -30.63 (VIOLATED)
_533053_/A                            320.00  350.58  -30.58 (VIOLATED)
_756673_/B2                           320.00  350.56  -30.56 (VIOLATED)
_754158_/A                            320.00  350.56  -30.56 (VIOLATED)
_740343_/A                            320.00  350.46  -30.46 (VIOLATED)
output9703/A                          320.00  350.43  -30.43 (VIOLATED)
_759230_/B2                           320.00  350.42  -30.42 (VIOLATED)
place73448/A                          320.00  350.42  -30.42 (VIOLATED)
_743247_/B                            320.00  350.34  -30.34 (VIOLATED)
output9803/A                          320.00  350.32  -30.32 (VIOLATED)
a_sym[16][4]$_DFFE_PN0P_/RESETN       320.00  350.31  -30.31 (VIOLATED)
_740018_/B                            320.00  350.26  -30.26 (VIOLATED)
m_1h[38]$_DFFE_PN0P_/RESETN           320.00  350.25  -30.25 (VIOLATED)
_759474_/B                            320.00  350.24  -30.24 (VIOLATED)
output9869/A                          320.00  350.21  -30.21 (VIOLATED)
m_1h[41]$_DFFE_PN0P_/RESETN           320.00  350.21  -30.21 (VIOLATED)
output9979/A                          320.00  350.20  -30.20 (VIOLATED)
output9949/A                          320.00  350.20  -30.20 (VIOLATED)
output9904/A                          320.00  350.20  -30.20 (VIOLATED)
_743967_/A                            320.00  350.18  -30.18 (VIOLATED)
output9888/A                          320.00  350.16  -30.16 (VIOLATED)
_528164_/A1                           320.00  350.15  -30.15 (VIOLATED)
place74312/A                          320.00  349.98  -29.98 (VIOLATED)
output9755/A                          320.00  349.96  -29.96 (VIOLATED)
_743356_/A                            320.00  349.96  -29.96 (VIOLATED)
output9665/A                          320.00  349.95  -29.95 (VIOLATED)
output9918/A                          320.00  349.92  -29.92 (VIOLATED)
output9838/A                          320.00  349.90  -29.90 (VIOLATED)
_740382_/A                            320.00  349.82  -29.82 (VIOLATED)
_742031_/A                            320.00  349.78  -29.78 (VIOLATED)
output9908/A                          320.00  349.73  -29.73 (VIOLATED)
output9898/A                          320.00  349.70  -29.70 (VIOLATED)
_764001_/A                            320.00  349.68  -29.68 (VIOLATED)
_745527_/B                            320.00  349.63  -29.63 (VIOLATED)
_764002_/A1                           320.00  349.62  -29.62 (VIOLATED)
_763772_/A                            320.00  349.57  -29.57 (VIOLATED)
_763773_/A1                           320.00  349.55  -29.55 (VIOLATED)
_753720_/C                            320.00  349.54  -29.54 (VIOLATED)
_759504_/A1                           320.00  349.54  -29.54 (VIOLATED)
output9878/A                          320.00  349.51  -29.51 (VIOLATED)
_657975_/A                            320.00  349.48  -29.48 (VIOLATED)
_757839_/B2                           320.00  349.48  -29.48 (VIOLATED)
in_data_q[4]$_DFFE_PN0P_/RESETN       320.00  349.40  -29.40 (VIOLATED)
output9603/A                          320.00  349.39  -29.39 (VIOLATED)
_657976_/A                            320.00  349.38  -29.38 (VIOLATED)
output9828/A                          320.00  349.38  -29.38 (VIOLATED)
_755109_/A2                           320.00  349.34  -29.34 (VIOLATED)
place74746/A                          320.00  349.33  -29.33 (VIOLATED)
_657977_/A                            320.00  349.25  -29.25 (VIOLATED)
output9849/A                          320.00  349.22  -29.22 (VIOLATED)
_664209_/A                            320.00  349.21  -29.21 (VIOLATED)
m_1h[4]$_DFFE_PN0P_/RESETN            320.00  349.14  -29.14 (VIOLATED)
_741411_/B                            320.00  349.11  -29.11 (VIOLATED)
_741197_/B                            320.00  349.09  -29.09 (VIOLATED)
place74838/A                          320.00  349.09  -29.09 (VIOLATED)
_750777_/B                            320.00  349.07  -29.07 (VIOLATED)
_753472_/A                            320.00  349.06  -29.06 (VIOLATED)
_752112_/C                            320.00  349.06  -29.06 (VIOLATED)
_757535_/A1                           320.00  349.06  -29.06 (VIOLATED)
_742518_/B                            320.00  349.01  -29.01 (VIOLATED)
_487398_/B                            320.00  348.98  -28.98 (VIOLATED)
place73405/A                          320.00  348.98  -28.98 (VIOLATED)
_756250_/A1                           320.00  348.96  -28.96 (VIOLATED)
output9860/A                          320.00  348.92  -28.92 (VIOLATED)
_759485_/A1                           320.00  348.91  -28.91 (VIOLATED)
_486270_/A                            320.00  348.87  -28.87 (VIOLATED)
_751826_/A                            320.00  348.85  -28.85 (VIOLATED)
_755016_/A                            320.00  348.85  -28.85 (VIOLATED)
place74241/A                          320.00  348.82  -28.82 (VIOLATED)
place74659/A                          320.00  348.80  -28.80 (VIOLATED)
_740710_/A                            320.00  348.74  -28.74 (VIOLATED)
_657978_/A                            320.00  348.68  -28.68 (VIOLATED)
_738564_/B                            320.00  348.63  -28.63 (VIOLATED)
_751951_/C                            320.00  348.58  -28.58 (VIOLATED)
_748780_/A                            320.00  348.58  -28.58 (VIOLATED)
output9989/A                          320.00  348.53  -28.53 (VIOLATED)
_750577_/A                            320.00  348.50  -28.50 (VIOLATED)
_763999_/A                            320.00  348.48  -28.48 (VIOLATED)
_752665_/A                            320.00  348.47  -28.47 (VIOLATED)
_764000_/A1                           320.00  348.36  -28.36 (VIOLATED)
_759064_/A1                           320.00  348.30  -28.30 (VIOLATED)
_749407_/C                            320.00  348.24  -28.24 (VIOLATED)
_768661_/A                            320.00  348.22  -28.22 (VIOLATED)
_744795_/A                            320.00  348.16  -28.16 (VIOLATED)
_759102_/A2                           320.00  348.11  -28.11 (VIOLATED)
_755074_/A2                           320.00  348.10  -28.10 (VIOLATED)
_763160_/A                            320.00  348.10  -28.10 (VIOLATED)
_760785_/A                            320.00  348.08  -28.08 (VIOLATED)
_763161_/A1                           320.00  348.07  -28.07 (VIOLATED)
_748787_/B                            320.00  348.06  -28.06 (VIOLATED)
in_data_q[9]$_DFFE_PN0P_/QN           320.00  348.06  -28.06 (VIOLATED)
_749041_/D                            320.00  348.06  -28.06 (VIOLATED)
_745704_/B                            320.00  348.02  -28.02 (VIOLATED)
_749422_/B                            320.00  348.00  -28.00 (VIOLATED)
_749420_/B                            320.00  347.97  -27.97 (VIOLATED)
_748729_/A1                           320.00  347.84  -27.84 (VIOLATED)
place73578/A                          320.00  347.78  -27.78 (VIOLATED)
_743532_/B                            320.00  347.77  -27.77 (VIOLATED)
_764015_/A1                           320.00  347.75  -27.75 (VIOLATED)
_480327_/B1                           320.00  347.72  -27.72 (VIOLATED)
_860283_/B                            320.00  347.66  -27.66 (VIOLATED)
_480693_/C                            320.00  347.66  -27.66 (VIOLATED)
_480694_/B                            320.00  347.65  -27.65 (VIOLATED)
_480695_/B                            320.00  347.65  -27.65 (VIOLATED)
_748965_/B                            320.00  347.61  -27.61 (VIOLATED)
_612411_/A                            320.00  347.58  -27.58 (VIOLATED)
_480643_/C                            320.00  347.56  -27.56 (VIOLATED)
_538435_/B                            320.00  347.52  -27.52 (VIOLATED)
_480647_/C                            320.00  347.50  -27.50 (VIOLATED)
_760794_/A1                           320.00  347.44  -27.44 (VIOLATED)
_740154_/B                            320.00  347.41  -27.41 (VIOLATED)
_755555_/B                            320.00  347.39  -27.39 (VIOLATED)
_612414_/A                            320.00  347.39  -27.39 (VIOLATED)
_523085_/A1                           320.00  347.35  -27.35 (VIOLATED)
_751688_/A                            320.00  347.32  -27.32 (VIOLATED)
place74329/A                          320.00  347.31  -27.31 (VIOLATED)
_479899_/A                            320.00  347.27  -27.27 (VIOLATED)
_745600_/B                            320.00  347.23  -27.23 (VIOLATED)
_759352_/A                            320.00  347.20  -27.20 (VIOLATED)
_737291_/B                            320.00  347.19  -27.19 (VIOLATED)
_479960_/A                            320.00  347.12  -27.12 (VIOLATED)
_750706_/A                            320.00  347.11  -27.11 (VIOLATED)
_657979_/A                            320.00  347.09  -27.09 (VIOLATED)
_479961_/A1                           320.00  347.08  -27.08 (VIOLATED)
_480055_/A1                           320.00  347.08  -27.08 (VIOLATED)
_479951_/A                            320.00  347.07  -27.07 (VIOLATED)
_761210_/A                            320.00  347.04  -27.04 (VIOLATED)
_750705_/A                            320.00  347.04  -27.04 (VIOLATED)
output9874/A                          320.00  347.03  -27.03 (VIOLATED)
_479956_/A                            320.00  347.01  -27.01 (VIOLATED)
output9965/A                          320.00  346.97  -26.97 (VIOLATED)
_487143_/B                            320.00  346.95  -26.95 (VIOLATED)
_556003_/B2                           320.00  346.94  -26.94 (VIOLATED)
place74670/A                          320.00  346.94  -26.94 (VIOLATED)
output9995/A                          320.00  346.93  -26.93 (VIOLATED)
_745550_/B                            320.00  346.92  -26.92 (VIOLATED)
output9845/A                          320.00  346.90  -26.90 (VIOLATED)
place73934/A                          320.00  346.90  -26.90 (VIOLATED)
_763125_/A1                           320.00  346.87  -26.87 (VIOLATED)
_860295_/A                            320.00  346.82  -26.82 (VIOLATED)
_612417_/A                            320.00  346.81  -26.81 (VIOLATED)
_767278_/Y                            320.00  346.81  -26.81 (VIOLATED)
output9939/A                          320.00  346.79  -26.79 (VIOLATED)
_745571_/B                            320.00  346.75  -26.75 (VIOLATED)
in_data_q[61]$_DFFE_PN0P_/QN          320.00  346.74  -26.74 (VIOLATED)
_479921_/C                            320.00  346.73  -26.73 (VIOLATED)
_758435_/C                            320.00  346.71  -26.71 (VIOLATED)
_721819_/A                            320.00  346.65  -26.65 (VIOLATED)
_479882_/C                            320.00  346.63  -26.63 (VIOLATED)
_479957_/B                            320.00  346.62  -26.62 (VIOLATED)
place75115/A                          320.00  346.61  -26.61 (VIOLATED)
_860294_/A                            320.00  346.61  -26.61 (VIOLATED)
_749304_/C                            320.00  346.60  -26.60 (VIOLATED)
_584417_/A                            320.00  346.58  -26.58 (VIOLATED)
_760205_/A1                           320.00  346.56  -26.56 (VIOLATED)
_740000_/B                            320.00  346.55  -26.55 (VIOLATED)
output10000/A                         320.00  346.55  -26.55 (VIOLATED)
_748743_/B                            320.00  346.52  -26.52 (VIOLATED)
hold91623/A                           320.00  346.49  -26.49 (VIOLATED)
output9960/A                          320.00  346.46  -26.46 (VIOLATED)
_764014_/A                            320.00  346.46  -26.46 (VIOLATED)
place73234/A                          320.00  346.44  -26.44 (VIOLATED)
ymod_f[0]$_DFFE_PN0P_/QN              320.00  346.44  -26.44 (VIOLATED)
_738828_/B                            320.00  346.42  -26.42 (VIOLATED)
_749410_/C                            320.00  346.42  -26.42 (VIOLATED)
_768190_/A                            320.00  346.36  -26.36 (VIOLATED)
in_data_q[10]$_DFFE_PN0P_/RESETN      320.00  346.33  -26.33 (VIOLATED)
_746610_/B                            320.00  346.30  -26.30 (VIOLATED)
_746223_/B                            320.00  346.26  -26.26 (VIOLATED)
_764022_/A                            320.00  346.21  -26.21 (VIOLATED)
in_data_q[141]$_DFFE_PN0P_/QN         320.00  346.21  -26.21 (VIOLATED)
place73244/A                          320.00  346.21  -26.21 (VIOLATED)
_752055_/C                            320.00  346.20  -26.20 (VIOLATED)
place74323/A                          320.00  346.20  -26.20 (VIOLATED)
_745548_/B                            320.00  346.18  -26.18 (VIOLATED)
_755003_/B                            320.00  346.11  -26.11 (VIOLATED)
_764023_/A1                           320.00  346.11  -26.11 (VIOLATED)
place74618/A                          320.00  346.11  -26.11 (VIOLATED)
_753727_/A1                           320.00  346.11  -26.11 (VIOLATED)
_612420_/A                            320.00  346.10  -26.10 (VIOLATED)
place73632/A                          320.00  346.08  -26.08 (VIOLATED)
_754324_/A                            320.00  346.08  -26.08 (VIOLATED)
_764021_/A1                           320.00  346.07  -26.07 (VIOLATED)
_752842_/A                            320.00  346.04  -26.04 (VIOLATED)
_657980_/A                            320.00  346.00  -26.00 (VIOLATED)
_755618_/A1                           320.00  345.98  -25.98 (VIOLATED)
_512985_/B                            320.00  345.97  -25.97 (VIOLATED)
_480135_/A2                           320.00  345.91  -25.91 (VIOLATED)
in_data_q[83]$_DFFE_PN0P_/QN          320.00  345.88  -25.88 (VIOLATED)
_752661_/A                            320.00  345.88  -25.88 (VIOLATED)
_754419_/B                            320.00  345.85  -25.85 (VIOLATED)
_740384_/A                            320.00  345.79  -25.79 (VIOLATED)
_754415_/B                            320.00  345.71  -25.71 (VIOLATED)
_740108_/B                            320.00  345.69  -25.69 (VIOLATED)
place74548/A                          320.00  345.68  -25.68 (VIOLATED)
_750688_/B                            320.00  345.65  -25.65 (VIOLATED)
_739786_/B                            320.00  345.64  -25.64 (VIOLATED)
_622203_/A                            320.00  345.63  -25.63 (VIOLATED)
_755821_/A                            320.00  345.61  -25.61 (VIOLATED)
output9969/A                          320.00  345.60  -25.60 (VIOLATED)
_756952_/A                            320.00  345.59  -25.59 (VIOLATED)
_756940_/C                            320.00  345.59  -25.59 (VIOLATED)
_752824_/A                            320.00  345.58  -25.58 (VIOLATED)
_739170_/B                            320.00  345.58  -25.58 (VIOLATED)
_764020_/A                            320.00  345.55  -25.55 (VIOLATED)
_745528_/B                            320.00  345.53  -25.53 (VIOLATED)
_740721_/B                            320.00  345.51  -25.51 (VIOLATED)
_657984_/A                            320.00  345.50  -25.50 (VIOLATED)
_759736_/B2                           320.00  345.46  -25.46 (VIOLATED)
_612423_/A                            320.00  345.44  -25.44 (VIOLATED)
_622202_/A                            320.00  345.42  -25.42 (VIOLATED)
_755004_/A1                           320.00  345.38  -25.38 (VIOLATED)
_746612_/B                            320.00  345.35  -25.35 (VIOLATED)
_740339_/A                            320.00  345.34  -25.34 (VIOLATED)
_482485_/A1                           320.00  345.33  -25.33 (VIOLATED)
_744898_/A                            320.00  345.33  -25.33 (VIOLATED)
_622201_/A                            320.00  345.32  -25.32 (VIOLATED)
_657983_/A                            320.00  345.30  -25.30 (VIOLATED)
_749372_/C                            320.00  345.29  -25.29 (VIOLATED)
_756951_/A                            320.00  345.26  -25.26 (VIOLATED)
_745727_/B                            320.00  345.23  -25.23 (VIOLATED)
_744896_/A                            320.00  345.21  -25.21 (VIOLATED)
_743844_/A                            320.00  345.20  -25.20 (VIOLATED)
_657981_/A                            320.00  345.14  -25.14 (VIOLATED)
a_sym[0][4]$_DFFE_PN0P_/RESETN        320.00  345.09  -25.09 (VIOLATED)
a_sym[1][4]$_DFFE_PN0P_/RESETN        320.00  345.07  -25.07 (VIOLATED)
_747480_/A                            320.00  345.06  -25.06 (VIOLATED)
a_sym[3][4]$_DFFE_PN0P_/RESETN        320.00  345.05  -25.05 (VIOLATED)
a_sym[4][4]$_DFFE_PN0P_/RESETN        320.00  345.05  -25.05 (VIOLATED)
_744894_/A                            320.00  344.98  -24.98 (VIOLATED)
_745705_/B                            320.00  344.93  -24.93 (VIOLATED)
_744169_/B                            320.00  344.93  -24.93 (VIOLATED)
_754486_/A2                           320.00  344.93  -24.93 (VIOLATED)
_744900_/A                            320.00  344.87  -24.87 (VIOLATED)
_622200_/A                            320.00  344.85  -24.85 (VIOLATED)
_748427_/B                            320.00  344.72  -24.72 (VIOLATED)
_759255_/C2                           320.00  344.71  -24.71 (VIOLATED)
_751545_/D                            320.00  344.70  -24.70 (VIOLATED)
output9928/A                          320.00  344.69  -24.69 (VIOLATED)
_751186_/C                            320.00  344.66  -24.66 (VIOLATED)
_657982_/A                            320.00  344.64  -24.64 (VIOLATED)
_743976_/A                            320.00  344.55  -24.55 (VIOLATED)
place74018/A                          320.00  344.54  -24.54 (VIOLATED)
_612429_/A                            320.00  344.54  -24.54 (VIOLATED)
_745877_/B                            320.00  344.49  -24.49 (VIOLATED)
_639382_/A                            320.00  344.49  -24.49 (VIOLATED)
_750713_/B                            320.00  344.48  -24.48 (VIOLATED)
_740383_/A                            320.00  344.48  -24.48 (VIOLATED)
_742803_/B                            320.00  344.47  -24.47 (VIOLATED)
_743355_/A                            320.00  344.42  -24.42 (VIOLATED)
_758972_/D                            320.00  344.36  -24.36 (VIOLATED)
_759731_/A                            320.00  344.36  -24.36 (VIOLATED)
_504063_/B2                           320.00  344.33  -24.33 (VIOLATED)
_482736_/E                            320.00  344.33  -24.33 (VIOLATED)
_639383_/A                            320.00  344.29  -24.29 (VIOLATED)
_763124_/A                            320.00  344.28  -24.28 (VIOLATED)
_750687_/B                            320.00  344.20  -24.20 (VIOLATED)
_756927_/A1                           320.00  344.16  -24.16 (VIOLATED)
_744840_/A                            320.00  344.12  -24.12 (VIOLATED)
place83516/A                          320.00  344.11  -24.11 (VIOLATED)
_622199_/A                            320.00  343.99  -23.99 (VIOLATED)
_639384_/A                            320.00  343.95  -23.95 (VIOLATED)
_748953_/C                            320.00  343.91  -23.91 (VIOLATED)
place74799/A                          320.00  343.90  -23.90 (VIOLATED)
_758263_/A                            320.00  343.86  -23.86 (VIOLATED)
_755539_/A                            320.00  343.84  -23.84 (VIOLATED)
_754339_/A                            320.00  343.81  -23.81 (VIOLATED)
_744724_/A                            320.00  343.79  -23.79 (VIOLATED)
_743327_/A                            320.00  343.74  -23.74 (VIOLATED)
_622198_/A                            320.00  343.68  -23.68 (VIOLATED)
_639420_/A                            320.00  343.68  -23.68 (VIOLATED)
output9588/A                          320.00  343.67  -23.67 (VIOLATED)
output9618/A                          320.00  343.67  -23.67 (VIOLATED)
output9669/A                          320.00  343.67  -23.67 (VIOLATED)
output9778/A                          320.00  343.66  -23.66 (VIOLATED)
output9628/A                          320.00  343.65  -23.65 (VIOLATED)
output9748/A                          320.00  343.63  -23.63 (VIOLATED)
output9788/A                          320.00  343.62  -23.62 (VIOLATED)
place73977/A                          320.00  343.59  -23.59 (VIOLATED)
_748776_/B                            320.00  343.56  -23.56 (VIOLATED)
_744714_/A                            320.00  343.55  -23.55 (VIOLATED)
_748774_/B                            320.00  343.54  -23.54 (VIOLATED)
output9648/A                          320.00  343.52  -23.52 (VIOLATED)
_750760_/A                            320.00  343.49  -23.49 (VIOLATED)
_750754_/A                            320.00  343.47  -23.47 (VIOLATED)
_753018_/C                            320.00  343.47  -23.47 (VIOLATED)
_528152_/A1                           320.00  343.43  -23.43 (VIOLATED)
_745725_/B                            320.00  343.31  -23.31 (VIOLATED)
_749183_/B                            320.00  343.29  -23.29 (VIOLATED)
output9798/A                          320.00  343.27  -23.27 (VIOLATED)
output9688/A                          320.00  343.26  -23.26 (VIOLATED)
output9818/A                          320.00  343.26  -23.26 (VIOLATED)
_750413_/B2                           320.00  343.25  -23.25 (VIOLATED)
_612435_/A                            320.00  343.24  -23.24 (VIOLATED)
output9608/A                          320.00  343.23  -23.23 (VIOLATED)
_612432_/A                            320.00  343.21  -23.21 (VIOLATED)
_639385_/A                            320.00  343.20  -23.20 (VIOLATED)
_612438_/A                            320.00  343.17  -23.17 (VIOLATED)
output9708/A                          320.00  343.14  -23.14 (VIOLATED)
_752885_/A                            320.00  343.12  -23.12 (VIOLATED)
place73220/A                          320.00  343.06  -23.06 (VIOLATED)
output9638/A                          320.00  343.03  -23.03 (VIOLATED)
_742047_/A                            320.00  343.00  -23.00 (VIOLATED)
output9660/A                          320.00  342.99  -22.99 (VIOLATED)
output9698/A                          320.00  342.98  -22.98 (VIOLATED)
_743911_/A                            320.00  342.96  -22.96 (VIOLATED)
_754599_/B                            320.00  342.95  -22.95 (VIOLATED)
_788005_/A                            320.00  342.87  -22.87 (VIOLATED)
output9704/A                          320.00  342.85  -22.85 (VIOLATED)
_622197_/A                            320.00  342.82  -22.82 (VIOLATED)
_755824_/A1                           320.00  342.77  -22.77 (VIOLATED)
output9578/A                          320.00  342.73  -22.73 (VIOLATED)
output9569/A                          320.00  342.65  -22.65 (VIOLATED)
_737257_/A                            320.00  342.53  -22.53 (VIOLATED)
_750665_/A                            320.00  342.51  -22.51 (VIOLATED)
_755886_/A                            320.00  342.43  -22.43 (VIOLATED)
_480314_/A                            320.00  342.42  -22.42 (VIOLATED)
_750666_/A                            320.00  342.41  -22.41 (VIOLATED)
output9804/A                          320.00  342.40  -22.40 (VIOLATED)
_737274_/B                            320.00  342.39  -22.39 (VIOLATED)
output9808/A                          320.00  342.39  -22.39 (VIOLATED)
output9760/A                          320.00  342.38  -22.38 (VIOLATED)
_545174_/B2                           320.00  342.38  -22.38 (VIOLATED)
output9769/A                          320.00  342.38  -22.38 (VIOLATED)
output9604/A                          320.00  342.36  -22.36 (VIOLATED)
_746524_/B                            320.00  342.34  -22.34 (VIOLATED)
_737784_/B                            320.00  342.28  -22.28 (VIOLATED)
_748749_/B                            320.00  342.27  -22.27 (VIOLATED)
_754115_/A                            320.00  342.14  -22.14 (VIOLATED)
_739254_/B                            320.00  342.14  -22.14 (VIOLATED)
_742048_/A                            320.00  342.12  -22.12 (VIOLATED)
_538446_/B                            320.00  342.10  -22.10 (VIOLATED)
_740385_/A                            320.00  342.06  -22.06 (VIOLATED)
_737607_/B                            320.00  342.04  -22.04 (VIOLATED)
_745639_/B                            320.00  341.98  -21.98 (VIOLATED)
_738692_/B                            320.00  341.92  -21.92 (VIOLATED)
_639386_/A                            320.00  341.90  -21.90 (VIOLATED)
output9738/A                          320.00  341.90  -21.90 (VIOLATED)
_745657_/B                            320.00  341.89  -21.89 (VIOLATED)
_762229_/A                            320.00  341.86  -21.86 (VIOLATED)
_739884_/B                            320.00  341.82  -21.82 (VIOLATED)
oskid_d[98]$_DFFE_PN0P_/RESETN        320.00  341.77  -21.77 (VIOLATED)
_739346_/B                            320.00  341.76  -21.76 (VIOLATED)
_753016_/C                            320.00  341.76  -21.76 (VIOLATED)
output9728/A                          320.00  341.70  -21.70 (VIOLATED)
ce_d1[42]$_DFFE_PN0P_/RESETN          320.00  341.69  -21.69 (VIOLATED)
place74849/A                          320.00  341.63  -21.63 (VIOLATED)
_752909_/C                            320.00  341.59  -21.59 (VIOLATED)
in_data_q[75]$_DFFE_PN0P_/RESETN      320.00  341.54  -21.54 (VIOLATED)
ce_d2[42]$_DFFE_PN0P_/RESETN          320.00  341.46  -21.46 (VIOLATED)
place74003/A                          320.00  341.45  -21.45 (VIOLATED)
_763775_/A1                           320.00  341.44  -21.44 (VIOLATED)
_622196_/A                            320.00  341.41  -21.41 (VIOLATED)
_664215_/A                            320.00  341.33  -21.33 (VIOLATED)
_743830_/A                            320.00  341.29  -21.29 (VIOLATED)
output9718/A                          320.00  341.22  -21.22 (VIOLATED)
output9678/A                          320.00  341.20  -21.20 (VIOLATED)
_760525_/A                            320.00  341.18  -21.18 (VIOLATED)
_753110_/A1                           320.00  341.13  -21.13 (VIOLATED)
_760486_/A1                           320.00  341.13  -21.13 (VIOLATED)
place74254/A                          320.00  341.13  -21.13 (VIOLATED)
_639387_/A                            320.00  341.12  -21.12 (VIOLATED)
output9598/A                          320.00  341.03  -21.03 (VIOLATED)
_752887_/B                            320.00  341.02  -21.02 (VIOLATED)
_763111_/A1                           320.00  340.95  -20.95 (VIOLATED)
_757804_/A                            320.00  340.88  -20.88 (VIOLATED)
_745926_/B                            320.00  340.88  -20.88 (VIOLATED)
_740355_/A                            320.00  340.85  -20.85 (VIOLATED)
_749342_/D                            320.00  340.76  -20.76 (VIOLATED)
_760723_/A1                           320.00  340.76  -20.76 (VIOLATED)
_763110_/A                            320.00  340.74  -20.74 (VIOLATED)
_745838_/B                            320.00  340.72  -20.72 (VIOLATED)
_738677_/B                            320.00  340.70  -20.70 (VIOLATED)
_752464_/B                            320.00  340.66  -20.66 (VIOLATED)
_758180_/C                            320.00  340.62  -20.62 (VIOLATED)
_754165_/A                            320.00  340.60  -20.60 (VIOLATED)
_755417_/A1                           320.00  340.58  -20.58 (VIOLATED)
_752822_/A                            320.00  340.57  -20.57 (VIOLATED)
place73549/A                          320.00  340.54  -20.54 (VIOLATED)
_755416_/A                            320.00  340.51  -20.51 (VIOLATED)
_740063_/B                            320.00  340.51  -20.51 (VIOLATED)
_752796_/A                            320.00  340.46  -20.46 (VIOLATED)
_759334_/B2                           320.00  340.42  -20.42 (VIOLATED)
_612426_/A                            320.00  340.30  -20.30 (VIOLATED)
_743977_/A                            320.00  340.10  -20.10 (VIOLATED)
_740387_/A                            320.00  340.07  -20.07 (VIOLATED)
_757557_/C1                           320.00  340.02  -20.02 (VIOLATED)
output9750/A                          320.00  339.98  -19.98 (VIOLATED)
_759336_/A                            320.00  339.95  -19.95 (VIOLATED)
_752981_/A1                           320.00  339.94  -19.94 (VIOLATED)
place73862/A                          320.00  339.90  -19.90 (VIOLATED)
_745619_/B                            320.00  339.86  -19.86 (VIOLATED)
_622195_/A                            320.00  339.84  -19.84 (VIOLATED)
place73843/A                          320.00  339.78  -19.78 (VIOLATED)
_759724_/A1                           320.00  339.75  -19.75 (VIOLATED)
_740341_/A                            320.00  339.66  -19.66 (VIOLATED)
_741943_/B                            320.00  339.66  -19.66 (VIOLATED)
_480706_/A                            320.00  339.63  -19.63 (VIOLATED)
_482520_/A                            320.00  339.63  -19.63 (VIOLATED)
output9786/A                          320.00  339.61  -19.61 (VIOLATED)
output9667/A                          320.00  339.61  -19.61 (VIOLATED)
_748907_/C                            320.00  339.60  -19.60 (VIOLATED)
output9806/A                          320.00  339.60  -19.60 (VIOLATED)
output9646/A                          320.00  339.60  -19.60 (VIOLATED)
output9636/A                          320.00  339.60  -19.60 (VIOLATED)
output9596/A                          320.00  339.59  -19.59 (VIOLATED)
output9616/A                          320.00  339.59  -19.59 (VIOLATED)
_742607_/B                            320.00  339.59  -19.59 (VIOLATED)
_742399_/B                            320.00  339.59  -19.59 (VIOLATED)
_757293_/A1                           320.00  339.57  -19.57 (VIOLATED)
_759337_/A1                           320.00  339.57  -19.57 (VIOLATED)
ce_d2[43]$_DFFE_PN0P_/RESETN          320.00  339.53  -19.53 (VIOLATED)
output9716/A                          320.00  339.52  -19.52 (VIOLATED)
_756225_/A1                           320.00  339.51  -19.51 (VIOLATED)
output9585/A                          320.00  339.50  -19.50 (VIOLATED)
output9576/A                          320.00  339.50  -19.50 (VIOLATED)
output9696/A                          320.00  339.50  -19.50 (VIOLATED)
output9686/A                          320.00  339.50  -19.50 (VIOLATED)
output9626/A                          320.00  339.49  -19.49 (VIOLATED)
output9586/A                          320.00  339.49  -19.49 (VIOLATED)
output9606/A                          320.00  339.48  -19.48 (VIOLATED)
output9757/A                          320.00  339.47  -19.47 (VIOLATED)
_749332_/D                            320.00  339.45  -19.45 (VIOLATED)
output9746/A                          320.00  339.43  -19.43 (VIOLATED)
output9785/A                          320.00  339.43  -19.43 (VIOLATED)
output9726/A                          320.00  339.43  -19.43 (VIOLATED)
place73869/A                          320.00  339.41  -19.41 (VIOLATED)
output9776/A                          320.00  339.40  -19.40 (VIOLATED)
output9816/A                          320.00  339.38  -19.38 (VIOLATED)
_749395_/D                            320.00  339.32  -19.32 (VIOLATED)
_757515_/A1                           320.00  339.30  -19.30 (VIOLATED)
_749393_/D                            320.00  339.26  -19.26 (VIOLATED)
a_sym[12][4]$_DFFE_PN0P_/RESETN       320.00  339.25  -19.25 (VIOLATED)
output9767/A                          320.00  339.25  -19.25 (VIOLATED)
_752774_/A                            320.00  339.25  -19.25 (VIOLATED)
place74174/A                          320.00  339.22  -19.22 (VIOLATED)
_758929_/A                            320.00  339.20  -19.20 (VIOLATED)
_756925_/B                            320.00  339.19  -19.19 (VIOLATED)
_740353_/A                            320.00  339.19  -19.19 (VIOLATED)
_745627_/B                            320.00  339.16  -19.16 (VIOLATED)
_754447_/A1                           320.00  339.15  -19.15 (VIOLATED)
output9706/A                          320.00  339.13  -19.13 (VIOLATED)
_758578_/C2                           320.00  339.10  -19.10 (VIOLATED)
output9567/A                          320.00  339.08  -19.08 (VIOLATED)
_749224_/A                            320.00  339.05  -19.05 (VIOLATED)
place73567/A                          320.00  339.03  -19.03 (VIOLATED)
_746370_/B                            320.00  339.03  -19.03 (VIOLATED)
output9736/A                          320.00  339.02  -19.02 (VIOLATED)
output9656/A                          320.00  339.02  -19.02 (VIOLATED)
output9676/A                          320.00  339.02  -19.02 (VIOLATED)
output9685/A                          320.00  339.02  -19.02 (VIOLATED)
oskid_d[91]$_DFFE_PN0P_/RESETN        320.00  339.00  -19.00 (VIOLATED)
_749383_/B                            320.00  338.93  -18.93 (VIOLATED)
output9796/A                          320.00  338.92  -18.92 (VIOLATED)
_480073_/B2                           320.00  338.91  -18.91 (VIOLATED)
_479547_/A                            320.00  338.90  -18.90 (VIOLATED)
oskid_d[90]$_DFFE_PN0P_/RESETN        320.00  338.90  -18.90 (VIOLATED)
_479593_/B                            320.00  338.89  -18.89 (VIOLATED)
_758246_/A1                           320.00  338.88  -18.88 (VIOLATED)
_747423_/B                            320.00  338.87  -18.87 (VIOLATED)
_749010_/A1                           320.00  338.87  -18.87 (VIOLATED)
_754785_/B                            320.00  338.87  -18.87 (VIOLATED)
_757075_/C                            320.00  338.83  -18.83 (VIOLATED)
_751320_/B                            320.00  338.82  -18.82 (VIOLATED)
out_pix_data[90]$_DFFE_PN0P_/RESETN   320.00  338.77  -18.77 (VIOLATED)
_755343_/B                            320.00  338.76  -18.76 (VIOLATED)
_751429_/B                            320.00  338.76  -18.76 (VIOLATED)
output9947/A                          320.00  338.69  -18.69 (VIOLATED)
output9926/A                          320.00  338.68  -18.68 (VIOLATED)
output10007/A                         320.00  338.68  -18.68 (VIOLATED)
place73911/A                          320.00  338.67  -18.67 (VIOLATED)
output9847/A                          320.00  338.65  -18.65 (VIOLATED)
output9937/A                          320.00  338.65  -18.65 (VIOLATED)
output9916/A                          320.00  338.63  -18.63 (VIOLATED)
output9836/A                          320.00  338.63  -18.63 (VIOLATED)
in_data_q[63]$_DFFE_PN0P_/QN          320.00  338.63  -18.63 (VIOLATED)
output9977/A                          320.00  338.60  -18.60 (VIOLATED)
_622194_/A                            320.00  338.58  -18.58 (VIOLATED)
output9967/A                          320.00  338.57  -18.57 (VIOLATED)
_758450_/B2                           320.00  338.57  -18.57 (VIOLATED)
_757082_/C2                           320.00  338.55  -18.55 (VIOLATED)
output9997/A                          320.00  338.50  -18.50 (VIOLATED)
oskid_d[97]$_DFFE_PN0P_/RESETN        320.00  338.49  -18.49 (VIOLATED)
output9886/A                          320.00  338.47  -18.47 (VIOLATED)
output9896/A                          320.00  338.45  -18.45 (VIOLATED)
place74133/A                          320.00  338.45  -18.45 (VIOLATED)
out_pix_data[91]$_DFFE_PN0P_/RESETN   320.00  338.43  -18.43 (VIOLATED)
output9867/A                          320.00  338.41  -18.41 (VIOLATED)
output9957/A                          320.00  338.37  -18.37 (VIOLATED)
output9826/A                          320.00  338.36  -18.36 (VIOLATED)
output9876/A                          320.00  338.35  -18.35 (VIOLATED)
_758451_/B2                           320.00  338.34  -18.34 (VIOLATED)
oskid_d[95]$_DFFE_PN0P_/RESETN        320.00  338.34  -18.34 (VIOLATED)
out_pix_data[98]$_DFFE_PN0P_/RESETN   320.00  338.32  -18.32 (VIOLATED)
output9906/A                          320.00  338.32  -18.32 (VIOLATED)
_752047_/D                            320.00  338.31  -18.31 (VIOLATED)
output9885/A                          320.00  338.30  -18.30 (VIOLATED)
_758307_/B2                           320.00  338.29  -18.29 (VIOLATED)
output9857/A                          320.00  338.29  -18.29 (VIOLATED)
output9987/A                          320.00  338.28  -18.28 (VIOLATED)
_758094_/B2                           320.00  338.28  -18.28 (VIOLATED)
_763774_/A                            320.00  338.24  -18.24 (VIOLATED)
_757514_/A1                           320.00  338.19  -18.19 (VIOLATED)
_671703_/A                            320.00  338.15  -18.15 (VIOLATED)
_748227_/A1                           320.00  338.13  -18.13 (VIOLATED)
_767285_/Y                            320.00  338.10  -18.10 (VIOLATED)
_759263_/A1                           320.00  338.09  -18.09 (VIOLATED)
_749304_/B                            320.00  338.01  -18.01 (VIOLATED)
place73949/A                          320.00  337.98  -17.98 (VIOLATED)
_742082_/B                            320.00  337.93  -17.93 (VIOLATED)
_745615_/B                            320.00  337.92  -17.92 (VIOLATED)
a_sym[15][0]$_DFFE_PN0P_/RESETN       320.00  337.91  -17.91 (VIOLATED)
_741728_/B                            320.00  337.90  -17.90 (VIOLATED)
out_pix_data[95]$_DFFE_PN0P_/RESETN   320.00  337.84  -17.84 (VIOLATED)
_767283_/Y                            320.00  337.83  -17.83 (VIOLATED)
wire18492/A                           320.00  337.82  -17.82 (VIOLATED)
_759778_/B2                           320.00  337.80  -17.80 (VIOLATED)
_743293_/A                            320.00  337.80  -17.80 (VIOLATED)
_760232_/B2                           320.00  337.79  -17.79 (VIOLATED)
_760239_/A1                           320.00  337.76  -17.76 (VIOLATED)
_745568_/B                            320.00  337.69  -17.69 (VIOLATED)
place74008/A                          320.00  337.68  -17.68 (VIOLATED)
_748699_/A                            320.00  337.65  -17.65 (VIOLATED)
place75104/A                          320.00  337.62  -17.62 (VIOLATED)
_759462_/C                            320.00  337.48  -17.48 (VIOLATED)
place73568/A                          320.00  337.47  -17.47 (VIOLATED)
place74542/A                          320.00  337.22  -17.22 (VIOLATED)
_752907_/C                            320.00  337.20  -17.20 (VIOLATED)
_755400_/B                            320.00  337.16  -17.16 (VIOLATED)
out_pix_data[97]$_DFFE_PN0P_/RESETN   320.00  337.14  -17.14 (VIOLATED)
place75097/A                          320.00  337.10  -17.10 (VIOLATED)
in_data_q[56]$_DFFE_PN0P_/QN          320.00  337.08  -17.08 (VIOLATED)
_741551_/B                            320.00  337.07  -17.07 (VIOLATED)
_752052_/C2                           320.00  337.06  -17.06 (VIOLATED)
_754168_/A                            320.00  337.01  -17.01 (VIOLATED)
_746098_/A                            320.00  336.92  -16.92 (VIOLATED)
_760020_/B2                           320.00  336.91  -16.91 (VIOLATED)
_737961_/B                            320.00  336.88  -16.88 (VIOLATED)
_757361_/A1                           320.00  336.87  -16.87 (VIOLATED)
oskid_d[92]$_DFFE_PN0P_/RESETN        320.00  336.87  -16.87 (VIOLATED)
_639388_/A                            320.00  336.82  -16.82 (VIOLATED)
_748883_/B                            320.00  336.80  -16.80 (VIOLATED)
place74832/A                          320.00  336.80  -16.80 (VIOLATED)
_762264_/A2                           320.00  336.78  -16.78 (VIOLATED)
_753578_/A                            320.00  336.78  -16.78 (VIOLATED)
_745745_/B                            320.00  336.73  -16.73 (VIOLATED)
_751821_/A                            320.00  336.72  -16.72 (VIOLATED)
a_sym[5][4]$_DFFE_PN0P_/RESETN        320.00  336.71  -16.71 (VIOLATED)
_746391_/B                            320.00  336.60  -16.60 (VIOLATED)
_764763_/A                            320.00  336.59  -16.59 (VIOLATED)
_752814_/A1                           320.00  336.54  -16.54 (VIOLATED)
place74400/A                          320.00  336.52  -16.52 (VIOLATED)
_744913_/A                            320.00  336.48  -16.48 (VIOLATED)
_753611_/A                            320.00  336.48  -16.48 (VIOLATED)
_764764_/A1                           320.00  336.46  -16.46 (VIOLATED)
place75252/A                          320.00  336.44  -16.44 (VIOLATED)
_742391_/B                            320.00  336.38  -16.38 (VIOLATED)
_752810_/A                            320.00  336.38  -16.38 (VIOLATED)
_739799_/B                            320.00  336.31  -16.31 (VIOLATED)
_759203_/C                            320.00  336.30  -16.30 (VIOLATED)
_764760_/A                            320.00  336.24  -16.24 (VIOLATED)
oskid_d[96]$_DFFE_PN0P_/RESETN        320.00  336.20  -16.20 (VIOLATED)
_755637_/B2                           320.00  336.20  -16.20 (VIOLATED)
_764761_/A1                           320.00  336.18  -16.18 (VIOLATED)
_750953_/A1                           320.00  336.13  -16.13 (VIOLATED)
_755508_/B                            320.00  336.12  -16.12 (VIOLATED)
_759272_/B2                           320.00  336.09  -16.09 (VIOLATED)
_740773_/A                            320.00  336.08  -16.08 (VIOLATED)
_750640_/A                            320.00  336.05  -16.05 (VIOLATED)
_749356_/C                            320.00  336.04  -16.04 (VIOLATED)
_738578_/A                            320.00  336.02  -16.02 (VIOLATED)
_738575_/A                            320.00  336.00  -16.00 (VIOLATED)
_755504_/A                            320.00  336.00  -16.00 (VIOLATED)
_750970_/A                            320.00  335.98  -15.98 (VIOLATED)
_738568_/A                            320.00  335.94  -15.94 (VIOLATED)
_626572_/A                            320.00  335.94  -15.94 (VIOLATED)
_486256_/A                            320.00  335.92  -15.92 (VIOLATED)
_755625_/B                            320.00  335.90  -15.90 (VIOLATED)
_750637_/B2                           320.00  335.86  -15.86 (VIOLATED)
_626571_/A                            320.00  335.83  -15.83 (VIOLATED)
_755623_/A1                           320.00  335.81  -15.81 (VIOLATED)
_764757_/A1                           320.00  335.69  -15.69 (VIOLATED)
_738563_/A                            320.00  335.66  -15.66 (VIOLATED)
_751008_/C                            320.00  335.63  -15.63 (VIOLATED)
_788040_/A                            320.00  335.59  -15.59 (VIOLATED)
place71931/A                          320.00  335.57  -15.57 (VIOLATED)
_742168_/B                            320.00  335.52  -15.52 (VIOLATED)
_764756_/A                            320.00  335.52  -15.52 (VIOLATED)
_626570_/A                            320.00  335.52  -15.52 (VIOLATED)
_738633_/A                            320.00  335.48  -15.48 (VIOLATED)
_755505_/A                            320.00  335.48  -15.48 (VIOLATED)
place73990/A                          320.00  335.47  -15.47 (VIOLATED)
_741589_/B                            320.00  335.43  -15.43 (VIOLATED)
_740386_/A                            320.00  335.39  -15.39 (VIOLATED)
_743422_/A                            320.00  335.39  -15.39 (VIOLATED)
_756333_/A                            320.00  335.28  -15.28 (VIOLATED)
_740342_/A                            320.00  335.21  -15.21 (VIOLATED)
_745642_/A                            320.00  335.19  -15.19 (VIOLATED)
_736871_/B                            320.00  335.17  -15.17 (VIOLATED)
_764753_/A                            320.00  335.15  -15.15 (VIOLATED)
_626569_/A                            320.00  335.15  -15.15 (VIOLATED)
_754985_/A1                           320.00  335.13  -15.13 (VIOLATED)
_764754_/A1                           320.00  335.13  -15.13 (VIOLATED)
_666140_/B                            320.00  335.12  -15.12 (VIOLATED)
_745624_/A                            320.00  335.08  -15.08 (VIOLATED)
place73219/A                          320.00  335.05  -15.05 (VIOLATED)
_756997_/C                            320.00  335.05  -15.05 (VIOLATED)
_738297_/B                            320.00  335.03  -15.03 (VIOLATED)
_749346_/D                            320.00  334.98  -14.98 (VIOLATED)
_759387_/A1                           320.00  334.97  -14.97 (VIOLATED)
_741766_/B                            320.00  334.95  -14.95 (VIOLATED)
_745651_/A                            320.00  334.95  -14.95 (VIOLATED)
_738723_/A                            320.00  334.94  -14.94 (VIOLATED)
_762221_/B                            320.00  334.93  -14.93 (VIOLATED)
_762217_/B                            320.00  334.91  -14.91 (VIOLATED)
out_pix_data[96]$_DFFE_PN0P_/RESETN   320.00  334.90  -14.90 (VIOLATED)
place74192/A                          320.00  334.89  -14.89 (VIOLATED)
_738138_/B                            320.00  334.85  -14.85 (VIOLATED)
_743936_/B                            320.00  334.81  -14.81 (VIOLATED)
_751714_/A                            320.00  334.75  -14.75 (VIOLATED)
_760389_/B                            320.00  334.75  -14.75 (VIOLATED)
place73309/A                          320.00  334.73  -14.73 (VIOLATED)
_761200_/A                            320.00  334.68  -14.68 (VIOLATED)
out_pix_data[93]$_DFFE_PN0P_/RESETN   320.00  334.68  -14.68 (VIOLATED)
_765503_/B                            320.00  334.68  -14.68 (VIOLATED)
out_pix_data[92]$_DFFE_PN0P_/RESETN   320.00  334.66  -14.66 (VIOLATED)
_749364_/A                            320.00  334.66  -14.66 (VIOLATED)
_759664_/A1                           320.00  334.65  -14.65 (VIOLATED)
_763735_/A1                           320.00  334.62  -14.62 (VIOLATED)
_763734_/A                            320.00  334.61  -14.61 (VIOLATED)
_765844_/A1                           320.00  334.60  -14.60 (VIOLATED)
_753478_/B2                           320.00  334.60  -14.60 (VIOLATED)
_750594_/B                            320.00  334.57  -14.57 (VIOLATED)
_759667_/A1                           320.00  334.57  -14.57 (VIOLATED)
_760192_/A1                           320.00  334.56  -14.56 (VIOLATED)
_743845_/A                            320.00  334.54  -14.54 (VIOLATED)
place68206/A                          320.00  334.52  -14.52 (VIOLATED)
_759666_/A                            320.00  334.48  -14.48 (VIOLATED)
_759396_/B2                           320.00  334.44  -14.44 (VIOLATED)
_745638_/A                            320.00  334.44  -14.44 (VIOLATED)
_743955_/B                            320.00  334.42  -14.42 (VIOLATED)
_762223_/B                            320.00  334.40  -14.40 (VIOLATED)
oskid_d[93]$_DFFE_PN0P_/RESETN        320.00  334.38  -14.38 (VIOLATED)
place73847/A                          320.00  334.32  -14.32 (VIOLATED)
_644443_/A                            320.00  334.28  -14.28 (VIOLATED)
_762219_/B                            320.00  334.25  -14.25 (VIOLATED)
_762218_/B                            320.00  334.20  -14.20 (VIOLATED)
_760541_/A1                           320.00  334.19  -14.19 (VIOLATED)
_545192_/A                            320.00  334.17  -14.17 (VIOLATED)
_745637_/A                            320.00  334.13  -14.13 (VIOLATED)
in_data_q[73]$_DFFE_PN0P_/RESETN      320.00  334.11  -14.11 (VIOLATED)
_762216_/B                            320.00  334.11  -14.11 (VIOLATED)
_738698_/A                            320.00  334.11  -14.11 (VIOLATED)
_482335_/A                            320.00  334.09  -14.09 (VIOLATED)
_482628_/B2                           320.00  334.09  -14.09 (VIOLATED)
_626568_/A                            320.00  334.08  -14.08 (VIOLATED)
_760386_/C                            320.00  334.07  -14.07 (VIOLATED)
_763804_/A1                           320.00  334.07  -14.07 (VIOLATED)
_738492_/B                            320.00  334.06  -14.06 (VIOLATED)
_751052_/A                            320.00  334.05  -14.05 (VIOLATED)
_758465_/A                            320.00  334.05  -14.05 (VIOLATED)
_763800_/A1                           320.00  334.04  -14.04 (VIOLATED)
_753068_/A                            320.00  334.00  -14.00 (VIOLATED)
_758722_/A1                           320.00  333.97  -13.97 (VIOLATED)
_763802_/A                            320.00  333.95  -13.95 (VIOLATED)
_738571_/A                            320.00  333.92  -13.92 (VIOLATED)
_745650_/A                            320.00  333.92  -13.92 (VIOLATED)
_762194_/B                            320.00  333.87  -13.87 (VIOLATED)
_763799_/A                            320.00  333.87  -13.87 (VIOLATED)
_745627_/A                            320.00  333.87  -13.87 (VIOLATED)
_758587_/A                            320.00  333.87  -13.87 (VIOLATED)
_760837_/C                            320.00  333.79  -13.79 (VIOLATED)
in_data_q[88]$_DFFE_PN0P_/QN          320.00  333.77  -13.77 (VIOLATED)
_754136_/A                            320.00  333.76  -13.76 (VIOLATED)
oskid_d[94]$_DFFE_PN0P_/RESETN        320.00  333.75  -13.75 (VIOLATED)
place73880/A                          320.00  333.73  -13.73 (VIOLATED)
_745641_/A                            320.00  333.73  -13.73 (VIOLATED)
_745679_/A                            320.00  333.67  -13.67 (VIOLATED)
place74443/A                          320.00  333.64  -13.64 (VIOLATED)
_758591_/A                            320.00  333.63  -13.63 (VIOLATED)
_755541_/B2                           320.00  333.59  -13.59 (VIOLATED)
_759510_/B2                           320.00  333.57  -13.57 (VIOLATED)
_763741_/A                            320.00  333.56  -13.56 (VIOLATED)
_755648_/B2                           320.00  333.55  -13.55 (VIOLATED)
_671676_/A                            320.00  333.53  -13.53 (VIOLATED)
_482736_/A                            320.00  333.52  -13.52 (VIOLATED)
_766131_/C                            320.00  333.50  -13.50 (VIOLATED)
_762215_/B                            320.00  333.48  -13.48 (VIOLATED)
_749432_/A                            320.00  333.47  -13.47 (VIOLATED)
_753004_/A1                           320.00  333.42  -13.42 (VIOLATED)
_739608_/B                            320.00  333.39  -13.39 (VIOLATED)
_755115_/A                            320.00  333.31  -13.31 (VIOLATED)
_742147_/A                            320.00  333.31  -13.31 (VIOLATED)
_742086_/A                            320.00  333.30  -13.30 (VIOLATED)
_758327_/B2                           320.00  333.29  -13.29 (VIOLATED)
_479459_/A                            320.00  333.28  -13.28 (VIOLATED)
_664557_/A                            320.00  333.27  -13.27 (VIOLATED)
_749452_/A1                           320.00  333.21  -13.21 (VIOLATED)
_748279_/A                            320.00  333.20  -13.20 (VIOLATED)
_754857_/A                            320.00  333.20  -13.20 (VIOLATED)
_644440_/A                            320.00  333.20  -13.20 (VIOLATED)
_742144_/A                            320.00  333.19  -13.19 (VIOLATED)
_745657_/A                            320.00  333.18  -13.18 (VIOLATED)
_753468_/A                            320.00  333.12  -13.12 (VIOLATED)
_738474_/B                            320.00  333.10  -13.10 (VIOLATED)
_742053_/A                            320.00  333.09  -13.09 (VIOLATED)
_479360_/A                            320.00  333.07  -13.07 (VIOLATED)
_749342_/C                            320.00  333.05  -13.05 (VIOLATED)
_738701_/A                            320.00  333.00  -13.00 (VIOLATED)
_742145_/A                            320.00  332.99  -12.99 (VIOLATED)
_763744_/A                            320.00  332.99  -12.99 (VIOLATED)
_755545_/A2                           320.00  332.98  -12.98 (VIOLATED)
_626567_/A                            320.00  332.97  -12.97 (VIOLATED)
_745655_/A                            320.00  332.94  -12.94 (VIOLATED)
_741905_/B                            320.00  332.93  -12.93 (VIOLATED)
_746099_/B                            320.00  332.93  -12.93 (VIOLATED)
_765583_/C                            320.00  332.89  -12.89 (VIOLATED)
_768930_/A                            320.00  332.88  -12.88 (VIOLATED)
place74440/A                          320.00  332.88  -12.88 (VIOLATED)
_664218_/A                            320.00  332.84  -12.84 (VIOLATED)
_740388_/A                            320.00  332.84  -12.84 (VIOLATED)
_755015_/A                            320.00  332.74  -12.74 (VIOLATED)
_755553_/A                            320.00  332.67  -12.67 (VIOLATED)
output9779/A                          320.00  332.62  -12.62 (VIOLATED)
output9599/A                          320.00  332.62  -12.62 (VIOLATED)
output9589/A                          320.00  332.62  -12.62 (VIOLATED)
_755833_/A                            320.00  332.61  -12.61 (VIOLATED)
output9719/A                          320.00  332.61  -12.61 (VIOLATED)
_742085_/A                            320.00  332.60  -12.60 (VIOLATED)
output9570/A                          320.00  332.59  -12.59 (VIOLATED)
output9813/A                          320.00  332.59  -12.59 (VIOLATED)
_753634_/A                            320.00  332.58  -12.58 (VIOLATED)
_738315_/B                            320.00  332.54  -12.54 (VIOLATED)
_765573_/A                            320.00  332.52  -12.52 (VIOLATED)
_742084_/A                            320.00  332.51  -12.51 (VIOLATED)
_738012_/A                            320.00  332.49  -12.49 (VIOLATED)
_738010_/A                            320.00  332.48  -12.48 (VIOLATED)
output9809/A                          320.00  332.48  -12.48 (VIOLATED)
_749312_/C                            320.00  332.46  -12.46 (VIOLATED)
_749379_/C                            320.00  332.44  -12.44 (VIOLATED)
_752459_/A                            320.00  332.39  -12.39 (VIOLATED)
_737941_/A                            320.00  332.39  -12.39 (VIOLATED)
output9679/A                          320.00  332.37  -12.37 (VIOLATED)
_648586_/A                            320.00  332.37  -12.37 (VIOLATED)
output9770/A                          320.00  332.35  -12.35 (VIOLATED)
_750625_/B                            320.00  332.33  -12.33 (VIOLATED)
output9799/A                          320.00  332.32  -12.32 (VIOLATED)
output9699/A                          320.00  332.31  -12.31 (VIOLATED)
_479358_/Y                            320.00  332.29  -12.29 (VIOLATED)
output9689/A                          320.00  332.28  -12.28 (VIOLATED)
output9619/A                          320.00  332.27  -12.27 (VIOLATED)
_737675_/B                            320.00  332.26  -12.26 (VIOLATED)
_757511_/C                            320.00  332.26  -12.26 (VIOLATED)
output9661/A                          320.00  332.26  -12.26 (VIOLATED)
_756321_/A1                           320.00  332.25  -12.25 (VIOLATED)
_750757_/A                            320.00  332.22  -12.22 (VIOLATED)
_761017_/A1                           320.00  332.21  -12.21 (VIOLATED)
place73246/A                          320.00  332.20  -12.20 (VIOLATED)
output9609/A                          320.00  332.19  -12.19 (VIOLATED)
_648585_/A                            320.00  332.18  -12.18 (VIOLATED)
output9613/A                          320.00  332.14  -12.14 (VIOLATED)
output9751/A                          320.00  332.13  -12.13 (VIOLATED)
output9739/A                          320.00  332.13  -12.13 (VIOLATED)
in_data_q[68]$_DFFE_PN0P_/QN          320.00  332.10  -12.10 (VIOLATED)
output9713/A                          320.00  332.09  -12.09 (VIOLATED)
_737994_/A                            320.00  332.04  -12.04 (VIOLATED)
_742146_/A                            320.00  332.03  -12.03 (VIOLATED)
_751914_/A1                           320.00  332.03  -12.03 (VIOLATED)
_749019_/B                            320.00  332.00  -12.00 (VIOLATED)
_746288_/B                            320.00  332.00  -12.00 (VIOLATED)
_742153_/A                            320.00  331.98  -11.98 (VIOLATED)
_753638_/A                            320.00  331.89  -11.89 (VIOLATED)
_757512_/A1                           320.00  331.88  -11.88 (VIOLATED)
output9650/A                          320.00  331.87  -11.87 (VIOLATED)
_737498_/B                            320.00  331.83  -11.83 (VIOLATED)
_741730_/B                            320.00  331.79  -11.79 (VIOLATED)
_750788_/A2                           320.00  331.77  -11.77 (VIOLATED)
_738697_/A                            320.00  331.74  -11.74 (VIOLATED)
output9579/A                          320.00  331.71  -11.71 (VIOLATED)
_742178_/A                            320.00  331.70  -11.70 (VIOLATED)
_745016_/A                            320.00  331.66  -11.66 (VIOLATED)
_760285_/A1                           320.00  331.66  -11.66 (VIOLATED)
_648584_/A                            320.00  331.63  -11.63 (VIOLATED)
_738702_/A                            320.00  331.61  -11.61 (VIOLATED)
output9729/A                          320.00  331.60  -11.60 (VIOLATED)
_745602_/B                            320.00  331.59  -11.59 (VIOLATED)
_739461_/B                            320.00  331.58  -11.58 (VIOLATED)
output9670/A                          320.00  331.57  -11.57 (VIOLATED)
_764827_/A1                           320.00  331.56  -11.56 (VIOLATED)
_743858_/A                            320.00  331.56  -11.56 (VIOLATED)
_743897_/A                            320.00  331.55  -11.55 (VIOLATED)
_763871_/A                            320.00  331.54  -11.54 (VIOLATED)
_763872_/A1                           320.00  331.52  -11.52 (VIOLATED)
_644422_/A                            320.00  331.51  -11.51 (VIOLATED)
_743902_/A                            320.00  331.51  -11.51 (VIOLATED)
_644416_/A                            320.00  331.51  -11.51 (VIOLATED)
_754983_/A                            320.00  331.49  -11.49 (VIOLATED)
_740367_/B                            320.00  331.49  -11.49 (VIOLATED)
_737858_/A                            320.00  331.48  -11.48 (VIOLATED)
_748707_/A                            320.00  331.43  -11.43 (VIOLATED)
_745956_/B                            320.00  331.42  -11.42 (VIOLATED)
_760732_/A1                           320.00  331.41  -11.41 (VIOLATED)
_661933_/B                            320.00  331.38  -11.38 (VIOLATED)
_758412_/A1                           320.00  331.38  -11.38 (VIOLATED)
_760281_/A1                           320.00  331.36  -11.36 (VIOLATED)
_759459_/A1                           320.00  331.36  -11.36 (VIOLATED)
_743912_/A                            320.00  331.34  -11.34 (VIOLATED)
output9789/A                          320.00  331.32  -11.32 (VIOLATED)
output9761/A                          320.00  331.29  -11.29 (VIOLATED)
_758408_/A1                           320.00  331.27  -11.27 (VIOLATED)
_762255_/A1                           320.00  331.26  -11.26 (VIOLATED)
_644419_/A                            320.00  331.26  -11.26 (VIOLATED)
_758079_/A1                           320.00  331.25  -11.25 (VIOLATED)
_743898_/A                            320.00  331.23  -11.23 (VIOLATED)
_760286_/A1                           320.00  331.22  -11.22 (VIOLATED)
_759048_/C                            320.00  331.22  -11.22 (VIOLATED)
_757056_/A1                           320.00  331.21  -11.21 (VIOLATED)
_762197_/B                            320.00  331.20  -11.20 (VIOLATED)
_753623_/B2                           320.00  331.16  -11.16 (VIOLATED)
_737988_/A                            320.00  331.15  -11.15 (VIOLATED)
place74377/A                          320.00  331.13  -11.13 (VIOLATED)
output9709/A                          320.00  331.12  -11.12 (VIOLATED)
output9639/A                          320.00  331.11  -11.11 (VIOLATED)
output9819/A                          320.00  331.10  -11.10 (VIOLATED)
output9629/A                          320.00  331.08  -11.08 (VIOLATED)
_738682_/A                            320.00  331.08  -11.08 (VIOLATED)
in_data_q[29]$_DFFE_PN0P_/QN          320.00  331.08  -11.08 (VIOLATED)
_743868_/A                            320.00  331.08  -11.08 (VIOLATED)
_743867_/A                            320.00  331.06  -11.06 (VIOLATED)
_737992_/A                            320.00  331.06  -11.06 (VIOLATED)
_757055_/A                            320.00  330.99  -10.99 (VIOLATED)
_759217_/A                            320.00  330.91  -10.91 (VIOLATED)
ce_d2[12]$_DFFE_PN0P_/RESETN          320.00  330.87  -10.87 (VIOLATED)
_480301_/B                            320.00  330.86  -10.86 (VIOLATED)
_480246_/C                            320.00  330.86  -10.86 (VIOLATED)
_742184_/A                            320.00  330.83  -10.83 (VIOLATED)
_480210_/A                            320.00  330.82  -10.82 (VIOLATED)
_671702_/A                            320.00  330.81  -10.81 (VIOLATED)
_748671_/A                            320.00  330.78  -10.78 (VIOLATED)
ce_d2[13]$_DFFE_PN0P_/RESETN          320.00  330.78  -10.78 (VIOLATED)
_480022_/B                            320.00  330.74  -10.74 (VIOLATED)
_743981_/A                            320.00  330.73  -10.73 (VIOLATED)
_763873_/A                            320.00  330.70  -10.70 (VIOLATED)
_788010_/A                            320.00  330.68  -10.68 (VIOLATED)
_810178_/CI                           320.00  330.68  -10.68 (VIOLATED)
_738678_/A                            320.00  330.66  -10.66 (VIOLATED)
_748711_/A                            320.00  330.65  -10.65 (VIOLATED)
_648583_/A                            320.00  330.64  -10.64 (VIOLATED)
_480466_/B                            320.00  330.61  -10.61 (VIOLATED)
_739130_/B                            320.00  330.60  -10.60 (VIOLATED)
_644425_/A                            320.00  330.54  -10.54 (VIOLATED)
_748662_/A                            320.00  330.51  -10.51 (VIOLATED)
_742049_/A                            320.00  330.49  -10.49 (VIOLATED)
_743957_/B                            320.00  330.49  -10.49 (VIOLATED)
_480431_/C                            320.00  330.37  -10.37 (VIOLATED)
place74442/A                          320.00  330.24  -10.24 (VIOLATED)
_763787_/A                            320.00  330.22  -10.22 (VIOLATED)
_644437_/A                            320.00  330.15  -10.15 (VIOLATED)
_760867_/A                            320.00  330.14  -10.14 (VIOLATED)
_754935_/A                            320.00  330.11  -10.11 (VIOLATED)
_763788_/A1                           320.00  330.09  -10.09 (VIOLATED)
ce_d1[13]$_DFFE_PN0P_/RESETN          320.00  330.08  -10.08 (VIOLATED)
_759724_/B2                           320.00  330.06  -10.06 (VIOLATED)
_738013_/A                            320.00  330.06  -10.06 (VIOLATED)
_754934_/A1                           320.00  330.06  -10.06 (VIOLATED)
_748691_/A1                           320.00  330.06  -10.06 (VIOLATED)
_763589_/A                            320.00  330.05  -10.05 (VIOLATED)
_480216_/A                            320.00  330.05  -10.05 (VIOLATED)
_742152_/A                            320.00  330.04  -10.04 (VIOLATED)
_738704_/A                            320.00  330.04  -10.04 (VIOLATED)
_763784_/A                            320.00  330.01  -10.01 (VIOLATED)
_760675_/A1                           320.00  330.00  -10.00 (VIOLATED)
_755592_/A1                           320.00  329.96   -9.96 (VIOLATED)
_763590_/A1                           320.00  329.91   -9.91 (VIOLATED)
_738700_/A                            320.00  329.91   -9.91 (VIOLATED)
_745255_/B                            320.00  329.90   -9.90 (VIOLATED)
_480863_/B                            320.00  329.90   -9.90 (VIOLATED)
_664206_/A                            320.00  329.90   -9.90 (VIOLATED)
_763869_/A                            320.00  329.90   -9.90 (VIOLATED)
_751825_/A                            320.00  329.90   -9.90 (VIOLATED)
_765519_/C                            320.00  329.89   -9.89 (VIOLATED)
_763785_/A1                           320.00  329.89   -9.89 (VIOLATED)
_743828_/A                            320.00  329.85   -9.85 (VIOLATED)
_756710_/A                            320.00  329.85   -9.85 (VIOLATED)
_480337_/A1                           320.00  329.84   -9.84 (VIOLATED)
output9841/A                          320.00  329.83   -9.83 (VIOLATED)
output9851/A                          320.00  329.83   -9.83 (VIOLATED)
output9889/A                          320.00  329.82   -9.82 (VIOLATED)
output9829/A                          320.00  329.82   -9.82 (VIOLATED)
output9870/A                          320.00  329.81   -9.81 (VIOLATED)
output9839/A                          320.00  329.81   -9.81 (VIOLATED)
_765547_/C                            320.00  329.80   -9.80 (VIOLATED)
_480303_/A2                           320.00  329.78   -9.78 (VIOLATED)
output9991/A                          320.00  329.76   -9.76 (VIOLATED)
_751927_/B                            320.00  329.74   -9.74 (VIOLATED)
_742179_/A                            320.00  329.74   -9.74 (VIOLATED)
_768881_/A                            320.00  329.70   -9.70 (VIOLATED)
output9909/A                          320.00  329.70   -9.70 (VIOLATED)
output10001/A                         320.00  329.70   -9.70 (VIOLATED)
_749003_/B2                           320.00  329.69   -9.69 (VIOLATED)
output9879/A                          320.00  329.67   -9.67 (VIOLATED)
_748813_/A                            320.00  329.66   -9.66 (VIOLATED)
_742181_/A                            320.00  329.66   -9.66 (VIOLATED)
_480363_/C                            320.00  329.65   -9.65 (VIOLATED)
output9929/A                          320.00  329.63   -9.63 (VIOLATED)
output9940/A                          320.00  329.61   -9.61 (VIOLATED)
_753584_/B                            320.00  329.60   -9.60 (VIOLATED)
output9970/A                          320.00  329.60   -9.60 (VIOLATED)
output9861/A                          320.00  329.56   -9.56 (VIOLATED)
_480366_/A1                           320.00  329.56   -9.56 (VIOLATED)
place74574/A                          320.00  329.56   -9.56 (VIOLATED)
_480541_/C                            320.00  329.55   -9.55 (VIOLATED)
_742129_/A                            320.00  329.55   -9.55 (VIOLATED)
_496893_/A                            320.00  329.54   -9.54 (VIOLATED)
_745506_/B                            320.00  329.53   -9.53 (VIOLATED)
output9951/A                          320.00  329.52   -9.52 (VIOLATED)
_479987_/A                            320.00  329.51   -9.51 (VIOLATED)
ce_d1[12]$_DFFE_PN0P_/RESETN          320.00  329.50   -9.50 (VIOLATED)
_742201_/A                            320.00  329.50   -9.50 (VIOLATED)
_743831_/A                            320.00  329.49   -9.49 (VIOLATED)
_743969_/A                            320.00  329.46   -9.46 (VIOLATED)
output9919/A                          320.00  329.45   -9.45 (VIOLATED)
_742186_/A                            320.00  329.43   -9.43 (VIOLATED)
_480774_/A1                           320.00  329.42   -9.42 (VIOLATED)
_737967_/A                            320.00  329.41   -9.41 (VIOLATED)
output9913/A                          320.00  329.40   -9.40 (VIOLATED)
_742183_/A                            320.00  329.40   -9.40 (VIOLATED)
_644428_/A                            320.00  329.39   -9.39 (VIOLATED)
_752115_/A1                           320.00  329.39   -9.39 (VIOLATED)
output9961/A                          320.00  329.37   -9.37 (VIOLATED)
_742200_/A                            320.00  329.35   -9.35 (VIOLATED)
_769522_/A                            320.00  329.35   -9.35 (VIOLATED)
_757572_/A                            320.00  329.34   -9.34 (VIOLATED)
output9899/A                          320.00  329.34   -9.34 (VIOLATED)
output9980/A                          320.00  329.33   -9.33 (VIOLATED)
_760227_/C                            320.00  329.32   -9.32 (VIOLATED)
place74250/A                          320.00  329.24   -9.24 (VIOLATED)
_480550_/C                            320.00  329.24   -9.24 (VIOLATED)
_748540_/C                            320.00  329.24   -9.24 (VIOLATED)
_760674_/A                            320.00  329.23   -9.23 (VIOLATED)
_751693_/A                            320.00  329.19   -9.19 (VIOLATED)
_767282_/Y                            320.00  329.18   -9.18 (VIOLATED)
_738635_/A                            320.00  329.16   -9.16 (VIOLATED)
_751095_/A1                           320.00  329.15   -9.15 (VIOLATED)
_480212_/C                            320.00  329.14   -9.14 (VIOLATED)
_749491_/A1                           320.00  329.13   -9.13 (VIOLATED)
_752804_/B                            320.00  329.12   -9.12 (VIOLATED)
_764832_/A                            320.00  329.12   -9.12 (VIOLATED)
_764833_/A1                           320.00  329.11   -9.11 (VIOLATED)
ce_d2[16]$_DFFE_PN0P_/RESETN          320.00  329.10   -9.10 (VIOLATED)
_742087_/A                            320.00  329.10   -9.10 (VIOLATED)
_753730_/B2                           320.00  329.10   -9.10 (VIOLATED)
_742204_/A                            320.00  329.09   -9.09 (VIOLATED)
_749020_/A1                           320.00  329.08   -9.08 (VIOLATED)
_480278_/A2                           320.00  329.06   -9.06 (VIOLATED)
_754895_/B                            320.00  329.02   -9.02 (VIOLATED)
_744856_/A                            320.00  329.01   -9.01 (VIOLATED)
_759788_/C                            320.00  328.94   -8.94 (VIOLATED)
_760229_/C                            320.00  328.93   -8.93 (VIOLATED)
ce_d1[16]$_DFFE_PN0P_/RESETN          320.00  328.92   -8.92 (VIOLATED)
_761107_/A1                           320.00  328.88   -8.88 (VIOLATED)
_745018_/A                            320.00  328.87   -8.87 (VIOLATED)
_737973_/A                            320.00  328.87   -8.87 (VIOLATED)
_648582_/A                            320.00  328.86   -8.86 (VIOLATED)
_759218_/A1                           320.00  328.84   -8.84 (VIOLATED)
_742128_/A                            320.00  328.83   -8.83 (VIOLATED)
_480387_/B                            320.00  328.81   -8.81 (VIOLATED)
_742185_/A                            320.00  328.78   -8.78 (VIOLATED)
_755926_/B2                           320.00  328.77   -8.77 (VIOLATED)
place74638/A                          320.00  328.75   -8.75 (VIOLATED)
_763857_/A                            320.00  328.69   -8.69 (VIOLATED)
_766170_/C                            320.00  328.68   -8.68 (VIOLATED)
_740286_/B                            320.00  328.66   -8.66 (VIOLATED)
_480378_/A3                           320.00  328.65   -8.65 (VIOLATED)
m_1h[27]$_DFFE_PN0P_/QN               320.00  328.65   -8.65 (VIOLATED)
_761106_/B                            320.00  328.63   -8.63 (VIOLATED)
_760868_/A                            320.00  328.59   -8.59 (VIOLATED)
place74837/A                          320.00  328.56   -8.56 (VIOLATED)
_749329_/D                            320.00  328.54   -8.54 (VIOLATED)
_760919_/A                            320.00  328.50   -8.50 (VIOLATED)
_480238_/D                            320.00  328.48   -8.48 (VIOLATED)
_763856_/A1                           320.00  328.46   -8.46 (VIOLATED)
_760920_/A1                           320.00  328.45   -8.45 (VIOLATED)
_756599_/A1                           320.00  328.42   -8.42 (VIOLATED)
_749332_/C                            320.00  328.38   -8.38 (VIOLATED)
_743941_/B                            320.00  328.38   -8.38 (VIOLATED)
_745659_/A                            320.00  328.37   -8.37 (VIOLATED)
_737878_/A                            320.00  328.35   -8.35 (VIOLATED)
_738784_/A                            320.00  328.34   -8.34 (VIOLATED)
_750640_/B                            320.00  328.31   -8.31 (VIOLATED)
_755502_/A                            320.00  328.28   -8.28 (VIOLATED)
_749395_/C                            320.00  328.26   -8.26 (VIOLATED)
_764775_/A1                           320.00  328.26   -8.26 (VIOLATED)
_480166_/C                            320.00  328.25   -8.25 (VIOLATED)
_738829_/A                            320.00  328.24   -8.24 (VIOLATED)
_763859_/A                            320.00  328.22   -8.22 (VIOLATED)
_754280_/A                            320.00  328.21   -8.21 (VIOLATED)
place73840/A                          320.00  328.20   -8.20 (VIOLATED)
_760621_/A1                           320.00  328.20   -8.20 (VIOLATED)
_742205_/A                            320.00  328.19   -8.19 (VIOLATED)
_742180_/A                            320.00  328.17   -8.17 (VIOLATED)
_756968_/C                            320.00  328.15   -8.15 (VIOLATED)
_764835_/A1                           320.00  328.13   -8.13 (VIOLATED)
_759201_/B                            320.00  328.13   -8.13 (VIOLATED)
_738771_/B                            320.00  328.12   -8.12 (VIOLATED)
_749383_/A                            320.00  328.12   -8.12 (VIOLATED)
_737910_/A                            320.00  328.11   -8.11 (VIOLATED)
_741172_/B                            320.00  328.11   -8.11 (VIOLATED)
_757075_/B                            320.00  328.11   -8.11 (VIOLATED)
_739568_/B                            320.00  328.11   -8.11 (VIOLATED)
_761176_/A1                           320.00  328.09   -8.09 (VIOLATED)
_756936_/B                            320.00  328.07   -8.07 (VIOLATED)
_745022_/A                            320.00  328.06   -8.06 (VIOLATED)
_744615_/B                            320.00  328.05   -8.05 (VIOLATED)
_760125_/C                            320.00  328.01   -8.01 (VIOLATED)
_749393_/C                            320.00  327.99   -7.99 (VIOLATED)
_738820_/A                            320.00  327.99   -7.99 (VIOLATED)
_748761_/C                            320.00  327.99   -7.99 (VIOLATED)
_738695_/A                            320.00  327.98   -7.98 (VIOLATED)
_745918_/B                            320.00  327.98   -7.98 (VIOLATED)
_737932_/A                            320.00  327.97   -7.97 (VIOLATED)
_761175_/C                            320.00  327.97   -7.97 (VIOLATED)
_763592_/A                            320.00  327.96   -7.96 (VIOLATED)
_737861_/A                            320.00  327.94   -7.94 (VIOLATED)
_671675_/A                            320.00  327.91   -7.91 (VIOLATED)
_738810_/A                            320.00  327.89   -7.89 (VIOLATED)
_738807_/A                            320.00  327.87   -7.87 (VIOLATED)
_737971_/A                            320.00  327.86   -7.86 (VIOLATED)
_763860_/A1                           320.00  327.86   -7.86 (VIOLATED)
_737991_/A                            320.00  327.84   -7.84 (VIOLATED)
a_sym[13][0]$_DFFE_PN0P_/RESETN       320.00  327.83   -7.83 (VIOLATED)
_480202_/A2                           320.00  327.81   -7.81 (VIOLATED)
_756109_/A                            320.00  327.78   -7.78 (VIOLATED)
_480616_/D                            320.00  327.75   -7.75 (VIOLATED)
_738015_/A                            320.00  327.73   -7.73 (VIOLATED)
_753456_/A                            320.00  327.71   -7.71 (VIOLATED)
_755847_/A2                           320.00  327.70   -7.70 (VIOLATED)
_741987_/A                            320.00  327.68   -7.68 (VIOLATED)
_755480_/A1                           320.00  327.68   -7.68 (VIOLATED)
_759284_/A                            320.00  327.64   -7.64 (VIOLATED)
_738831_/A                            320.00  327.57   -7.57 (VIOLATED)
_644434_/A                            320.00  327.56   -7.56 (VIOLATED)
_738830_/A                            320.00  327.55   -7.55 (VIOLATED)
_742149_/A                            320.00  327.39   -7.39 (VIOLATED)
_764674_/A                            320.00  327.35   -7.35 (VIOLATED)
_479991_/A                            320.00  327.34   -7.34 (VIOLATED)
_738007_/A                            320.00  327.31   -7.31 (VIOLATED)
_755518_/B2                           320.00  327.31   -7.31 (VIOLATED)
_626566_/A                            320.00  327.27   -7.27 (VIOLATED)
place74667/A                          320.00  327.27   -7.27 (VIOLATED)
_764823_/A                            320.00  327.26   -7.26 (VIOLATED)
_860351_/B                            320.00  327.23   -7.23 (VIOLATED)
_737935_/A                            320.00  327.22   -7.22 (VIOLATED)
_762196_/B                            320.00  327.22   -7.22 (VIOLATED)
_750631_/B                            320.00  327.22   -7.22 (VIOLATED)
_480099_/A                            320.00  327.20   -7.20 (VIOLATED)
_741340_/A                            320.00  327.19   -7.19 (VIOLATED)
output9882/A                          320.00  327.19   -7.19 (VIOLATED)
output9923/A                          320.00  327.19   -7.19 (VIOLATED)
_742206_/A                            320.00  327.18   -7.18 (VIOLATED)
output9954/A                          320.00  327.16   -7.16 (VIOLATED)
_759641_/B                            320.00  327.15   -7.15 (VIOLATED)
_766032_/A                            320.00  327.15   -7.15 (VIOLATED)
output9994/A                          320.00  327.15   -7.15 (VIOLATED)
_743340_/A                            320.00  327.14   -7.14 (VIOLATED)
_760760_/C                            320.00  327.14   -7.14 (VIOLATED)
output9934/A                          320.00  327.13   -7.13 (VIOLATED)
_648581_/A                            320.00  327.09   -7.09 (VIOLATED)
_739718_/A                            320.00  327.08   -7.08 (VIOLATED)
_758946_/B2                           320.00  327.06   -7.06 (VIOLATED)
output9944/A                          320.00  327.06   -7.06 (VIOLATED)
_739736_/A                            320.00  327.05   -7.05 (VIOLATED)
_750157_/A                            320.00  327.05   -7.05 (VIOLATED)
_739717_/A                            320.00  327.05   -7.05 (VIOLATED)
_749379_/B                            320.00  327.04   -7.04 (VIOLATED)
_753013_/A1                           320.00  327.04   -7.04 (VIOLATED)
_742422_/B                            320.00  327.03   -7.03 (VIOLATED)
_758939_/B                            320.00  327.01   -7.01 (VIOLATED)
_739742_/A                            320.00  326.98   -6.98 (VIOLATED)
output9854/A                          320.00  326.98   -6.98 (VIOLATED)
_764824_/A1                           320.00  326.96   -6.96 (VIOLATED)
_751021_/A1                           320.00  326.95   -6.95 (VIOLATED)
_739721_/A                            320.00  326.94   -6.94 (VIOLATED)
_737968_/A                            320.00  326.91   -6.91 (VIOLATED)
_664224_/A                            320.00  326.89   -6.89 (VIOLATED)
_765774_/A1                           320.00  326.89   -6.89 (VIOLATED)
_742150_/A                            320.00  326.89   -6.89 (VIOLATED)
output9892/A                          320.00  326.88   -6.88 (VIOLATED)
output9941/A                          320.00  326.85   -6.85 (VIOLATED)
_753708_/B2                           320.00  326.80   -6.80 (VIOLATED)
place74128/A                          320.00  326.78   -6.78 (VIOLATED)
_741345_/A                            320.00  326.78   -6.78 (VIOLATED)
_748263_/A                            320.00  326.76   -6.76 (VIOLATED)
output10004/A                         320.00  326.75   -6.75 (VIOLATED)
place83521/A                          320.00  326.74   -6.74 (VIOLATED)
_737965_/A                            320.00  326.74   -6.74 (VIOLATED)
_758316_/C1                           320.00  326.72   -6.72 (VIOLATED)
place73604/A                          320.00  326.72   -6.72 (VIOLATED)
_738005_/A                            320.00  326.72   -6.72 (VIOLATED)
_745026_/A                            320.00  326.71   -6.71 (VIOLATED)
_480010_/A                            320.00  326.71   -6.71 (VIOLATED)
_747536_/A                            320.00  326.71   -6.71 (VIOLATED)
_737911_/A                            320.00  326.69   -6.69 (VIOLATED)
out_pix_data[121]$_DFFE_PN0P_/RESETN  320.00  326.68   -6.68 (VIOLATED)
place73595/A                          320.00  326.68   -6.68 (VIOLATED)
_755431_/A                            320.00  326.68   -6.68 (VIOLATED)
_740190_/B                            320.00  326.63   -6.63 (VIOLATED)
_741907_/B                            320.00  326.60   -6.60 (VIOLATED)
_749312_/B                            320.00  326.58   -6.58 (VIOLATED)
_496854_/C                            320.00  326.58   -6.58 (VIOLATED)
_739730_/A                            320.00  326.57   -6.57 (VIOLATED)
_746494_/B                            320.00  326.57   -6.57 (VIOLATED)
output9981/A                          320.00  326.54   -6.54 (VIOLATED)
output9984/A                          320.00  326.53   -6.53 (VIOLATED)
_738732_/A                            320.00  326.53   -6.53 (VIOLATED)
_745661_/A                            320.00  326.49   -6.49 (VIOLATED)
_760026_/A1                           320.00  326.45   -6.45 (VIOLATED)
_754138_/A                            320.00  326.40   -6.40 (VIOLATED)
_745684_/A                            320.00  326.39   -6.39 (VIOLATED)
_755815_/C                            320.00  326.36   -6.36 (VIOLATED)
_639270_/A                            320.00  326.36   -6.36 (VIOLATED)
_750742_/B                            320.00  326.35   -6.35 (VIOLATED)
_768924_/A                            320.00  326.33   -6.33 (VIOLATED)
_639271_/A                            320.00  326.32   -6.32 (VIOLATED)
_760343_/A                            320.00  326.32   -6.32 (VIOLATED)
place73831/A                          320.00  326.29   -6.29 (VIOLATED)
out_pix_data[129]$_DFFE_PN0P_/RESETN  320.00  326.29   -6.29 (VIOLATED)
output9912/A                          320.00  326.29   -6.29 (VIOLATED)
_759385_/B                            320.00  326.29   -6.29 (VIOLATED)
_521815_/A                            320.00  326.28   -6.28 (VIOLATED)
_745675_/A                            320.00  326.27   -6.27 (VIOLATED)
_765407_/A1                           320.00  326.26   -6.26 (VIOLATED)
output9844/A                          320.00  326.26   -6.26 (VIOLATED)
_670868_/A                            320.00  326.23   -6.23 (VIOLATED)
_752679_/B                            320.00  326.19   -6.19 (VIOLATED)
oskid_d[123]$_DFFE_PN0P_/RESETN       320.00  326.18   -6.18 (VIOLATED)
_738676_/A                            320.00  326.17   -6.17 (VIOLATED)
_670867_/A                            320.00  326.16   -6.16 (VIOLATED)
_743982_/A                            320.00  326.16   -6.16 (VIOLATED)
_740381_/A                            320.00  326.16   -6.16 (VIOLATED)
oskid_d[122]$_DFFE_PN0P_/RESETN       320.00  326.16   -6.16 (VIOLATED)
_749414_/A1                           320.00  326.15   -6.15 (VIOLATED)
output9873/A                          320.00  326.15   -6.15 (VIOLATED)
_755516_/C                            320.00  326.14   -6.14 (VIOLATED)
_755513_/A                            320.00  326.09   -6.09 (VIOLATED)
_745545_/B                            320.00  326.08   -6.08 (VIOLATED)
place73774/A                          320.00  326.04   -6.04 (VIOLATED)
_745020_/A                            320.00  326.01   -6.01 (VIOLATED)
_742207_/A                            320.00  325.99   -5.99 (VIOLATED)
_750446_/B                            320.00  325.98   -5.98 (VIOLATED)
_737864_/A                            320.00  325.97   -5.97 (VIOLATED)
_745685_/A                            320.00  325.95   -5.95 (VIOLATED)
_738867_/A                            320.00  325.94   -5.94 (VIOLATED)
output9840/A                          320.00  325.93   -5.93 (VIOLATED)
_755523_/B2                           320.00  325.90   -5.90 (VIOLATED)
_745722_/B                            320.00  325.88   -5.88 (VIOLATED)
_757373_/A                            320.00  325.86   -5.86 (VIOLATED)
_480027_/A1                           320.00  325.86   -5.86 (VIOLATED)
_648580_/A                            320.00  325.86   -5.86 (VIOLATED)
_480069_/A2                           320.00  325.85   -5.85 (VIOLATED)
_486162_/A                            320.00  325.84   -5.84 (VIOLATED)
_754286_/A                            320.00  325.83   -5.83 (VIOLATED)
_745670_/A                            320.00  325.82   -5.82 (VIOLATED)
_739743_/A                            320.00  325.82   -5.82 (VIOLATED)
_670866_/A                            320.00  325.81   -5.81 (VIOLATED)
_759879_/A                            320.00  325.78   -5.78 (VIOLATED)
output9964/A                          320.00  325.77   -5.77 (VIOLATED)
_480399_/B                            320.00  325.76   -5.76 (VIOLATED)
_760990_/A                            320.00  325.72   -5.72 (VIOLATED)
_480218_/B                            320.00  325.70   -5.70 (VIOLATED)
_752810_/B                            320.00  325.65   -5.65 (VIOLATED)
_738782_/A                            320.00  325.58   -5.58 (VIOLATED)
place73860/A                          320.00  325.57   -5.57 (VIOLATED)
in_data_q[67]$_DFFE_PN0P_/QN          320.00  325.53   -5.53 (VIOLATED)
_759984_/A                            320.00  325.52   -5.52 (VIOLATED)
_739720_/A                            320.00  325.50   -5.50 (VIOLATED)
_671674_/A                            320.00  325.49   -5.49 (VIOLATED)
_738818_/A                            320.00  325.49   -5.49 (VIOLATED)
_738632_/A                            320.00  325.48   -5.48 (VIOLATED)
a_sym[7][3]$_DFFE_PN0P_/QN            320.00  325.47   -5.47 (VIOLATED)
_738869_/A                            320.00  325.47   -5.47 (VIOLATED)
output9864/A                          320.00  325.46   -5.46 (VIOLATED)
_741984_/A                            320.00  325.46   -5.46 (VIOLATED)
_741338_/A                            320.00  325.45   -5.45 (VIOLATED)
_516970_/B                            320.00  325.45   -5.45 (VIOLATED)
_759911_/B                            320.00  325.43   -5.43 (VIOLATED)
_738829_/B                            320.00  325.43   -5.43 (VIOLATED)
_639272_/A                            320.00  325.42   -5.42 (VIOLATED)
_741343_/A                            320.00  325.41   -5.41 (VIOLATED)
place73614/A                          320.00  325.40   -5.40 (VIOLATED)
place73605/A                          320.00  325.40   -5.40 (VIOLATED)
_741342_/A                            320.00  325.37   -5.37 (VIOLATED)
_762198_/B                            320.00  325.36   -5.36 (VIOLATED)
_745673_/A                            320.00  325.31   -5.31 (VIOLATED)
_763593_/A1                           320.00  325.31   -5.31 (VIOLATED)
_741024_/B                            320.00  325.29   -5.29 (VIOLATED)
_745530_/B                            320.00  325.28   -5.28 (VIOLATED)
_741344_/A                            320.00  325.26   -5.26 (VIOLATED)
_671701_/A                            320.00  325.22   -5.22 (VIOLATED)
_755025_/B                            320.00  325.21   -5.21 (VIOLATED)
place74798/A                          320.00  325.17   -5.17 (VIOLATED)
_754312_/A2                           320.00  325.14   -5.14 (VIOLATED)
_755948_/A                            320.00  325.13   -5.13 (VIOLATED)
_639273_/A                            320.00  325.10   -5.10 (VIOLATED)
_741553_/B                            320.00  325.05   -5.05 (VIOLATED)
_750464_/A                            320.00  325.05   -5.05 (VIOLATED)
_480190_/A3                           320.00  325.02   -5.02 (VIOLATED)
_480048_/A1                           320.00  325.02   -5.02 (VIOLATED)
_739725_/A                            320.00  324.99   -4.99 (VIOLATED)
_670865_/A                            320.00  324.99   -4.99 (VIOLATED)
oskid_d[127]$_DFFE_PN0P_/RESETN       320.00  324.96   -4.96 (VIOLATED)
_763841_/A                            320.00  324.90   -4.90 (VIOLATED)
_762195_/B                            320.00  324.90   -4.90 (VIOLATED)
_480133_/A2                           320.00  324.85   -4.85 (VIOLATED)
_763842_/A1                           320.00  324.79   -4.79 (VIOLATED)
_860350_/B                            320.00  324.79   -4.79 (VIOLATED)
_480315_/B                            320.00  324.79   -4.79 (VIOLATED)
tlo_f[1]$_DFFE_PN0P_/QN               320.00  324.77   -4.77 (VIOLATED)
output9833/A                          320.00  324.75   -4.75 (VIOLATED)
_739741_/A                            320.00  324.73   -4.73 (VIOLATED)
_745432_/B                            320.00  324.73   -4.73 (VIOLATED)
place74614/A                          320.00  324.73   -4.73 (VIOLATED)
_738900_/A                            320.00  324.62   -4.62 (VIOLATED)
place73772/A                          320.00  324.62   -4.62 (VIOLATED)
in_data_q[85]$_DFFE_PN0P_/QN          320.00  324.59   -4.59 (VIOLATED)
_740346_/A                            320.00  324.58   -4.58 (VIOLATED)
_755508_/A1                           320.00  324.57   -4.57 (VIOLATED)
_745698_/A                            320.00  324.56   -4.56 (VIOLATED)
_748674_/A                            320.00  324.50   -4.50 (VIOLATED)
_742208_/A                            320.00  324.49   -4.49 (VIOLATED)
_740389_/A                            320.00  324.45   -4.45 (VIOLATED)
_738011_/A                            320.00  324.42   -4.42 (VIOLATED)
_745482_/B                            320.00  324.40   -4.40 (VIOLATED)
_743336_/A                            320.00  324.40   -4.40 (VIOLATED)
_740345_/A                            320.00  324.39   -4.39 (VIOLATED)
_739796_/B                            320.00  324.39   -4.39 (VIOLATED)
_738880_/A                            320.00  324.38   -4.38 (VIOLATED)
_751904_/A                            320.00  324.36   -4.36 (VIOLATED)
_741405_/B                            320.00  324.36   -4.36 (VIOLATED)
output9974/A                          320.00  324.34   -4.34 (VIOLATED)
_738877_/A                            320.00  324.34   -4.34 (VIOLATED)
in_data_q[61]$_DFFE_PN0P_/RESETN      320.00  324.31   -4.31 (VIOLATED)
_750698_/A2                           320.00  324.23   -4.23 (VIOLATED)
_748667_/A                            320.00  324.23   -4.23 (VIOLATED)
_738841_/A                            320.00  324.21   -4.21 (VIOLATED)
_739731_/A                            320.00  324.20   -4.20 (VIOLATED)
_738858_/A                            320.00  324.18   -4.18 (VIOLATED)
_760789_/A                            320.00  324.18   -4.18 (VIOLATED)
place73038/A                          320.00  324.17   -4.17 (VIOLATED)
place73827/A                          320.00  324.16   -4.16 (VIOLATED)
_740338_/A                            320.00  324.16   -4.16 (VIOLATED)
_760790_/A1                           320.00  324.16   -4.16 (VIOLATED)
_639275_/A                            320.00  324.13   -4.13 (VIOLATED)
_624019_/A                            320.00  324.11   -4.11 (VIOLATED)
_648579_/A                            320.00  324.10   -4.10 (VIOLATED)
oskid_d[124]$_DFFE_PN0P_/RESETN       320.00  324.09   -4.09 (VIOLATED)
_844250_/B                            320.00  324.08   -4.08 (VIOLATED)
_739726_/A                            320.00  324.06   -4.06 (VIOLATED)
oskid_d[125]$_DFFE_PN0P_/RESETN       320.00  324.05   -4.05 (VIOLATED)
_639274_/A                            320.00  324.04   -4.04 (VIOLATED)
place73783/A                          320.00  324.04   -4.04 (VIOLATED)
_760843_/A                            320.00  324.04   -4.04 (VIOLATED)
_740354_/A                            320.00  323.99   -3.99 (VIOLATED)
_745707_/B                            320.00  323.91   -3.91 (VIOLATED)
_624018_/A                            320.00  323.91   -3.91 (VIOLATED)
_761229_/A                            320.00  323.90   -3.90 (VIOLATED)
_738808_/A                            320.00  323.88   -3.88 (VIOLATED)
_760844_/A1                           320.00  323.88   -3.88 (VIOLATED)
_765411_/A1                           320.00  323.86   -3.86 (VIOLATED)
_745633_/A                            320.00  323.83   -3.83 (VIOLATED)
_670864_/A                            320.00  323.81   -3.81 (VIOLATED)
_738891_/A                            320.00  323.80   -3.80 (VIOLATED)
_480391_/C                            320.00  323.79   -3.79 (VIOLATED)
_763600_/A                            320.00  323.70   -3.70 (VIOLATED)
_754289_/A                            320.00  323.68   -3.68 (VIOLATED)
_762192_/B                            320.00  323.67   -3.67 (VIOLATED)
output9902/A                          320.00  323.66   -3.66 (VIOLATED)
_763602_/A1                           320.00  323.66   -3.66 (VIOLATED)
_762201_/B                            320.00  323.64   -3.64 (VIOLATED)
_737311_/B                            320.00  323.60   -3.60 (VIOLATED)
place73893/A                          320.00  323.60   -3.60 (VIOLATED)
_741177_/B                            320.00  323.59   -3.59 (VIOLATED)
_763599_/A1                           320.00  323.59   -3.59 (VIOLATED)
_743827_/A                            320.00  323.57   -3.57 (VIOLATED)
_763598_/A                            320.00  323.55   -3.55 (VIOLATED)
_737859_/A                            320.00  323.55   -3.55 (VIOLATED)
_764666_/A                            320.00  323.52   -3.52 (VIOLATED)
_738819_/A                            320.00  323.51   -3.51 (VIOLATED)
_664221_/A                            320.00  323.51   -3.51 (VIOLATED)
_738717_/A                            320.00  323.50   -3.50 (VIOLATED)
_756912_/A1                           320.00  323.44   -3.44 (VIOLATED)
_750417_/A                            320.00  323.44   -3.44 (VIOLATED)
_762193_/B                            320.00  323.43   -3.43 (VIOLATED)
_759473_/A1                           320.00  323.43   -3.43 (VIOLATED)
oskid_d[126]$_DFFE_PN0P_/RESETN       320.00  323.42   -3.42 (VIOLATED)
_624017_/A                            320.00  323.39   -3.39 (VIOLATED)
_740348_/A                            320.00  323.37   -3.37 (VIOLATED)
_745688_/A                            320.00  323.36   -3.36 (VIOLATED)
_758347_/A                            320.00  323.33   -3.33 (VIOLATED)
_787903_/A                            320.00  323.31   -3.31 (VIOLATED)
_764633_/B                            320.00  323.30   -3.30 (VIOLATED)
_739724_/A                            320.00  323.29   -3.29 (VIOLATED)
_757000_/B2                           320.00  323.28   -3.28 (VIOLATED)
_741341_/A                            320.00  323.27   -3.27 (VIOLATED)
_740352_/A                            320.00  323.23   -3.23 (VIOLATED)
_766148_/A                            320.00  323.23   -3.23 (VIOLATED)
_764667_/A1                           320.00  323.21   -3.21 (VIOLATED)
place83511/A                          320.00  323.20   -3.20 (VIOLATED)
_738475_/B                            320.00  323.19   -3.19 (VIOLATED)
_738576_/A                            320.00  323.19   -3.19 (VIOLATED)
_651802_/B                            320.00  323.16   -3.16 (VIOLATED)
_761230_/A1                           320.00  323.15   -3.15 (VIOLATED)
_742182_/A                            320.00  323.15   -3.15 (VIOLATED)
_761037_/A1                           320.00  323.12   -3.12 (VIOLATED)
_763834_/A                            320.00  323.10   -3.10 (VIOLATED)
iwr$_DFFE_PN0P_/RESETN                320.00  323.07   -3.07 (VIOLATED)
_759985_/A1                           320.00  323.07   -3.07 (VIOLATED)
_765780_/C                            320.00  323.06   -3.06 (VIOLATED)
_762200_/B                            320.00  323.06   -3.06 (VIOLATED)
_737989_/A                            320.00  323.05   -3.05 (VIOLATED)
_739740_/A                            320.00  323.02   -3.02 (VIOLATED)
_740357_/A                            320.00  322.99   -2.99 (VIOLATED)
_742649_/B                            320.00  322.96   -2.96 (VIOLATED)
_745616_/B                            320.00  322.94   -2.94 (VIOLATED)
_616132_/A                            320.00  322.88   -2.88 (VIOLATED)
out_pix_data[94]$_DFFE_PN0P_/RESETN   320.00  322.87   -2.87 (VIOLATED)
_743821_/A                            320.00  322.87   -2.87 (VIOLATED)
_752804_/A                            320.00  322.87   -2.87 (VIOLATED)
_624016_/A                            320.00  322.86   -2.86 (VIOLATED)
place74175/A                          320.00  322.79   -2.79 (VIOLATED)
_765414_/A1                           320.00  322.78   -2.78 (VIOLATED)
_764675_/A1                           320.00  322.73   -2.73 (VIOLATED)
_644431_/A                            320.00  322.70   -2.70 (VIOLATED)
_787212_/A1                           320.00  322.68   -2.68 (VIOLATED)
_763835_/A1                           320.00  322.67   -2.67 (VIOLATED)
_750633_/A1                           320.00  322.62   -2.62 (VIOLATED)
_480373_/B2                           320.00  322.56   -2.56 (VIOLATED)
_616131_/A                            320.00  322.55   -2.55 (VIOLATED)
output9723/A                          320.00  322.55   -2.55 (VIOLATED)
icnt[1]$_DFF_PN0_/RESETN              320.00  322.51   -2.51 (VIOLATED)
_750661_/A                            320.00  322.45   -2.45 (VIOLATED)
output9692/A                          320.00  322.43   -2.43 (VIOLATED)
_757560_/C                            320.00  322.41   -2.41 (VIOLATED)
_755507_/A1                           320.00  322.39   -2.39 (VIOLATED)
_751871_/B                            320.00  322.36   -2.36 (VIOLATED)
_738859_/A                            320.00  322.33   -2.33 (VIOLATED)
_765410_/A                            320.00  322.33   -2.33 (VIOLATED)
output9740/A                          320.00  322.32   -2.32 (VIOLATED)
_769000_/A                            320.00  322.31   -2.31 (VIOLATED)
_739868_/B                            320.00  322.31   -2.31 (VIOLATED)
output9682/A                          320.00  322.31   -2.31 (VIOLATED)
_745655_/B                            320.00  322.26   -2.26 (VIOLATED)
_760679_/A1                           320.00  322.22   -2.22 (VIOLATED)
_745136_/B                            320.00  322.22   -2.22 (VIOLATED)
_670861_/A                            320.00  322.22   -2.22 (VIOLATED)
output9592/A                          320.00  322.21   -2.21 (VIOLATED)
output9582/A                          320.00  322.21   -2.21 (VIOLATED)
_750795_/B                            320.00  322.21   -2.21 (VIOLATED)
_757287_/A1                           320.00  322.21   -2.21 (VIOLATED)
output9573/A                          320.00  322.20   -2.20 (VIOLATED)
_739722_/A                            320.00  322.19   -2.19 (VIOLATED)
output9773/A                          320.00  322.18   -2.18 (VIOLATED)
_753631_/B2                           320.00  322.17   -2.17 (VIOLATED)
output9612/A                          320.00  322.16   -2.16 (VIOLATED)
_760278_/A                            320.00  322.15   -2.15 (VIOLATED)
output9733/A                          320.00  322.15   -2.15 (VIOLATED)
_757350_/C2                           320.00  322.14   -2.14 (VIOLATED)
_755560_/B2                           320.00  322.13   -2.13 (VIOLATED)
output9764/A                          320.00  322.13   -2.13 (VIOLATED)
_736866_/A                            320.00  322.13   -2.13 (VIOLATED)
output9664/A                          320.00  322.13   -2.13 (VIOLATED)
output9712/A                          320.00  322.12   -2.12 (VIOLATED)
_744898_/B                            320.00  322.12   -2.12 (VIOLATED)
place83514/A                          320.00  322.11   -2.11 (VIOLATED)
output9653/A                          320.00  322.10   -2.10 (VIOLATED)
output9602/A                          320.00  322.09   -2.09 (VIOLATED)
_739431_/B                            320.00  322.09   -2.09 (VIOLATED)
output9643/A                          320.00  322.08   -2.08 (VIOLATED)
output9623/A                          320.00  322.06   -2.06 (VIOLATED)
output9633/A                          320.00  322.03   -2.03 (VIOLATED)
_752896_/A1                           320.00  322.02   -2.02 (VIOLATED)
_616130_/A                            320.00  321.99   -1.99 (VIOLATED)
_812454_/A                            320.00  321.97   -1.97 (VIOLATED)
output9823/A                          320.00  321.97   -1.97 (VIOLATED)
_742148_/A                            320.00  321.93   -1.93 (VIOLATED)
_670862_/A                            320.00  321.93   -1.93 (VIOLATED)
_624015_/A                            320.00  321.82   -1.82 (VIOLATED)
output9782/A                          320.00  321.76   -1.76 (VIOLATED)
output9754/A                          320.00  321.76   -1.76 (VIOLATED)
output9743/A                          320.00  321.76   -1.76 (VIOLATED)
output9792/A                          320.00  321.76   -1.76 (VIOLATED)
output9702/A                          320.00  321.76   -1.76 (VIOLATED)
place74671/A                          320.00  321.74   -1.74 (VIOLATED)
_760214_/A                            320.00  321.72   -1.72 (VIOLATED)
_763584_/A1                           320.00  321.70   -1.70 (VIOLATED)
output9640/A                          320.00  321.68   -1.68 (VIOLATED)
_742199_/A                            320.00  321.65   -1.65 (VIOLATED)
_764678_/A                            320.00  321.65   -1.65 (VIOLATED)
_738806_/A                            320.00  321.64   -1.64 (VIOLATED)
_616129_/A                            320.00  321.62   -1.62 (VIOLATED)
output9812/A                          320.00  321.61   -1.61 (VIOLATED)
output9673/A                          320.00  321.54   -1.54 (VIOLATED)
output9802/A                          320.00  321.48   -1.48 (VIOLATED)
_763583_/A                            320.00  321.47   -1.47 (VIOLATED)
_624014_/A                            320.00  321.41   -1.41 (VIOLATED)
oskid_d[147]$_DFFE_PN0P_/RESETN       320.00  321.39   -1.39 (VIOLATED)
_750485_/B2                           320.00  321.38   -1.38 (VIOLATED)
_670863_/A                            320.00  321.37   -1.37 (VIOLATED)
_787908_/A                            320.00  321.37   -1.37 (VIOLATED)
_754279_/A1                           320.00  321.36   -1.36 (VIOLATED)
place73832/A                          320.00  321.34   -1.34 (VIOLATED)
icnt[0]$_DFF_PN0_/RESETN              320.00  321.34   -1.34 (VIOLATED)
_744978_/A                            320.00  321.31   -1.31 (VIOLATED)
_758067_/B2                           320.00  321.28   -1.28 (VIOLATED)
_592397_/B                            320.00  321.26   -1.26 (VIOLATED)
_759081_/B2                           320.00  321.25   -1.25 (VIOLATED)
in_data_q[47]$_DFFE_PN0P_/QN          320.00  321.21   -1.21 (VIOLATED)
_751970_/B2                           320.00  321.17   -1.17 (VIOLATED)
_738715_/A                            320.00  321.16   -1.16 (VIOLATED)
_660635_/A                            320.00  321.14   -1.14 (VIOLATED)
_741339_/A                            320.00  321.00   -1.00 (VIOLATED)
_760222_/C2                           320.00  320.98   -0.98 (VIOLATED)
_748551_/A                            320.00  320.98   -0.98 (VIOLATED)
_660634_/A                            320.00  320.90   -0.90 (VIOLATED)
_616128_/A                            320.00  320.89   -0.89 (VIOLATED)
_754873_/A1                           320.00  320.87   -0.87 (VIOLATED)
_644621_/A                            320.00  320.86   -0.86 (VIOLATED)
_644622_/A                            320.00  320.83   -0.83 (VIOLATED)
in_need_q$_DFF_PN0_/RESETN            320.00  320.80   -0.80 (VIOLATED)
_738298_/B                            320.00  320.66   -0.66 (VIOLATED)
_749120_/C                            320.00  320.62   -0.62 (VIOLATED)
_758802_/C1                           320.00  320.61   -0.61 (VIOLATED)
_738599_/A                            320.00  320.61   -0.61 (VIOLATED)
_739713_/A                            320.00  320.56   -0.56 (VIOLATED)
_751880_/A1                           320.00  320.51   -0.51 (VIOLATED)
_788018_/B                            320.00  320.50   -0.50 (VIOLATED)
_767279_/Y                            320.00  320.48   -0.48 (VIOLATED)
_664227_/A                            320.00  320.45   -0.45 (VIOLATED)
_660633_/A                            320.00  320.45   -0.45 (VIOLATED)
_749244_/D                            320.00  320.39   -0.39 (VIOLATED)
_745648_/B                            320.00  320.38   -0.38 (VIOLATED)
place75135/A                          320.00  320.37   -0.37 (VIOLATED)
place74606/A                          320.00  320.32   -0.32 (VIOLATED)
_750741_/A                            320.00  320.32   -0.32 (VIOLATED)
_644623_/A                            320.00  320.27   -0.27 (VIOLATED)
_616127_/A                            320.00  320.27   -0.27 (VIOLATED)
_639276_/A                            320.00  320.25   -0.25 (VIOLATED)
_740486_/B                            320.00  320.24   -0.24 (VIOLATED)
_748552_/A                            320.00  320.23   -0.23 (VIOLATED)
_737947_/A                            320.00  320.20   -0.20 (VIOLATED)
_759242_/C2                           320.00  320.20   -0.20 (VIOLATED)
place74556/A                          320.00  320.16   -0.16 (VIOLATED)
_749127_/A2                           320.00  320.12   -0.12 (VIOLATED)
_749130_/D                            320.00  320.10   -0.10 (VIOLATED)
_745586_/B                            320.00  320.09   -0.09 (VIOLATED)
_757289_/C                            320.00  320.08   -0.08 (VIOLATED)
place74805/A                          320.00  320.02   -0.02 (VIOLATED)

==== TT_clock_checks ====
Group                                  Slack
--------------------------------------------
No paths found.

==== TT_skew_setup ====
Clock core_clock
 715.72 source latency icnt[0]$_DFF_PN0_/CLK ^
-246.70 target latency _788069_/CLK ^
 150.00 clock uncertainty
  -1.47 CRPR
--------------
 617.55 setup skew

Clock vclk_core_clock
No launch/capture paths found.

Clock vclk_mem
No launch/capture paths found.

==== TT_skew_hold ====
Clock core_clock
 699.99 source latency icnt[0]$_DFF_PN0_/CLK ^
-255.20 target latency _788069_/CLK ^
 -30.00 clock uncertainty
  -1.47 CRPR
--------------
 413.33 hold skew

Clock vclk_core_clock
No launch/capture paths found.

Clock vclk_mem
No launch/capture paths found.

==== endpoint_enumeration ====
reg_data_pins  23399
reg_clk_pins   20985
all_ports      16873
==== DONE_MARKER ====
