Warning 1212: /root/ORFS/flow/platforms/asap7/lib/NLDM/asap7sc7p5t_SIMPLE_RVT_FF_nldm_211120.lib.gz line 9184, timing group from output port.
Warning 1212: /root/ORFS/flow/platforms/asap7/lib/NLDM/asap7sc7p5t_SIMPLE_RVT_FF_nldm_211120.lib.gz line 9217, timing group from output port.
Warning 1212: /root/ORFS/flow/platforms/asap7/lib/NLDM/asap7sc7p5t_SIMPLE_RVT_FF_nldm_211120.lib.gz line 9250, timing group from output port.
Warning 1212: /root/ORFS/flow/platforms/asap7/lib/NLDM/asap7sc7p5t_SIMPLE_RVT_FF_nldm_211120.lib.gz line 9283, timing group from output port.
Warning 1212: /root/ORFS/flow/platforms/asap7/lib/NLDM/asap7sc7p5t_SIMPLE_RVT_FF_nldm_211120.lib.gz line 9316, timing group from output port.
Warning 1212: /root/ORFS/flow/platforms/asap7/lib/NLDM/asap7sc7p5t_SIMPLE_RVT_FF_nldm_211120.lib.gz line 9349, timing group from output port.
Warning 1212: /root/ORFS/flow/platforms/asap7/lib/NLDM/asap7sc7p5t_SIMPLE_RVT_FF_nldm_211120.lib.gz line 9382, timing group from output port.
Warning 1212: /root/ORFS/flow/platforms/asap7/lib/NLDM/asap7sc7p5t_SIMPLE_RVT_FF_nldm_211120.lib.gz line 10518, timing group from output port.
Warning 1212: /root/ORFS/flow/platforms/asap7/lib/NLDM/asap7sc7p5t_SIMPLE_RVT_FF_nldm_211120.lib.gz line 10551, timing group from output port.
Warning 1212: /root/ORFS/flow/platforms/asap7/lib/NLDM/asap7sc7p5t_SIMPLE_RVT_FF_nldm_211120.lib.gz line 10584, timing group from output port.
Warning 1140: /root/ORFS/flow/platforms/asap7/lib/NLDM/asap7sc7p5t_SIMPLE_RVT_FF_nldm_250407.lib.gz line 34, library asap7sc7p5t_SIMPLE_RVT_FF_nldm_250407 already exists.
Warning 1212: /root/ORFS/flow/platforms/asap7/lib/NLDM/asap7sc7p5t_SIMPLE_RVT_FF_nldm_250407.lib.gz line 9184, timing group from output port.
Warning 1212: /root/ORFS/flow/platforms/asap7/lib/NLDM/asap7sc7p5t_SIMPLE_RVT_FF_nldm_250407.lib.gz line 9217, timing group from output port.
Warning 1212: /root/ORFS/flow/platforms/asap7/lib/NLDM/asap7sc7p5t_SIMPLE_RVT_FF_nldm_250407.lib.gz line 9250, timing group from output port.
Warning 1212: /root/ORFS/flow/platforms/asap7/lib/NLDM/asap7sc7p5t_SIMPLE_RVT_FF_nldm_250407.lib.gz line 9283, timing group from output port.
Warning 1212: /root/ORFS/flow/platforms/asap7/lib/NLDM/asap7sc7p5t_SIMPLE_RVT_FF_nldm_250407.lib.gz line 9316, timing group from output port.
Warning 1212: /root/ORFS/flow/platforms/asap7/lib/NLDM/asap7sc7p5t_SIMPLE_RVT_FF_nldm_250407.lib.gz line 9349, timing group from output port.
Warning 1212: /root/ORFS/flow/platforms/asap7/lib/NLDM/asap7sc7p5t_SIMPLE_RVT_FF_nldm_250407.lib.gz line 9382, timing group from output port.
Warning 1212: /root/ORFS/flow/platforms/asap7/lib/NLDM/asap7sc7p5t_SIMPLE_RVT_FF_nldm_250407.lib.gz line 10518, timing group from output port.
Warning 1212: /root/ORFS/flow/platforms/asap7/lib/NLDM/asap7sc7p5t_SIMPLE_RVT_FF_nldm_250407.lib.gz line 10551, timing group from output port.
Warning 1212: /root/ORFS/flow/platforms/asap7/lib/NLDM/asap7sc7p5t_SIMPLE_RVT_FF_nldm_250407.lib.gz line 10584, timing group from output port.
==== FF_setup_ws ====
worst slack max -51.07
==== FF_setup_tns ====
tns max -1267.62
==== FF_hold_ws ====
worst slack min 26.61
==== FF_hold_tns ====
tns min 0.00
==== FF_worst_setup_path ====
max_delay/setup group core_clock

                                     Required  Actual
Endpoint                               Delay   Delay   Slack
------------------------------------------------------------
c_fut[159]$_DFF_P_/D (DFFHQNx1_ASAP7_75t_R) 1369.28 1420.35  -51.07 (VIOLATED)

max_delay/setup group vclk_core_clock

                                     Required  Actual
Endpoint                               Delay   Delay   Slack
------------------------------------------------------------
out_pix_data[144] (output)           1600.00  873.90  726.10 (MET)

max_delay/setup group vclk_mem

                                     Required  Actual
Endpoint                               Delay   Delay   Slack
------------------------------------------------------------
mem_wdata[872] (output)              1700.00 1427.52  272.48 (MET)

==== FF_worst_hold_path ====
min_delay/hold group core_clock

                                     Required  Actual
Endpoint                               Delay   Delay   Slack
------------------------------------------------------------
out_pix_data[83]$_DFFE_PN0P_/D (DFFASRHQNx1_ASAP7_75t_R)  548.60  575.21   26.61 (MET)

min_delay/hold group vclk_core_clock

                                     Required  Actual
Endpoint                               Delay   Delay   Slack
------------------------------------------------------------
out_pix_data[118] (output)            300.00  601.49  301.49 (MET)

min_delay/hold group vclk_mem

                                     Required  Actual
Endpoint                               Delay   Delay   Slack
------------------------------------------------------------
mem_ce[48] (output)                   300.00  609.79  309.79 (MET)

==== FF_drv ====
max slew

Pin                                    Limit    Slew   Slack
------------------------------------------------------------
_788074_/SE                           320.00  656.82 -336.82 (VIOLATED)
_556000_/A1                           320.00  494.83 -174.83 (VIOLATED)
_506046_/A1                           320.00  494.76 -174.76 (VIOLATED)
_554505_/A1                           320.00  494.74 -174.74 (VIOLATED)
_554504_/A                            320.00  494.72 -174.72 (VIOLATED)
_554501_/B                            320.00  494.69 -174.69 (VIOLATED)
_757823_/B                            320.00  494.66 -174.66 (VIOLATED)
_554503_/A1                           320.00  494.61 -174.61 (VIOLATED)
_522575_/A                            320.00  494.57 -174.57 (VIOLATED)
_759999_/A1                           320.00  494.42 -174.42 (VIOLATED)
_757308_/A1                           320.00  494.40 -174.40 (VIOLATED)
_759870_/A                            320.00  494.22 -174.22 (VIOLATED)
_480416_/A1                           320.00  494.11 -174.11 (VIOLATED)
_486253_/A1                           320.00  493.87 -173.87 (VIOLATED)
_755850_/A                            320.00  493.73 -173.73 (VIOLATED)
place74327/A                          320.00  493.36 -173.36 (VIOLATED)
_759996_/B                            320.00  492.99 -172.99 (VIOLATED)
_759992_/A                            320.00  492.40 -172.40 (VIOLATED)
_759993_/A1                           320.00  492.08 -172.08 (VIOLATED)
_759354_/A                            320.00  491.76 -171.76 (VIOLATED)
_759486_/A                            320.00  491.39 -171.39 (VIOLATED)
_739172_/B                            320.00  491.30 -171.30 (VIOLATED)
_756252_/A1                           320.00  490.39 -170.39 (VIOLATED)
_758561_/A                            320.00  486.60 -166.60 (VIOLATED)
_757811_/A                            320.00  486.49 -166.49 (VIOLATED)
_759234_/A1                           320.00  486.46 -166.46 (VIOLATED)
_759742_/A2                           320.00  484.45 -164.45 (VIOLATED)
_544457_/A1                           320.00  484.28 -164.28 (VIOLATED)
_526517_/A1                           320.00  484.17 -164.17 (VIOLATED)
_683663_/A                            320.00  483.40 -163.40 (VIOLATED)
_635147_/A1                           320.00  482.93 -162.93 (VIOLATED)
_711912_/A                            320.00  482.42 -162.42 (VIOLATED)
_640545_/B                            320.00  481.86 -161.86 (VIOLATED)
_554499_/A1                           320.00  480.52 -160.52 (VIOLATED)
_490839_/A1                           320.00  480.40 -160.40 (VIOLATED)
_760276_/B                            320.00  478.31 -158.31 (VIOLATED)
_758276_/B                            320.00  478.04 -158.04 (VIOLATED)
_753604_/A                            320.00  472.37 -152.37 (VIOLATED)
_737786_/B                            320.00  461.70 -141.70 (VIOLATED)
_737282_/B                            320.00  461.67 -141.67 (VIOLATED)
_754333_/A1                           320.00  461.47 -141.47 (VIOLATED)
_758434_/A                            320.00  461.36 -141.36 (VIOLATED)
_737609_/B                            320.00  460.52 -140.52 (VIOLATED)
_737963_/B                            320.00  458.29 -138.29 (VIOLATED)
_528260_/A                            320.00  457.53 -137.53 (VIOLATED)
_760523_/A                            320.00  457.40 -137.40 (VIOLATED)
_745554_/B                            320.00  457.17 -137.17 (VIOLATED)
_754318_/A1                           320.00  457.09 -137.09 (VIOLATED)
_759614_/A                            320.00  456.36 -136.36 (VIOLATED)
_738140_/B                            320.00  456.02 -136.02 (VIOLATED)
_754965_/A                            320.00  456.00 -136.00 (VIOLATED)
_745731_/B                            320.00  455.26 -135.26 (VIOLATED)
_787662_/A1                           320.00  455.06 -135.06 (VIOLATED)
_787588_/A                            320.00  455.05 -135.05 (VIOLATED)
_787661_/A                            320.00  455.01 -135.01 (VIOLATED)
_787591_/A                            320.00  454.98 -134.98 (VIOLATED)
_787589_/A1                           320.00  454.96 -134.96 (VIOLATED)
_787592_/A1                           320.00  454.64 -134.64 (VIOLATED)
_750694_/C                            320.00  454.60 -134.60 (VIOLATED)
_754955_/A                            320.00  454.02 -134.02 (VIOLATED)
_787668_/A                            320.00  453.36 -133.36 (VIOLATED)
_787669_/A1                           320.00  453.19 -133.19 (VIOLATED)
_787598_/A                            320.00  452.72 -132.72 (VIOLATED)
_787596_/A1                           320.00  452.10 -132.10 (VIOLATED)
_787599_/A1                           320.00  452.03 -132.03 (VIOLATED)
_787595_/A                            320.00  451.94 -131.94 (VIOLATED)
_763097_/B                            320.00  446.21 -126.21 (VIOLATED)
_764246_/A1                           320.00  445.03 -125.03 (VIOLATED)
_764245_/A                            320.00  444.45 -124.45 (VIOLATED)
_764243_/A                            320.00  442.88 -122.88 (VIOLATED)
_763460_/A                            320.00  442.80 -122.80 (VIOLATED)
_764244_/A1                           320.00  442.75 -122.75 (VIOLATED)
_763463_/A1                           320.00  442.52 -122.52 (VIOLATED)
_756574_/A                            320.00  440.88 -120.88 (VIOLATED)
_745595_/B                            320.00  439.90 -119.90 (VIOLATED)
_738671_/B                            320.00  439.47 -119.47 (VIOLATED)
_748232_/A                            320.00  438.11 -118.11 (VIOLATED)
_751700_/A1                           320.00  437.97 -117.97 (VIOLATED)
_751697_/A                            320.00  437.12 -117.12 (VIOLATED)
_764249_/A1                           320.00  436.75 -116.75 (VIOLATED)
_754855_/A1                           320.00  436.57 -116.57 (VIOLATED)
_753461_/A1                           320.00  435.88 -115.88 (VIOLATED)
_764248_/A                            320.00  435.33 -115.33 (VIOLATED)
place74538/A                          320.00  434.62 -114.62 (VIOLATED)
_763466_/A                            320.00  434.09 -114.09 (VIOLATED)
_751667_/A                            320.00  433.82 -113.82 (VIOLATED)
_764250_/A                            320.00  433.06 -113.06 (VIOLATED)
_868158_/A                            320.00  433.00 -113.00 (VIOLATED)
_742390_/B                            320.00  432.91 -112.91 (VIOLATED)
_764251_/A1                           320.00  431.97 -111.97 (VIOLATED)
_754838_/A                            320.00  431.59 -111.59 (VIOLATED)
_763467_/A1                           320.00  430.05 -110.05 (VIOLATED)
_754370_/B1                           320.00  429.66 -109.66 (VIOLATED)
_754847_/A                            320.00  429.18 -109.18 (VIOLATED)
_748158_/A                            320.00  428.60 -108.60 (VIOLATED)
_751660_/A                            320.00  426.74 -106.74 (VIOLATED)
_763437_/A1                           320.00  425.60 -105.60 (VIOLATED)
_748191_/A                            320.00  424.93 -104.93 (VIOLATED)
_757819_/A1                           320.00  422.61 -102.61 (VIOLATED)
_754132_/A                            320.00  422.52 -102.52 (VIOLATED)
_764237_/A                            320.00  421.59 -101.59 (VIOLATED)
_745542_/B                            320.00  420.84 -100.84 (VIOLATED)
_754830_/A                            320.00  420.77 -100.77 (VIOLATED)
_764238_/A1                           320.00  420.10 -100.10 (VIOLATED)
_745719_/B                            320.00  419.96  -99.96 (VIOLATED)
_740110_/B                            320.00  419.36  -99.36 (VIOLATED)
place74772/A                          320.00  419.34  -99.34 (VIOLATED)
_764240_/A1                           320.00  418.60  -98.60 (VIOLATED)
_764239_/A                            320.00  418.19  -98.19 (VIOLATED)
_756592_/C                            320.00  417.83  -97.83 (VIOLATED)
_739538_/B                            320.00  417.63  -97.63 (VIOLATED)
_751676_/A                            320.00  416.70  -96.70 (VIOLATED)
_763436_/A                            320.00  415.82  -95.82 (VIOLATED)
_754108_/A1                           320.00  414.55  -94.55 (VIOLATED)
_755414_/A1                           320.00  414.47  -94.47 (VIOLATED)
_754840_/A1                           320.00  414.38  -94.38 (VIOLATED)
_748121_/A1                           320.00  414.37  -94.37 (VIOLATED)
_745556_/B                            320.00  413.70  -93.70 (VIOLATED)
_748133_/A                            320.00  413.66  -93.66 (VIOLATED)
_754842_/A                            320.00  413.49  -93.49 (VIOLATED)
_754130_/A1                           320.00  413.26  -93.26 (VIOLATED)
_745733_/B                            320.00  412.40  -92.40 (VIOLATED)
_754126_/A                            320.00  411.22  -91.22 (VIOLATED)
_760218_/A1                           320.00  410.47  -90.47 (VIOLATED)
place74624/A                          320.00  409.77  -89.77 (VIOLATED)
_640549_/A1                           320.00  409.47  -89.47 (VIOLATED)
_538485_/A1                           320.00  409.43  -89.43 (VIOLATED)
_538478_/A1                           320.00  409.39  -89.39 (VIOLATED)
_741178_/B                            320.00  409.22  -89.22 (VIOLATED)
_743290_/A                            320.00  409.21  -89.21 (VIOLATED)
_743446_/A                            320.00  409.15  -89.15 (VIOLATED)
_523147_/A1                           320.00  408.98  -88.98 (VIOLATED)
_743315_/A                            320.00  408.93  -88.93 (VIOLATED)
_526569_/A                            320.00  408.87  -88.87 (VIOLATED)
_753481_/C                            320.00  408.63  -88.63 (VIOLATED)
_560191_/A1                           320.00  408.63  -88.63 (VIOLATED)
_538484_/A                            320.00  408.63  -88.63 (VIOLATED)
_743296_/A                            320.00  408.62  -88.62 (VIOLATED)
_752721_/A1                           320.00  408.59  -88.59 (VIOLATED)
_751775_/C                            320.00  408.57  -88.57 (VIOLATED)
_758545_/A1                           320.00  408.55  -88.55 (VIOLATED)
_753510_/C                            320.00  408.43  -88.43 (VIOLATED)
_752761_/A1                           320.00  408.38  -88.38 (VIOLATED)
_758682_/A                            320.00  408.33  -88.33 (VIOLATED)
_743308_/A                            320.00  408.33  -88.33 (VIOLATED)
_752735_/B                            320.00  408.30  -88.30 (VIOLATED)
_758785_/A                            320.00  408.29  -88.29 (VIOLATED)
_743299_/A                            320.00  408.29  -88.29 (VIOLATED)
_751782_/A                            320.00  408.01  -88.01 (VIOLATED)
_743326_/A                            320.00  407.98  -87.98 (VIOLATED)
_754207_/A                            320.00  407.87  -87.87 (VIOLATED)
_526566_/C                            320.00  407.77  -87.77 (VIOLATED)
_750570_/A1                           320.00  407.19  -87.19 (VIOLATED)
_544469_/A                            320.00  406.92  -86.92 (VIOLATED)
_743344_/A                            320.00  406.86  -86.86 (VIOLATED)
_711926_/B                            320.00  406.76  -86.76 (VIOLATED)
_762199_/A                            320.00  406.71  -86.71 (VIOLATED)
_743325_/A                            320.00  406.67  -86.67 (VIOLATED)
_754538_/A1                           320.00  406.59  -86.59 (VIOLATED)
_754530_/A                            320.00  406.47  -86.47 (VIOLATED)
_743292_/A                            320.00  406.44  -86.44 (VIOLATED)
_528158_/A                            320.00  406.39  -86.39 (VIOLATED)
_556021_/C                            320.00  406.21  -86.21 (VIOLATED)
_544467_/A                            320.00  406.06  -86.06 (VIOLATED)
_562836_/A                            320.00  406.04  -86.04 (VIOLATED)
_754123_/A                            320.00  405.91  -85.91 (VIOLATED)
_528273_/A                            320.00  405.86  -85.86 (VIOLATED)
_755785_/A1                           320.00  405.71  -85.71 (VIOLATED)
_644805_/A                            320.00  405.71  -85.71 (VIOLATED)
_497038_/A                            320.00  405.68  -85.68 (VIOLATED)
_755784_/A                            320.00  405.67  -85.67 (VIOLATED)
_759463_/A1                           320.00  405.64  -85.64 (VIOLATED)
_758569_/A                            320.00  405.61  -85.61 (VIOLATED)
_755997_/A                            320.00  405.56  -85.56 (VIOLATED)
_644802_/A                            320.00  405.55  -85.55 (VIOLATED)
_758879_/A1                           320.00  405.51  -85.51 (VIOLATED)
_562841_/A1                           320.00  405.50  -85.50 (VIOLATED)
_758245_/A                            320.00  405.44  -85.44 (VIOLATED)
_753448_/A1                           320.00  405.44  -85.44 (VIOLATED)
_743317_/A                            320.00  405.28  -85.28 (VIOLATED)
_754111_/A                            320.00  405.27  -85.27 (VIOLATED)
_644799_/A                            320.00  405.25  -85.25 (VIOLATED)
_748321_/A1                           320.00  405.22  -85.22 (VIOLATED)
_752676_/A1                           320.00  405.14  -85.14 (VIOLATED)
_740829_/A                            320.00  405.00  -85.00 (VIOLATED)
_743440_/A                            320.00  404.98  -84.98 (VIOLATED)
_740677_/A                            320.00  404.97  -84.97 (VIOLATED)
_753476_/A1                           320.00  404.96  -84.96 (VIOLATED)
_743302_/A                            320.00  404.94  -84.94 (VIOLATED)
_749173_/D                            320.00  404.91  -84.91 (VIOLATED)
_644793_/A                            320.00  404.84  -84.84 (VIOLATED)
_743363_/A                            320.00  404.83  -84.83 (VIOLATED)
_749638_/D                            320.00  404.83  -84.83 (VIOLATED)
_739134_/B                            320.00  404.73  -84.73 (VIOLATED)
_760668_/A1                           320.00  404.68  -84.68 (VIOLATED)
_740728_/A                            320.00  404.66  -84.66 (VIOLATED)
_740702_/A                            320.00  404.60  -84.60 (VIOLATED)
_749576_/D                            320.00  404.52  -84.52 (VIOLATED)
_758770_/A                            320.00  404.50  -84.50 (VIOLATED)
_758771_/A1                           320.00  404.49  -84.49 (VIOLATED)
_756377_/A                            320.00  404.46  -84.46 (VIOLATED)
_692221_/A1                           320.00  404.42  -84.42 (VIOLATED)
_758776_/A1                           320.00  404.40  -84.40 (VIOLATED)
_644796_/A                            320.00  404.32  -84.32 (VIOLATED)
_584402_/A1                           320.00  404.23  -84.23 (VIOLATED)
_740719_/A                            320.00  404.20  -84.20 (VIOLATED)
_743443_/A                            320.00  404.19  -84.19 (VIOLATED)
_506111_/A                            320.00  404.10  -84.10 (VIOLATED)
_760667_/C                            320.00  404.06  -84.06 (VIOLATED)
_752035_/B                            320.00  404.05  -84.05 (VIOLATED)
_749207_/B                            320.00  404.03  -84.03 (VIOLATED)
_750875_/A                            320.00  404.03  -84.03 (VIOLATED)
_752034_/A                            320.00  404.01  -84.01 (VIOLATED)
_740818_/A                            320.00  403.96  -83.96 (VIOLATED)
_754429_/B                            320.00  403.94  -83.94 (VIOLATED)
_750876_/A                            320.00  403.94  -83.94 (VIOLATED)
_749259_/C                            320.00  403.92  -83.92 (VIOLATED)
_749193_/B                            320.00  403.88  -83.88 (VIOLATED)
_740700_/A                            320.00  403.87  -83.87 (VIOLATED)
_751681_/C                            320.00  403.84  -83.84 (VIOLATED)
_749203_/B                            320.00  403.83  -83.83 (VIOLATED)
_740691_/A                            320.00  403.68  -83.68 (VIOLATED)
_644790_/A                            320.00  403.68  -83.68 (VIOLATED)
_758775_/A                            320.00  403.66  -83.66 (VIOLATED)
_740821_/A                            320.00  403.66  -83.66 (VIOLATED)
_749201_/B                            320.00  403.59  -83.59 (VIOLATED)
_740831_/A                            320.00  403.56  -83.56 (VIOLATED)
_750443_/A1                           320.00  403.48  -83.48 (VIOLATED)
_749211_/A                            320.00  403.44  -83.44 (VIOLATED)
_749609_/C                            320.00  403.42  -83.42 (VIOLATED)
_749645_/B                            320.00  403.36  -83.36 (VIOLATED)
_743450_/A                            320.00  403.34  -83.34 (VIOLATED)
_554489_/A1                           320.00  403.27  -83.27 (VIOLATED)
_752682_/A1                           320.00  403.18  -83.18 (VIOLATED)
_760722_/C                            320.00  403.12  -83.12 (VIOLATED)
_751713_/A                            320.00  403.00  -83.00 (VIOLATED)
_758777_/A1                           320.00  403.00  -83.00 (VIOLATED)
_749641_/B                            320.00  402.96  -82.96 (VIOLATED)
_749635_/B                            320.00  402.93  -82.93 (VIOLATED)
_751707_/A1                           320.00  402.92  -82.92 (VIOLATED)
_749189_/A                            320.00  402.90  -82.90 (VIOLATED)
_752147_/D                            320.00  402.86  -82.86 (VIOLATED)
_752700_/A1                           320.00  402.79  -82.79 (VIOLATED)
_749180_/B                            320.00  402.71  -82.71 (VIOLATED)
_740709_/A                            320.00  402.65  -82.65 (VIOLATED)
_749283_/B                            320.00  402.64  -82.64 (VIOLATED)
_749156_/D                            320.00  402.62  -82.62 (VIOLATED)
_751123_/B                            320.00  402.52  -82.52 (VIOLATED)
_743451_/A                            320.00  402.38  -82.38 (VIOLATED)
_740721_/A                            320.00  402.38  -82.38 (VIOLATED)
_756316_/C                            320.00  402.37  -82.37 (VIOLATED)
_753454_/A                            320.00  402.18  -82.18 (VIOLATED)
_644787_/A                            320.00  402.13  -82.13 (VIOLATED)
_750924_/B                            320.00  402.09  -82.09 (VIOLATED)
_749159_/D                            320.00  402.05  -82.05 (VIOLATED)
_750884_/A                            320.00  402.01  -82.01 (VIOLATED)
_758675_/A                            320.00  401.99  -81.99 (VIOLATED)
_749274_/B                            320.00  401.97  -81.97 (VIOLATED)
_754418_/A                            320.00  401.91  -81.91 (VIOLATED)
_749624_/C                            320.00  401.73  -81.73 (VIOLATED)
_751157_/C                            320.00  401.67  -81.67 (VIOLATED)
_739361_/B                            320.00  401.63  -81.63 (VIOLATED)
_740828_/A                            320.00  401.43  -81.43 (VIOLATED)
_740708_/A                            320.00  401.41  -81.41 (VIOLATED)
_759208_/A1                           320.00  401.37  -81.37 (VIOLATED)
_754417_/A                            320.00  401.37  -81.37 (VIOLATED)
_740720_/A                            320.00  401.20  -81.20 (VIOLATED)
_750882_/A                            320.00  401.17  -81.17 (VIOLATED)
_758411_/A                            320.00  401.16  -81.16 (VIOLATED)
_758886_/A                            320.00  401.08  -81.08 (VIOLATED)
_750928_/A                            320.00  401.05  -81.05 (VIOLATED)
_758887_/A1                           320.00  401.05  -81.05 (VIOLATED)
_506132_/A1                           320.00  400.92  -80.92 (VIOLATED)
_644784_/A                            320.00  400.89  -80.89 (VIOLATED)
_753453_/A1                           320.00  400.82  -80.82 (VIOLATED)
_758881_/A1                           320.00  400.69  -80.69 (VIOLATED)
_759630_/A1                           320.00  400.69  -80.69 (VIOLATED)
_750883_/A                            320.00  400.67  -80.67 (VIOLATED)
_754852_/A1                           320.00  400.61  -80.61 (VIOLATED)
place73164/A                          320.00  400.59  -80.59 (VIOLATED)
_761201_/A1                           320.00  400.41  -80.41 (VIOLATED)
_788013_/A                            320.00  400.26  -80.26 (VIOLATED)
_745524_/B                            320.00  400.25  -80.25 (VIOLATED)
_752662_/A                            320.00  400.17  -80.17 (VIOLATED)
_754851_/B                            320.00  400.00  -80.00 (VIOLATED)
_740830_/A                            320.00  399.93  -79.93 (VIOLATED)
_745555_/B                            320.00  399.85  -79.85 (VIOLATED)
_739932_/A                            320.00  399.55  -79.55 (VIOLATED)
_644781_/A                            320.00  399.41  -79.41 (VIOLATED)
_739942_/A                            320.00  399.35  -79.35 (VIOLATED)
_750907_/A                            320.00  399.35  -79.35 (VIOLATED)
_745701_/B                            320.00  399.27  -79.27 (VIOLATED)
_760191_/A                            320.00  399.23  -79.23 (VIOLATED)
_749560_/D                            320.00  399.22  -79.22 (VIOLATED)
_749230_/A1                           320.00  399.21  -79.21 (VIOLATED)
_743382_/A                            320.00  399.20  -79.20 (VIOLATED)
_760412_/A1                           320.00  398.85  -78.85 (VIOLATED)
_644778_/A                            320.00  398.73  -78.73 (VIOLATED)
_759047_/A                            320.00  398.54  -78.54 (VIOLATED)
_739919_/A                            320.00  398.51  -78.51 (VIOLATED)
_752958_/A                            320.00  398.48  -78.48 (VIOLATED)
_750896_/B                            320.00  398.34  -78.34 (VIOLATED)
_740784_/A                            320.00  398.20  -78.20 (VIOLATED)
_764232_/A                            320.00  398.08  -78.08 (VIOLATED)
_753108_/B                            320.00  398.03  -78.03 (VIOLATED)
_759282_/A                            320.00  398.01  -78.01 (VIOLATED)
_739946_/A                            320.00  397.99  -77.99 (VIOLATED)
_754275_/A1                           320.00  397.98  -77.98 (VIOLATED)
_763449_/A                            320.00  397.85  -77.85 (VIOLATED)
_743303_/A                            320.00  397.59  -77.59 (VIOLATED)
_764233_/A1                           320.00  397.58  -77.58 (VIOLATED)
_745732_/B                            320.00  397.35  -77.35 (VIOLATED)
_759404_/B2                           320.00  397.29  -77.29 (VIOLATED)
_743385_/A                            320.00  397.27  -77.27 (VIOLATED)
_743431_/A                            320.00  397.25  -77.25 (VIOLATED)
_743435_/A                            320.00  397.24  -77.24 (VIOLATED)
_749586_/A                            320.00  397.21  -77.21 (VIOLATED)
_743447_/A                            320.00  397.20  -77.20 (VIOLATED)
_763451_/A1                           320.00  397.18  -77.18 (VIOLATED)
_759909_/C                            320.00  397.14  -77.14 (VIOLATED)
_757113_/B                            320.00  397.07  -77.07 (VIOLATED)
_740794_/A                            320.00  397.02  -77.02 (VIOLATED)
_757131_/A1                           320.00  397.00  -77.00 (VIOLATED)
_743449_/A                            320.00  396.95  -76.95 (VIOLATED)
_755991_/A1                           320.00  396.88  -76.88 (VIOLATED)
_759458_/C                            320.00  396.83  -76.83 (VIOLATED)
_743351_/A                            320.00  396.81  -76.81 (VIOLATED)
_737808_/B                            320.00  396.65  -76.65 (VIOLATED)
_763447_/A1                           320.00  396.58  -76.58 (VIOLATED)
_745599_/B                            320.00  396.56  -76.56 (VIOLATED)
_763446_/A                            320.00  396.48  -76.48 (VIOLATED)
_743433_/A                            320.00  396.44  -76.44 (VIOLATED)
_760760_/A1                           320.00  396.42  -76.42 (VIOLATED)
_758117_/A1                           320.00  396.24  -76.24 (VIOLATED)
_758794_/A1                           320.00  396.23  -76.23 (VIOLATED)
_522603_/A1                           320.00  396.22  -76.22 (VIOLATED)
_750815_/D                            320.00  396.15  -76.15 (VIOLATED)
_750412_/B                            320.00  396.01  -76.01 (VIOLATED)
_755590_/A1                           320.00  395.69  -75.69 (VIOLATED)
_743448_/A                            320.00  395.69  -75.69 (VIOLATED)
_758407_/C                            320.00  395.46  -75.46 (VIOLATED)
_740718_/A                            320.00  395.31  -75.31 (VIOLATED)
_740819_/A                            320.00  395.24  -75.24 (VIOLATED)
_750811_/A                            320.00  395.15  -75.15 (VIOLATED)
_752917_/A                            320.00  395.12  -75.12 (VIOLATED)
_737631_/B                            320.00  395.02  -75.02 (VIOLATED)
_749563_/D                            320.00  394.95  -74.95 (VIOLATED)
_755126_/A1                           320.00  394.94  -74.94 (VIOLATED)
_743436_/A                            320.00  394.87  -74.87 (VIOLATED)
_740669_/A                            320.00  394.84  -74.84 (VIOLATED)
_740703_/A                            320.00  394.76  -74.76 (VIOLATED)
_740754_/A                            320.00  394.76  -74.76 (VIOLATED)
_739348_/B                            320.00  394.62  -74.62 (VIOLATED)
_740711_/A                            320.00  394.54  -74.54 (VIOLATED)
_758793_/A                            320.00  394.54  -74.54 (VIOLATED)
_740729_/A                            320.00  394.49  -74.49 (VIOLATED)
_740717_/A                            320.00  394.43  -74.43 (VIOLATED)
_754384_/B                            320.00  394.12  -74.12 (VIOLATED)
_740824_/A                            320.00  394.03  -74.03 (VIOLATED)
_726153_/A1                           320.00  394.02  -74.02 (VIOLATED)
_737364_/B                            320.00  394.01  -74.01 (VIOLATED)
_759671_/A1                           320.00  393.91  -73.91 (VIOLATED)
_760136_/A                            320.00  393.89  -73.89 (VIOLATED)
_740753_/A                            320.00  393.74  -73.74 (VIOLATED)
_749052_/D                            320.00  393.72  -73.72 (VIOLATED)
_759116_/C                            320.00  393.66  -73.66 (VIOLATED)
_751835_/C                            320.00  393.47  -73.47 (VIOLATED)
_740783_/A                            320.00  393.42  -73.42 (VIOLATED)
_755674_/A1                           320.00  393.38  -73.38 (VIOLATED)
_740777_/A                            320.00  393.35  -73.35 (VIOLATED)
_750812_/B                            320.00  393.22  -73.22 (VIOLATED)
_740676_/A                            320.00  392.93  -72.93 (VIOLATED)
_591632_/A                            320.00  392.90  -72.90 (VIOLATED)
_743384_/A                            320.00  392.82  -72.82 (VIOLATED)
_740686_/A                            320.00  392.80  -72.80 (VIOLATED)
_743374_/A                            320.00  392.52  -72.52 (VIOLATED)
_749280_/A                            320.00  392.47  -72.47 (VIOLATED)
_740825_/A                            320.00  392.39  -72.39 (VIOLATED)
_755125_/B                            320.00  392.37  -72.37 (VIOLATED)
_591605_/A                            320.00  392.19  -72.19 (VIOLATED)
_749281_/B                            320.00  392.17  -72.17 (VIOLATED)
_591608_/A                            320.00  392.02  -72.02 (VIOLATED)
_749173_/C                            320.00  391.93  -71.93 (VIOLATED)
_749256_/C                            320.00  391.90  -71.90 (VIOLATED)
_753093_/B2                           320.00  391.90  -71.90 (VIOLATED)
_749638_/C                            320.00  391.89  -71.89 (VIOLATED)
_749612_/C                            320.00  391.87  -71.87 (VIOLATED)
_748289_/A                            320.00  391.77  -71.77 (VIOLATED)
_759462_/A1                           320.00  391.68  -71.68 (VIOLATED)
_749576_/C                            320.00  391.57  -71.57 (VIOLATED)
_748194_/A                            320.00  391.57  -71.57 (VIOLATED)
_763480_/A                            320.00  391.55  -71.55 (VIOLATED)
_755780_/A1                           320.00  391.54  -71.54 (VIOLATED)
_750895_/A                            320.00  391.52  -71.52 (VIOLATED)
_749641_/A                            320.00  391.49  -71.49 (VIOLATED)
_756239_/A1                           320.00  391.47  -71.47 (VIOLATED)
_743432_/A                            320.00  391.45  -71.45 (VIOLATED)
_756238_/A                            320.00  391.42  -71.42 (VIOLATED)
_755673_/A1                           320.00  391.42  -71.42 (VIOLATED)
_752147_/C                            320.00  391.40  -71.40 (VIOLATED)
_749635_/A                            320.00  391.39  -71.39 (VIOLATED)
_750650_/C                            320.00  391.25  -71.25 (VIOLATED)
_749235_/B                            320.00  391.25  -71.25 (VIOLATED)
_749259_/B                            320.00  391.15  -71.15 (VIOLATED)
_745553_/B                            320.00  391.10  -71.10 (VIOLATED)
_591611_/A                            320.00  391.09  -71.09 (VIOLATED)
_756196_/A1                           320.00  391.04  -71.04 (VIOLATED)
_749180_/A                            320.00  391.01  -71.01 (VIOLATED)
_749123_/C                            320.00  391.00  -71.00 (VIOLATED)
_749609_/B                            320.00  390.92  -70.92 (VIOLATED)
_756180_/A1                           320.00  390.91  -70.91 (VIOLATED)
_749621_/B2                           320.00  390.86  -70.86 (VIOLATED)
_759457_/A                            320.00  390.75  -70.75 (VIOLATED)
_591629_/A                            320.00  390.72  -70.72 (VIOLATED)
_749156_/C                            320.00  390.69  -70.69 (VIOLATED)
_616546_/B                            320.00  390.67  -70.67 (VIOLATED)
_757756_/C                            320.00  390.54  -70.54 (VIOLATED)
place74097/A                          320.00  390.49  -70.49 (VIOLATED)
_760191_/B                            320.00  390.47  -70.47 (VIOLATED)
_749159_/C                            320.00  390.35  -70.35 (VIOLATED)
_591614_/A                            320.00  390.34  -70.34 (VIOLATED)
_745730_/B                            320.00  390.06  -70.06 (VIOLATED)
_763481_/A1                           320.00  389.93  -69.93 (VIOLATED)
_755401_/B                            320.00  389.82  -69.82 (VIOLATED)
place83510/A                          320.00  389.77  -69.77 (VIOLATED)
_750804_/B                            320.00  389.70  -69.70 (VIOLATED)
_758442_/A1                           320.00  389.68  -69.68 (VIOLATED)
in_data_q[37]$_DFFE_PN0P_/RESETN      320.00  389.67  -69.67 (VIOLATED)
_749082_/A1                           320.00  389.64  -69.64 (VIOLATED)
in_data_q[34]$_DFFE_PN0P_/RESETN      320.00  389.58  -69.58 (VIOLATED)
place73937/A                          320.00  389.53  -69.53 (VIOLATED)
in_data_q[155]$_DFFE_PN0P_/RESETN     320.00  389.53  -69.53 (VIOLATED)
_761200_/B                            320.00  389.36  -69.36 (VIOLATED)
_751157_/B                            320.00  389.20  -69.20 (VIOLATED)
_759623_/A                            320.00  389.18  -69.18 (VIOLATED)
in_data_q[36]$_DFFE_PN0P_/RESETN      320.00  389.16  -69.16 (VIOLATED)
_591617_/A                            320.00  389.10  -69.10 (VIOLATED)
in_data_q[159]$_DFFE_PN0P_/RESETN     320.00  388.98  -68.98 (VIOLATED)
_756316_/B                            320.00  388.95  -68.95 (VIOLATED)
_753592_/B                            320.00  388.92  -68.92 (VIOLATED)
_658131_/A                            320.00  388.84  -68.84 (VIOLATED)
in_data_q[44]$_DFFE_PN0P_/RESETN      320.00  388.81  -68.81 (VIOLATED)
_658132_/A                            320.00  388.76  -68.76 (VIOLATED)
_754427_/B                            320.00  388.71  -68.71 (VIOLATED)
_658133_/A                            320.00  388.66  -68.66 (VIOLATED)
_754387_/A                            320.00  388.63  -68.63 (VIOLATED)
_764221_/A1                           320.00  388.59  -68.59 (VIOLATED)
_591620_/A                            320.00  388.57  -68.57 (VIOLATED)
in_data_q[35]$_DFFE_PN0P_/RESETN      320.00  388.29  -68.29 (VIOLATED)
_756190_/A1                           320.00  388.25  -68.25 (VIOLATED)
_749028_/D                            320.00  388.21  -68.21 (VIOLATED)
_756693_/A                            320.00  388.07  -68.07 (VIOLATED)
_658134_/A                            320.00  388.02  -68.02 (VIOLATED)
_741042_/B                            320.00  387.82  -67.82 (VIOLATED)
_591626_/A                            320.00  387.80  -67.80 (VIOLATED)
in_data_q[30]$_DFFE_PN0P_/RESETN      320.00  387.71  -67.71 (VIOLATED)
_755598_/B                            320.00  387.58  -67.58 (VIOLATED)
_745588_/B                            320.00  387.20  -67.20 (VIOLATED)
_743439_/A                            320.00  387.19  -67.19 (VIOLATED)
_745526_/B                            320.00  386.87  -66.87 (VIOLATED)
_749036_/B                            320.00  386.84  -66.84 (VIOLATED)
_759461_/B2                           320.00  386.79  -66.79 (VIOLATED)
_756697_/B                            320.00  386.77  -66.77 (VIOLATED)
_757866_/C                            320.00  386.72  -66.72 (VIOLATED)
_658135_/A                            320.00  386.66  -66.66 (VIOLATED)
_745579_/B                            320.00  386.61  -66.61 (VIOLATED)
_749560_/C                            320.00  386.56  -66.56 (VIOLATED)
_755667_/B                            320.00  386.50  -66.50 (VIOLATED)
_738162_/B                            320.00  386.45  -66.45 (VIOLATED)
_740755_/A                            320.00  386.26  -66.26 (VIOLATED)
_763477_/A                            320.00  385.89  -65.89 (VIOLATED)
_658136_/A                            320.00  385.85  -65.85 (VIOLATED)
place74200/A                          320.00  385.67  -65.67 (VIOLATED)
_754379_/B                            320.00  385.65  -65.65 (VIOLATED)
_741968_/A                            320.00  385.65  -65.65 (VIOLATED)
_503045_/B2                           320.00  385.64  -65.64 (VIOLATED)
_758600_/A                            320.00  385.57  -65.57 (VIOLATED)
_743378_/A                            320.00  385.54  -65.54 (VIOLATED)
_750807_/A                            320.00  385.53  -65.53 (VIOLATED)
_743323_/A                            320.00  385.48  -65.48 (VIOLATED)
_756525_/C2                           320.00  385.41  -65.41 (VIOLATED)
_743381_/A                            320.00  385.39  -65.39 (VIOLATED)
_745703_/B                            320.00  385.23  -65.23 (VIOLATED)
_743377_/A                            320.00  385.13  -65.13 (VIOLATED)
_658137_/A                            320.00  385.04  -65.04 (VIOLATED)
_635151_/A                            320.00  385.03  -65.03 (VIOLATED)
in_data_q[154]$_DFFE_PN0P_/RESETN     320.00  384.95  -64.95 (VIOLATED)
_756195_/A                            320.00  384.85  -64.85 (VIOLATED)
_740780_/A                            320.00  384.74  -64.74 (VIOLATED)
_737985_/B                            320.00  384.69  -64.69 (VIOLATED)
place74161/A                          320.00  384.65  -64.65 (VIOLATED)
place73261/A                          320.00  384.62  -64.62 (VIOLATED)
in_data_q[55]$_DFFE_PN0P_/RESETN      320.00  384.53  -64.53 (VIOLATED)
_591623_/A                            320.00  384.50  -64.50 (VIOLATED)
place74247/A                          320.00  384.28  -64.28 (VIOLATED)
_759592_/A1                           320.00  384.00  -64.00 (VIOLATED)
_739160_/B                            320.00  383.93  -63.93 (VIOLATED)
_756518_/A1                           320.00  383.79  -63.79 (VIOLATED)
_764220_/A                            320.00  383.59  -63.59 (VIOLATED)
_486364_/B                            320.00  383.53  -63.53 (VIOLATED)
_530011_/A                            320.00  383.48  -63.48 (VIOLATED)
_544472_/C1                           320.00  383.45  -63.45 (VIOLATED)
place74627/A                          320.00  383.33  -63.33 (VIOLATED)
in_data_q[158]$_DFFE_PN0P_/RESETN     320.00  382.78  -62.78 (VIOLATED)
_704057_/B2                           320.00  382.63  -62.63 (VIOLATED)
_750801_/B                            320.00  382.60  -62.60 (VIOLATED)
place74149/A                          320.00  382.18  -62.19 (VIOLATED)
_756523_/C2                           320.00  382.10  -62.10 (VIOLATED)
_758767_/A1                           320.00  382.09  -62.09 (VIOLATED)
_749652_/D                            320.00  382.02  -62.02 (VIOLATED)
_743367_/A                            320.00  381.96  -61.96 (VIOLATED)
_763478_/A1                           320.00  381.90  -61.90 (VIOLATED)
in_data_q[153]$_DFFE_PN0P_/RESETN     320.00  381.84  -61.84 (VIOLATED)
_740672_/A                            320.00  381.82  -61.82 (VIOLATED)
_740813_/A                            320.00  381.76  -61.76 (VIOLATED)
_740732_/A                            320.00  381.73  -61.73 (VIOLATED)
place74604/A                          320.00  381.66  -61.66 (VIOLATED)
_750815_/C                            320.00  381.65  -61.65 (VIOLATED)
_740782_/A                            320.00  381.65  -61.65 (VIOLATED)
_750432_/B                            320.00  381.59  -61.59 (VIOLATED)
in_data_q[156]$_DFFE_PN0P_/RESETN     320.00  381.55  -61.55 (VIOLATED)
_754829_/A                            320.00  381.50  -61.50 (VIOLATED)
_748216_/B                            320.00  381.36  -61.36 (VIOLATED)
_740772_/A                            320.00  381.26  -61.26 (VIOLATED)
_755503_/A                            320.00  381.20  -61.20 (VIOLATED)
_740827_/A                            320.00  381.14  -61.14 (VIOLATED)
_787352_/C                            320.00  381.09  -61.09 (VIOLATED)
_752795_/A1                           320.00  381.04  -61.04 (VIOLATED)
_748120_/A                            320.00  380.93  -60.93 (VIOLATED)
_787322_/A1                           320.00  380.89  -60.89 (VIOLATED)
_739778_/B                            320.00  380.87  -60.87 (VIOLATED)
_748161_/A                            320.00  380.80  -60.80 (VIOLATED)
_658138_/A                            320.00  380.76  -60.76 (VIOLATED)
_754109_/B                            320.00  380.68  -60.68 (VIOLATED)
_740663_/A                            320.00  380.68  -60.68 (VIOLATED)
_740724_/A                            320.00  380.61  -60.61 (VIOLATED)
_740774_/A                            320.00  380.58  -60.58 (VIOLATED)
_748171_/A                            320.00  380.52  -60.52 (VIOLATED)
a_sym[6][0]$_DFFE_PN0P_/RESETN        320.00  380.49  -60.49 (VIOLATED)
_758585_/B                            320.00  380.44  -60.44 (VIOLATED)
_740762_/A                            320.00  380.42  -60.42 (VIOLATED)
a_sym[14][1]$_DFFE_PN0P_/RESETN       320.00  380.36  -60.36 (VIOLATED)
a_sym[22][6]$_DFFE_PN0P_/RESETN       320.00  380.32  -60.32 (VIOLATED)
a_sym[14][5]$_DFFE_PN0P_/RESETN       320.00  380.30  -60.30 (VIOLATED)
_760482_/A1                           320.00  380.23  -60.23 (VIOLATED)
place74142/A                          320.00  380.21  -60.21 (VIOLATED)
_635149_/A1                           320.00  380.16  -60.16 (VIOLATED)
_560184_/C                            320.00  380.11  -60.11 (VIOLATED)
_683671_/A1                           320.00  380.10  -60.10 (VIOLATED)
_751834_/A1                           320.00  380.03  -60.03 (VIOLATED)
_754107_/B                            320.00  379.99  -59.99 (VIOLATED)
_683670_/C                            320.00  379.92  -59.92 (VIOLATED)
a_sym[10][5]$_DFFE_PN0P_/RESETN       320.00  379.89  -59.89 (VIOLATED)
_749025_/D                            320.00  379.88  -59.88 (VIOLATED)
_760468_/A1                           320.00  379.87  -59.87 (VIOLATED)
_749563_/C                            320.00  379.86  -59.86 (VIOLATED)
in_data_q[50]$_DFFE_PN0P_/RESETN      320.00  379.86  -59.86 (VIOLATED)
_758556_/A                            320.00  379.81  -59.81 (VIOLATED)
_759586_/A                            320.00  379.65  -59.65 (VIOLATED)
_526526_/C                            320.00  379.56  -59.56 (VIOLATED)
_745533_/B                            320.00  379.52  -59.52 (VIOLATED)
_754839_/A1                           320.00  379.48  -59.48 (VIOLATED)
_751669_/A1                           320.00  379.47  -59.47 (VIOLATED)
_757754_/A1                           320.00  379.46  -59.46 (VIOLATED)
_757867_/A1                           320.00  379.42  -59.42 (VIOLATED)
_748134_/A1                           320.00  379.41  -59.41 (VIOLATED)
place75028/A                          320.00  379.26  -59.26 (VIOLATED)
_740289_/B                            320.00  379.20  -59.20 (VIOLATED)
a_sym[3][6]$_DFFE_PN0P_/RESETN        320.00  379.15  -59.15 (VIOLATED)
a_sym[11][0]$_DFFE_PN0P_/RESETN       320.00  379.15  -59.15 (VIOLATED)
_760423_/A                            320.00  379.13  -59.13 (VIOLATED)
_743424_/A                            320.00  379.10  -59.10 (VIOLATED)
a_sym[23][4]$_DFFE_PN0P_/RESETN       320.00  379.07  -59.07 (VIOLATED)
_749052_/C                            320.00  379.04  -59.04 (VIOLATED)
a_sym[15][4]$_DFFE_PN0P_/RESETN       320.00  378.91  -58.91 (VIOLATED)
_754118_/C                            320.00  378.90  -58.90 (VIOLATED)
_757994_/A1                           320.00  378.86  -58.86 (VIOLATED)
_759723_/A1                           320.00  378.86  -58.86 (VIOLATED)
a_sym[9][4]$_DFFE_PN0P_/RESETN        320.00  378.81  -58.81 (VIOLATED)
_740781_/A                            320.00  378.80  -58.80 (VIOLATED)
_658097_/A                            320.00  378.80  -58.80 (VIOLATED)
_658140_/A                            320.00  378.80  -58.80 (VIOLATED)
a_sym[7][4]$_DFFE_PN0P_/RESETN        320.00  378.67  -58.67 (VIOLATED)
_748703_/A                            320.00  378.56  -58.56 (VIOLATED)
a_sym[2][2]$_DFFE_PN0P_/RESETN        320.00  378.49  -58.49 (VIOLATED)
_740751_/A                            320.00  378.38  -58.38 (VIOLATED)
a_sym[6][4]$_DFFE_PN0P_/RESETN        320.00  378.32  -58.32 (VIOLATED)
_758923_/A1                           320.00  378.31  -58.31 (VIOLATED)
place74450/A                          320.00  378.23  -58.23 (VIOLATED)
_754131_/A                            320.00  378.20  -58.20 (VIOLATED)
_658098_/A                            320.00  378.16  -58.16 (VIOLATED)
_754290_/A                            320.00  378.16  -58.16 (VIOLATED)
a_sym[2][6]$_DFFE_PN0P_/RESETN        320.00  378.10  -58.10 (VIOLATED)
a_sym[22][1]$_DFFE_PN0P_/RESETN       320.00  378.09  -58.09 (VIOLATED)
_742383_/B                            320.00  378.05  -58.05 (VIOLATED)
_658099_/A                            320.00  377.93  -57.93 (VIOLATED)
_748178_/A                            320.00  377.93  -57.93 (VIOLATED)
a_sym[14][4]$_DFFE_PN0P_/RESETN       320.00  377.92  -57.92 (VIOLATED)
_523088_/A1                           320.00  377.81  -57.81 (VIOLATED)
_754947_/A                            320.00  377.81  -57.81 (VIOLATED)
_745878_/B                            320.00  377.72  -57.72 (VIOLATED)
_751677_/A1                           320.00  377.71  -57.71 (VIOLATED)
_748186_/A                            320.00  377.67  -57.67 (VIOLATED)
_745710_/B                            320.00  377.58  -57.58 (VIOLATED)
a_sym[12][0]$_DFFE_PN0P_/RESETN       320.00  377.54  -57.54 (VIOLATED)
a_sym[18][7]$_DFFE_PN0P_/RESETN       320.00  377.50  -57.50 (VIOLATED)
_748202_/B                            320.00  377.44  -57.44 (VIOLATED)
m_ce[7]$_DFFE_PN0P_/RESETN            320.00  377.43  -57.43 (VIOLATED)
_750821_/A                            320.00  377.43  -57.43 (VIOLATED)
_658139_/A                            320.00  377.41  -57.41 (VIOLATED)
a_sym[4][0]$_DFFE_PN0P_/RESETN        320.00  377.39  -57.39 (VIOLATED)
_760246_/A1                           320.00  377.38  -57.38 (VIOLATED)
in_data_q[59]$_DFFE_PN0P_/RESETN      320.00  377.36  -57.36 (VIOLATED)
_740763_/A                            320.00  377.33  -57.33 (VIOLATED)
_754841_/A                            320.00  377.32  -57.32 (VIOLATED)
a_sym[0][7]$_DFFE_PN0P_/RESETN        320.00  377.30  -57.30 (VIOLATED)
_759786_/A1                           320.00  377.29  -57.29 (VIOLATED)
_754129_/A                            320.00  377.28  -57.28 (VIOLATED)
_758338_/A                            320.00  377.08  -57.08 (VIOLATED)
_658100_/A                            320.00  377.03  -57.03 (VIOLATED)
a_sym[22][0]$_DFFE_PN0P_/RESETN       320.00  377.02  -57.02 (VIOLATED)
_753750_/A                            320.00  376.99  -56.99 (VIOLATED)
a_sym[14][6]$_DFFE_PN0P_/RESETN       320.00  376.96  -56.96 (VIOLATED)
a_sym[22][4]$_DFFE_PN0P_/RESETN       320.00  376.94  -56.94 (VIOLATED)
a_sym[18][2]$_DFFE_PN0P_/RESETN       320.00  376.92  -56.92 (VIOLATED)
_754287_/A                            320.00  376.84  -56.84 (VIOLATED)
a_sym[18][6]$_DFFE_PN0P_/RESETN       320.00  376.84  -56.84 (VIOLATED)
a_sym[2][3]$_DFFE_PN0P_/RESETN        320.00  376.76  -56.76 (VIOLATED)
a_sym[2][5]$_DFFE_PN0P_/RESETN        320.00  376.68  -56.68 (VIOLATED)
_755691_/A1                           320.00  376.66  -56.66 (VIOLATED)
_751820_/A                            320.00  376.65  -56.65 (VIOLATED)
_759335_/B2                           320.00  376.64  -56.64 (VIOLATED)
a_sym[22][5]$_DFFE_PN0P_/RESETN       320.00  376.58  -56.58 (VIOLATED)
_758666_/A                            320.00  376.56  -56.56 (VIOLATED)
_759332_/A                            320.00  376.55  -56.55 (VIOLATED)
a_sym[2][4]$_DFFE_PN0P_/RESETN        320.00  376.46  -56.46 (VIOLATED)
_758565_/A                            320.00  376.41  -56.41 (VIOLATED)
_740746_/A                            320.00  376.39  -56.39 (VIOLATED)
_756527_/A1                           320.00  376.38  -56.38 (VIOLATED)
_751668_/A1                           320.00  376.36  -56.36 (VIOLATED)
in_data_q[57]$_DFFE_PN0P_/RESETN      320.00  376.31  -56.31 (VIOLATED)
a_sym[6][7]$_DFFE_PN0P_/RESETN        320.00  376.30  -56.30 (VIOLATED)
_740814_/A                            320.00  376.26  -56.26 (VIOLATED)
_749256_/B                            320.00  376.17  -56.17 (VIOLATED)
in_data_q[58]$_DFFE_PN0P_/RESETN      320.00  376.15  -56.15 (VIOLATED)
_749059_/B                            320.00  376.09  -56.09 (VIOLATED)
_749612_/B                            320.00  376.08  -56.08 (VIOLATED)
_755793_/A1                           320.00  376.05  -56.05 (VIOLATED)
a_sym[18][0]$_DFFE_PN0P_/RESETN       320.00  376.02  -56.02 (VIOLATED)
_658101_/A                            320.00  376.01  -56.01 (VIOLATED)
_739345_/B                            320.00  376.00  -56.00 (VIOLATED)
_756889_/B                            320.00  375.95  -55.95 (VIOLATED)
in_data_q[53]$_DFFE_PN0P_/RESETN      320.00  375.83  -55.83 (VIOLATED)
_759331_/A1                           320.00  375.83  -55.83 (VIOLATED)
_757596_/B2                           320.00  375.82  -55.82 (VIOLATED)
_750439_/B                            320.00  375.81  -55.81 (VIOLATED)
in_data_q[52]$_DFFE_PN0P_/RESETN      320.00  375.73  -55.73 (VIOLATED)
in_data_q[54]$_DFFE_PN0P_/RESETN      320.00  375.71  -55.71 (VIOLATED)
_755410_/A1                           320.00  375.69  -55.69 (VIOLATED)
_743346_/A                            320.00  375.66  -55.66 (VIOLATED)
_756381_/A1                           320.00  375.63  -55.63 (VIOLATED)
_754125_/A                            320.00  375.61  -55.61 (VIOLATED)
_757592_/A1                           320.00  375.58  -55.58 (VIOLATED)
_749062_/B                            320.00  375.35  -55.35 (VIOLATED)
_755783_/A1                           320.00  375.34  -55.34 (VIOLATED)
_756238_/B                            320.00  375.30  -55.30 (VIOLATED)
_758428_/A1                           320.00  375.22  -55.22 (VIOLATED)
_752807_/A1                           320.00  375.14  -55.14 (VIOLATED)
_749065_/D                            320.00  375.13  -55.13 (VIOLATED)
_753592_/A1                           320.00  375.13  -55.13 (VIOLATED)
in_data_q[51]$_DFFE_PN0P_/RESETN      320.00  375.03  -55.03 (VIOLATED)
_750650_/A1                           320.00  375.02  -55.02 (VIOLATED)
_754278_/A                            320.00  375.01  -55.01 (VIOLATED)
_741964_/A                            320.00  374.88  -54.88 (VIOLATED)
_758920_/A                            320.00  374.73  -54.73 (VIOLATED)
a_sym[8][0]$_DFFE_PN0P_/RESETN        320.00  374.71  -54.71 (VIOLATED)
place67331/A                          320.00  374.70  -54.70 (VIOLATED)
_749649_/B                            320.00  374.70  -54.70 (VIOLATED)
in_data_q[152]$_DFFE_PN0P_/RESETN     320.00  374.67  -54.67 (VIOLATED)
_749658_/B1                           320.00  374.50  -54.50 (VIOLATED)
a_sym[22][2]$_DFFE_PN0P_/RESETN       320.00  374.48  -54.48 (VIOLATED)
_748676_/A                            320.00  374.46  -54.46 (VIOLATED)
_752672_/B                            320.00  374.39  -54.39 (VIOLATED)
_741963_/A                            320.00  374.24  -54.24 (VIOLATED)
_549375_/A                            320.00  374.18  -54.18 (VIOLATED)
_760090_/B                            320.00  374.13  -54.13 (VIOLATED)
_658102_/A                            320.00  374.08  -54.08 (VIOLATED)
_757749_/A                            320.00  374.05  -54.05 (VIOLATED)
_750636_/B                            320.00  373.98  -53.98 (VIOLATED)
_760520_/B                            320.00  373.97  -53.97 (VIOLATED)
_760520_/C                            320.00  373.81  -53.81 (VIOLATED)
_740725_/A                            320.00  373.79  -53.79 (VIOLATED)
_751642_/B                            320.00  373.77  -53.77 (VIOLATED)
_749123_/B                            320.00  373.76  -53.76 (VIOLATED)
_760472_/A1                           320.00  373.50  -53.50 (VIOLATED)
_758570_/A1                           320.00  373.33  -53.33 (VIOLATED)
_758243_/C                            320.00  373.28  -53.28 (VIOLATED)
_759719_/A1                           320.00  373.21  -53.21 (VIOLATED)
_761136_/B                            320.00  373.14  -53.14 (VIOLATED)
_742030_/A                            320.00  372.94  -52.94 (VIOLATED)
_755405_/B                            320.00  372.90  -52.90 (VIOLATED)
_759523_/A1                           320.00  372.81  -52.81 (VIOLATED)
_750416_/B                            320.00  372.79  -52.79 (VIOLATED)
place73702/A                          320.00  372.62  -52.62 (VIOLATED)
place74715/A                          320.00  372.61  -52.61 (VIOLATED)
_756507_/A1                           320.00  372.60  -52.60 (VIOLATED)
_764227_/A1                           320.00  372.47  -52.47 (VIOLATED)
_523124_/B                            320.00  372.37  -52.37 (VIOLATED)
_739775_/A                            320.00  372.36  -52.36 (VIOLATED)
_739780_/A                            320.00  372.36  -52.36 (VIOLATED)
_756528_/A                            320.00  372.24  -52.24 (VIOLATED)
_756506_/A                            320.00  372.23  -52.23 (VIOLATED)
_741613_/B                            320.00  372.19  -52.19 (VIOLATED)
_739777_/A                            320.00  372.17  -52.17 (VIOLATED)
_739779_/A                            320.00  372.16  -52.16 (VIOLATED)
_480794_/A                            320.00  372.13  -52.13 (VIOLATED)
_753595_/A1                           320.00  371.86  -51.86 (VIOLATED)
_749217_/D                            320.00  371.81  -51.81 (VIOLATED)
_758908_/A                            320.00  371.79  -51.79 (VIOLATED)
_739778_/A                            320.00  371.77  -51.77 (VIOLATED)
place74124/A                          320.00  371.70  -51.70 (VIOLATED)
_756169_/A1                           320.00  371.68  -51.68 (VIOLATED)
in_data_q[56]$_DFFE_PN0P_/RESETN      320.00  371.58  -51.58 (VIOLATED)
place74834/A                          320.00  371.35  -51.35 (VIOLATED)
_664212_/A                            320.00  371.27  -51.27 (VIOLATED)
_756516_/C                            320.00  371.19  -51.19 (VIOLATED)
place73165/A                          320.00  371.13  -51.13 (VIOLATED)
_751741_/A1                           320.00  371.02  -51.02 (VIOLATED)
_538440_/A1                           320.00  370.99  -50.99 (VIOLATED)
_754122_/A                            320.00  370.91  -50.91 (VIOLATED)
_749036_/A                            320.00  370.70  -50.70 (VIOLATED)
_754198_/B                            320.00  370.67  -50.67 (VIOLATED)
_497037_/A1                           320.00  370.55  -50.55 (VIOLATED)
_741965_/A                            320.00  370.50  -50.50 (VIOLATED)
_756522_/B                            320.00  370.36  -50.36 (VIOLATED)
_756933_/A1                           320.00  370.16  -50.16 (VIOLATED)
a_sym[14][2]$_DFFE_PN0P_/RESETN       320.00  370.03  -50.03 (VIOLATED)
_758686_/B                            320.00  370.00  -50.00 (VIOLATED)
_758781_/A1                           320.00  369.98  -49.98 (VIOLATED)
_759716_/A1                           320.00  369.85  -49.85 (VIOLATED)
_755141_/A1                           320.00  369.83  -49.83 (VIOLATED)
_758780_/A                            320.00  369.77  -49.77 (VIOLATED)
_748423_/A                            320.00  369.68  -49.68 (VIOLATED)
_752816_/B                            320.00  369.34  -49.34 (VIOLATED)
_742022_/A                            320.00  369.30  -49.30 (VIOLATED)
_742024_/A                            320.00  369.28  -49.28 (VIOLATED)
_749028_/C                            320.00  369.24  -49.24 (VIOLATED)
_750612_/C                            320.00  369.22  -49.22 (VIOLATED)
_738693_/B                            320.00  369.19  -49.19 (VIOLATED)
_760399_/A                            320.00  369.19  -49.19 (VIOLATED)
_739892_/B                            320.00  369.10  -49.10 (VIOLATED)
_658104_/A                            320.00  369.09  -49.09 (VIOLATED)
_756550_/B                            320.00  368.83  -48.83 (VIOLATED)
_640547_/A                            320.00  368.82  -48.82 (VIOLATED)
_756227_/A1                           320.00  368.82  -48.82 (VIOLATED)
_658103_/A                            320.00  368.80  -48.80 (VIOLATED)
_759717_/A1                           320.00  368.73  -48.73 (VIOLATED)
_760838_/A1                           320.00  368.33  -48.33 (VIOLATED)
_528263_/B                            320.00  368.33  -48.33 (VIOLATED)
_754281_/A                            320.00  368.29  -48.29 (VIOLATED)
_742013_/A                            320.00  368.21  -48.21 (VIOLATED)
place74286/A                          320.00  368.02  -48.02 (VIOLATED)
place75241/A                          320.00  367.74  -47.74 (VIOLATED)
a_sym[10][3]$_DFFE_PN0P_/RESETN       320.00  367.70  -47.70 (VIOLATED)
_743428_/A                            320.00  367.66  -47.66 (VIOLATED)
_749107_/A                            320.00  367.58  -47.58 (VIOLATED)
_528264_/A1                           320.00  367.54  -47.54 (VIOLATED)
place74884/A                          320.00  367.49  -47.49 (VIOLATED)
_758961_/A1                           320.00  367.43  -47.43 (VIOLATED)
place74881/A                          320.00  367.33  -47.33 (VIOLATED)
a_sym[17][4]$_DFFE_PN0P_/RESETN       320.00  367.15  -47.15 (VIOLATED)
_764226_/A                            320.00  366.94  -46.94 (VIOLATED)
_741957_/A                            320.00  366.89  -46.89 (VIOLATED)
_752665_/B                            320.00  366.53  -46.53 (VIOLATED)
_758832_/A1                           320.00  366.50  -46.50 (VIOLATED)
_760631_/B                            320.00  366.41  -46.41 (VIOLATED)
_742321_/B                            320.00  366.34  -46.34 (VIOLATED)
_745539_/B                            320.00  366.28  -46.28 (VIOLATED)
_754849_/A                            320.00  366.27  -46.27 (VIOLATED)
_756231_/A                            320.00  366.23  -46.23 (VIOLATED)
_753443_/A                            320.00  366.04  -46.04 (VIOLATED)
_740680_/A                            320.00  366.01  -46.01 (VIOLATED)
_758531_/A                            320.00  365.99  -45.99 (VIOLATED)
_549376_/A1                           320.00  365.95  -45.95 (VIOLATED)
_751661_/A                            320.00  365.94  -45.94 (VIOLATED)
_741958_/A                            320.00  365.92  -45.92 (VIOLATED)
_742027_/A                            320.00  365.87  -45.87 (VIOLATED)
_664209_/A                            320.00  365.74  -45.74 (VIOLATED)
_750432_/A                            320.00  365.57  -45.57 (VIOLATED)
_748678_/A                            320.00  365.55  -45.55 (VIOLATED)
_768186_/A                            320.00  365.49  -45.49 (VIOLATED)
_751823_/A                            320.00  365.46  -45.46 (VIOLATED)
_658105_/A                            320.00  365.27  -45.27 (VIOLATED)
_756559_/A                            320.00  365.25  -45.25 (VIOLATED)
place74580/A                          320.00  365.21  -45.21 (VIOLATED)
_763485_/A1                           320.00  365.15  -45.15 (VIOLATED)
_745716_/B                            320.00  365.10  -45.10 (VIOLATED)
a_sym[14][7]$_DFFE_PN0P_/RESETN       320.00  364.88  -44.88 (VIOLATED)
_751829_/B                            320.00  364.80  -44.80 (VIOLATED)
_748216_/A                            320.00  364.76  -44.76 (VIOLATED)
_750799_/A                            320.00  364.74  -44.74 (VIOLATED)
_739775_/B                            320.00  364.73  -44.73 (VIOLATED)
_758800_/C                            320.00  364.63  -44.63 (VIOLATED)
_759736_/A1                           320.00  364.55  -44.55 (VIOLATED)
place73829/A                          320.00  364.33  -44.33 (VIOLATED)
_745523_/B                            320.00  364.26  -44.26 (VIOLATED)
_754832_/A1                           320.00  364.23  -44.23 (VIOLATED)
_758907_/A1                           320.00  364.17  -44.17 (VIOLATED)
_749070_/C                            320.00  363.87  -43.87 (VIOLATED)
_756003_/A1                           320.00  363.83  -43.83 (VIOLATED)
_749652_/C                            320.00  363.79  -43.79 (VIOLATED)
_757803_/A                            320.00  363.77  -43.77 (VIOLATED)
_759525_/A1                           320.00  363.76  -43.76 (VIOLATED)
_754938_/B                            320.00  363.75  -43.75 (VIOLATED)
_742144_/B                            320.00  363.71  -43.71 (VIOLATED)
_756562_/A                            320.00  363.68  -43.68 (VIOLATED)
_749557_/D                            320.00  363.63  -43.63 (VIOLATED)
_740390_/A                            320.00  363.61  -43.61 (VIOLATED)
_740349_/A                            320.00  363.59  -43.59 (VIOLATED)
_739166_/B                            320.00  363.58  -43.58 (VIOLATED)
_760036_/A1                           320.00  363.54  -43.54 (VIOLATED)
_749566_/D                            320.00  363.48  -43.48 (VIOLATED)
_740337_/A                            320.00  363.45  -43.45 (VIOLATED)
_743329_/A                            320.00  363.19  -43.19 (VIOLATED)
_749572_/A2                           320.00  363.17  -43.17 (VIOLATED)
_753743_/A2                           320.00  363.12  -43.12 (VIOLATED)
_745700_/B                            320.00  363.12  -43.12 (VIOLATED)
_749666_/D                            320.00  363.09  -43.09 (VIOLATED)
_740340_/A                            320.00  363.00  -43.00 (VIOLATED)
_749025_/C                            320.00  362.86  -42.86 (VIOLATED)
_740817_/A                            320.00  362.81  -42.81 (VIOLATED)
_763826_/A1                           320.00  362.80  -42.80 (VIOLATED)
_756929_/A                            320.00  362.79  -42.79 (VIOLATED)
_737303_/B                            320.00  362.78  -42.78 (VIOLATED)
_763825_/A                            320.00  362.77  -42.77 (VIOLATED)
_752655_/A1                           320.00  362.69  -42.69 (VIOLATED)
_759586_/B                            320.00  362.68  -42.68 (VIOLATED)
_744940_/A                            320.00  362.60  -42.60 (VIOLATED)
_744953_/A                            320.00  362.58  -42.58 (VIOLATED)
_754115_/B                            320.00  362.56  -42.56 (VIOLATED)
_740344_/A                            320.00  362.48  -42.48 (VIOLATED)
_763484_/A                            320.00  362.47  -42.47 (VIOLATED)
_744926_/A                            320.00  362.40  -42.40 (VIOLATED)
_741956_/A                            320.00  362.34  -42.34 (VIOLATED)
_749241_/A2                           320.00  362.29  -42.29 (VIOLATED)
_740786_/A                            320.00  362.29  -42.29 (VIOLATED)
_748134_/C                            320.00  362.29  -42.29 (VIOLATED)
_759610_/A                            320.00  362.20  -42.20 (VIOLATED)
_764786_/B                            320.00  362.19  -42.19 (VIOLATED)
_759227_/B                            320.00  362.15  -42.15 (VIOLATED)
_753450_/A1                           320.00  362.14  -42.14 (VIOLATED)
_744928_/A                            320.00  362.09  -42.09 (VIOLATED)
_754108_/B                            320.00  362.03  -42.03 (VIOLATED)
_744955_/A                            320.00  362.01  -42.01 (VIOLATED)
_741961_/A                            320.00  362.01  -42.01 (VIOLATED)
_754949_/B                            320.00  362.00  -42.00 (VIOLATED)
_639411_/A                            320.00  362.00  -42.00 (VIOLATED)
_737807_/B                            320.00  361.92  -41.92 (VIOLATED)
_658106_/A                            320.00  361.86  -41.86 (VIOLATED)
_744961_/A                            320.00  361.85  -41.85 (VIOLATED)
_751678_/A                            320.00  361.84  -41.84 (VIOLATED)
_763820_/A                            320.00  361.79  -41.79 (VIOLATED)
_639412_/A                            320.00  361.78  -41.78 (VIOLATED)
_749655_/C                            320.00  361.76  -41.76 (VIOLATED)
_742441_/B                            320.00  361.74  -41.74 (VIOLATED)
a_sym[16][0]$_DFFE_PN0P_/RESETN       320.00  361.71  -41.71 (VIOLATED)
_754349_/A1                           320.00  361.70  -41.70 (VIOLATED)
_756898_/A1                           320.00  361.69  -41.69 (VIOLATED)
_752697_/A1                           320.00  361.67  -41.67 (VIOLATED)
_752970_/C                            320.00  361.66  -41.66 (VIOLATED)
_755829_/A                            320.00  361.66  -41.66 (VIOLATED)
_750904_/D                            320.00  361.64  -41.64 (VIOLATED)
_756234_/A1                           320.00  361.59  -41.59 (VIOLATED)
_740731_/A                            320.00  361.52  -41.52 (VIOLATED)
_749669_/D                            320.00  361.46  -41.46 (VIOLATED)
_749659_/D                            320.00  361.43  -41.43 (VIOLATED)
_756233_/A                            320.00  361.37  -41.37 (VIOLATED)
_763821_/A1                           320.00  361.32  -41.32 (VIOLATED)
_755424_/B                            320.00  361.29  -41.29 (VIOLATED)
_763819_/A1                           320.00  361.27  -41.27 (VIOLATED)
_750468_/B2                           320.00  361.13  -41.13 (VIOLATED)
_742011_/A                            320.00  361.08  -41.08 (VIOLATED)
_639413_/A                            320.00  361.06  -41.06 (VIOLATED)
_750407_/B                            320.00  361.04  -41.04 (VIOLATED)
_743250_/B                            320.00  361.04  -41.04 (VIOLATED)
_748192_/A                            320.00  360.95  -40.95 (VIOLATED)
_744945_/A                            320.00  360.92  -40.92 (VIOLATED)
_740343_/A                            320.00  360.84  -40.84 (VIOLATED)
place74125/A                          320.00  360.82  -40.82 (VIOLATED)
_742029_/A                            320.00  360.76  -40.76 (VIOLATED)
_748172_/A                            320.00  360.72  -40.72 (VIOLATED)
_748655_/A                            320.00  360.69  -40.69 (VIOLATED)
_742025_/A                            320.00  360.68  -40.68 (VIOLATED)
_754152_/A                            320.00  360.68  -40.68 (VIOLATED)
_756563_/A1                           320.00  360.67  -40.67 (VIOLATED)
_755413_/B                            320.00  360.66  -40.66 (VIOLATED)
place73207/A                          320.00  360.64  -40.64 (VIOLATED)
_758269_/A                            320.00  360.62  -40.62 (VIOLATED)
_754285_/B                            320.00  360.61  -40.61 (VIOLATED)
place74827/A                          320.00  360.51  -40.51 (VIOLATED)
_639414_/A                            320.00  360.48  -40.48 (VIOLATED)
_754149_/A                            320.00  360.44  -40.44 (VIOLATED)
_742018_/A                            320.00  360.42  -40.42 (VIOLATED)
_657975_/A                            320.00  360.28  -40.28 (VIOLATED)
_749662_/D                            320.00  360.28  -40.28 (VIOLATED)
_751663_/A                            320.00  360.23  -40.23 (VIOLATED)
_742017_/A                            320.00  360.21  -40.21 (VIOLATED)
_744959_/A                            320.00  360.20  -40.20 (VIOLATED)
_758268_/A1                           320.00  360.18  -40.18 (VIOLATED)
_657976_/A                            320.00  360.17  -40.17 (VIOLATED)
_740382_/A                            320.00  360.14  -40.14 (VIOLATED)
_737299_/B                            320.00  360.13  -40.13 (VIOLATED)
_763818_/A                            320.00  360.13  -40.13 (VIOLATED)
_744957_/A                            320.00  360.13  -40.13 (VIOLATED)
_744951_/A                            320.00  360.11  -40.11 (VIOLATED)
_758267_/C                            320.00  360.07  -40.07 (VIOLATED)
_657977_/A                            320.00  360.02  -40.02 (VIOLATED)
_744934_/A                            320.00  359.99  -39.99 (VIOLATED)
_765535_/A                            320.00  359.96  -39.96 (VIOLATED)
_740661_/A                            320.00  359.94  -39.94 (VIOLATED)
_763793_/A                            320.00  359.92  -39.92 (VIOLATED)
_737307_/B                            320.00  359.91  -39.91 (VIOLATED)
_745623_/B                            320.00  359.80  -39.80 (VIOLATED)
_639415_/A                            320.00  359.78  -39.78 (VIOLATED)
_737630_/B                            320.00  359.76  -39.76 (VIOLATED)
_742014_/A                            320.00  359.74  -39.74 (VIOLATED)
_763794_/A1                           320.00  359.71  -39.71 (VIOLATED)
_740787_/A                            320.00  359.69  -39.69 (VIOLATED)
_756507_/C                            320.00  359.63  -39.63 (VIOLATED)
_742016_/A                            320.00  359.51  -39.51 (VIOLATED)
_740760_/A                            320.00  359.51  -39.51 (VIOLATED)
_740689_/A                            320.00  359.48  -39.48 (VIOLATED)
_749410_/D                            320.00  359.44  -39.44 (VIOLATED)
_742028_/A                            320.00  359.40  -39.40 (VIOLATED)
_657978_/A                            320.00  359.39  -39.39 (VIOLATED)
_749631_/D                            320.00  359.35  -39.35 (VIOLATED)
_763790_/A                            320.00  359.34  -39.34 (VIOLATED)
_749065_/C                            320.00  359.33  -39.33 (VIOLATED)
_740682_/A                            320.00  359.29  -39.29 (VIOLATED)
_763791_/A1                           320.00  359.11  -39.11 (VIOLATED)
_754837_/A                            320.00  359.01  -39.01 (VIOLATED)
_759351_/A1                           320.00  358.91  -38.91 (VIOLATED)
_763809_/A                            320.00  358.75  -38.75 (VIOLATED)
_746511_/B                            320.00  358.73  -38.73 (VIOLATED)
_740662_/A                            320.00  358.57  -38.57 (VIOLATED)
_749110_/A                            320.00  358.51  -38.51 (VIOLATED)
_763808_/A                            320.00  358.50  -38.50 (VIOLATED)
_744932_/A                            320.00  358.50  -38.50 (VIOLATED)
place83520/A                          320.00  358.44  -38.44 (VIOLATED)
_639416_/A                            320.00  358.35  -38.35 (VIOLATED)
_751703_/A                            320.00  358.33  -38.33 (VIOLATED)
_749217_/C                            320.00  358.29  -38.29 (VIOLATED)
_740674_/A                            320.00  358.18  -38.18 (VIOLATED)
_760527_/A                            320.00  358.13  -38.13 (VIOLATED)
_741983_/A                            320.00  357.85  -37.85 (VIOLATED)
_764225_/A1                           320.00  357.80  -37.80 (VIOLATED)
_744947_/A                            320.00  357.79  -37.79 (VIOLATED)
_757366_/A1                           320.00  357.71  -37.71 (VIOLATED)
_760033_/A1                           320.00  357.66  -37.66 (VIOLATED)
_657979_/A                            320.00  357.65  -37.65 (VIOLATED)
_757365_/A                            320.00  357.62  -37.62 (VIOLATED)
_750409_/A1                           320.00  357.60  -37.60 (VIOLATED)
_749372_/D                            320.00  357.55  -37.55 (VIOLATED)
_737360_/B                            320.00  357.53  -37.53 (VIOLATED)
_763769_/A                            320.00  357.52  -37.52 (VIOLATED)
_497037_/B2                           320.00  357.32  -37.32 (VIOLATED)
a_sym[8][4]$_DFFE_PN0P_/RESETN        320.00  357.31  -37.31 (VIOLATED)
_664215_/A                            320.00  357.28  -37.28 (VIOLATED)
a_sym[6][3]$_DFFE_PN0P_/RESETN        320.00  357.27  -37.27 (VIOLATED)
_639417_/A                            320.00  357.21  -37.21 (VIOLATED)
_758313_/B2                           320.00  357.17  -37.17 (VIOLATED)
_763770_/A1                           320.00  356.97  -36.97 (VIOLATED)
_755677_/A1                           320.00  356.97  -36.97 (VIOLATED)
_760203_/A                            320.00  356.88  -36.88 (VIOLATED)
_737319_/B                            320.00  356.70  -36.70 (VIOLATED)
_745532_/B                            320.00  356.68  -36.68 (VIOLATED)
_763767_/A1                           320.00  356.63  -36.63 (VIOLATED)
_750439_/A                            320.00  356.59  -36.59 (VIOLATED)
_745546_/B                            320.00  356.52  -36.52 (VIOLATED)
_757255_/C                            320.00  356.49  -36.49 (VIOLATED)
_759845_/A1                           320.00  356.49  -36.49 (VIOLATED)
_744963_/A                            320.00  356.48  -36.48 (VIOLATED)
_657980_/A                            320.00  356.46  -36.46 (VIOLATED)
_763766_/A                            320.00  356.46  -36.46 (VIOLATED)
_740795_/A                            320.00  356.41  -36.41 (VIOLATED)
_745622_/B                            320.00  356.38  -36.38 (VIOLATED)
_737287_/B                            320.00  356.26  -36.26 (VIOLATED)
_748923_/B                            320.00  356.10  -36.10 (VIOLATED)
_748922_/B                            320.00  355.99  -35.99 (VIOLATED)
place74187/A                          320.00  355.96  -35.96 (VIOLATED)
_657984_/A                            320.00  355.91  -35.91 (VIOLATED)
_754335_/A1                           320.00  355.90  -35.90 (VIOLATED)
_750732_/B                            320.00  355.88  -35.88 (VIOLATED)
_740384_/A                            320.00  355.86  -35.86 (VIOLATED)
_753462_/B                            320.00  355.86  -35.86 (VIOLATED)
_748250_/A                            320.00  355.81  -35.81 (VIOLATED)
_749602_/C                            320.00  355.75  -35.75 (VIOLATED)
_756512_/A                            320.00  355.74  -35.74 (VIOLATED)
_657983_/A                            320.00  355.70  -35.70 (VIOLATED)
_748956_/B                            320.00  355.60  -35.60 (VIOLATED)
_657981_/A                            320.00  355.53  -35.53 (VIOLATED)
_504102_/B                            320.00  355.51  -35.51 (VIOLATED)
_504119_/B2                           320.00  355.51  -35.51 (VIOLATED)
_748960_/B                            320.00  355.49  -35.49 (VIOLATED)
place73861/A                          320.00  355.42  -35.42 (VIOLATED)
_760105_/C                            320.00  355.38  -35.38 (VIOLATED)
_740339_/A                            320.00  355.36  -35.36 (VIOLATED)
_754198_/A                            320.00  355.32  -35.32 (VIOLATED)
out_pix_data[69]$_DFFE_PN0P_/RESETN   320.00  355.29  -35.29 (VIOLATED)
_639418_/A                            320.00  355.29  -35.29 (VIOLATED)
_751919_/B                            320.00  355.28  -35.28 (VIOLATED)
_751699_/A                            320.00  355.26  -35.26 (VIOLATED)
_752894_/A1                           320.00  355.25  -35.25 (VIOLATED)
_751896_/A1                           320.00  355.24  -35.24 (VIOLATED)
_745723_/B                            320.00  355.17  -35.17 (VIOLATED)
_754348_/A                            320.00  355.17  -35.17 (VIOLATED)
_754936_/A                            320.00  355.10  -35.10 (VIOLATED)
_757528_/B3                           320.00  355.07  -35.07 (VIOLATED)
_657982_/A                            320.00  354.97  -34.97 (VIOLATED)
_745618_/B                            320.00  354.92  -34.92 (VIOLATED)
_750729_/A                            320.00  354.83  -34.83 (VIOLATED)
_756222_/B                            320.00  354.75  -34.75 (VIOLATED)
_754130_/C                            320.00  354.74  -34.74 (VIOLATED)
_749582_/D                            320.00  354.66  -34.66 (VIOLATED)
_758041_/A                            320.00  354.60  -34.60 (VIOLATED)
_744888_/A                            320.00  354.59  -34.59 (VIOLATED)
_750782_/A                            320.00  354.59  -34.59 (VIOLATED)
_744890_/A                            320.00  354.57  -34.57 (VIOLATED)
_754365_/A                            320.00  354.53  -34.53 (VIOLATED)
_744886_/A                            320.00  354.50  -34.50 (VIOLATED)
_742031_/A                            320.00  354.50  -34.50 (VIOLATED)
place74201/A                          320.00  354.48  -34.48 (VIOLATED)
_757006_/D                            320.00  354.47  -34.47 (VIOLATED)
_757046_/D                            320.00  354.46  -34.46 (VIOLATED)
_760577_/A                            320.00  354.46  -34.46 (VIOLATED)
_740383_/A                            320.00  354.43  -34.43 (VIOLATED)
_760847_/A                            320.00  354.41  -34.41 (VIOLATED)
_752881_/A                            320.00  354.35  -34.35 (VIOLATED)
_727657_/B                            320.00  354.33  -34.33 (VIOLATED)
place73730/A                          320.00  354.31  -34.31 (VIOLATED)
_749220_/C                            320.00  354.21  -34.21 (VIOLATED)
_752017_/C                            320.00  354.15  -34.15 (VIOLATED)
_749163_/D                            320.00  354.13  -34.13 (VIOLATED)
_752870_/A                            320.00  354.08  -34.08 (VIOLATED)
a_sym[6][2]$_DFFE_PN0P_/RESETN        320.00  354.07  -34.07 (VIOLATED)
place73915/A                          320.00  354.07  -34.07 (VIOLATED)
_752873_/A                            320.00  354.06  -34.06 (VIOLATED)
_744884_/A                            320.00  354.06  -34.06 (VIOLATED)
_757834_/A                            320.00  354.01  -34.01 (VIOLATED)
a_sym[10][7]$_DFFE_PN0P_/RESETN       320.00  353.99  -33.99 (VIOLATED)
_622203_/A                            320.00  353.97  -33.97 (VIOLATED)
a_sym[14][3]$_DFFE_PN0P_/RESETN       320.00  353.95  -33.95 (VIOLATED)
_753085_/C                            320.00  353.92  -33.92 (VIOLATED)
_752727_/A1                           320.00  353.91  -33.91 (VIOLATED)
_749269_/C                            320.00  353.89  -33.89 (VIOLATED)
_745529_/B                            320.00  353.88  -33.88 (VIOLATED)
a_sym[2][7]$_DFFE_PN0P_/RESETN        320.00  353.88  -33.88 (VIOLATED)
_758790_/A1                           320.00  353.84  -33.84 (VIOLATED)
_749655_/B                            320.00  353.82  -33.82 (VIOLATED)
_757044_/D                            320.00  353.81  -33.81 (VIOLATED)
a_sym[10][2]$_DFFE_PN0P_/RESETN       320.00  353.76  -33.76 (VIOLATED)
_745709_/B                            320.00  353.76  -33.76 (VIOLATED)
_622202_/A                            320.00  353.73  -33.73 (VIOLATED)
_754853_/B                            320.00  353.68  -33.68 (VIOLATED)
_749168_/D                            320.00  353.64  -33.64 (VIOLATED)
_622201_/A                            320.00  353.61  -33.61 (VIOLATED)
a_sym[17][0]$_DFFE_PN0P_/RESETN       320.00  353.46  -33.46 (VIOLATED)
_740796_/A                            320.00  353.42  -33.42 (VIOLATED)
_740666_/A                            320.00  353.40  -33.40 (VIOLATED)
a_sym[18][3]$_DFFE_PN0P_/RESETN       320.00  353.35  -33.35 (VIOLATED)
_480795_/A                            320.00  353.34  -33.34 (VIOLATED)
_740683_/A                            320.00  353.32  -33.32 (VIOLATED)
_759715_/A1                           320.00  353.32  -33.32 (VIOLATED)
_757254_/A1                           320.00  353.31  -33.31 (VIOLATED)
_750784_/A                            320.00  353.28  -33.28 (VIOLATED)
_763752_/A                            320.00  353.26  -33.26 (VIOLATED)
_787440_/A                            320.00  353.20  -33.20 (VIOLATED)
_752878_/A                            320.00  353.15  -33.15 (VIOLATED)
_756510_/A                            320.00  353.13  -33.13 (VIOLATED)
_751920_/B                            320.00  353.12  -33.12 (VIOLATED)
place74395/A                          320.00  353.12  -33.12 (VIOLATED)
_622200_/A                            320.00  353.08  -33.08 (VIOLATED)
_751677_/C                            320.00  353.03  -33.03 (VIOLATED)
_745534_/B                            320.00  353.02  -33.02 (VIOLATED)
_748202_/A                            320.00  353.01  -33.01 (VIOLATED)
_749249_/D                            320.00  352.91  -32.91 (VIOLATED)
_763488_/A                            320.00  352.84  -32.84 (VIOLATED)
_763489_/A1                           320.00  352.84  -32.84 (VIOLATED)
_753083_/C                            320.00  352.79  -32.79 (VIOLATED)
_755832_/A1                           320.00  352.76  -32.76 (VIOLATED)
_757041_/B2                           320.00  352.74  -32.74 (VIOLATED)
_749176_/D                            320.00  352.69  -32.69 (VIOLATED)
a_sym[6][5]$_DFFE_PN0P_/RESETN        320.00  352.66  -32.66 (VIOLATED)
_752950_/C                            320.00  352.65  -32.65 (VIOLATED)
_758687_/A1                           320.00  352.61  -32.61 (VIOLATED)
place73905/A                          320.00  352.59  -32.59 (VIOLATED)
_739564_/B                            320.00  352.58  -32.58 (VIOLATED)
_740804_/A                            320.00  352.40  -32.40 (VIOLATED)
place74343/A                          320.00  352.36  -32.36 (VIOLATED)
_745706_/B                            320.00  352.25  -32.25 (VIOLATED)
a_sym[18][1]$_DFFE_PN0P_/RESETN       320.00  352.20  -32.20 (VIOLATED)
_622199_/A                            320.00  352.10  -32.10 (VIOLATED)
_744882_/A                            320.00  352.07  -32.07 (VIOLATED)
_743371_/A                            320.00  352.05  -32.05 (VIOLATED)
_750596_/A1                           320.00  352.05  -32.05 (VIOLATED)
a_sym[7][0]$_DFFE_PN0P_/RESETN        320.00  352.03  -32.03 (VIOLATED)
m_ce[2]$_DFFE_PN0P_/RESETN            320.00  352.03  -32.03 (VIOLATED)
_743191_/B                            320.00  352.01  -32.01 (VIOLATED)
_763753_/A1                           320.00  351.99  -31.99 (VIOLATED)
_750612_/A1                           320.00  351.96  -31.96 (VIOLATED)
a_sym[0][0]$_DFFE_PN0P_/RESETN        320.00  351.89  -31.89 (VIOLATED)
_749105_/A                            320.00  351.89  -31.89 (VIOLATED)
a_sym[10][6]$_DFFE_PN0P_/RESETN       320.00  351.89  -31.89 (VIOLATED)
a_sym[5][0]$_DFFE_PN0P_/RESETN        320.00  351.87  -31.87 (VIOLATED)
_740385_/A                            320.00  351.81  -31.81 (VIOLATED)
_755874_/A                            320.00  351.79  -31.79 (VIOLATED)
_622198_/A                            320.00  351.75  -31.75 (VIOLATED)
a_sym[22][3]$_DFFE_PN0P_/RESETN       320.00  351.74  -31.74 (VIOLATED)
_752855_/C                            320.00  351.73  -31.73 (VIOLATED)
place74830/A                          320.00  351.70  -31.70 (VIOLATED)
a_sym[14][0]$_DFFE_PN0P_/RESETN       320.00  351.61  -31.61 (VIOLATED)
_749070_/B                            320.00  351.53  -31.53 (VIOLATED)
_749183_/C                            320.00  351.53  -31.53 (VIOLATED)
_639382_/A                            320.00  351.51  -31.51 (VIOLATED)
_745711_/B                            320.00  351.50  -31.50 (VIOLATED)
a_sym[2][0]$_DFFE_PN0P_/RESETN        320.00  351.50  -31.50 (VIOLATED)
_755400_/A1                           320.00  351.48  -31.48 (VIOLATED)
_763749_/A                            320.00  351.44  -31.44 (VIOLATED)
a_sym[10][4]$_DFFE_PN0P_/RESETN       320.00  351.39  -31.39 (VIOLATED)
_639383_/A                            320.00  351.28  -31.28 (VIOLATED)
a_sym[10][0]$_DFFE_PN0P_/RESETN       320.00  351.26  -31.26 (VIOLATED)
_752167_/C                            320.00  351.12  -31.12 (VIOLATED)
_738161_/B                            320.00  351.07  -31.07 (VIOLATED)
_752200_/A                            320.00  351.07  -31.07 (VIOLATED)
_743958_/B                            320.00  351.05  -31.05 (VIOLATED)
_639384_/A                            320.00  350.89  -30.89 (VIOLATED)
_752948_/C                            320.00  350.76  -30.76 (VIOLATED)
a_sym[18][5]$_DFFE_PN0P_/RESETN       320.00  350.76  -30.76 (VIOLATED)
_622197_/A                            320.00  350.76  -30.76 (VIOLATED)
place74569/A                          320.00  350.73  -30.73 (VIOLATED)
_760839_/A                            320.00  350.71  -30.71 (VIOLATED)
_745620_/B                            320.00  350.66  -30.66 (VIOLATED)
_752672_/A                            320.00  350.60  -30.60 (VIOLATED)
_754933_/A                            320.00  350.56  -30.56 (VIOLATED)
_639419_/A                            320.00  350.52  -30.52 (VIOLATED)
a_sym[18][4]$_DFFE_PN0P_/RESETN       320.00  350.50  -30.50 (VIOLATED)
_740355_/A                            320.00  350.47  -30.47 (VIOLATED)
a_sym[5][6]$_DFFE_PN0P_/RESETN        320.00  350.43  -30.43 (VIOLATED)
_749606_/C                            320.00  350.41  -30.41 (VIOLATED)
a_sym[6][6]$_DFFE_PN0P_/RESETN        320.00  350.39  -30.39 (VIOLATED)
_746374_/B                            320.00  350.35  -30.35 (VIOLATED)
a_sym[6][1]$_DFFE_PN0P_/RESETN        320.00  350.29  -30.29 (VIOLATED)
_764224_/A                            320.00  350.25  -30.25 (VIOLATED)
_754346_/B                            320.00  350.17  -30.17 (VIOLATED)
_745617_/B                            320.00  350.16  -30.16 (VIOLATED)
_763750_/A1                           320.00  350.10  -30.10 (VIOLATED)
_740713_/A                            320.00  350.04  -30.04 (VIOLATED)
_639385_/A                            320.00  350.04  -30.04 (VIOLATED)
_745557_/B                            320.00  349.91  -29.91 (VIOLATED)
_490896_/B                            320.00  349.74  -29.74 (VIOLATED)
_739571_/B                            320.00  349.70  -29.70 (VIOLATED)
_740387_/A                            320.00  349.63  -29.63 (VIOLATED)
_750726_/A                            320.00  349.61  -29.61 (VIOLATED)
_758563_/A                            320.00  349.61  -29.61 (VIOLATED)
_760471_/A1                           320.00  349.61  -29.61 (VIOLATED)
_759606_/B                            320.00  349.59  -29.59 (VIOLATED)
_751888_/A                            320.00  349.51  -29.51 (VIOLATED)
place74371/A                          320.00  349.43  -29.43 (VIOLATED)
place74476/A                          320.00  349.40  -29.40 (VIOLATED)
place75196/A                          320.00  349.27  -29.27 (VIOLATED)
_740341_/A                            320.00  349.20  -29.20 (VIOLATED)
_748236_/A                            320.00  349.20  -29.20 (VIOLATED)
_622196_/A                            320.00  349.16  -29.16 (VIOLATED)
_737295_/B                            320.00  348.93  -28.93 (VIOLATED)
place74415/A                          320.00  348.93  -28.93 (VIOLATED)
_757004_/D                            320.00  348.83  -28.83 (VIOLATED)
_759504_/A1                           320.00  348.75  -28.75 (VIOLATED)
_750577_/A                            320.00  348.73  -28.73 (VIOLATED)
_740705_/A                            320.00  348.70  -28.70 (VIOLATED)
_740353_/A                            320.00  348.68  -28.68 (VIOLATED)
_757839_/B2                           320.00  348.68  -28.68 (VIOLATED)
_639386_/A                            320.00  348.57  -28.57 (VIOLATED)
_739830_/B                            320.00  348.56  -28.56 (VIOLATED)
_745734_/B                            320.00  348.55  -28.55 (VIOLATED)
_746238_/B                            320.00  348.55  -28.55 (VIOLATED)
place74621/A                          320.00  348.52  -28.52 (VIOLATED)
_750777_/B                            320.00  348.51  -28.51 (VIOLATED)
place75222/A                          320.00  348.51  -28.51 (VIOLATED)
_721824_/A1                           320.00  348.46  -28.46 (VIOLATED)
_664557_/A                            320.00  348.45  -28.45 (VIOLATED)
_742470_/B                            320.00  348.45  -28.45 (VIOLATED)
_482545_/B                            320.00  348.44  -28.44 (VIOLATED)
a_sym[22][7]$_DFFE_PN0P_/RESETN       320.00  348.44  -28.44 (VIOLATED)
place74597/A                          320.00  348.44  -28.44 (VIOLATED)
_745543_/B                            320.00  348.41  -28.41 (VIOLATED)
_757535_/A1                           320.00  348.40  -28.40 (VIOLATED)
_756250_/A1                           320.00  348.30  -28.30 (VIOLATED)
_759485_/A1                           320.00  348.25  -28.25 (VIOLATED)
_755789_/B2                           320.00  348.23  -28.23 (VIOLATED)
_664218_/A                            320.00  348.19  -28.19 (VIOLATED)
_740803_/A                            320.00  348.18  -28.18 (VIOLATED)
_748244_/B2                           320.00  348.17  -28.17 (VIOLATED)
place74112/A                          320.00  348.07  -28.07 (VIOLATED)
_486309_/A                            320.00  348.04  -28.04 (VIOLATED)
_753734_/C                            320.00  347.96  -27.96 (VIOLATED)
_749550_/A1                           320.00  347.91  -27.91 (VIOLATED)
_758439_/C                            320.00  347.89  -27.89 (VIOLATED)
_748780_/A                            320.00  347.88  -27.88 (VIOLATED)
_683682_/B                            320.00  347.87  -27.87 (VIOLATED)
_749508_/C                            320.00  347.85  -27.85 (VIOLATED)
_759238_/A                            320.00  347.79  -27.79 (VIOLATED)
_739777_/B                            320.00  347.75  -27.75 (VIOLATED)
_517037_/A1                           320.00  347.72  -27.72 (VIOLATED)
_744892_/A                            320.00  347.71  -27.71 (VIOLATED)
_639387_/A                            320.00  347.69  -27.69 (VIOLATED)
_787558_/A                            320.00  347.67  -27.67 (VIOLATED)
_743966_/A                            320.00  347.66  -27.66 (VIOLATED)
_742341_/B                            320.00  347.62  -27.62 (VIOLATED)
_745720_/B                            320.00  347.62  -27.62 (VIOLATED)
_787559_/A1                           320.00  347.60  -27.60 (VIOLATED)
_743864_/A                            320.00  347.50  -27.50 (VIOLATED)
_749134_/D                            320.00  347.49  -27.49 (VIOLATED)
_753040_/C                            320.00  347.48  -27.48 (VIOLATED)
_787561_/A                            320.00  347.43  -27.43 (VIOLATED)
_787562_/A1                           320.00  347.42  -27.42 (VIOLATED)
_743909_/A                            320.00  347.42  -27.42 (VIOLATED)
_743916_/A                            320.00  347.41  -27.41 (VIOLATED)
_749044_/D                            320.00  347.38  -27.38 (VIOLATED)
_622195_/A                            320.00  347.36  -27.36 (VIOLATED)
_743951_/B                            320.00  347.36  -27.36 (VIOLATED)
place73276/A                          320.00  347.35  -27.35 (VIOLATED)
_743866_/A                            320.00  347.34  -27.34 (VIOLATED)
_787691_/A1                           320.00  347.34  -27.34 (VIOLATED)
_743834_/A                            320.00  347.32  -27.32 (VIOLATED)
_533053_/A                            320.00  347.32  -27.32 (VIOLATED)
_748787_/B                            320.00  347.30  -27.30 (VIOLATED)
_749422_/B                            320.00  347.30  -27.30 (VIOLATED)
_749420_/B                            320.00  347.27  -27.27 (VIOLATED)
_739748_/B                            320.00  347.15  -27.15 (VIOLATED)
_740820_/A                            320.00  347.14  -27.14 (VIOLATED)
_787689_/A1                           320.00  347.04  -27.04 (VIOLATED)
_748965_/B                            320.00  346.86  -26.86 (VIOLATED)
_742047_/A                            320.00  346.86  -26.86 (VIOLATED)
_528164_/A1                           320.00  346.83  -26.83 (VIOLATED)
_743853_/A                            320.00  346.82  -26.82 (VIOLATED)
_787688_/A                            320.00  346.82  -26.82 (VIOLATED)
place73534/A                          320.00  346.81  -26.81 (VIOLATED)
_749113_/C                            320.00  346.71  -26.71 (VIOLATED)
_755555_/B                            320.00  346.62  -26.62 (VIOLATED)
_749304_/C                            320.00  346.42  -26.42 (VIOLATED)
place73264/A                          320.00  346.41  -26.41 (VIOLATED)
_749117_/C                            320.00  346.31  -26.31 (VIOLATED)
_749410_/C                            320.00  346.28  -26.28 (VIOLATED)
_755647_/A2                           320.00  346.25  -26.25 (VIOLATED)
_750706_/A                            320.00  346.24  -26.24 (VIOLATED)
_750416_/A                            320.00  346.21  -26.21 (VIOLATED)
_787690_/A                            320.00  346.20  -26.20 (VIOLATED)
_754124_/A                            320.00  346.19  -26.19 (VIOLATED)
_750705_/A                            320.00  346.16  -26.16 (VIOLATED)
_755405_/A                            320.00  346.16  -26.16 (VIOLATED)
_740802_/A                            320.00  346.13  -26.13 (VIOLATED)
_755516_/A1                           320.00  346.09  -26.09 (VIOLATED)
_755656_/A                            320.00  346.07  -26.07 (VIOLATED)
_742485_/B                            320.00  346.02  -26.02 (VIOLATED)
_622194_/A                            320.00  345.93  -25.93 (VIOLATED)
_745531_/B                            320.00  345.91  -25.91 (VIOLATED)
_763763_/A                            320.00  345.86  -25.86 (VIOLATED)
_742048_/A                            320.00  345.86  -25.86 (VIOLATED)
_740733_/A                            320.00  345.80  -25.80 (VIOLATED)
_787552_/A1                           320.00  345.77  -25.77 (VIOLATED)
_787555_/A1                           320.00  345.76  -25.76 (VIOLATED)
_749488_/A1                           320.00  345.74  -25.74 (VIOLATED)
_751826_/A                            320.00  345.73  -25.73 (VIOLATED)
_787551_/A                            320.00  345.67  -25.67 (VIOLATED)
a_sym[2][1]$_DFFE_PN0P_/RESETN        320.00  345.63  -25.63 (VIOLATED)
_755961_/B2                           320.00  345.63  -25.63 (VIOLATED)
_748743_/B                            320.00  345.58  -25.58 (VIOLATED)
_756673_/B2                           320.00  345.54  -25.54 (VIOLATED)
_759481_/A                            320.00  345.52  -25.52 (VIOLATED)
_487398_/B                            320.00  345.49  -25.49 (VIOLATED)
_755821_/A                            320.00  345.48  -25.48 (VIOLATED)
_743970_/A                            320.00  345.45  -25.45 (VIOLATED)
_743965_/A                            320.00  345.41  -25.41 (VIOLATED)
_743848_/A                            320.00  345.40  -25.40 (VIOLATED)
place74622/A                          320.00  345.39  -25.39 (VIOLATED)
_743833_/A                            320.00  345.30  -25.30 (VIOLATED)
in_data_q[112]$_DFFE_PN0P_/RESETN     320.00  345.23  -25.23 (VIOLATED)
_755003_/B                            320.00  345.19  -25.19 (VIOLATED)
oskid_d[80]$_DFFE_PN0P_/RESETN        320.00  345.16  -25.16 (VIOLATED)
_787554_/A                            320.00  345.15  -25.15 (VIOLATED)
_754324_/A                            320.00  345.08  -25.08 (VIOLATED)
_743978_/A                            320.00  345.05  -25.05 (VIOLATED)
_749372_/C                            320.00  345.05  -25.05 (VIOLATED)
_752842_/A                            320.00  345.04  -25.04 (VIOLATED)
_664206_/A                            320.00  344.93  -24.93 (VIOLATED)
in_data_q[111]$_DFFE_PN0P_/RESETN     320.00  344.91  -24.91 (VIOLATED)
oskid_d[83]$_DFFE_PN0P_/RESETN        320.00  344.91  -24.91 (VIOLATED)
_755618_/A1                           320.00  344.89  -24.89 (VIOLATED)
_739780_/B                            320.00  344.85  -24.85 (VIOLATED)
oskid_d[82]$_DFFE_PN0P_/RESETN        320.00  344.85  -24.85 (VIOLATED)
a_sym[4][6]$_DFFE_PN0P_/RESETN        320.00  344.82  -24.82 (VIOLATED)
_741197_/B                            320.00  344.70  -24.70 (VIOLATED)
_787693_/A                            320.00  344.69  -24.69 (VIOLATED)
out_pix_data[82]$_DFFE_PN0P_/RESETN   320.00  344.65  -24.65 (VIOLATED)
_750688_/B                            320.00  344.60  -24.60 (VIOLATED)
oskid_d[85]$_DFFE_PN0P_/RESETN        320.00  344.60  -24.60 (VIOLATED)
_743915_/A                            320.00  344.58  -24.58 (VIOLATED)
_740386_/A                            320.00  344.57  -24.57 (VIOLATED)
out_pix_data[83]$_DFFE_PN0P_/RESETN   320.00  344.56  -24.56 (VIOLATED)
_756952_/A                            320.00  344.55  -24.55 (VIOLATED)
_752824_/A                            320.00  344.54  -24.54 (VIOLATED)
_760628_/A1                           320.00  344.49  -24.49 (VIOLATED)
in_data_q[90]$_DFFE_PN0P_/RESETN      320.00  344.45  -24.45 (VIOLATED)
_753720_/C                            320.00  344.43  -24.43 (VIOLATED)
out_pix_data[80]$_DFFE_PN0P_/RESETN   320.00  344.37  -24.37 (VIOLATED)
_758424_/B                            320.00  344.37  -24.37 (VIOLATED)
_740342_/A                            320.00  344.37  -24.37 (VIOLATED)
place83509/A                          320.00  344.33  -24.33 (VIOLATED)
_763760_/A                            320.00  344.31  -24.31 (VIOLATED)
_755109_/A2                           320.00  344.21  -24.21 (VIOLATED)
_756951_/A                            320.00  344.18  -24.18 (VIOLATED)
_745708_/B                            320.00  344.17  -24.17 (VIOLATED)
in_data_q[71]$_DFFE_PN0P_/RESETN      320.00  344.17  -24.17 (VIOLATED)
_760840_/A1                           320.00  344.11  -24.11 (VIOLATED)
out_pix_data[85]$_DFFE_PN0P_/RESETN   320.00  344.06  -24.06 (VIOLATED)
a_sym[24][4]$_DFFE_PN0P_/RESETN       320.00  344.04  -24.04 (VIOLATED)
_762205_/A                            320.00  343.97  -23.97 (VIOLATED)
_752112_/C                            320.00  343.90  -23.90 (VIOLATED)
_787695_/A                            320.00  343.79  -23.79 (VIOLATED)
_752665_/A                            320.00  343.68  -23.68 (VIOLATED)
_758263_/A                            320.00  343.57  -23.57 (VIOLATED)
out_pix_data[87]$_DFFE_PN0P_/RESETN   320.00  343.51  -23.51 (VIOLATED)
_759255_/C2                           320.00  343.51  -23.51 (VIOLATED)
out_pix_data[81]$_DFFE_PN0P_/RESETN   320.00  343.37  -23.37 (VIOLATED)
_750713_/B                            320.00  343.30  -23.30 (VIOLATED)
_787694_/A1                           320.00  343.25  -23.25 (VIOLATED)
oskid_d[87]$_DFFE_PN0P_/RESETN        320.00  343.22  -23.22 (VIOLATED)
in_data_q[98]$_DFFE_PN0P_/RESETN      320.00  343.20  -23.20 (VIOLATED)
_787696_/A1                           320.00  343.19  -23.19 (VIOLATED)
place74761/A                          320.00  343.17  -23.17 (VIOLATED)
_754419_/B                            320.00  343.12  -23.12 (VIOLATED)
_751951_/C                            320.00  343.07  -23.07 (VIOLATED)
place74241/A                          320.00  343.04  -23.04 (VIOLATED)
_758278_/A1                           320.00  343.00  -23.00 (VIOLATED)
_750687_/B                            320.00  342.99  -22.99 (VIOLATED)
_760208_/C1                           320.00  342.98  -22.98 (VIOLATED)
_754415_/B                            320.00  342.96  -22.96 (VIOLATED)
_612411_/A                            320.00  342.96  -22.96 (VIOLATED)
_626572_/A                            320.00  342.93  -22.93 (VIOLATED)
_748879_/A1                           320.00  342.92  -22.92 (VIOLATED)
_749041_/D                            320.00  342.91  -22.91 (VIOLATED)
_639388_/A                            320.00  342.85  -22.85 (VIOLATED)
_749183_/B                            320.00  342.85  -22.85 (VIOLATED)
_626571_/A                            320.00  342.82  -22.82 (VIOLATED)
_739176_/B                            320.00  342.78  -22.78 (VIOLATED)
_612414_/A                            320.00  342.73  -22.73 (VIOLATED)
_749407_/C                            320.00  342.69  -22.69 (VIOLATED)
_743968_/A                            320.00  342.68  -22.68 (VIOLATED)
_755839_/B2                           320.00  342.61  -22.61 (VIOLATED)
_754339_/A                            320.00  342.60  -22.60 (VIOLATED)
_759102_/A2                           320.00  342.56  -22.56 (VIOLATED)
_755074_/A2                           320.00  342.55  -22.55 (VIOLATED)
_626570_/A                            320.00  342.45  -22.45 (VIOLATED)
_754860_/A                            320.00  342.32  -22.32 (VIOLATED)
_748776_/B                            320.00  342.32  -22.32 (VIOLATED)
_759484_/C                            320.00  342.31  -22.31 (VIOLATED)
_748774_/B                            320.00  342.29  -22.29 (VIOLATED)
_648586_/A                            320.00  342.27  -22.27 (VIOLATED)
_743901_/A                            320.00  342.26  -22.26 (VIOLATED)
_750760_/A                            320.00  342.23  -22.23 (VIOLATED)
_750754_/A                            320.00  342.22  -22.22 (VIOLATED)
out_pix_data[84]$_DFFE_PN0P_/RESETN   320.00  342.21  -22.21 (VIOLATED)
_756244_/B1                           320.00  342.13  -22.13 (VIOLATED)
in_data_q[94]$_DFFE_PN0P_/RESETN      320.00  342.08  -22.08 (VIOLATED)
_765508_/A                            320.00  342.07  -22.07 (VIOLATED)
_648585_/A                            320.00  342.07  -22.07 (VIOLATED)
_612417_/A                            320.00  342.05  -22.05 (VIOLATED)
_744795_/A                            320.00  342.03  -22.03 (VIOLATED)
_626569_/A                            320.00  342.03  -22.03 (VIOLATED)
_743889_/A                            320.00  342.02  -22.02 (VIOLATED)
oskid_d[84]$_DFFE_PN0P_/RESETN        320.00  341.98  -21.98 (VIOLATED)
_743871_/A                            320.00  341.97  -21.97 (VIOLATED)
_743877_/A                            320.00  341.97  -21.97 (VIOLATED)
_743820_/A                            320.00  341.95  -21.95 (VIOLATED)
_743975_/A                            320.00  341.95  -21.95 (VIOLATED)
_764017_/A1                           320.00  341.91  -21.91 (VIOLATED)
_740388_/A                            320.00  341.87  -21.87 (VIOLATED)
out_pix_data[60]$_DFFE_PN0P_/RESETN   320.00  341.87  -21.87 (VIOLATED)
_752885_/A                            320.00  341.82  -21.82 (VIOLATED)
_664224_/A                            320.00  341.81  -21.81 (VIOLATED)
_759356_/A1                           320.00  341.74  -21.74 (VIOLATED)
_743905_/A                            320.00  341.70  -21.70 (VIOLATED)
_648584_/A                            320.00  341.47  -21.47 (VIOLATED)
_759273_/A                            320.00  341.44  -21.44 (VIOLATED)
oskid_d[81]$_DFFE_PN0P_/RESETN        320.00  341.43  -21.43 (VIOLATED)
_755016_/A                            320.00  341.37  -21.37 (VIOLATED)
_743826_/A                            320.00  341.29  -21.29 (VIOLATED)
oskid_d[47]$_DFFE_PN0P_/RESETN        320.00  341.26  -21.26 (VIOLATED)
oskid_d[49]$_DFFE_PN0P_/RESETN        320.00  341.25  -21.25 (VIOLATED)
_612420_/A                            320.00  341.22  -21.22 (VIOLATED)
_754161_/A                            320.00  341.18  -21.18 (VIOLATED)
oskid_d[48]$_DFFE_PN0P_/RESETN        320.00  341.13  -21.13 (VIOLATED)
_750665_/A                            320.00  341.11  -21.11 (VIOLATED)
_760678_/A1                           320.00  341.09  -21.09 (VIOLATED)
place75149/A                          320.00  341.04  -21.04 (VIOLATED)
oskid_d[40]$_DFFE_PN0P_/RESETN        320.00  341.00  -21.00 (VIOLATED)
_750666_/A                            320.00  340.99  -20.99 (VIOLATED)
_757821_/B2                           320.00  340.91  -20.91 (VIOLATED)
_754951_/A1                           320.00  340.89  -20.89 (VIOLATED)
_743319_/A                            320.00  340.87  -20.87 (VIOLATED)
_743841_/A                            320.00  340.85  -20.85 (VIOLATED)
_757535_/C                            320.00  340.84  -20.84 (VIOLATED)
_743330_/A                            320.00  340.84  -20.84 (VIOLATED)
_748749_/B                            320.00  340.83  -20.83 (VIOLATED)
oskid_d[41]$_DFFE_PN0P_/RESETN        320.00  340.81  -20.81 (VIOLATED)
_626568_/A                            320.00  340.80  -20.80 (VIOLATED)
_752661_/A                            320.00  340.77  -20.77 (VIOLATED)
_743334_/A                            320.00  340.76  -20.76 (VIOLATED)
_754158_/A                            320.00  340.75  -20.75 (VIOLATED)
_753727_/A1                           320.00  340.70  -20.70 (VIOLATED)
_740710_/A                            320.00  340.66  -20.66 (VIOLATED)
_765509_/A1                           320.00  340.64  -20.64 (VIOLATED)
_743318_/A                            320.00  340.61  -20.61 (VIOLATED)
_758280_/A1                           320.00  340.58  -20.58 (VIOLATED)
oskid_d[89]$_DFFE_PN0P_/RESETN        320.00  340.54  -20.54 (VIOLATED)
_752055_/C                            320.00  340.54  -20.54 (VIOLATED)
in_data_q[138]$_DFFE_PN0P_/RESETN     320.00  340.48  -20.48 (VIOLATED)
place74593/A                          320.00  340.48  -20.48 (VIOLATED)
_612423_/A                            320.00  340.46  -20.46 (VIOLATED)
_743304_/A                            320.00  340.46  -20.46 (VIOLATED)
_648583_/A                            320.00  340.40  -20.40 (VIOLATED)
_746223_/B                            320.00  340.35  -20.35 (VIOLATED)
_759232_/B                            320.00  340.32  -20.32 (VIOLATED)
_743343_/A                            320.00  340.17  -20.17 (VIOLATED)
_737315_/B                            320.00  340.04  -20.04 (VIOLATED)
_749342_/D                            320.00  340.04  -20.04 (VIOLATED)
_757311_/B2                           320.00  340.01  -20.01 (VIOLATED)
_755004_/A1                           320.00  339.90  -19.90 (VIOLATED)
_743338_/A                            320.00  339.80  -19.80 (VIOLATED)
_746154_/B                            320.00  339.79  -19.79 (VIOLATED)
_753110_/A1                           320.00  339.68  -19.68 (VIOLATED)
_741942_/B                            320.00  339.68  -19.68 (VIOLATED)
_760486_/A1                           320.00  339.68  -19.68 (VIOLATED)
_626567_/A                            320.00  339.54  -19.54 (VIOLATED)
_758914_/A                            320.00  339.50  -19.50 (VIOLATED)
_743429_/A                            320.00  339.49  -19.49 (VIOLATED)
place83504/A                          320.00  339.46  -19.46 (VIOLATED)
_752796_/A                            320.00  339.43  -19.43 (VIOLATED)
_752887_/B                            320.00  339.42  -19.42 (VIOLATED)
_754486_/A2                           320.00  339.41  -19.41 (VIOLATED)
_612429_/A                            320.00  339.40  -19.40 (VIOLATED)
_758048_/A1                           320.00  339.33  -19.33 (VIOLATED)
_743438_/A                            320.00  339.30  -19.30 (VIOLATED)
place73767/A                          320.00  339.17  -19.17 (VIOLATED)
_671676_/A                            320.00  339.16  -19.16 (VIOLATED)
_753472_/A                            320.00  339.05  -19.05 (VIOLATED)
_759724_/A1                           320.00  339.00  -19.00 (VIOLATED)
_759228_/A                            320.00  338.97  -18.97 (VIOLATED)
_759227_/A                            320.00  338.95  -18.95 (VIOLATED)
_740357_/B                            320.00  338.95  -18.95 (VIOLATED)
_739776_/B                            320.00  338.89  -18.89 (VIOLATED)
_752822_/A                            320.00  338.89  -18.89 (VIOLATED)
_764016_/A                            320.00  338.87  -18.87 (VIOLATED)
_768724_/A                            320.00  338.86  -18.86 (VIOLATED)
_757293_/A1                           320.00  338.81  -18.81 (VIOLATED)
_739718_/A                            320.00  338.79  -18.79 (VIOLATED)
_739736_/A                            320.00  338.77  -18.77 (VIOLATED)
_739717_/A                            320.00  338.76  -18.76 (VIOLATED)
_671705_/A                            320.00  338.73  -18.73 (VIOLATED)
_759230_/B2                           320.00  338.70  -18.70 (VIOLATED)
_739742_/A                            320.00  338.69  -18.69 (VIOLATED)
_744898_/A                            320.00  338.67  -18.67 (VIOLATED)
_739721_/A                            320.00  338.64  -18.64 (VIOLATED)
out_pix_data[89]$_DFFE_PN0P_/RESETN   320.00  338.61  -18.61 (VIOLATED)
_749332_/D                            320.00  338.61  -18.61 (VIOLATED)
_744896_/A                            320.00  338.53  -18.53 (VIOLATED)
_757515_/A1                           320.00  338.51  -18.51 (VIOLATED)
_648582_/A                            320.00  338.48  -18.48 (VIOLATED)
_749395_/D                            320.00  338.47  -18.47 (VIOLATED)
_752774_/A                            320.00  338.46  -18.46 (VIOLATED)
_757557_/C1                           320.00  338.42  -18.42 (VIOLATED)
place74618/A                          320.00  338.41  -18.41 (VIOLATED)
_756925_/B                            320.00  338.40  -18.40 (VIOLATED)
_749393_/D                            320.00  338.40  -18.40 (VIOLATED)
_752981_/A1                           320.00  338.36  -18.36 (VIOLATED)
_743194_/B                            320.00  338.36  -18.36 (VIOLATED)
_737984_/B                            320.00  338.36  -18.36 (VIOLATED)
_763772_/A                            320.00  338.35  -18.35 (VIOLATED)
_763773_/A1                           320.00  338.33  -18.33 (VIOLATED)
_744894_/A                            320.00  338.26  -18.26 (VIOLATED)
_739730_/A                            320.00  338.24  -18.24 (VIOLATED)
_664221_/A                            320.00  338.20  -18.20 (VIOLATED)
_756963_/B1                           320.00  338.14  -18.14 (VIOLATED)
_743967_/A                            320.00  338.13  -18.13 (VIOLATED)
_744900_/A                            320.00  338.12  -18.12 (VIOLATED)
place75210/A                          320.00  338.05  -18.05 (VIOLATED)
ce_d2[46]$_DFFE_PN0P_/RESETN          320.00  338.04  -18.04 (VIOLATED)
_749383_/B                            320.00  338.03  -18.03 (VIOLATED)
ce_d1[46]$_DFFE_PN0P_/RESETN          320.00  337.97  -17.97 (VIOLATED)
_757075_/C                            320.00  337.93  -17.93 (VIOLATED)
place75266/A                          320.00  337.90  -17.90 (VIOLATED)
_612435_/A                            320.00  337.89  -17.89 (VIOLATED)
_612432_/A                            320.00  337.85  -17.85 (VIOLATED)
_612438_/A                            320.00  337.80  -17.80 (VIOLATED)
_750413_/B2                           320.00  337.80  -17.80 (VIOLATED)
_758929_/A                            320.00  337.59  -17.59 (VIOLATED)
_753018_/C                            320.00  337.56  -17.56 (VIOLATED)
_754447_/A1                           320.00  337.53  -17.53 (VIOLATED)
_739743_/A                            320.00  337.48  -17.48 (VIOLATED)
_758578_/C2                           320.00  337.45  -17.45 (VIOLATED)
_749224_/A                            320.00  337.41  -17.41 (VIOLATED)
_757514_/A1                           320.00  337.29  -17.29 (VIOLATED)
_744840_/A                            320.00  337.23  -17.23 (VIOLATED)
in_data_q[76]$_DFFE_PN0P_/RESETN      320.00  337.15  -17.15 (VIOLATED)
in_data_q[78]$_DFFE_PN0P_/RESETN      320.00  337.13  -17.13 (VIOLATED)
_739720_/A                            320.00  337.12  -17.12 (VIOLATED)
_751688_/A                            320.00  337.07  -17.07 (VIOLATED)
_749304_/B                            320.00  337.05  -17.05 (VIOLATED)
_749010_/A1                           320.00  337.02  -17.02 (VIOLATED)
_758450_/B2                           320.00  336.86  -16.86 (VIOLATED)
_744724_/A                            320.00  336.83  -16.83 (VIOLATED)
_758451_/B2                           320.00  336.62  -16.62 (VIOLATED)
_745653_/B                            320.00  336.60  -16.60 (VIOLATED)
_648581_/A                            320.00  336.57  -16.57 (VIOLATED)
_739725_/A                            320.00  336.57  -16.57 (VIOLATED)
_758307_/B2                           320.00  336.56  -16.56 (VIOLATED)
_744714_/A                            320.00  336.55  -16.55 (VIOLATED)
_754115_/A                            320.00  336.54  -16.54 (VIOLATED)
_764001_/A                            320.00  336.35  -16.35 (VIOLATED)
_748699_/A                            320.00  336.30  -16.30 (VIOLATED)
_739741_/A                            320.00  336.28  -16.28 (VIOLATED)
_764002_/A1                           320.00  336.28  -16.28 (VIOLATED)
_743442_/A                            320.00  336.28  -16.28 (VIOLATED)
_759064_/A1                           320.00  336.25  -16.25 (VIOLATED)
_759474_/B                            320.00  336.22  -16.22 (VIOLATED)
_486270_/A                            320.00  336.16  -16.16 (VIOLATED)
_760785_/A                            320.00  335.99  -15.99 (VIOLATED)
in_data_q[134]$_DFFE_PN0P_/RESETN     320.00  335.95  -15.95 (VIOLATED)
in_data_q[114]$_DFFE_PN0P_/RESETN     320.00  335.82  -15.82 (VIOLATED)
_752909_/C                            320.00  335.79  -15.79 (VIOLATED)
_753016_/C                            320.00  335.75  -15.75 (VIOLATED)
_788005_/A                            320.00  335.74  -15.74 (VIOLATED)
_741411_/B                            320.00  335.71  -15.71 (VIOLATED)
_748729_/A1                           320.00  335.70  -15.70 (VIOLATED)
_739731_/A                            320.00  335.69  -15.69 (VIOLATED)
_742053_/A                            320.00  335.66  -15.66 (VIOLATED)
_739726_/A                            320.00  335.55  -15.55 (VIOLATED)
_639270_/A                            320.00  335.36  -15.36 (VIOLATED)
in_data_q[135]$_DFFE_PN0P_/RESETN     320.00  335.35  -15.35 (VIOLATED)
m_1h[38]$_DFFE_PN0P_/RESETN           320.00  335.33  -15.33 (VIOLATED)
_639271_/A                            320.00  335.32  -15.32 (VIOLATED)
m_1h[41]$_DFFE_PN0P_/RESETN           320.00  335.28  -15.28 (VIOLATED)
in_data_q[17]$_DFFE_PN0P_/RESETN      320.00  335.25  -15.25 (VIOLATED)
_760794_/A1                           320.00  335.25  -15.25 (VIOLATED)
_648580_/A                            320.00  335.24  -15.24 (VIOLATED)
_670868_/A                            320.00  335.19  -15.19 (VIOLATED)
_743247_/B                            320.00  335.16  -15.16 (VIOLATED)
_670867_/A                            320.00  335.11  -15.11 (VIOLATED)
_760020_/B2                           320.00  335.04  -15.04 (VIOLATED)
_750953_/A1                           320.00  335.00  -15.00 (VIOLATED)
_763999_/A                            320.00  334.99  -14.99 (VIOLATED)
_759352_/A                            320.00  334.96  -14.96 (VIOLATED)
place73379/A                          320.00  334.95  -14.95 (VIOLATED)
_664227_/A                            320.00  334.94  -14.94 (VIOLATED)
_749356_/C                            320.00  334.90  -14.90 (VIOLATED)
_480327_/B1                           320.00  334.87  -14.87 (VIOLATED)
_764000_/A1                           320.00  334.85  -14.85 (VIOLATED)
_750970_/A                            320.00  334.83  -14.83 (VIOLATED)
_746612_/A                            320.00  334.80  -14.80 (VIOLATED)
_761210_/A                            320.00  334.77  -14.77 (VIOLATED)
_755625_/B                            320.00  334.75  -14.75 (VIOLATED)
_670866_/A                            320.00  334.73  -14.73 (VIOLATED)
_739724_/A                            320.00  334.70  -14.70 (VIOLATED)
_748883_/B                            320.00  334.70  -14.70 (VIOLATED)
_740381_/A                            320.00  334.67  -14.67 (VIOLATED)
_755623_/A1                           320.00  334.65  -14.65 (VIOLATED)
_538435_/B                            320.00  334.63  -14.63 (VIOLATED)
_763160_/A                            320.00  334.56  -14.56 (VIOLATED)
_763161_/A1                           320.00  334.52  -14.52 (VIOLATED)
_612426_/A                            320.00  334.46  -14.46 (VIOLATED)
_751008_/C                            320.00  334.44  -14.44 (VIOLATED)
_523085_/A1                           320.00  334.44  -14.44 (VIOLATED)
a_sym[16][4]$_DFFE_PN0P_/RESETN       320.00  334.43  -14.43 (VIOLATED)
in_data_q[133]$_DFFE_PN0P_/RESETN     320.00  334.43  -14.43 (VIOLATED)
_739740_/A                            320.00  334.40  -14.40 (VIOLATED)
_760867_/A                            320.00  334.38  -14.38 (VIOLATED)
_639272_/A                            320.00  334.34  -14.34 (VIOLATED)
place73514/A                          320.00  334.22  -14.22 (VIOLATED)
_760205_/A1                           320.00  334.22  -14.22 (VIOLATED)
_764015_/A1                           320.00  334.15  -14.15 (VIOLATED)
m_1h[4]$_DFFE_PN0P_/RESETN            320.00  334.09  -14.09 (VIOLATED)
_755886_/A                            320.00  334.07  -14.07 (VIOLATED)
_756333_/A                            320.00  334.06  -14.06 (VIOLATED)
_756710_/A                            320.00  334.05  -14.05 (VIOLATED)
_671704_/A                            320.00  334.01  -14.01 (VIOLATED)
_556003_/B2                           320.00  333.99  -13.99 (VIOLATED)
_639273_/A                            320.00  333.99  -13.99 (VIOLATED)
_670865_/A                            320.00  333.82  -13.82 (VIOLATED)
_758435_/C                            320.00  333.74  -13.74 (VIOLATED)
_759387_/A1                           320.00  333.72  -13.72 (VIOLATED)
_721819_/A                            320.00  333.67  -13.67 (VIOLATED)
_748907_/C                            320.00  333.65  -13.65 (VIOLATED)
_584417_/A                            320.00  333.59  -13.59 (VIOLATED)
_487143_/B                            320.00  333.57  -13.57 (VIOLATED)
_739722_/A                            320.00  333.49  -13.49 (VIOLATED)
_749364_/A                            320.00  333.37  -13.37 (VIOLATED)
_648579_/A                            320.00  333.35  -13.35 (VIOLATED)
place74659/A                          320.00  333.27  -13.27 (VIOLATED)
_742082_/B                            320.00  333.27  -13.27 (VIOLATED)
_741728_/B                            320.00  333.24  -13.24 (VIOLATED)
_737113_/A                            320.00  333.23  -13.23 (VIOLATED)
_763125_/A1                           320.00  333.14  -13.14 (VIOLATED)
_626566_/A                            320.00  333.10  -13.10 (VIOLATED)
_738564_/B                            320.00  333.09  -13.09 (VIOLATED)
_759788_/C                            320.00  333.06  -13.06 (VIOLATED)
_761107_/A1                           320.00  333.00  -13.00 (VIOLATED)
_740346_/A                            320.00  332.99  -12.99 (VIOLATED)
_671675_/A                            320.00  332.95  -12.95 (VIOLATED)
oskid_d[86]$_DFFE_PN0P_/RESETN        320.00  332.95  -12.95 (VIOLATED)
_639275_/A                            320.00  332.92  -12.92 (VIOLATED)
_512985_/B                            320.00  332.92  -12.92 (VIOLATED)
_624019_/A                            320.00  332.89  -12.89 (VIOLATED)
_740389_/A                            320.00  332.85  -12.85 (VIOLATED)
_639274_/A                            320.00  332.84  -12.84 (VIOLATED)
_754985_/A1                           320.00  332.83  -12.83 (VIOLATED)
_740345_/A                            320.00  332.79  -12.79 (VIOLATED)
_748953_/C                            320.00  332.78  -12.78 (VIOLATED)
in_data_q[132]$_DFFE_PN0P_/RESETN     320.00  332.75  -12.75 (VIOLATED)
_742049_/A                            320.00  332.73  -12.73 (VIOLATED)
_761106_/B                            320.00  332.71  -12.71 (VIOLATED)
_755539_/A                            320.00  332.71  -12.71 (VIOLATED)
_764014_/A                            320.00  332.67  -12.67 (VIOLATED)
_624018_/A                            320.00  332.66  -12.66 (VIOLATED)
_760868_/A                            320.00  332.66  -12.66 (VIOLATED)
_760919_/A                            320.00  332.64  -12.64 (VIOLATED)
_760920_/A1                           320.00  332.58  -12.58 (VIOLATED)
_670864_/A                            320.00  332.53  -12.53 (VIOLATED)
_740338_/A                            320.00  332.53  -12.53 (VIOLATED)
place73448/A                          320.00  332.43  -12.43 (VIOLATED)
place73880/A                          320.00  332.41  -12.41 (VIOLATED)
_760723_/A1                           320.00  332.38  -12.38 (VIOLATED)
_741551_/B                            320.00  332.38  -12.38 (VIOLATED)
_764022_/A                            320.00  332.38  -12.38 (VIOLATED)
_745527_/B                            320.00  332.36  -12.36 (VIOLATED)
_740354_/A                            320.00  332.35  -12.35 (VIOLATED)
_764023_/A1                           320.00  332.27  -12.27 (VIOLATED)
_740018_/B                            320.00  332.25  -12.25 (VIOLATED)
_764021_/A1                           320.00  332.22  -12.22 (VIOLATED)
_482485_/A1                           320.00  332.19  -12.19 (VIOLATED)
_761176_/A1                           320.00  332.18  -12.18 (VIOLATED)
_755417_/A1                           320.00  332.17  -12.17 (VIOLATED)
place74312/A                          320.00  332.10  -12.10 (VIOLATED)
_624017_/A                            320.00  332.09  -12.09 (VIOLATED)
_755416_/A                            320.00  332.08  -12.08 (VIOLATED)
_743844_/A                            320.00  332.08  -12.08 (VIOLATED)
_761175_/C                            320.00  332.05  -12.05 (VIOLATED)
_752047_/D                            320.00  332.02  -12.02 (VIOLATED)
_746610_/B                            320.00  332.01  -12.01 (VIOLATED)
_743356_/A                            320.00  332.01  -12.01 (VIOLATED)
_759334_/B2                           320.00  331.99  -11.99 (VIOLATED)
_759778_/B2                           320.00  331.97  -11.97 (VIOLATED)
_760239_/A1                           320.00  331.93  -11.93 (VIOLATED)
_740721_/B                            320.00  331.87  -11.87 (VIOLATED)
_745548_/B                            320.00  331.87  -11.87 (VIOLATED)
_739713_/A                            320.00  331.70  -11.70 (VIOLATED)
_759284_/A                            320.00  331.68  -11.68 (VIOLATED)
_740348_/A                            320.00  331.67  -11.67 (VIOLATED)
_749342_/C                            320.00  331.62  -11.62 (VIOLATED)
_764020_/A                            320.00  331.62  -11.62 (VIOLATED)
_740352_/A                            320.00  331.53  -11.53 (VIOLATED)
_624016_/A                            320.00  331.52  -11.52 (VIOLATED)
_759336_/A                            320.00  331.44  -11.44 (VIOLATED)
place74838/A                          320.00  331.35  -11.35 (VIOLATED)
place74329/A                          320.00  331.30  -11.30 (VIOLATED)
_743976_/A                            320.00  331.28  -11.28 (VIOLATED)
_740357_/A                            320.00  331.27  -11.27 (VIOLATED)
_760760_/C                            320.00  331.11  -11.11 (VIOLATED)
_504063_/B2                           320.00  331.08  -11.08 (VIOLATED)
in_data_q[137]$_DFFE_PN0P_/RESETN     320.00  331.03  -11.03 (VIOLATED)
_745550_/B                            320.00  331.02  -11.02 (VIOLATED)
_759337_/A1                           320.00  331.00  -11.00 (VIOLATED)
_757361_/A1                           320.00  330.95  -10.95 (VIOLATED)
_749312_/C                            320.00  330.95  -10.95 (VIOLATED)
_752907_/C                            320.00  330.93  -10.93 (VIOLATED)
_749379_/C                            320.00  330.92  -10.92 (VIOLATED)
_755400_/B                            320.00  330.91  -10.91 (VIOLATED)
_756940_/C                            320.00  330.87  -10.87 (VIOLATED)
in_data_q[7]$_DFFE_PN0P_/RESETN       320.00  330.84  -10.84 (VIOLATED)
_670861_/A                            320.00  330.79  -10.79 (VIOLATED)
_759736_/B2                           320.00  330.71  -10.71 (VIOLATED)
_750757_/A                            320.00  330.68  -10.68 (VIOLATED)
_745704_/B                            320.00  330.63  -10.63 (VIOLATED)
_743689_/B                            320.00  330.63  -10.63 (VIOLATED)
place75115/A                          320.00  330.59  -10.59 (VIOLATED)
_664230_/A                            320.00  330.54  -10.53 (VIOLATED)
_740000_/B                            320.00  330.52  -10.52 (VIOLATED)
_753578_/A                            320.00  330.51  -10.51 (VIOLATED)
_670862_/A                            320.00  330.47  -10.47 (VIOLATED)
_751821_/A                            320.00  330.44  -10.44 (VIOLATED)
oskid_d[88]$_DFFE_PN0P_/RESETN        320.00  330.43  -10.43 (VIOLATED)
_624015_/A                            320.00  330.39  -10.39 (VIOLATED)
_750625_/B                            320.00  330.32  -10.32 (VIOLATED)
_671674_/A                            320.00  330.27  -10.27 (VIOLATED)
_752814_/A1                           320.00  330.24  -10.24 (VIOLATED)
_758246_/A1                           320.00  330.20  -10.20 (VIOLATED)
_763124_/A                            320.00  330.16  -10.16 (VIOLATED)
_760343_/A                            320.00  330.15  -10.15 (VIOLATED)
_764763_/A                            320.00  330.15  -10.15 (VIOLATED)
_737291_/B                            320.00  330.12  -10.12 (VIOLATED)
place74323/A                          320.00  330.10  -10.10 (VIOLATED)
_759272_/B2                           320.00  330.10  -10.10 (VIOLATED)
_745600_/B                            320.00  330.08  -10.08 (VIOLATED)
_752810_/A                            320.00  330.04  -10.04 (VIOLATED)
_764764_/A1                           320.00  330.00  -10.00 (VIOLATED)
_756321_/A1                           320.00  329.96   -9.96 (VIOLATED)
_750594_/B                            320.00  329.95   -9.95 (VIOLATED)
_624014_/A                            320.00  329.93   -9.93 (VIOLATED)
_670863_/A                            320.00  329.87   -9.87 (VIOLATED)
_748427_/B                            320.00  329.86   -9.86 (VIOLATED)
_738828_/B                            320.00  329.82   -9.82 (VIOLATED)
place74670/A                          320.00  329.77   -9.77 (VIOLATED)
_755508_/B                            320.00  329.75   -9.75 (VIOLATED)
_764760_/A                            320.00  329.75   -9.75 (VIOLATED)
in_data_q[141]$_DFFE_PN0P_/RESETN     320.00  329.72   -9.72 (VIOLATED)
_757373_/A                            320.00  329.69   -9.69 (VIOLATED)
_737274_/B                            320.00  329.69   -9.69 (VIOLATED)
_764761_/A1                           320.00  329.68   -9.68 (VIOLATED)
_750640_/A                            320.00  329.68   -9.68 (VIOLATED)
_528152_/A1                           320.00  329.67   -9.67 (VIOLATED)
_755504_/A                            320.00  329.61   -9.61 (VIOLATED)
_737784_/B                            320.00  329.57   -9.57 (VIOLATED)
_741987_/A                            320.00  329.55   -9.55 (VIOLATED)
_760990_/A                            320.00  329.53   -9.53 (VIOLATED)
_740154_/B                            320.00  329.51   -9.51 (VIOLATED)
place73234/A                          320.00  329.48   -9.48 (VIOLATED)
_750637_/B2                           320.00  329.45   -9.45 (VIOLATED)
_759731_/A                            320.00  329.44   -9.44 (VIOLATED)
_754165_/A                            320.00  329.43   -9.43 (VIOLATED)
_743911_/A                            320.00  329.40   -9.40 (VIOLATED)
_745642_/A                            320.00  329.37   -9.37 (VIOLATED)
_739729_/A                            320.00  329.36   -9.36 (VIOLATED)
_746612_/B                            320.00  329.35   -9.35 (VIOLATED)
_751914_/A1                           320.00  329.35   -9.35 (VIOLATED)
_748227_/A1                           320.00  329.31   -9.31 (VIOLATED)
_748707_/A                            320.00  329.31   -9.31 (VIOLATED)
_737607_/B                            320.00  329.30   -9.30 (VIOLATED)
_745624_/A                            320.00  329.25   -9.25 (VIOLATED)
_745727_/B                            320.00  329.22   -9.22 (VIOLATED)
_756927_/A1                           320.00  329.21   -9.21 (VIOLATED)
_759911_/B                            320.00  329.21   -9.21 (VIOLATED)
place73220/A                          320.00  329.18   -9.18 (VIOLATED)
_740108_/B                            320.00  329.15   -9.15 (VIOLATED)
place74548/A                          320.00  329.14   -9.14 (VIOLATED)
_764757_/A1                           320.00  329.12   -9.12 (VIOLATED)
_745651_/A                            320.00  329.09   -9.09 (VIOLATED)
_739728_/A                            320.00  329.07   -9.07 (VIOLATED)
_745877_/B                            320.00  329.05   -9.05 (VIOLATED)
_755505_/A                            320.00  329.02   -9.02 (VIOLATED)
_763775_/A1                           320.00  328.97   -8.97 (VIOLATED)
_764756_/A                            320.00  328.91   -8.91 (VIOLATED)
_745725_/B                            320.00  328.77   -8.77 (VIOLATED)
_639276_/A                            320.00  328.75   -8.75 (VIOLATED)
_754983_/A                            320.00  328.74   -8.74 (VIOLATED)
_756997_/C                            320.00  328.72   -8.72 (VIOLATED)
_745528_/B                            320.00  328.68   -8.68 (VIOLATED)
_745571_/B                            320.00  328.61   -8.61 (VIOLATED)
_545192_/A                            320.00  328.60   -8.60 (VIOLATED)
_748671_/A                            320.00  328.57   -8.57 (VIOLATED)
place83516/A                          320.00  328.57   -8.57 (VIOLATED)
_759462_/C                            320.00  328.55   -8.55 (VIOLATED)
_545174_/B2                           320.00  328.52   -8.52 (VIOLATED)
_664233_/A                            320.00  328.51   -8.51 (VIOLATED)
_739735_/A                            320.00  328.49   -8.49 (VIOLATED)
_745638_/A                            320.00  328.49   -8.49 (VIOLATED)
_764753_/A                            320.00  328.49   -8.49 (VIOLATED)
_764754_/A1                           320.00  328.47   -8.47 (VIOLATED)
_749346_/D                            320.00  328.44   -8.44 (VIOLATED)
a_sym[0][4]$_DFFE_PN0P_/RESETN        320.00  328.42   -8.42 (VIOLATED)
a_sym[1][4]$_DFFE_PN0P_/RESETN        320.00  328.40   -8.40 (VIOLATED)
a_sym[3][4]$_DFFE_PN0P_/RESETN        320.00  328.38   -8.38 (VIOLATED)
_739786_/B                            320.00  328.38   -8.38 (VIOLATED)
a_sym[4][4]$_DFFE_PN0P_/RESETN        320.00  328.38   -8.38 (VIOLATED)
_768190_/A                            320.00  328.35   -8.35 (VIOLATED)
_660635_/A                            320.00  328.35   -8.35 (VIOLATED)
_759396_/B2                           320.00  328.29   -8.29 (VIOLATED)
_748662_/A                            320.00  328.26   -8.26 (VIOLATED)
place74849/A                          320.00  328.21   -8.21 (VIOLATED)
_744913_/A                            320.00  328.20   -8.20 (VIOLATED)
wire18495/A                           320.00  328.19   -8.19 (VIOLATED)
_745637_/A                            320.00  328.13   -8.13 (VIOLATED)
_660634_/A                            320.00  328.09   -8.09 (VIOLATED)
_741905_/B                            320.00  328.09   -8.09 (VIOLATED)
_745705_/B                            320.00  328.04   -8.04 (VIOLATED)
_765503_/B                            320.00  327.95   -7.95 (VIOLATED)
_763735_/A1                           320.00  327.88   -7.88 (VIOLATED)
_745650_/A                            320.00  327.88   -7.88 (VIOLATED)
_763734_/A                            320.00  327.87   -7.87 (VIOLATED)
_765844_/A1                           320.00  327.86   -7.86 (VIOLATED)
_742518_/B                            320.00  327.86   -7.86 (VIOLATED)
_754935_/A                            320.00  327.82   -7.82 (VIOLATED)
_745627_/A                            320.00  327.82   -7.82 (VIOLATED)
_754934_/A1                           320.00  327.78   -7.78 (VIOLATED)
_748691_/A1                           320.00  327.77   -7.77 (VIOLATED)
_755541_/B2                           320.00  327.76   -7.76 (VIOLATED)
_496893_/A                            320.00  327.73   -7.73 (VIOLATED)
_755648_/B2                           320.00  327.73   -7.73 (VIOLATED)
_745641_/A                            320.00  327.66   -7.66 (VIOLATED)
_660633_/A                            320.00  327.61   -7.61 (VIOLATED)
_751825_/A                            320.00  327.59   -7.59 (VIOLATED)
_755824_/A1                           320.00  327.59   -7.59 (VIOLATED)
_745679_/A                            320.00  327.58   -7.58 (VIOLATED)
_757804_/A                            320.00  327.57   -7.57 (VIOLATED)
_616132_/A                            320.00  327.55   -7.55 (VIOLATED)
_740350_/A                            320.00  327.54   -7.54 (VIOLATED)
_644443_/A                            320.00  327.51   -7.51 (VIOLATED)
_739170_/B                            320.00  327.50   -7.50 (VIOLATED)
_761229_/A                            320.00  327.50   -7.50 (VIOLATED)
_743830_/A                            320.00  327.46   -7.46 (VIOLATED)
_749452_/A1                           320.00  327.34   -7.34 (VIOLATED)
_760525_/A                            320.00  327.31   -7.31 (VIOLATED)
_753584_/B                            320.00  327.26   -7.26 (VIOLATED)
_624013_/A                            320.00  327.23   -7.23 (VIOLATED)
_616131_/A                            320.00  327.18   -7.18 (VIOLATED)
_759203_/C                            320.00  327.17   -7.17 (VIOLATED)
_739461_/B                            320.00  327.14   -7.14 (VIOLATED)
_755545_/A2                           320.00  327.10   -7.10 (VIOLATED)
_758327_/B2                           320.00  327.03   -7.03 (VIOLATED)
_745657_/A                            320.00  327.03   -7.03 (VIOLATED)
_741984_/A                            320.00  327.03   -7.03 (VIOLATED)
out_pix_data[46]$_DFFE_PN0P_/RESETN   320.00  326.97   -6.97 (VIOLATED)
_745956_/B                            320.00  326.97   -6.97 (VIOLATED)
_758079_/A1                           320.00  326.91   -6.91 (VIOLATED)
_760286_/A1                           320.00  326.88   -6.88 (VIOLATED)
out_pix_data[45]$_DFFE_PN0P_/RESETN   320.00  326.87   -6.87 (VIOLATED)
_757056_/A1                           320.00  326.87   -6.87 (VIOLATED)
_758347_/A                            320.00  326.86   -6.86 (VIOLATED)
_755553_/A                            320.00  326.76   -6.76 (VIOLATED)
_660632_/A                            320.00  326.74   -6.74 (VIOLATED)
_745655_/A                            320.00  326.74   -6.74 (VIOLATED)
_752804_/B                            320.00  326.73   -6.73 (VIOLATED)
_739715_/A                            320.00  326.67   -6.67 (VIOLATED)
_753634_/A                            320.00  326.67   -6.67 (VIOLATED)
_761230_/A1                           320.00  326.66   -6.66 (VIOLATED)
_660631_/A                            320.00  326.66   -6.66 (VIOLATED)
_763741_/A                            320.00  326.66   -6.66 (VIOLATED)
_761037_/A1                           320.00  326.63   -6.63 (VIOLATED)
out_pix_data[44]$_DFFE_PN0P_/RESETN   320.00  326.62   -6.62 (VIOLATED)
_757055_/A                            320.00  326.61   -6.61 (VIOLATED)
_746524_/B                            320.00  326.57   -6.57 (VIOLATED)
_616130_/A                            320.00  326.55   -6.55 (VIOLATED)
_749332_/C                            320.00  326.50   -6.50 (VIOLATED)
_749395_/C                            320.00  326.37   -6.37 (VIOLATED)
_738692_/B                            320.00  326.34   -6.34 (VIOLATED)
_763111_/A1                           320.00  326.32   -6.32 (VIOLATED)
_739254_/B                            320.00  326.27   -6.27 (VIOLATED)
_644440_/A                            320.00  326.26   -6.26 (VIOLATED)
_749383_/A                            320.00  326.21   -6.21 (VIOLATED)
_757075_/B                            320.00  326.21   -6.21 (VIOLATED)
_745639_/B                            320.00  326.18   -6.18 (VIOLATED)
_755926_/B2                           320.00  326.13   -6.13 (VIOLATED)
_616129_/A                            320.00  326.13   -6.13 (VIOLATED)
_639420_/A                            320.00  326.10   -6.10 (VIOLATED)
_743977_/A                            320.00  326.08   -6.08 (VIOLATED)
_763110_/A                            320.00  326.08   -6.08 (VIOLATED)
_749393_/C                            320.00  326.07   -6.07 (VIOLATED)
_756936_/B                            320.00  326.07   -6.07 (VIOLATED)
_763744_/A                            320.00  325.99   -5.99 (VIOLATED)
ce_d1[42]$_DFFE_PN0P_/RESETN          320.00  325.92   -5.92 (VIOLATED)
oskid_d[44]$_DFFE_PN0P_/RESETN        320.00  325.90   -5.90 (VIOLATED)
_750640_/B                            320.00  325.82   -5.82 (VIOLATED)
_755502_/A                            320.00  325.78   -5.78 (VIOLATED)
_639277_/A                            320.00  325.78   -5.78 (VIOLATED)
oskid_d[45]$_DFFE_PN0P_/RESETN        320.00  325.77   -5.77 (VIOLATED)
_740773_/A                            320.00  325.77   -5.77 (VIOLATED)
_750788_/A2                           320.00  325.75   -5.75 (VIOLATED)
oskid_d[43]$_DFFE_PN0P_/RESETN        320.00  325.73   -5.73 (VIOLATED)
_754280_/A                            320.00  325.70   -5.70 (VIOLATED)
_742803_/B                            320.00  325.70   -5.70 (VIOLATED)
ce_d2[42]$_DFFE_PN0P_/RESETN          320.00  325.67   -5.67 (VIOLATED)
_624012_/A                            320.00  325.56   -5.56 (VIOLATED)
_621147_/A                            320.00  325.55   -5.55 (VIOLATED)
_743355_/A                            320.00  325.50   -5.50 (VIOLATED)
_755592_/A1                           320.00  325.44   -5.44 (VIOLATED)
_738578_/A                            320.00  325.40   -5.40 (VIOLATED)
_738575_/A                            320.00  325.38   -5.38 (VIOLATED)
_751714_/A                            320.00  325.36   -5.36 (VIOLATED)
_760389_/B                            320.00  325.35   -5.35 (VIOLATED)
_745568_/B                            320.00  325.34   -5.34 (VIOLATED)
_754168_/A                            320.00  325.34   -5.34 (VIOLATED)
_738568_/A                            320.00  325.31   -5.31 (VIOLATED)
_616128_/A                            320.00  325.31   -5.31 (VIOLATED)
_761200_/A                            320.00  325.29   -5.29 (VIOLATED)
_763774_/A                            320.00  325.25   -5.25 (VIOLATED)
oskid_d[46]$_DFFE_PN0P_/RESETN        320.00  325.25   -5.25 (VIOLATED)
_753478_/B2                           320.00  325.18   -5.18 (VIOLATED)
_760192_/A1                           320.00  325.15   -5.15 (VIOLATED)
oskid_d[42]$_DFFE_PN0P_/RESETN        320.00  325.10   -5.10 (VIOLATED)
_753623_/B2                           320.00  325.07   -5.07 (VIOLATED)
_749379_/B                            320.00  325.02   -5.02 (VIOLATED)
_745926_/B                            320.00  324.99   -4.99 (VIOLATED)
_738563_/A                            320.00  324.96   -4.96 (VIOLATED)
place74018/A                          320.00  324.94   -4.94 (VIOLATED)
_788040_/A                            320.00  324.88   -4.88 (VIOLATED)
out_pix_data[42]$_DFFE_PN0P_/RESETN   320.00  324.85   -4.85 (VIOLATED)
_741943_/B                            320.00  324.80   -4.80 (VIOLATED)
_738633_/A                            320.00  324.74   -4.74 (VIOLATED)
_760227_/C                            320.00  324.72   -4.72 (VIOLATED)
_743327_/A                            320.00  324.69   -4.69 (VIOLATED)
_626565_/A                            320.00  324.68   -4.68 (VIOLATED)
place74799/A                          320.00  324.62   -4.62 (VIOLATED)
_616127_/A                            320.00  324.61   -4.61 (VIOLATED)
_750631_/B                            320.00  324.60   -4.60 (VIOLATED)
_757082_/C2                           320.00  324.58   -4.58 (VIOLATED)
_760386_/C                            320.00  324.57   -4.57 (VIOLATED)
_739739_/A                            320.00  324.54   -4.54 (VIOLATED)
_749312_/B                            320.00  324.52   -4.52 (VIOLATED)
_745657_/B                            320.00  324.51   -4.51 (VIOLATED)
_496854_/C                            320.00  324.47   -4.47 (VIOLATED)
_624010_/A                            320.00  324.47   -4.47 (VIOLATED)
_739747_/A                            320.00  324.46   -4.46 (VIOLATED)
_644422_/A                            320.00  324.38   -4.38 (VIOLATED)
_644416_/A                            320.00  324.38   -4.38 (VIOLATED)
_739745_/A                            320.00  324.34   -4.34 (VIOLATED)
_745745_/B                            320.00  324.30   -4.30 (VIOLATED)
_760229_/C                            320.00  324.29   -4.29 (VIOLATED)
_760837_/C                            320.00  324.25   -4.25 (VIOLATED)
_754136_/A                            320.00  324.20   -4.20 (VIOLATED)
_743126_/B                            320.00  324.09   -4.09 (VIOLATED)
_738723_/A                            320.00  324.07   -4.07 (VIOLATED)
_759263_/A1                           320.00  324.06   -4.06 (VIOLATED)
_616126_/A                            320.00  324.06   -4.06 (VIOLATED)
_644419_/A                            320.00  324.02   -4.02 (VIOLATED)
_739719_/A                            320.00  323.93   -3.93 (VIOLATED)
_739723_/A                            320.00  323.92   -3.92 (VIOLATED)
_758094_/B2                           320.00  323.92   -3.92 (VIOLATED)
_759724_/B2                           320.00  323.90   -3.90 (VIOLATED)
_756225_/A1                           320.00  323.79   -3.79 (VIOLATED)
_745619_/B                            320.00  323.75   -3.75 (VIOLATED)
_748674_/A                            320.00  323.71   -3.71 (VIOLATED)
_739734_/A                            320.00  323.70   -3.70 (VIOLATED)
_486162_/A                            320.00  323.66   -3.66 (VIOLATED)
_737961_/B                            320.00  323.64   -3.64 (VIOLATED)
place74174/A                          320.00  323.59   -3.59 (VIOLATED)
_480399_/B                            320.00  323.57   -3.57 (VIOLATED)
_748711_/A                            320.00  323.53   -3.53 (VIOLATED)
_751927_/B                            320.00  323.51   -3.51 (VIOLATED)
ce_d2[43]$_DFFE_PN0P_/RESETN          320.00  323.51   -3.51 (VIOLATED)
_738771_/B                            320.00  323.47   -3.47 (VIOLATED)
_749003_/B2                           320.00  323.45   -3.45 (VIOLATED)
_748667_/A                            320.00  323.42   -3.42 (VIOLATED)
_760232_/B2                           320.00  323.40   -3.40 (VIOLATED)
_760125_/C                            320.00  323.24   -3.24 (VIOLATED)
_516970_/B                            320.00  323.23   -3.23 (VIOLATED)
_639278_/A                            320.00  323.21   -3.21 (VIOLATED)
_644425_/A                            320.00  323.18   -3.18 (VIOLATED)
_738698_/A                            320.00  323.05   -3.05 (VIOLATED)
_754286_/A                            320.00  323.04   -3.04 (VIOLATED)
_755015_/A                            320.00  323.03   -3.03 (VIOLATED)
_616125_/A                            320.00  322.99   -2.99 (VIOLATED)
_750742_/B                            320.00  322.94   -2.94 (VIOLATED)
_624011_/A                            320.00  322.87   -2.87 (VIOLATED)
_639389_/A                            320.00  322.87   -2.87 (VIOLATED)
_752810_/B                            320.00  322.85   -2.85 (VIOLATED)
_738571_/A                            320.00  322.82   -2.82 (VIOLATED)
_775906_/A                            320.00  322.81   -2.81 (VIOLATED)
_752115_/A1                           320.00  322.78   -2.78 (VIOLATED)
out_pix_data[47]$_DFFE_PN0P_/RESETN   320.00  322.77   -2.77 (VIOLATED)
_739346_/B                            320.00  322.70   -2.70 (VIOLATED)
_644437_/A                            320.00  322.68   -2.68 (VIOLATED)
_746098_/A                            320.00  322.66   -2.66 (VIOLATED)
_736871_/B                            320.00  322.61   -2.61 (VIOLATED)
_763589_/A                            320.00  322.61   -2.61 (VIOLATED)
_752052_/C2                           320.00  322.58   -2.58 (VIOLATED)
_750417_/A                            320.00  322.56   -2.56 (VIOLATED)
_751095_/A1                           320.00  322.53   -2.53 (VIOLATED)
_749491_/A1                           320.00  322.52   -2.52 (VIOLATED)
_753730_/B2                           320.00  322.48   -2.48 (VIOLATED)
_763590_/A1                           320.00  322.45   -2.45 (VIOLATED)
_745016_/A                            320.00  322.41   -2.41 (VIOLATED)
_762221_/B                            320.00  322.38   -2.38 (VIOLATED)
_762217_/B                            320.00  322.36   -2.36 (VIOLATED)
_759664_/A1                           320.00  322.35   -2.35 (VIOLATED)
_739744_/A                            320.00  322.33   -2.33 (VIOLATED)
_621148_/A                            320.00  322.33   -2.33 (VIOLATED)
in_data_q[74]$_DFFE_PN0P_/RESETN      320.00  322.29   -2.29 (VIOLATED)
_759641_/B                            320.00  322.29   -2.29 (VIOLATED)
_757132_/B2                           320.00  322.26   -2.26 (VIOLATED)
_759667_/A1                           320.00  322.24   -2.24 (VIOLATED)
_759666_/A                            320.00  322.15   -2.15 (VIOLATED)
_745627_/B                            320.00  322.13   -2.13 (VIOLATED)
place74003/A                          320.00  322.11   -2.11 (VIOLATED)
_756599_/A1                           320.00  322.04   -2.04 (VIOLATED)
_480810_/C                            320.00  322.01   -2.01 (VIOLATED)
_482510_/C                            320.00  321.99   -1.99 (VIOLATED)
place74254/A                          320.00  321.97   -1.97 (VIOLATED)
_755637_/B2                           320.00  321.94   -1.94 (VIOLATED)
_742147_/A                            320.00  321.91   -1.91 (VIOLATED)
_742086_/A                            320.00  321.90   -1.90 (VIOLATED)
_753611_/A                            320.00  321.87   -1.87 (VIOLATED)
_760541_/A1                           320.00  321.83   -1.83 (VIOLATED)
place73893/A                          320.00  321.82   -1.82 (VIOLATED)
_644428_/A                            320.00  321.82   -1.82 (VIOLATED)
_762223_/B                            320.00  321.79   -1.79 (VIOLATED)
_742144_/A                            320.00  321.76   -1.76 (VIOLATED)
a_sym[12][4]$_DFFE_PN0P_/RESETN       320.00  321.70   -1.70 (VIOLATED)
_738701_/A                            320.00  321.69   -1.69 (VIOLATED)
place73862/A                          320.00  321.67   -1.67 (VIOLATED)
_758465_/A                            320.00  321.65   -1.65 (VIOLATED)
_755508_/A1                           320.00  321.64   -1.64 (VIOLATED)
out_pix_data[43]$_DFFE_PN0P_/RESETN   320.00  321.63   -1.63 (VIOLATED)
_744169_/B                            320.00  321.63   -1.63 (VIOLATED)
_762219_/B                            320.00  321.62   -1.62 (VIOLATED)
_762218_/B                            320.00  321.57   -1.57 (VIOLATED)
_758722_/A1                           320.00  321.56   -1.56 (VIOLATED)
_742145_/A                            320.00  321.51   -1.51 (VIOLATED)
_685586_/A                            320.00  321.50   -1.50 (VIOLATED)
_758412_/A1                           320.00  321.46   -1.46 (VIOLATED)
_762216_/B                            320.00  321.46   -1.46 (VIOLATED)
_758587_/A                            320.00  321.45   -1.45 (VIOLATED)
_738138_/B                            320.00  321.44   -1.44 (VIOLATED)
_745659_/A                            320.00  321.44   -1.44 (VIOLATED)
_759459_/A1                           320.00  321.44   -1.44 (VIOLATED)
_749329_/D                            320.00  321.43   -1.43 (VIOLATED)
_480391_/C                            320.00  321.40   -1.40 (VIOLATED)
_758408_/A1                           320.00  321.33   -1.33 (VIOLATED)
_756968_/C                            320.00  321.27   -1.27 (VIOLATED)
_759048_/C                            320.00  321.26   -1.26 (VIOLATED)
_626563_/A                            320.00  321.25   -1.25 (VIOLATED)
_755847_/A2                           320.00  321.23   -1.23 (VIOLATED)
_480711_/C                            320.00  321.21   -1.21 (VIOLATED)
_762194_/B                            320.00  321.19   -1.19 (VIOLATED)
_758591_/A                            320.00  321.17   -1.17 (VIOLATED)
_745838_/B                            320.00  321.17   -1.17 (VIOLATED)
_748761_/C                            320.00  321.09   -1.09 (VIOLATED)
out_pix_data[61]$_DFFE_PN0P_/RESETN   320.00  321.09   -1.09 (VIOLATED)
_740063_/B                            320.00  321.09   -1.09 (VIOLATED)
place73977/A                          320.00  321.08   -1.08 (VIOLATED)
_626564_/A                            320.00  321.06   -1.06 (VIOLATED)
_742085_/A                            320.00  321.05   -1.05 (VIOLATED)
_482522_/C                            320.00  321.01   -1.01 (VIOLATED)
_748279_/A                            320.00  321.00   -1.00 (VIOLATED)
_754857_/A                            320.00  321.00   -1.00 (VIOLATED)
_671673_/A                            320.00  320.95   -0.95 (VIOLATED)
_660490_/A                            320.00  320.94   -0.94 (VIOLATED)
_742084_/A                            320.00  320.94   -0.94 (VIOLATED)
_753468_/A                            320.00  320.90   -0.90 (VIOLATED)
_755518_/B2                           320.00  320.81   -0.81 (VIOLATED)
_755115_/A                            320.00  320.80   -0.80 (VIOLATED)
_762215_/B                            320.00  320.75   -0.75 (VIOLATED)
_660489_/A                            320.00  320.70   -0.70 (VIOLATED)
place73219/A                          320.00  320.66   -0.66 (VIOLATED)
_616124_/A                            320.00  320.66   -0.66 (VIOLATED)
_754289_/A                            320.00  320.65   -0.65 (VIOLATED)
_738492_/B                            320.00  320.58   -0.58 (VIOLATED)
_742607_/B                            320.00  320.57   -0.57 (VIOLATED)
_738677_/B                            320.00  320.51   -0.51 (VIOLATED)
in_data_q[14]$_DFFE_PN0P_/RESETN      320.00  320.47   -0.47 (VIOLATED)
in_data_q[1]$_DFFE_PN0P_/RESETN       320.00  320.45   -0.45 (VIOLATED)
_763804_/A1                           320.00  320.40   -0.40 (VIOLATED)
_763800_/A1                           320.00  320.36   -0.36 (VIOLATED)
_742146_/A                            320.00  320.35   -0.35 (VIOLATED)
out_pix_data[86]$_DFFE_PN0P_/RESETN   320.00  320.33   -0.33 (VIOLATED)
_741589_/B                            320.00  320.29   -0.29 (VIOLATED)
_742153_/A                            320.00  320.28   -0.28 (VIOLATED)
_763802_/A                            320.00  320.26   -0.26 (VIOLATED)
_751780_/C                            320.00  320.22   -0.22 (VIOLATED)
_763592_/A                            320.00  320.19   -0.19 (VIOLATED)
_480706_/C                            320.00  320.16   -0.16 (VIOLATED)
_763799_/A                            320.00  320.16   -0.16 (VIOLATED)
a_sym[15][0]$_DFFE_PN0P_/RESETN       320.00  320.16   -0.16 (VIOLATED)
_738697_/A                            320.00  320.14   -0.14 (VIOLATED)
_741985_/A                            320.00  320.09   -0.09 (VIOLATED)
_480373_/B2                           320.00  320.04   -0.04 (VIOLATED)

==== FF_clock_checks ====
Group                                  Slack
--------------------------------------------
No paths found.

==== FF_skew_setup ====
Clock core_clock
 555.52 source latency icnt[0]$_DFF_PN0_/CLK ^
-199.08 target latency _788069_/CLK ^
 150.00 clock uncertainty
  -1.26 CRPR
--------------
 505.18 setup skew

Clock vclk_core_clock
No launch/capture paths found.

Clock vclk_mem
No launch/capture paths found.

==== FF_skew_hold ====
Clock core_clock
 542.35 source latency icnt[0]$_DFF_PN0_/CLK ^
-206.35 target latency _788069_/CLK ^
 -30.00 clock uncertainty
  -1.26 CRPR
--------------
 304.74 hold skew

Clock vclk_core_clock
No launch/capture paths found.

Clock vclk_mem
No launch/capture paths found.

==== endpoint_enumeration ====
reg_data_pins  23399
reg_clk_pins   20985
all_ports      16873
==== DONE_MARKER ====
