LOADED_LIB /root/ORFS/flow/platforms/asap7/lib/NLDM/asap7sc7p5t_AO_RVT_SS_nldm_211120.lib.gz
LOADED_LIB /root/ORFS/flow/platforms/asap7/lib/NLDM/asap7sc7p5t_INVBUF_RVT_SS_nldm_220122.lib.gz
LOADED_LIB /root/ORFS/flow/platforms/asap7/lib/NLDM/asap7sc7p5t_OA_RVT_SS_nldm_211120.lib.gz
LOADED_LIB /root/ORFS/flow/platforms/asap7/lib/NLDM/asap7sc7p5t_SIMPLE_RVT_SS_nldm_211120.lib.gz
Warning 1212: /root/ORFS/flow/platforms/asap7/lib/NLDM/asap7sc7p5t_SIMPLE_RVT_SS_nldm_211120.lib.gz line 13156, timing group from output port.
Warning 1212: /root/ORFS/flow/platforms/asap7/lib/NLDM/asap7sc7p5t_SIMPLE_RVT_SS_nldm_211120.lib.gz line 13189, timing group from output port.
Warning 1212: /root/ORFS/flow/platforms/asap7/lib/NLDM/asap7sc7p5t_SIMPLE_RVT_SS_nldm_211120.lib.gz line 13222, timing group from output port.
Warning 1212: /root/ORFS/flow/platforms/asap7/lib/NLDM/asap7sc7p5t_SIMPLE_RVT_SS_nldm_211120.lib.gz line 13255, timing group from output port.
Warning 1212: /root/ORFS/flow/platforms/asap7/lib/NLDM/asap7sc7p5t_SIMPLE_RVT_SS_nldm_211120.lib.gz line 13288, timing group from output port.
Warning 1212: /root/ORFS/flow/platforms/asap7/lib/NLDM/asap7sc7p5t_SIMPLE_RVT_SS_nldm_211120.lib.gz line 13321, timing group from output port.
Warning 1212: /root/ORFS/flow/platforms/asap7/lib/NLDM/asap7sc7p5t_SIMPLE_RVT_SS_nldm_211120.lib.gz line 13354, timing group from output port.
Warning 1212: /root/ORFS/flow/platforms/asap7/lib/NLDM/asap7sc7p5t_SIMPLE_RVT_SS_nldm_211120.lib.gz line 14748, timing group from output port.
Warning 1212: /root/ORFS/flow/platforms/asap7/lib/NLDM/asap7sc7p5t_SIMPLE_RVT_SS_nldm_211120.lib.gz line 14781, timing group from output port.
Warning 1212: /root/ORFS/flow/platforms/asap7/lib/NLDM/asap7sc7p5t_SIMPLE_RVT_SS_nldm_211120.lib.gz line 14814, timing group from output port.
LOADED_LIB /root/ORFS/flow/platforms/asap7/lib/NLDM/asap7sc7p5t_SEQ_RVT_SS_nldm_220123.lib
==== worst_slack_max ====
worst slack max -997.57
==== worst_slack_min ====
worst slack min -219.01
==== tns_max ====
tns max -5753594.50
==== tns_min ====
tns min -1395644.12
==== paths_by_group_setup ====
max_delay/setup group core_clock

                                     Required  Actual
Endpoint                               Delay   Delay   Slack
------------------------------------------------------------
c_fut[39]$_DFF_P_/D (DFFHQNx1_ASAP7_75t_R) 1730.37 2727.94 -997.57 (VIOLATED)

max_delay/setup group vclk_core_clock

                                     Required  Actual
Endpoint                               Delay   Delay   Slack
------------------------------------------------------------
out_pix_rdy (output)                 1600.00 1427.79  172.21 (MET)

max_delay/setup group vclk_mem

                                     Required  Actual
Endpoint                               Delay   Delay   Slack
------------------------------------------------------------
mem_wdata[909] (output)              1700.00 2353.46 -653.46 (VIOLATED)

==== paths_by_group_hold ====
min_delay/hold group core_clock

                                     Required  Actual
Endpoint                               Delay   Delay   Slack
------------------------------------------------------------
rdata_q[7749]$_DFFE_PP_/D (DFFHQNx1_ASAP7_75t_R) 1048.01  829.01 -219.01 (VIOLATED)

min_delay/hold group vclk_core_clock

                                     Required  Actual
Endpoint                               Delay   Delay   Slack
------------------------------------------------------------
out_pix_data[116] (output)            300.00  987.37  687.37 (MET)

min_delay/hold group vclk_mem

                                     Required  Actual
Endpoint                               Delay   Delay   Slack
------------------------------------------------------------
mem_ce[24] (output)                   300.00 1030.62  730.62 (MET)

==== check_types ====
max slew

Pin                                    Limit    Slew   Slack
------------------------------------------------------------
place79677/A                          320.00  744.71 -424.71 (VIOLATED)
place77893/A                          320.00  705.51 -385.51 (VIOLATED)
_483589_/A                            320.00  695.69 -375.69 (VIOLATED)
_584217_/A                            320.00  674.76 -354.76 (VIOLATED)
place79385/A                          320.00  673.85 -353.85 (VIOLATED)
_743668_/B                            320.00  673.46 -353.46 (VIOLATED)
place79390/A                          320.00  669.91 -349.91 (VIOLATED)
place79379/A                          320.00  669.43 -349.43 (VIOLATED)
in_data_q[125]$_DFFE_PN0P_/QN         320.00  668.41 -348.41 (VIOLATED)
_743664_/B                            320.00  652.62 -332.62 (VIOLATED)
place79345/A                          320.00  652.61 -332.61 (VIOLATED)
place79338/A                          320.00  649.71 -329.71 (VIOLATED)
place79337/A                          320.00  649.23 -329.23 (VIOLATED)
place78095/A                          320.00  648.52 -328.52 (VIOLATED)
in_data_q[129]$_DFFE_PN0P_/QN         320.00  648.31 -328.31 (VIOLATED)
place78103/A                          320.00  647.55 -327.55 (VIOLATED)
_743540_/B                            320.00  647.42 -327.42 (VIOLATED)
place78096/A                          320.00  646.01 -326.01 (VIOLATED)
in_data_q[80]$_DFFE_PN0P_/QN          320.00  645.65 -325.65 (VIOLATED)
_488923_/A                            320.00  639.62 -319.62 (VIOLATED)
_521815_/A                            320.00  638.79 -318.79 (VIOLATED)
_585132_/A                            320.00  635.48 -315.48 (VIOLATED)
place79062/A                          320.00  633.79 -313.79 (VIOLATED)
_584596_/A                            320.00  627.14 -307.14 (VIOLATED)
_736870_/A                            320.00  618.07 -298.07 (VIOLATED)
place79065/A                          320.00  616.62 -296.62 (VIOLATED)
in_data_q[150]$_DFFE_PN0P_/QN         320.00  614.98 -294.98 (VIOLATED)
_768879_/A                            320.00  612.58 -292.58 (VIOLATED)
_736908_/A                            320.00  610.76 -290.76 (VIOLATED)
place79182/A                          320.00  610.56 -290.56 (VIOLATED)
place79598/A                          320.00  608.74 -288.74 (VIOLATED)
place77899/A                          320.00  608.44 -288.44 (VIOLATED)
in_data_q[95]$_DFFE_PN0P_/QN          320.00  608.28 -288.28 (VIOLATED)
_745225_/B                            320.00  607.77 -287.77 (VIOLATED)
place79176/A                          320.00  606.70 -286.70 (VIOLATED)
in_data_q[141]$_DFFE_PN0P_/QN         320.00  604.08 -284.08 (VIOLATED)
place79686/A                          320.00  600.75 -280.75 (VIOLATED)
in_data_q[102]$_DFFE_PN0P_/QN         320.00  600.74 -280.74 (VIOLATED)
place79643/A                          320.00  597.91 -277.91 (VIOLATED)
_744102_/B                            320.00  597.24 -277.24 (VIOLATED)
place78469/A                          320.00  596.75 -276.75 (VIOLATED)
_743689_/B                            320.00  595.19 -275.19 (VIOLATED)
place77833/A                          320.00  592.62 -272.62 (VIOLATED)
_744150_/B                            320.00  591.94 -271.94 (VIOLATED)
_745194_/B                            320.00  589.35 -269.35 (VIOLATED)
_745371_/B                            320.00  589.14 -269.14 (VIOLATED)
place79635/A                          320.00  587.48 -267.48 (VIOLATED)
place77826/A                          320.00  587.15 -267.15 (VIOLATED)
in_data_q[9]$_DFFE_PN0P_/QN           320.00  586.79 -266.79 (VIOLATED)
place78475/A                          320.00  586.67 -266.67 (VIOLATED)
_745500_/B                            320.00  586.47 -266.47 (VIOLATED)
place79634/A                          320.00  585.23 -265.23 (VIOLATED)
place78474/A                          320.00  585.10 -265.10 (VIOLATED)
in_data_q[52]$_DFFE_PN0P_/QN          320.00  584.13 -264.13 (VIOLATED)
_737052_/A                            320.00  583.93 -263.93 (VIOLATED)
place79422/A                          320.00  583.58 -263.58 (VIOLATED)
in_data_q[106]$_DFFE_PN0P_/QN         320.00  583.57 -263.57 (VIOLATED)
_743671_/B                            320.00  582.82 -262.82 (VIOLATED)
place79416/A                          320.00  581.92 -261.92 (VIOLATED)
place79426/A                          320.00  580.36 -260.36 (VIOLATED)
in_data_q[122]$_DFFE_PN0P_/QN         320.00  579.74 -259.74 (VIOLATED)
place77986/A                          320.00  577.32 -257.32 (VIOLATED)
_775906_/A                            320.00  575.01 -255.01 (VIOLATED)
_744278_/B                            320.00  574.45 -254.45 (VIOLATED)
place78459/A                          320.00  574.37 -254.37 (VIOLATED)
part_q[28][6]$_DFFE_PP_/QN            320.00  573.90 -253.90 (VIOLATED)
_743531_/B                            320.00  572.51 -252.51 (VIOLATED)
place77977/A                          320.00  571.11 -251.11 (VIOLATED)
place78453/A                          320.00  571.03 -251.03 (VIOLATED)
_745499_/B                            320.00  570.47 -250.47 (VIOLATED)
place78464/A                          320.00  566.35 -246.35 (VIOLATED)
in_data_q[53]$_DFFE_PN0P_/QN          320.00  566.15 -246.15 (VIOLATED)
place77976/A                          320.00  564.96 -244.96 (VIOLATED)
place78321/A                          320.00  563.98 -243.98 (VIOLATED)
place79367/A                          320.00  563.73 -243.73 (VIOLATED)
_746373_/B                            320.00  563.46 -243.46 (VIOLATED)
in_data_q[89]$_DFFE_PN0P_/QN          320.00  562.42 -242.42 (VIOLATED)
_743666_/B                            320.00  561.68 -241.68 (VIOLATED)
place78027/A                          320.00  559.50 -239.50 (VIOLATED)
place78282/A                          320.00  559.10 -239.10 (VIOLATED)
_746369_/B                            320.00  556.83 -236.83 (VIOLATED)
place78856/A                          320.00  554.06 -234.06 (VIOLATED)
_743956_/B                            320.00  553.87 -233.87 (VIOLATED)
place78037/A                          320.00  551.47 -231.47 (VIOLATED)
place78028/A                          320.00  551.39 -231.39 (VIOLATED)
in_data_q[85]$_DFFE_PN0P_/QN          320.00  551.17 -231.17 (VIOLATED)
place79361/A                          320.00  550.85 -230.85 (VIOLATED)
place78749/A                          320.00  550.56 -230.56 (VIOLATED)
place78329/A                          320.00  550.16 -230.16 (VIOLATED)
in_data_q[63]$_DFFE_PN0P_/QN          320.00  550.10 -230.10 (VIOLATED)
_519227_/A                            320.00  550.04 -230.04 (VIOLATED)
place79360/A                          320.00  550.00 -230.00 (VIOLATED)
in_data_q[127]$_DFFE_PN0P_/QN         320.00  548.97 -228.97 (VIOLATED)
_576794_/A                            320.00  548.55 -228.55 (VIOLATED)
_739172_/B                            320.00  547.76 -227.76 (VIOLATED)
_746375_/B                            320.00  545.46 -225.46 (VIOLATED)
place78346/A                          320.00  545.45 -225.45 (VIOLATED)
hold112016/A                          320.00  542.58 -222.58 (VIOLATED)
in_data_q[24]$_DFFE_PN0P_/QN          320.00  542.57 -222.57 (VIOLATED)
place78270/A                          320.00  540.97 -220.97 (VIOLATED)
place78264/A                          320.00  540.93 -220.93 (VIOLATED)
output9865/A                          320.00  539.97 -219.97 (VIOLATED)
output9935/A                          320.00  539.97 -219.97 (VIOLATED)
output9950/A                          320.00  539.93 -219.93 (VIOLATED)
output9955/A                          320.00  539.91 -219.91 (VIOLATED)
output9883/A                          320.00  539.77 -219.77 (VIOLATED)
output9985/A                          320.00  539.61 -219.61 (VIOLATED)
output9834/A                          320.00  539.59 -219.59 (VIOLATED)
output9914/A                          320.00  539.59 -219.59 (VIOLATED)
output9990/A                          320.00  539.33 -219.33 (VIOLATED)
output9945/A                          320.00  539.31 -219.31 (VIOLATED)
output9893/A                          320.00  539.21 -219.21 (VIOLATED)
_614483_/A                            320.00  539.11 -219.11 (VIOLATED)
output9850/A                          320.00  539.07 -219.07 (VIOLATED)
_586968_/A                            320.00  538.89 -218.89 (VIOLATED)
output9903/A                          320.00  538.88 -218.88 (VIOLATED)
place78287/A                          320.00  538.87 -218.87 (VIOLATED)
_746370_/B                            320.00  538.81 -218.81 (VIOLATED)
output10005/A                         320.00  538.62 -218.62 (VIOLATED)
output9855/A                          320.00  538.00 -218.00 (VIOLATED)
_744616_/B                            320.00  537.91 -217.91 (VIOLATED)
output9975/A                          320.00  537.78 -217.78 (VIOLATED)
output9924/A                          320.00  537.33 -217.33 (VIOLATED)
output9979/A                          320.00  537.04 -217.04 (VIOLATED)
output9904/A                          320.00  537.04 -217.04 (VIOLATED)
output9869/A                          320.00  537.02 -217.02 (VIOLATED)
output9949/A                          320.00  536.97 -216.97 (VIOLATED)
output9888/A                          320.00  536.96 -216.96 (VIOLATED)
output9918/A                          320.00  536.91 -216.91 (VIOLATED)
output9838/A                          320.00  536.87 -216.87 (VIOLATED)
output9898/A                          320.00  536.77 -216.77 (VIOLATED)
output9908/A                          320.00  536.77 -216.77 (VIOLATED)
output9878/A                          320.00  536.67 -216.67 (VIOLATED)
output9828/A                          320.00  536.55 -216.55 (VIOLATED)
output9849/A                          320.00  536.51 -216.51 (VIOLATED)
output9860/A                          320.00  536.48 -216.48 (VIOLATED)
output9989/A                          320.00  536.36 -216.36 (VIOLATED)
_768873_/A                            320.00  536.28 -216.28 (VIOLATED)
output9724/A                          320.00  536.02 -216.02 (VIOLATED)
output9614/A                          320.00  535.99 -215.99 (VIOLATED)
place78353/A                          320.00  535.95 -215.95 (VIOLATED)
in_data_q[61]$_DFFE_PN0P_/QN          320.00  535.92 -215.92 (VIOLATED)
output9624/A                          320.00  535.87 -215.87 (VIOLATED)
output9593/A                          320.00  535.77 -215.77 (VIOLATED)
output9783/A                          320.00  535.75 -215.75 (VIOLATED)
output9574/A                          320.00  535.71 -215.71 (VIOLATED)
output9939/A                          320.00  535.60 -215.60 (VIOLATED)
output9814/A                          320.00  535.59 -215.59 (VIOLATED)
output9714/A                          320.00  535.54 -215.54 (VIOLATED)
output9693/A                          320.00  535.46 -215.46 (VIOLATED)
output9734/A                          320.00  535.46 -215.46 (VIOLATED)
output9774/A                          320.00  535.45 -215.45 (VIOLATED)
output9674/A                          320.00  535.45 -215.45 (VIOLATED)
output9744/A                          320.00  535.45 -215.45 (VIOLATED)
output9749/A                          320.00  535.44 -215.44 (VIOLATED)
output9960/A                          320.00  535.44 -215.44 (VIOLATED)
output9824/A                          320.00  535.44 -215.44 (VIOLATED)
output9793/A                          320.00  535.44 -215.44 (VIOLATED)
output9644/A                          320.00  535.41 -215.41 (VIOLATED)
output9634/A                          320.00  535.36 -215.36 (VIOLATED)
output10000/A                         320.00  535.21 -215.21 (VIOLATED)
output9969/A                          320.00  535.15 -215.15 (VIOLATED)
output9583/A                          320.00  535.13 -215.13 (VIOLATED)
output9765/A                          320.00  535.00 -215.00 (VIOLATED)
_745483_/B                            320.00  534.97 -214.97 (VIOLATED)
output9654/A                          320.00  534.84 -214.84 (VIOLATED)
output9649/A                          320.00  534.82 -214.82 (VIOLATED)
output9683/A                          320.00  534.81 -214.81 (VIOLATED)
output9928/A                          320.00  534.81 -214.81 (VIOLATED)
output9703/A                          320.00  534.67 -214.67 (VIOLATED)
_768880_/A                            320.00  534.66 -214.66 (VIOLATED)
output9803/A                          320.00  534.44 -214.44 (VIOLATED)
output9665/A                          320.00  534.44 -214.44 (VIOLATED)
output9648/A                          320.00  534.40 -214.40 (VIOLATED)
output9788/A                          320.00  534.39 -214.39 (VIOLATED)
output9608/A                          320.00  534.38 -214.38 (VIOLATED)
output9688/A                          320.00  534.26 -214.26 (VIOLATED)
output9755/A                          320.00  534.13 -214.13 (VIOLATED)
_661933_/B                            320.00  534.05 -214.05 (VIOLATED)
output9603/A                          320.00  533.94 -213.94 (VIOLATED)
output9818/A                          320.00  533.92 -213.92 (VIOLATED)
output9708/A                          320.00  533.87 -213.87 (VIOLATED)
output9798/A                          320.00  533.87 -213.87 (VIOLATED)
output9808/A                          320.00  533.87 -213.87 (VIOLATED)
output9778/A                          320.00  533.85 -213.85 (VIOLATED)
output9760/A                          320.00  533.81 -213.81 (VIOLATED)
output9698/A                          320.00  533.70 -213.70 (VIOLATED)
output9604/A                          320.00  533.53 -213.53 (VIOLATED)
output9578/A                          320.00  533.52 -213.52 (VIOLATED)
output9660/A                          320.00  533.52 -213.52 (VIOLATED)
output9769/A                          320.00  533.50 -213.50 (VIOLATED)
output9804/A                          320.00  533.20 -213.20 (VIOLATED)
output9748/A                          320.00  533.11 -213.11 (VIOLATED)
output9638/A                          320.00  533.10 -213.10 (VIOLATED)
output9628/A                          320.00  533.09 -213.09 (VIOLATED)
output9669/A                          320.00  533.09 -213.09 (VIOLATED)
output9704/A                          320.00  533.08 -213.08 (VIOLATED)
output9588/A                          320.00  533.03 -213.03 (VIOLATED)
output9965/A                          320.00  532.99 -212.99 (VIOLATED)
output9845/A                          320.00  532.99 -212.99 (VIOLATED)
output9995/A                          320.00  532.99 -212.99 (VIOLATED)
output9874/A                          320.00  532.97 -212.97 (VIOLATED)
_767278_/Y                            320.00  532.94 -212.94 (VIOLATED)
output9618/A                          320.00  532.86 -212.86 (VIOLATED)
output9569/A                          320.00  532.82 -212.82 (VIOLATED)
output9728/A                          320.00  532.71 -212.71 (VIOLATED)
output9738/A                          320.00  532.70 -212.70 (VIOLATED)
output9718/A                          320.00  532.69 -212.69 (VIOLATED)
output9678/A                          320.00  532.64 -212.64 (VIOLATED)
output9598/A                          320.00  532.44 -212.44 (VIOLATED)
place78263/A                          320.00  532.02 -212.02 (VIOLATED)
in_data_q[68]$_DFFE_PN0P_/QN          320.00  531.86 -211.86 (VIOLATED)
output9750/A                          320.00  531.60 -211.60 (VIOLATED)
_685586_/A                            320.00  531.16 -211.16 (VIOLATED)
_767283_/Y                            320.00  530.17 -210.17 (VIOLATED)
place76419/A                          320.00  528.07 -208.07 (VIOLATED)
place78295/A                          320.00  527.59 -207.59 (VIOLATED)
output9954/A                          320.00  527.48 -207.48 (VIOLATED)
in_data_q[66]$_DFFE_PN0P_/QN          320.00  527.47 -207.47 (VIOLATED)
output9882/A                          320.00  527.45 -207.45 (VIOLATED)
output9923/A                          320.00  527.43 -207.43 (VIOLATED)
output9934/A                          320.00  527.42 -207.42 (VIOLATED)
output9994/A                          320.00  527.39 -207.39 (VIOLATED)
output9944/A                          320.00  527.25 -207.25 (VIOLATED)
output9892/A                          320.00  527.24 -207.24 (VIOLATED)
output9854/A                          320.00  527.17 -207.17 (VIOLATED)
output9941/A                          320.00  527.07 -207.07 (VIOLATED)
output10004/A                         320.00  527.06 -207.06 (VIOLATED)
output9981/A                          320.00  526.97 -206.97 (VIOLATED)
output9984/A                          320.00  526.96 -206.96 (VIOLATED)
output9912/A                          320.00  526.64 -206.64 (VIOLATED)
output9844/A                          320.00  526.50 -206.50 (VIOLATED)
output9873/A                          320.00  526.43 -206.43 (VIOLATED)
output9840/A                          320.00  526.19 -206.19 (VIOLATED)
output9964/A                          320.00  526.02 -206.02 (VIOLATED)
output9864/A                          320.00  525.80 -205.80 (VIOLATED)
output9833/A                          320.00  525.66 -205.66 (VIOLATED)
output9974/A                          320.00  525.58 -205.58 (VIOLATED)
_566299_/A                            320.00  525.21 -205.21 (VIOLATED)
output9902/A                          320.00  524.97 -204.97 (VIOLATED)
output9682/A                          320.00  524.06 -204.06 (VIOLATED)
output9692/A                          320.00  524.03 -204.03 (VIOLATED)
output9740/A                          320.00  523.91 -203.91 (VIOLATED)
output9723/A                          320.00  523.90 -203.90 (VIOLATED)
output9764/A                          320.00  523.75 -203.75 (VIOLATED)
output9653/A                          320.00  523.73 -203.73 (VIOLATED)
output9602/A                          320.00  523.73 -203.73 (VIOLATED)
output9664/A                          320.00  523.71 -203.71 (VIOLATED)
output9643/A                          320.00  523.70 -203.70 (VIOLATED)
output9823/A                          320.00  523.70 -203.70 (VIOLATED)
output9633/A                          320.00  523.69 -203.69 (VIOLATED)
output9623/A                          320.00  523.37 -203.37 (VIOLATED)
output9743/A                          320.00  523.27 -203.27 (VIOLATED)
output9640/A                          320.00  523.22 -203.22 (VIOLATED)
output9812/A                          320.00  523.15 -203.15 (VIOLATED)
output9702/A                          320.00  523.14 -203.14 (VIOLATED)
output9792/A                          320.00  523.14 -203.14 (VIOLATED)
output9754/A                          320.00  523.14 -203.14 (VIOLATED)
output9712/A                          320.00  523.09 -203.09 (VIOLATED)
output9612/A                          320.00  523.08 -203.08 (VIOLATED)
output9782/A                          320.00  523.08 -203.08 (VIOLATED)
output9733/A                          320.00  523.08 -203.08 (VIOLATED)
output9582/A                          320.00  523.08 -203.08 (VIOLATED)
output9592/A                          320.00  523.08 -203.08 (VIOLATED)
output9573/A                          320.00  523.08 -203.08 (VIOLATED)
output9773/A                          320.00  523.07 -203.07 (VIOLATED)
output9802/A                          320.00  523.05 -203.05 (VIOLATED)
output9673/A                          320.00  522.89 -202.89 (VIOLATED)
_768875_/A                            320.00  522.42 -202.42 (VIOLATED)
hold110499/A                          320.00  521.55 -201.55 (VIOLATED)
in_data_q[109]$_DFFE_PN0P_/QN         320.00  521.54 -201.54 (VIOLATED)
_531095_/A                            320.00  521.05 -201.05 (VIOLATED)
_767279_/Y                            320.00  521.05 -201.05 (VIOLATED)
place79356/A                          320.00  520.78 -200.78 (VIOLATED)
place78317/A                          320.00  517.86 -197.86 (VIOLATED)
_746372_/B                            320.00  517.60 -197.60 (VIOLATED)
_744019_/B                            320.00  516.35 -196.35 (VIOLATED)
_666128_/B                            320.00  515.38 -195.38 (VIOLATED)
place87819/A                          320.00  513.30 -193.30 (VIOLATED)
place79350/A                          320.00  512.60 -192.60 (VIOLATED)
part_q[28][5]$_DFFE_PP_/QN            320.00  511.87 -191.87 (VIOLATED)
_748211_/A                            320.00  511.79 -191.79 (VIOLATED)
place77198/A                          320.00  510.81 -190.81 (VIOLATED)
place78671/A                          320.00  510.34 -190.34 (VIOLATED)
_743941_/B                            320.00  509.81 -189.81 (VIOLATED)
place78313/A                          320.00  509.60 -189.60 (VIOLATED)
in_data_q[64]$_DFFE_PN0P_/QN          320.00  509.51 -189.51 (VIOLATED)
place79349/A                          320.00  509.35 -189.35 (VIOLATED)
in_data_q[128]$_DFFE_PN0P_/QN         320.00  508.51 -188.51 (VIOLATED)
_748999_/A                            320.00  507.60 -187.60 (VIOLATED)
_677293_/B                            320.00  507.46 -187.46 (VIOLATED)
place78277/A                          320.00  507.39 -187.39 (VIOLATED)
in_data_q[67]$_DFFE_PN0P_/QN          320.00  507.31 -187.31 (VIOLATED)
_748912_/A                            320.00  507.01 -187.01 (VIOLATED)
_750774_/A                            320.00  506.96 -186.96 (VIOLATED)
output9667/A                          320.00  505.62 -185.62 (VIOLATED)
output9786/A                          320.00  505.62 -185.62 (VIOLATED)
output9806/A                          320.00  505.62 -185.62 (VIOLATED)
output9596/A                          320.00  505.62 -185.62 (VIOLATED)
output9616/A                          320.00  505.60 -185.60 (VIOLATED)
output9716/A                          320.00  505.60 -185.60 (VIOLATED)
output9636/A                          320.00  505.59 -185.59 (VIOLATED)
output9646/A                          320.00  505.59 -185.59 (VIOLATED)
output9606/A                          320.00  505.59 -185.59 (VIOLATED)
output9585/A                          320.00  505.56 -185.56 (VIOLATED)
output9757/A                          320.00  505.52 -185.52 (VIOLATED)
output9626/A                          320.00  505.50 -185.50 (VIOLATED)
output9586/A                          320.00  505.47 -185.47 (VIOLATED)
output9686/A                          320.00  505.45 -185.45 (VIOLATED)
output9785/A                          320.00  505.44 -185.44 (VIOLATED)
output9576/A                          320.00  505.44 -185.44 (VIOLATED)
output9726/A                          320.00  505.43 -185.43 (VIOLATED)
output9816/A                          320.00  505.42 -185.42 (VIOLATED)
output9776/A                          320.00  505.42 -185.42 (VIOLATED)
output9746/A                          320.00  505.41 -185.41 (VIOLATED)
output9696/A                          320.00  505.36 -185.36 (VIOLATED)
output9767/A                          320.00  505.34 -185.34 (VIOLATED)
output9736/A                          320.00  505.31 -185.31 (VIOLATED)
output9685/A                          320.00  505.29 -185.29 (VIOLATED)
output9706/A                          320.00  505.27 -185.27 (VIOLATED)
output9796/A                          320.00  505.27 -185.27 (VIOLATED)
output9567/A                          320.00  505.27 -185.27 (VIOLATED)
output9676/A                          320.00  505.27 -185.27 (VIOLATED)
output9656/A                          320.00  505.26 -185.26 (VIOLATED)
output9947/A                          320.00  505.01 -185.01 (VIOLATED)
output10007/A                         320.00  505.01 -185.01 (VIOLATED)
output9926/A                          320.00  505.01 -185.01 (VIOLATED)
output9836/A                          320.00  505.00 -185.00 (VIOLATED)
output9937/A                          320.00  505.00 -185.00 (VIOLATED)
output9847/A                          320.00  505.00 -185.00 (VIOLATED)
output9916/A                          320.00  505.00 -185.00 (VIOLATED)
output9977/A                          320.00  504.96 -184.96 (VIOLATED)
output9967/A                          320.00  504.96 -184.96 (VIOLATED)
output9997/A                          320.00  504.92 -184.92 (VIOLATED)
output9886/A                          320.00  504.91 -184.91 (VIOLATED)
output9896/A                          320.00  504.88 -184.88 (VIOLATED)
output9826/A                          320.00  504.88 -184.88 (VIOLATED)
output9957/A                          320.00  504.88 -184.88 (VIOLATED)
output9867/A                          320.00  504.85 -184.85 (VIOLATED)
output9876/A                          320.00  504.83 -184.83 (VIOLATED)
output9906/A                          320.00  504.81 -184.81 (VIOLATED)
output9885/A                          320.00  504.79 -184.79 (VIOLATED)
output9857/A                          320.00  504.72 -184.72 (VIOLATED)
output9987/A                          320.00  504.72 -184.72 (VIOLATED)
_767285_/Y                            320.00  504.58 -184.58 (VIOLATED)
_509958_/A                            320.00  503.26 -183.26 (VIOLATED)
_746949_/A                            320.00  501.56 -181.56 (VIOLATED)
place78650/A                          320.00  500.23 -180.23 (VIOLATED)
_744107_/B                            320.00  500.17 -180.17 (VIOLATED)
place78533/A                          320.00  500.12 -180.12 (VIOLATED)
a_sym[24][4]$_DFFE_PN0P_/QN           320.00  499.78 -179.78 (VIOLATED)
_857643_/B                            320.00  499.78 -179.78 (VIOLATED)
output9589/A                          320.00  499.73 -179.73 (VIOLATED)
output9779/A                          320.00  499.73 -179.73 (VIOLATED)
output9570/A                          320.00  499.72 -179.72 (VIOLATED)
output9813/A                          320.00  499.72 -179.72 (VIOLATED)
output9719/A                          320.00  499.71 -179.71 (VIOLATED)
output9599/A                          320.00  499.71 -179.71 (VIOLATED)
_737474_/A                            320.00  499.69 -179.69 (VIOLATED)
output9809/A                          320.00  499.66 -179.66 (VIOLATED)
output9770/A                          320.00  499.63 -179.63 (VIOLATED)
output9679/A                          320.00  499.62 -179.62 (VIOLATED)
output9609/A                          320.00  499.60 -179.60 (VIOLATED)
output9619/A                          320.00  499.60 -179.60 (VIOLATED)
output9661/A                          320.00  499.59 -179.59 (VIOLATED)
output9689/A                          320.00  499.59 -179.59 (VIOLATED)
output9799/A                          320.00  499.58 -179.58 (VIOLATED)
output9699/A                          320.00  499.57 -179.57 (VIOLATED)
output9613/A                          320.00  499.56 -179.56 (VIOLATED)
output9739/A                          320.00  499.53 -179.53 (VIOLATED)
output9751/A                          320.00  499.52 -179.52 (VIOLATED)
output9713/A                          320.00  499.50 -179.50 (VIOLATED)
output9650/A                          320.00  499.44 -179.44 (VIOLATED)
output9729/A                          320.00  499.40 -179.40 (VIOLATED)
output9579/A                          320.00  499.35 -179.35 (VIOLATED)
output9709/A                          320.00  499.34 -179.34 (VIOLATED)
_745537_/B                            320.00  499.33 -179.33 (VIOLATED)
output9670/A                          320.00  499.30 -179.30 (VIOLATED)
output9819/A                          320.00  499.25 -179.25 (VIOLATED)
output9639/A                          320.00  499.18 -179.18 (VIOLATED)
output9841/A                          320.00  499.18 -179.18 (VIOLATED)
output9889/A                          320.00  499.18 -179.18 (VIOLATED)
output9851/A                          320.00  499.18 -179.18 (VIOLATED)
output9829/A                          320.00  499.18 -179.18 (VIOLATED)
output9870/A                          320.00  499.17 -179.17 (VIOLATED)
output9789/A                          320.00  499.17 -179.17 (VIOLATED)
output9839/A                          320.00  499.17 -179.17 (VIOLATED)
output9991/A                          320.00  499.15 -179.15 (VIOLATED)
output9761/A                          320.00  499.14 -179.14 (VIOLATED)
output9629/A                          320.00  499.13 -179.13 (VIOLATED)
output9909/A                          320.00  499.13 -179.13 (VIOLATED)
output10001/A                         320.00  499.13 -179.13 (VIOLATED)
output9879/A                          320.00  499.12 -179.12 (VIOLATED)
output9929/A                          320.00  499.11 -179.11 (VIOLATED)
output9861/A                          320.00  499.10 -179.10 (VIOLATED)
output9951/A                          320.00  499.10 -179.10 (VIOLATED)
output9940/A                          320.00  499.08 -179.08 (VIOLATED)
output9970/A                          320.00  499.06 -179.06 (VIOLATED)
output9919/A                          320.00  499.03 -179.03 (VIOLATED)
output9913/A                          320.00  498.95 -178.95 (VIOLATED)
output9961/A                          320.00  498.93 -178.93 (VIOLATED)
output9899/A                          320.00  498.93 -178.93 (VIOLATED)
output9980/A                          320.00  498.93 -178.93 (VIOLATED)
_767282_/Y                            320.00  498.76 -178.76 (VIOLATED)
_662922_/A                            320.00  498.52 -178.52 (VIOLATED)
place78551/A                          320.00  498.42 -178.42 (VIOLATED)
_745714_/B                            320.00  498.07 -178.07 (VIOLATED)
_746391_/B                            320.00  497.80 -177.80 (VIOLATED)
place78867/A                          320.00  497.52 -177.52 (VIOLATED)
_786204_/A                            320.00  497.45 -177.45 (VIOLATED)
_768834_/A                            320.00  496.60 -176.60 (VIOLATED)
place78734/A                          320.00  494.70 -174.70 (VIOLATED)
place78539/A                          320.00  492.48 -172.48 (VIOLATED)
in_data_q[48]$_DFFE_PN0P_/QN          320.00  492.42 -172.42 (VIOLATED)
part_q[28][10]$_DFFE_PP_/QN           320.00  491.33 -171.33 (VIOLATED)
place78179/A                          320.00  489.99 -169.99 (VIOLATED)
rdata_q[7433]$_DFFE_PP_/QN            320.00  489.82 -169.82 (VIOLATED)
_739170_/B                            320.00  489.60 -169.60 (VIOLATED)
_745506_/B                            320.00  489.12 -169.12 (VIOLATED)
_738645_/B                            320.00  487.91 -167.91 (VIOLATED)
part_q[28][12]$_DFFE_PP_/QN           320.00  487.21 -167.21 (VIOLATED)
place78158/A                          320.00  485.38 -165.38 (VIOLATED)
output9942/A                          320.00  485.21 -165.21 (VIOLATED)
output9952/A                          320.00  485.21 -165.21 (VIOLATED)
output9842/A                          320.00  485.21 -165.21 (VIOLATED)
output9962/A                          320.00  485.21 -165.21 (VIOLATED)
output9971/A                          320.00  485.20 -165.20 (VIOLATED)
output9762/A                          320.00  485.19 -165.19 (VIOLATED)
output10002/A                         320.00  485.18 -165.18 (VIOLATED)
output9930/A                          320.00  485.18 -165.18 (VIOLATED)
output9830/A                          320.00  485.13 -165.13 (VIOLATED)
output9910/A                          320.00  485.10 -165.10 (VIOLATED)
output9982/A                          320.00  485.09 -165.09 (VIOLATED)
_768868_/A                            320.00  485.08 -165.08 (VIOLATED)
output9862/A                          320.00  485.06 -165.06 (VIOLATED)
output9890/A                          320.00  485.02 -165.02 (VIOLATED)
output9992/A                          320.00  484.95 -164.95 (VIOLATED)
place76965/A                          320.00  484.91 -164.91 (VIOLATED)
output9820/A                          320.00  484.90 -164.90 (VIOLATED)
output9920/A                          320.00  484.78 -164.78 (VIOLATED)
output9900/A                          320.00  484.77 -164.77 (VIOLATED)
output9922/A                          320.00  484.46 -164.46 (VIOLATED)
output9780/A                          320.00  484.45 -164.45 (VIOLATED)
output9790/A                          320.00  484.40 -164.40 (VIOLATED)
_679663_/A                            320.00  484.33 -164.33 (VIOLATED)
output9871/A                          320.00  484.26 -164.26 (VIOLATED)
output9880/A                          320.00  484.21 -164.21 (VIOLATED)
output9852/A                          320.00  484.18 -164.18 (VIOLATED)
output9741/A                          320.00  484.09 -164.09 (VIOLATED)
output9662/A                          320.00  484.09 -164.09 (VIOLATED)
output9752/A                          320.00  484.09 -164.09 (VIOLATED)
output9571/A                          320.00  484.08 -164.08 (VIOLATED)
output9800/A                          320.00  484.08 -164.08 (VIOLATED)
output9932/A                          320.00  484.08 -164.08 (VIOLATED)
output9600/A                          320.00  484.07 -164.07 (VIOLATED)
output9720/A                          320.00  484.07 -164.07 (VIOLATED)
output9690/A                          320.00  484.07 -164.07 (VIOLATED)
output9610/A                          320.00  484.05 -164.05 (VIOLATED)
output9590/A                          320.00  484.05 -164.05 (VIOLATED)
output9651/A                          320.00  484.04 -164.04 (VIOLATED)
output9710/A                          320.00  484.04 -164.04 (VIOLATED)
output9810/A                          320.00  484.04 -164.04 (VIOLATED)
output9771/A                          320.00  484.04 -164.04 (VIOLATED)
output9630/A                          320.00  484.00 -164.00 (VIOLATED)
output9722/A                          320.00  484.00 -164.00 (VIOLATED)
output9822/A                          320.00  484.00 -164.00 (VIOLATED)
output9730/A                          320.00  483.99 -163.99 (VIOLATED)
output9580/A                          320.00  483.99 -163.99 (VIOLATED)
output9622/A                          320.00  483.99 -163.99 (VIOLATED)
output9620/A                          320.00  483.94 -163.94 (VIOLATED)
output9641/A                          320.00  483.93 -163.93 (VIOLATED)
output9671/A                          320.00  483.92 -163.92 (VIOLATED)
output9700/A                          320.00  483.92 -163.92 (VIOLATED)
output9680/A                          320.00  483.92 -163.92 (VIOLATED)
_767281_/Y                            320.00  483.74 -163.74 (VIOLATED)
_737758_/B                            320.00  483.64 -163.64 (VIOLATED)
place77191/A                          320.00  483.56 -163.56 (VIOLATED)
rdata_q[6565]$_DFFE_PP_/QN            320.00  483.36 -163.36 (VIOLATED)
_540283_/A                            320.00  483.33 -163.33 (VIOLATED)
place79200/A                          320.00  483.00 -163.00 (VIOLATED)
_740110_/B                            320.00  482.96 -162.96 (VIOLATED)
place78546/A                          320.00  482.42 -162.42 (VIOLATED)
part_q[30][14]$_DFFE_PP_/QN           320.00  481.94 -161.94 (VIOLATED)
part_q[50][7]$_DFFE_PP_/QN            320.00  481.18 -161.18 (VIOLATED)
_737298_/A                            320.00  481.10 -161.10 (VIOLATED)
place78299/A                          320.00  481.08 -161.08 (VIOLATED)
place78554/A                          320.00  480.84 -160.84 (VIOLATED)
_737220_/A                            320.00  480.43 -160.43 (VIOLATED)
in_data_q[47]$_DFFE_PN0P_/QN          320.00  480.22 -160.22 (VIOLATED)
place78678/A                          320.00  479.31 -159.31 (VIOLATED)
_762206_/A                            320.00  479.26 -159.26 (VIOLATED)
place79700/A                          320.00  479.03 -159.03 (VIOLATED)
in_data_q[38]$_DFFE_PN0P_/QN          320.00  478.99 -158.99 (VIOLATED)
in_data_q[34]$_DFFE_PN0P_/RESETN      320.00  477.56 -157.56 (VIOLATED)
in_data_q[150]$_DFFE_PN0P_/RESETN     320.00  477.45 -157.45 (VIOLATED)
place78120/A                          320.00  477.43 -157.43 (VIOLATED)
in_data_q[21]$_DFFE_PN0P_/RESETN      320.00  477.02 -157.02 (VIOLATED)
_737578_/B                            320.00  476.44 -156.44 (VIOLATED)
_737786_/B                            320.00  476.27 -156.27 (VIOLATED)
in_data_q[40]$_DFFE_PN0P_/RESETN      320.00  476.16 -156.16 (VIOLATED)
_737282_/B                            320.00  476.00 -156.00 (VIOLATED)
in_data_q[44]$_DFFE_PN0P_/RESETN      320.00  475.86 -155.86 (VIOLATED)
place79498/A                          320.00  475.68 -155.68 (VIOLATED)
in_data_q[45]$_DFFE_PN0P_/RESETN      320.00  475.67 -155.67 (VIOLATED)
place87944/A                          320.00  475.67 -155.67 (VIOLATED)
in_data_q[157]$_DFFE_PN0P_/RESETN     320.00  475.57 -155.57 (VIOLATED)
in_data_q[33]$_DFFE_PN0P_/RESETN      320.00  475.35 -155.35 (VIOLATED)
_739335_/B                            320.00  475.19 -155.19 (VIOLATED)
_737609_/B                            320.00  475.10 -155.10 (VIOLATED)
place77767/A                          320.00  474.89 -154.89 (VIOLATED)
place78076/A                          320.00  474.86 -154.86 (VIOLATED)
_744031_/B                            320.00  474.82 -154.82 (VIOLATED)
place79584/A                          320.00  474.63 -154.63 (VIOLATED)
rdata_q[6938]$_DFFE_PP_/QN            320.00  474.02 -154.02 (VIOLATED)
_742382_/B                            320.00  473.88 -153.88 (VIOLATED)
_748444_/A                            320.00  473.72 -153.72 (VIOLATED)
in_data_q[36]$_DFFE_PN0P_/RESETN      320.00  473.61 -153.61 (VIOLATED)
_744246_/B                            320.00  473.51 -153.51 (VIOLATED)
_648013_/B                            320.00  473.39 -153.39 (VIOLATED)
_487150_/A                            320.00  473.33 -153.33 (VIOLATED)
_482418_/A                            320.00  473.30 -153.30 (VIOLATED)
_486198_/A                            320.00  473.29 -153.29 (VIOLATED)
_480580_/A                            320.00  473.20 -153.20 (VIOLATED)
_503007_/A1                           320.00  473.09 -153.09 (VIOLATED)
_480753_/A                            320.00  472.68 -152.68 (VIOLATED)
_482539_/A                            320.00  472.67 -152.67 (VIOLATED)
_496853_/A1                           320.00  472.57 -152.57 (VIOLATED)
in_data_q[37]$_DFFE_PN0P_/RESETN      320.00  472.48 -152.48 (VIOLATED)
_749322_/A                            320.00  471.95 -151.95 (VIOLATED)
rdata_q[2726]$_DFFE_PP_/QN            320.00  471.91 -151.91 (VIOLATED)
_749290_/A                            320.00  471.79 -151.79 (VIOLATED)
_479615_/A                            320.00  471.68 -151.68 (VIOLATED)
_479612_/Y                            320.00  471.64 -151.64 (VIOLATED)
place78449/A                          320.00  471.63 -151.63 (VIOLATED)
_768719_/A                            320.00  471.44 -151.44 (VIOLATED)
place79491/A                          320.00  471.15 -151.15 (VIOLATED)
_737963_/B                            320.00  470.80 -150.80 (VIOLATED)
_739084_/B                            320.00  470.51 -150.51 (VIOLATED)
_745259_/B                            320.00  470.48 -150.48 (VIOLATED)
in_data_q[159]$_DFFE_PN0P_/RESETN     320.00  470.43 -150.43 (VIOLATED)
wire18525/A                           320.00  470.33 -150.33 (VIOLATED)
_745436_/B                            320.00  470.28 -150.28 (VIOLATED)
_739888_/B                            320.00  469.58 -149.58 (VIOLATED)
in_data_q[154]$_DFFE_PN0P_/RESETN     320.00  469.52 -149.52 (VIOLATED)
_747567_/A                            320.00  469.45 -149.45 (VIOLATED)
place78069/A                          320.00  469.35 -149.35 (VIOLATED)
place78832/A                          320.00  468.76 -148.76 (VIOLATED)
place79492/A                          320.00  468.47 -148.47 (VIOLATED)
place78068/A                          320.00  468.38 -148.38 (VIOLATED)
_743954_/B                            320.00  468.31 -148.31 (VIOLATED)
_758178_/A                            320.00  468.25 -148.25 (VIOLATED)
_756103_/A                            320.00  468.15 -148.15 (VIOLATED)
_747440_/A                            320.00  468.09 -148.09 (VIOLATED)
_492538_/A                            320.00  467.81 -147.81 (VIOLATED)
in_data_q[35]$_DFFE_PN0P_/RESETN      320.00  467.74 -147.74 (VIOLATED)
a_sym[13][3]$_DFFE_PN0P_/QN           320.00  467.48 -147.48 (VIOLATED)
in_data_q[82]$_DFFE_PN0P_/QN          320.00  466.87 -146.87 (VIOLATED)
_739689_/B                            320.00  466.65 -146.65 (VIOLATED)
_746498_/B                            320.00  466.47 -146.47 (VIOLATED)
_738140_/B                            320.00  466.20 -146.20 (VIOLATED)
place79632/A                          320.00  465.88 -145.88 (VIOLATED)
place76418/A                          320.00  465.80 -145.80 (VIOLATED)
place79591/A                          320.00  465.50 -145.50 (VIOLATED)
_663206_/B                            320.00  465.36 -145.36 (VIOLATED)
_744148_/B                            320.00  465.30 -145.30 (VIOLATED)
in_data_q[117]$_DFFE_PN0P_/QN         320.00  465.16 -145.16 (VIOLATED)
in_data_q[57]$_DFFE_PN0P_/RESETN      320.00  464.79 -144.79 (VIOLATED)
_762200_/A                            320.00  464.60 -144.60 (VIOLATED)
place78542/A                          320.00  464.41 -144.41 (VIOLATED)
place79624/A                          320.00  463.82 -143.82 (VIOLATED)
place77538/A                          320.00  463.68 -143.68 (VIOLATED)
place78378/A                          320.00  463.62 -143.62 (VIOLATED)
_744154_/B                            320.00  463.38 -143.38 (VIOLATED)
_758425_/A                            320.00  463.07 -143.07 (VIOLATED)
place79576/A                          320.00  462.94 -142.94 (VIOLATED)
in_data_q[155]$_DFFE_PN0P_/RESETN     320.00  462.80 -142.80 (VIOLATED)
_768877_/A                            320.00  462.80 -142.80 (VIOLATED)
_750579_/A1                           320.00  462.65 -142.65 (VIOLATED)
place79623/A                          320.00  462.65 -142.65 (VIOLATED)
place78529/A                          320.00  462.38 -142.38 (VIOLATED)
_755574_/A                            320.00  461.92 -141.92 (VIOLATED)
_749142_/A1                           320.00  461.92 -141.92 (VIOLATED)
_750812_/A                            320.00  461.90 -141.90 (VIOLATED)
_745198_/B                            320.00  461.73 -141.73 (VIOLATED)
in_data_q[110]$_DFFE_PN0P_/QN         320.00  461.59 -141.59 (VIOLATED)
_762280_/A1                           320.00  461.57 -141.57 (VIOLATED)
place78591/A                          320.00  461.47 -141.47 (VIOLATED)
_752764_/A                            320.00  461.46 -141.46 (VIOLATED)
_745375_/B                            320.00  461.35 -141.35 (VIOLATED)
hold111680/A                          320.00  461.27 -141.27 (VIOLATED)
in_data_q[58]$_DFFE_PN0P_/RESETN      320.00  461.27 -141.27 (VIOLATED)
_748614_/A                            320.00  461.17 -141.17 (VIOLATED)
in_data_q[107]$_DFFE_PN0P_/QN         320.00  461.08 -141.08 (VIOLATED)
place78575/A                          320.00  460.98 -140.98 (VIOLATED)
_613113_/B                            320.00  460.52 -140.52 (VIOLATED)
_748281_/A                            320.00  459.76 -139.76 (VIOLATED)
in_data_q[153]$_DFFE_PN0P_/RESETN     320.00  459.63 -139.63 (VIOLATED)
_665997_/B                            320.00  459.58 -139.58 (VIOLATED)
_748297_/A                            320.00  459.46 -139.46 (VIOLATED)
_519330_/A                            320.00  459.26 -139.26 (VIOLATED)
hold111502/A                          320.00  459.19 -139.19 (VIOLATED)
in_data_q[26]$_DFFE_PN0P_/QN          320.00  459.16 -139.16 (VIOLATED)
place78371/A                          320.00  458.71 -138.71 (VIOLATED)
in_data_q[55]$_DFFE_PN0P_/RESETN      320.00  458.69 -138.69 (VIOLATED)
in_data_q[5]$_DFFE_PN0P_/QN           320.00  458.63 -138.63 (VIOLATED)
place77545/A                          320.00  458.57 -138.57 (VIOLATED)
in_data_q[30]$_DFFE_PN0P_/RESETN      320.00  458.43 -138.43 (VIOLATED)
place77210/A                          320.00  458.42 -138.42 (VIOLATED)
place79314/A                          320.00  458.36 -138.36 (VIOLATED)
in_data_q[59]$_DFFE_PN0P_/RESETN      320.00  458.32 -138.32 (VIOLATED)
_745508_/B                            320.00  458.32 -138.32 (VIOLATED)
in_data_q[156]$_DFFE_PN0P_/RESETN     320.00  457.88 -137.88 (VIOLATED)
_747050_/A                            320.00  457.44 -137.44 (VIOLATED)
_747168_/A                            320.00  457.43 -137.43 (VIOLATED)
_742441_/B                            320.00  457.34 -137.34 (VIOLATED)
m_1h[3]$_DFFE_PN0P_/QN                320.00  457.25 -137.25 (VIOLATED)
place79596/A                          320.00  456.79 -136.79 (VIOLATED)
place79079/A                          320.00  456.72 -136.72 (VIOLATED)
in_data_q[10]$_DFFE_PN0P_/QN          320.00  456.72 -136.72 (VIOLATED)
_739784_/B                            320.00  456.60 -136.60 (VIOLATED)
_518687_/A                            320.00  456.30 -136.30 (VIOLATED)
place78890/A                          320.00  456.22 -136.22 (VIOLATED)
_743959_/B                            320.00  456.10 -136.10 (VIOLATED)
place78566/A                          320.00  456.06 -136.06 (VIOLATED)
wire18495/A                           320.00  455.49 -135.49 (VIOLATED)
_751084_/A                            320.00  455.39 -135.39 (VIOLATED)
part_q[51][13]$_DFFE_PP_/QN           320.00  455.17 -135.17 (VIOLATED)
place79257/A                          320.00  455.12 -135.12 (VIOLATED)
a_sym[10][5]$_DFFE_PN0P_/QN           320.00  455.06 -135.06 (VIOLATED)
_681562_/B                            320.00  454.92 -134.92 (VIOLATED)
in_data_q[52]$_DFFE_PN0P_/RESETN      320.00  454.84 -134.84 (VIOLATED)
_749547_/A                            320.00  454.79 -134.79 (VIOLATED)
place77765/A                          320.00  453.95 -133.95 (VIOLATED)
in_data_q[158]$_DFFE_PN0P_/RESETN     320.00  453.89 -133.89 (VIOLATED)
m_1h[14]$_DFFE_PN0P_/QN               320.00  453.59 -133.59 (VIOLATED)
in_data_q[53]$_DFFE_PN0P_/RESETN      320.00  453.31 -133.31 (VIOLATED)
_749051_/A                            320.00  453.15 -133.15 (VIOLATED)
_749122_/A                            320.00  453.15 -133.15 (VIOLATED)
_745540_/B                            320.00  452.22 -132.22 (VIOLATED)
_749474_/A                            320.00  452.11 -132.11 (VIOLATED)
_747228_/A                            320.00  452.10 -132.10 (VIOLATED)
_748313_/A                            320.00  452.10 -132.10 (VIOLATED)
_748257_/A                            320.00  452.09 -132.09 (VIOLATED)
hold111342/A                          320.00  452.06 -132.06 (VIOLATED)
place78205/A                          320.00  452.03 -132.03 (VIOLATED)
in_data_q[100]$_DFFE_PN0P_/QN         320.00  452.02 -132.02 (VIOLATED)
_509959_/A                            320.00  452.00 -132.00 (VIOLATED)
_745717_/B                            320.00  451.63 -131.63 (VIOLATED)
_747150_/A                            320.00  451.62 -131.62 (VIOLATED)
_768881_/A                            320.00  451.39 -131.39 (VIOLATED)
place79374/A                          320.00  451.25 -131.25 (VIOLATED)
output9784/A                          320.00  451.12 -131.12 (VIOLATED)
output9956/A                          320.00  451.11 -131.11 (VIOLATED)
output9846/A                          320.00  451.11 -131.11 (VIOLATED)
output9999/A                          320.00  451.11 -131.11 (VIOLATED)
place78570/A                          320.00  451.10 -131.10 (VIOLATED)
output9915/A                          320.00  451.10 -131.10 (VIOLATED)
output9884/A                          320.00  451.10 -131.10 (VIOLATED)
output9866/A                          320.00  451.09 -131.09 (VIOLATED)
output9645/A                          320.00  451.09 -131.09 (VIOLATED)
output9996/A                          320.00  451.07 -131.07 (VIOLATED)
output9835/A                          320.00  451.07 -131.07 (VIOLATED)
output9976/A                          320.00  451.07 -131.07 (VIOLATED)
output9655/A                          320.00  451.07 -131.07 (VIOLATED)
output9905/A                          320.00  451.07 -131.07 (VIOLATED)
output9759/A                          320.00  451.07 -131.07 (VIOLATED)
output9805/A                          320.00  451.07 -131.07 (VIOLATED)
output9966/A                          320.00  451.07 -131.07 (VIOLATED)
output9859/A                          320.00  451.07 -131.07 (VIOLATED)
output9875/A                          320.00  451.06 -131.06 (VIOLATED)
output9936/A                          320.00  451.05 -131.05 (VIOLATED)
place76420/A                          320.00  451.04 -131.04 (VIOLATED)
output9946/A                          320.00  451.03 -131.03 (VIOLATED)
output9658/A                          320.00  451.02 -131.02 (VIOLATED)
output9986/A                          320.00  451.01 -131.01 (VIOLATED)
output9856/A                          320.00  450.99 -130.99 (VIOLATED)
output9715/A                          320.00  450.96 -130.96 (VIOLATED)
output9959/A                          320.00  450.90 -130.90 (VIOLATED)
output10006/A                         320.00  450.89 -130.89 (VIOLATED)
output9925/A                          320.00  450.85 -130.85 (VIOLATED)
output9894/A                          320.00  450.80 -130.80 (VIOLATED)
place79369/A                          320.00  450.63 -130.63 (VIOLATED)
output9594/A                          320.00  450.51 -130.51 (VIOLATED)
output9605/A                          320.00  450.51 -130.51 (VIOLATED)
output9625/A                          320.00  450.50 -130.50 (VIOLATED)
output9794/A                          320.00  450.50 -130.50 (VIOLATED)
output9725/A                          320.00  450.50 -130.50 (VIOLATED)
output9675/A                          320.00  450.48 -130.48 (VIOLATED)
_747652_/A                            320.00  450.48 -130.48 (VIOLATED)
output9735/A                          320.00  450.48 -130.48 (VIOLATED)
output9756/A                          320.00  450.48 -130.48 (VIOLATED)
output9575/A                          320.00  450.47 -130.47 (VIOLATED)
output9745/A                          320.00  450.47 -130.47 (VIOLATED)
output9635/A                          320.00  450.46 -130.46 (VIOLATED)
_738671_/B                            320.00  450.45 -130.45 (VIOLATED)
output9825/A                          320.00  450.45 -130.45 (VIOLATED)
output9684/A                          320.00  450.44 -130.44 (VIOLATED)
output9775/A                          320.00  450.44 -130.44 (VIOLATED)
output9705/A                          320.00  450.44 -130.44 (VIOLATED)
output9584/A                          320.00  450.40 -130.40 (VIOLATED)
_768723_/A                            320.00  450.39 -130.39 (VIOLATED)
output9694/A                          320.00  450.39 -130.39 (VIOLATED)
output9815/A                          320.00  450.39 -130.39 (VIOLATED)
output9666/A                          320.00  450.38 -130.38 (VIOLATED)
output9766/A                          320.00  450.37 -130.37 (VIOLATED)
in_data_q[45]$_DFFE_PN0P_/QN          320.00  450.35 -130.35 (VIOLATED)
output9615/A                          320.00  450.34 -130.34 (VIOLATED)
_786468_/Y                            320.00  450.29 -130.29 (VIOLATED)
part_q[36][18]$_DFFE_PP_/QN           320.00  450.24 -130.24 (VIOLATED)
_746186_/B                            320.00  449.99 -129.99 (VIOLATED)
output9747/A                          320.00  449.71 -129.71 (VIOLATED)
output9707/A                          320.00  449.71 -129.71 (VIOLATED)
output9668/A                          320.00  449.70 -129.70 (VIOLATED)
output9577/A                          320.00  449.70 -129.70 (VIOLATED)
_751332_/A                            320.00  449.70 -129.70 (VIOLATED)
output9717/A                          320.00  449.68 -129.68 (VIOLATED)
output9695/A                          320.00  449.67 -129.67 (VIOLATED)
output9727/A                          320.00  449.66 -129.66 (VIOLATED)
output9737/A                          320.00  449.66 -129.66 (VIOLATED)
output9597/A                          320.00  449.62 -129.62 (VIOLATED)
output9827/A                          320.00  449.60 -129.60 (VIOLATED)
output9948/A                          320.00  449.58 -129.58 (VIOLATED)
output9787/A                          320.00  449.55 -129.55 (VIOLATED)
output9917/A                          320.00  449.55 -129.55 (VIOLATED)
output9895/A                          320.00  449.54 -129.54 (VIOLATED)
output9617/A                          320.00  449.53 -129.53 (VIOLATED)
output9768/A                          320.00  449.52 -129.52 (VIOLATED)
output9797/A                          320.00  449.49 -129.49 (VIOLATED)
output9978/A                          320.00  449.49 -129.49 (VIOLATED)
output9848/A                          320.00  449.49 -129.49 (VIOLATED)
output9637/A                          320.00  449.49 -129.49 (VIOLATED)
output9647/A                          320.00  449.49 -129.49 (VIOLATED)
output9595/A                          320.00  449.49 -129.49 (VIOLATED)
output9927/A                          320.00  449.49 -129.49 (VIOLATED)
output9968/A                          320.00  449.49 -129.49 (VIOLATED)
output9697/A                          320.00  449.49 -129.49 (VIOLATED)
output9988/A                          320.00  449.49 -129.49 (VIOLATED)
output9627/A                          320.00  449.49 -129.49 (VIOLATED)
output9868/A                          320.00  449.48 -129.48 (VIOLATED)
output9837/A                          320.00  449.47 -129.47 (VIOLATED)
output9758/A                          320.00  449.46 -129.46 (VIOLATED)
output9777/A                          320.00  449.46 -129.46 (VIOLATED)
output9587/A                          320.00  449.46 -129.46 (VIOLATED)
output9687/A                          320.00  449.46 -129.46 (VIOLATED)
output9958/A                          320.00  449.46 -129.46 (VIOLATED)
output9858/A                          320.00  449.44 -129.44 (VIOLATED)
output9657/A                          320.00  449.44 -129.44 (VIOLATED)
output9938/A                          320.00  449.44 -129.44 (VIOLATED)
output9677/A                          320.00  449.43 -129.43 (VIOLATED)
output9887/A                          320.00  449.42 -129.42 (VIOLATED)
output9568/A                          320.00  449.40 -129.40 (VIOLATED)
output9877/A                          320.00  449.40 -129.40 (VIOLATED)
output9659/A                          320.00  449.39 -129.39 (VIOLATED)
output9795/A                          320.00  449.37 -129.37 (VIOLATED)
output9807/A                          320.00  449.37 -129.37 (VIOLATED)
output9607/A                          320.00  449.37 -129.37 (VIOLATED)
output9897/A                          320.00  449.37 -129.37 (VIOLATED)
output9998/A                          320.00  449.32 -129.32 (VIOLATED)
place79511/A                          320.00  449.31 -129.31 (VIOLATED)
output9907/A                          320.00  449.26 -129.26 (VIOLATED)
output9817/A                          320.00  449.25 -129.25 (VIOLATED)
_767284_/Y                            320.00  449.21 -129.21 (VIOLATED)
_742854_/B                            320.00  449.12 -129.12 (VIOLATED)
_654049_/B                            320.00  448.87 -128.87 (VIOLATED)
a_sym[24][0]$_DFFE_PN0P_/QN           320.00  448.79 -128.79 (VIOLATED)
place79267/A                          320.00  448.77 -128.77 (VIOLATED)
place78892/A                          320.00  448.61 -128.61 (VIOLATED)
_740154_/B                            320.00  448.31 -128.31 (VIOLATED)
place78950/A                          320.00  448.27 -128.27 (VIOLATED)
a_sym[17][5]$_DFFE_PN0P_/QN           320.00  448.26 -128.26 (VIOLATED)
hold112473/A                          320.00  448.23 -128.23 (VIOLATED)
in_data_q[21]$_DFFE_PN0P_/QN          320.00  448.19 -128.19 (VIOLATED)
place78209/A                          320.00  448.18 -128.18 (VIOLATED)
_744141_/B                            320.00  448.02 -128.02 (VIOLATED)
_743196_/B                            320.00  447.76 -127.76 (VIOLATED)
rdata_q[7434]$_DFFE_PP_/QN            320.00  447.57 -127.57 (VIOLATED)
place79430/A                          320.00  447.32 -127.32 (VIOLATED)
place79002/A                          320.00  447.26 -127.26 (VIOLATED)
_739420_/B                            320.00  447.21 -127.21 (VIOLATED)
place78707/A                          320.00  447.13 -127.13 (VIOLATED)
part_q[26][6]$_DFFE_PP_/QN            320.00  447.10 -127.10 (VIOLATED)
_745621_/B                            320.00  447.05 -127.05 (VIOLATED)
place78589/A                          320.00  446.89 -126.89 (VIOLATED)
_769375_/A                            320.00  446.82 -126.82 (VIOLATED)
_480032_/A                            320.00  446.70 -126.70 (VIOLATED)
_486196_/A                            320.00  446.68 -126.68 (VIOLATED)
_486257_/A                            320.00  446.58 -126.58 (VIOLATED)
_482525_/A                            320.00  446.47 -126.47 (VIOLATED)
_480760_/A                            320.00  446.45 -126.45 (VIOLATED)
in_data_q[54]$_DFFE_PN0P_/RESETN      320.00  446.44 -126.44 (VIOLATED)
_737295_/B                            320.00  446.39 -126.39 (VIOLATED)
_482447_/A                            320.00  446.37 -126.37 (VIOLATED)
place79506/A                          320.00  446.14 -126.14 (VIOLATED)
part_q[28][17]$_DFFE_PP_/QN           320.00  445.96 -125.96 (VIOLATED)
_496855_/A                            320.00  445.89 -125.89 (VIOLATED)
_745509_/B                            320.00  445.73 -125.73 (VIOLATED)
in_data_q[152]$_DFFE_PN0P_/RESETN     320.00  445.31 -125.31 (VIOLATED)
rdata_q[2886]$_DFFE_PP_/QN            320.00  445.31 -125.31 (VIOLATED)
in_data_q[51]$_DFFE_PN0P_/RESETN      320.00  445.04 -125.04 (VIOLATED)
_745253_/B                            320.00  444.54 -124.54 (VIOLATED)
in_data_q[56]$_DFFE_PN0P_/RESETN      320.00  444.51 -124.51 (VIOLATED)
_739166_/B                            320.00  444.32 -124.32 (VIOLATED)
output9753/A                          320.00  444.28 -124.28 (VIOLATED)
output9801/A                          320.00  444.28 -124.28 (VIOLATED)
output9742/A                          320.00  444.28 -124.28 (VIOLATED)
output9831/A                          320.00  444.28 -124.28 (VIOLATED)
output9853/A                          320.00  444.27 -124.27 (VIOLATED)
place78583/A                          320.00  444.25 -124.25 (VIOLATED)
output9943/A                          320.00  444.22 -124.22 (VIOLATED)
output9872/A                          320.00  444.21 -124.21 (VIOLATED)
output9963/A                          320.00  444.18 -124.18 (VIOLATED)
output9732/A                          320.00  444.13 -124.13 (VIOLATED)
output9691/A                          320.00  444.11 -124.11 (VIOLATED)
output9711/A                          320.00  444.06 -124.06 (VIOLATED)
in_data_q[44]$_DFFE_PN0P_/QN          320.00  444.04 -124.04 (VIOLATED)
output9993/A                          320.00  444.02 -124.02 (VIOLATED)
output9843/A                          320.00  444.01 -124.01 (VIOLATED)
output9972/A                          320.00  444.01 -124.01 (VIOLATED)
output9731/A                          320.00  444.01 -124.01 (VIOLATED)
output9763/A                          320.00  444.00 -124.00 (VIOLATED)
output9572/A                          320.00  444.00 -124.00 (VIOLATED)
output9652/A                          320.00  443.99 -123.99 (VIOLATED)
output9911/A                          320.00  443.99 -123.99 (VIOLATED)
_586349_/A                            320.00  443.98 -123.98 (VIOLATED)
output9631/A                          320.00  443.92 -123.92 (VIOLATED)
output9891/A                          320.00  443.92 -123.92 (VIOLATED)
output9611/A                          320.00  443.88 -123.88 (VIOLATED)
output9632/A                          320.00  443.87 -123.87 (VIOLATED)
output9973/A                          320.00  443.87 -123.87 (VIOLATED)
output9642/A                          320.00  443.81 -123.81 (VIOLATED)
output9781/A                          320.00  443.68 -123.68 (VIOLATED)
output9863/A                          320.00  443.61 -123.61 (VIOLATED)
output9721/A                          320.00  443.28 -123.28 (VIOLATED)
place79557/A                          320.00  443.27 -123.27 (VIOLATED)
output9811/A                          320.00  443.20 -123.20 (VIOLATED)
_750452_/A                            320.00  443.20 -123.20 (VIOLATED)
place79368/A                          320.00  443.19 -123.19 (VIOLATED)
_748240_/A                            320.00  443.18 -123.18 (VIOLATED)
output9581/A                          320.00  443.17 -123.17 (VIOLATED)
place78118/A                          320.00  443.10 -123.10 (VIOLATED)
output9791/A                          320.00  443.10 -123.10 (VIOLATED)
output9621/A                          320.00  443.10 -123.10 (VIOLATED)
output9591/A                          320.00  443.05 -123.05 (VIOLATED)
_479341_/A                            320.00  443.02 -123.02 (VIOLATED)
place78578/A                          320.00  442.95 -122.95 (VIOLATED)
in_data_q[50]$_DFFE_PN0P_/RESETN      320.00  442.95 -122.95 (VIOLATED)
rdata_q[6771]$_DFFE_PP_/QN            320.00  442.87 -122.87 (VIOLATED)
_768167_/A                            320.00  442.85 -122.85 (VIOLATED)
output9663/A                          320.00  442.81 -122.81 (VIOLATED)
output9821/A                          320.00  442.79 -122.79 (VIOLATED)
_482754_/A                            320.00  442.77 -122.77 (VIOLATED)
_479338_/Y                            320.00  442.76 -122.76 (VIOLATED)
output9983/A                          320.00  442.71 -122.71 (VIOLATED)
output9601/A                          320.00  442.71 -122.71 (VIOLATED)
output9701/A                          320.00  442.66 -122.66 (VIOLATED)
place79444/A                          320.00  442.65 -122.65 (VIOLATED)
place78558/A                          320.00  442.52 -122.52 (VIOLATED)
output9901/A                          320.00  442.47 -122.47 (VIOLATED)
output9672/A                          320.00  442.47 -122.47 (VIOLATED)
output9921/A                          320.00  442.47 -122.47 (VIOLATED)
place78969/A                          320.00  442.38 -122.38 (VIOLATED)
output9881/A                          320.00  442.38 -122.38 (VIOLATED)
_745350_/A                            320.00  442.37 -122.37 (VIOLATED)
output9931/A                          320.00  442.36 -122.36 (VIOLATED)
output10003/A                         320.00  442.33 -122.33 (VIOLATED)
_744774_/B                            320.00  442.32 -122.32 (VIOLATED)
output9953/A                          320.00  442.31 -122.31 (VIOLATED)
_745221_/A                            320.00  442.30 -122.30 (VIOLATED)
output9832/A                          320.00  442.30 -122.30 (VIOLATED)
output9681/A                          320.00  442.29 -122.29 (VIOLATED)
output9772/A                          320.00  442.29 -122.29 (VIOLATED)
output9933/A                          320.00  442.29 -122.29 (VIOLATED)
_767280_/Y                            320.00  442.26 -122.26 (VIOLATED)
place79448/A                          320.00  442.22 -122.22 (VIOLATED)
_746487_/B                            320.00  442.14 -122.14 (VIOLATED)
_788002_/A                            320.00  442.11 -122.11 (VIOLATED)
_745425_/B                            320.00  442.10 -122.10 (VIOLATED)
_745248_/B                            320.00  442.09 -122.09 (VIOLATED)
_745379_/A                            320.00  442.07 -122.07 (VIOLATED)
place79378/A                          320.00  441.94 -121.94 (VIOLATED)
place87961/A                          320.00  441.83 -121.83 (VIOLATED)
_584447_/A                            320.00  441.80 -121.80 (VIOLATED)
_745277_/A                            320.00  441.80 -121.80 (VIOLATED)
_745236_/A                            320.00  441.74 -121.74 (VIOLATED)
_745357_/A                            320.00  441.72 -121.72 (VIOLATED)
_745284_/A                            320.00  441.70 -121.70 (VIOLATED)
out_pix_data[125]$_DFFE_PN0P_/RESETN  320.00  441.69 -121.69 (VIOLATED)
place78955/A                          320.00  441.68 -121.68 (VIOLATED)
_737291_/B                            320.00  441.67 -121.67 (VIOLATED)
in_data_q[17]$_DFFE_PN0P_/QN          320.00  441.58 -121.58 (VIOLATED)
place79505/A                          320.00  441.54 -121.54 (VIOLATED)
_745263_/A                            320.00  441.53 -121.53 (VIOLATED)
coef_q[116]$_DFFE_PN0P_/RESETN        320.00  441.52 -121.52 (VIOLATED)
coef_q[57]$_DFFE_PN0P_/RESETN         320.00  441.51 -121.51 (VIOLATED)
in_data_q[116]$_DFFE_PN0P_/QN         320.00  441.49 -121.49 (VIOLATED)
in_data_q[120]$_DFFE_PN0P_/QN         320.00  441.40 -121.40 (VIOLATED)
_745244_/A                            320.00  441.36 -121.36 (VIOLATED)
coef_q[122]$_DFFE_PN0P_/RESETN        320.00  441.36 -121.36 (VIOLATED)
_745269_/A                            320.00  441.34 -121.34 (VIOLATED)
_741137_/B                            320.00  441.21 -121.21 (VIOLATED)
coef_q[83]$_DFFE_PN0P_/RESETN         320.00  441.20 -121.20 (VIOLATED)
_737311_/B                            320.00  441.18 -121.18 (VIOLATED)
_749064_/A                            320.00  441.11 -121.11 (VIOLATED)
coef_q[67]$_DFFE_PN0P_/RESETN         320.00  441.07 -121.07 (VIOLATED)
_747077_/A                            320.00  441.01 -121.01 (VIOLATED)
coef_q[33]$_DFFE_PN0P_/RESETN         320.00  440.92 -120.92 (VIOLATED)
_746496_/B                            320.00  440.89 -120.89 (VIOLATED)
_748606_/A                            320.00  440.71 -120.71 (VIOLATED)
_748527_/A                            320.00  440.70 -120.70 (VIOLATED)
coef_q[74]$_DFFE_PN0P_/RESETN         320.00  440.61 -120.61 (VIOLATED)
coef_q[90]$_DFFE_PN0P_/RESETN         320.00  440.44 -120.44 (VIOLATED)
_740108_/B                            320.00  440.36 -120.36 (VIOLATED)
place78976/A                          320.00  440.36 -120.36 (VIOLATED)
_748552_/B                            320.00  440.30 -120.30 (VIOLATED)
_750589_/A                            320.00  440.29 -120.29 (VIOLATED)
ce_d1[5]$_DFFE_PN0P_/RESETN           320.00  440.29 -120.29 (VIOLATED)
_751799_/A                            320.00  440.28 -120.28 (VIOLATED)
coef_q[114]$_DFFE_PN0P_/RESETN        320.00  440.26 -120.26 (VIOLATED)
_748578_/A                            320.00  440.26 -120.26 (VIOLATED)
_745245_/A                            320.00  440.25 -120.25 (VIOLATED)
place87956/A                          320.00  440.14 -120.14 (VIOLATED)
place79550/A                          320.00  440.07 -120.07 (VIOLATED)
_751322_/A                            320.00  440.04 -120.04 (VIOLATED)
_747114_/A                            320.00  440.01 -120.01 (VIOLATED)
coef_q[120]$_DFFE_PN0P_/RESETN        320.00  439.95 -119.95 (VIOLATED)
_745613_/B                            320.00  439.89 -119.89 (VIOLATED)
_745257_/B                            320.00  439.87 -119.87 (VIOLATED)
_745303_/A                            320.00  439.75 -119.75 (VIOLATED)
in_data_q[126]$_DFFE_PN0P_/QN         320.00  439.70 -119.70 (VIOLATED)
coef_q[162]$_DFFE_PN0P_/RESETN        320.00  439.58 -119.58 (VIOLATED)
_745434_/B                            320.00  439.41 -119.41 (VIOLATED)
_745287_/A                            320.00  439.32 -119.32 (VIOLATED)
_750199_/A                            320.00  439.25 -119.25 (VIOLATED)
_747704_/A                            320.00  439.23 -119.23 (VIOLATED)
coef_q[64]$_DFFE_PN0P_/RESETN         320.00  439.11 -119.11 (VIOLATED)
_635826_/A                            320.00  439.10 -119.10 (VIOLATED)
coef_q[138]$_DFFE_PN0P_/RESETN        320.00  438.73 -118.73 (VIOLATED)
_745295_/A                            320.00  438.45 -118.45 (VIOLATED)
_737303_/B                            320.00  438.42 -118.42 (VIOLATED)
_775903_/A                            320.00  438.35 -118.35 (VIOLATED)
coef_q[38]$_DFFE_PN0P_/RESETN         320.00  438.28 -118.28 (VIOLATED)
_745255_/A                            320.00  438.22 -118.22 (VIOLATED)
_745256_/A                            320.00  438.19 -118.19 (VIOLATED)
_489899_/A                            320.00  438.17 -118.17 (VIOLATED)
_749421_/A                            320.00  438.13 -118.13 (VIOLATED)
coef_q[15]$_DFFE_PN0P_/RESETN         320.00  437.97 -117.97 (VIOLATED)
_747634_/A                            320.00  437.96 -117.96 (VIOLATED)
place79548/A                          320.00  437.72 -117.72 (VIOLATED)
_749529_/A                            320.00  437.64 -117.64 (VIOLATED)
place76353/A                          320.00  437.63 -117.63 (VIOLATED)
_745259_/A                            320.00  437.62 -117.62 (VIOLATED)
place78155/A                          320.00  437.61 -117.61 (VIOLATED)
_745222_/A                            320.00  437.60 -117.60 (VIOLATED)
a_sym[7][5]$_DFFE_PN0P_/QN            320.00  437.59 -117.59 (VIOLATED)
coef_q[146]$_DFFE_PN0P_/RESETN        320.00  437.49 -117.49 (VIOLATED)
place87848/A                          320.00  437.47 -117.47 (VIOLATED)
oskid_d[37]$_DFFE_PN0P_/RESETN        320.00  437.20 -117.20 (VIOLATED)
_744566_/B                            320.00  437.14 -117.14 (VIOLATED)
place78961/A                          320.00  437.10 -117.10 (VIOLATED)
m_1h[4]$_DFFE_PN0P_/RESETN            320.00  436.99 -116.99 (VIOLATED)
_744142_/B                            320.00  436.98 -116.98 (VIOLATED)
oskid_d[30]$_DFFE_PN0P_/RESETN        320.00  436.96 -116.96 (VIOLATED)
coef_q[47]$_DFFE_PN0P_/RESETN         320.00  436.94 -116.94 (VIOLATED)
out_pix_data[127]$_DFFE_PN0P_/RESETN  320.00  436.93 -116.93 (VIOLATED)
m_1h[41]$_DFFE_PN0P_/RESETN           320.00  436.90 -116.90 (VIOLATED)
oskid_d[38]$_DFFE_PN0P_/RESETN        320.00  436.90 -116.90 (VIOLATED)
ce_d2[23]$_DFFE_PN0P_/RESETN          320.00  436.69 -116.69 (VIOLATED)
_745301_/A                            320.00  436.55 -116.55 (VIOLATED)
ce_d2[24]$_DFFE_PN0P_/RESETN          320.00  436.55 -116.55 (VIOLATED)
_745229_/A                            320.00  436.54 -116.54 (VIOLATED)
_745256_/B                            320.00  436.40 -116.40 (VIOLATED)
ce_d2[25]$_DFFE_PN0P_/RESETN          320.00  436.34 -116.34 (VIOLATED)
ce_d1[23]$_DFFE_PN0P_/RESETN          320.00  436.28 -116.28 (VIOLATED)
in_data_q[108]$_DFFE_PN0P_/RESETN     320.00  436.22 -116.22 (VIOLATED)
in_data_q[124]$_DFFE_PN0P_/RESETN     320.00  436.18 -116.18 (VIOLATED)
oskid_d[32]$_DFFE_PN0P_/RESETN        320.00  436.17 -116.17 (VIOLATED)
coef_q[8]$_DFFE_PN0P_/RESETN          320.00  436.16 -116.16 (VIOLATED)
rdata_q[7432]$_DFFE_PP_/QN            320.00  436.06 -116.06 (VIOLATED)
_745224_/A                            320.00  436.01 -116.01 (VIOLATED)
_745372_/A                            320.00  435.93 -115.93 (VIOLATED)
ce_d2[5]$_DFFE_PN0P_/RESETN           320.00  435.86 -115.86 (VIOLATED)
_797500_/A                            320.00  435.84 -115.84 (VIOLATED)
_745281_/A                            320.00  435.83 -115.83 (VIOLATED)
in_data_q[100]$_DFFE_PN0P_/RESETN     320.00  435.83 -115.83 (VIOLATED)
place87954/A                          320.00  435.70 -115.70 (VIOLATED)
_745246_/A                            320.00  435.67 -115.67 (VIOLATED)
_746495_/B                            320.00  435.61 -115.61 (VIOLATED)
in_data_q[121]$_DFFE_PN0P_/RESETN     320.00  435.61 -115.61 (VIOLATED)
_745380_/A                            320.00  435.60 -115.60 (VIOLATED)
_747790_/A                            320.00  435.57 -115.57 (VIOLATED)
_747743_/A                            320.00  435.56 -115.56 (VIOLATED)
in_data_q[87]$_DFFE_PN0P_/RESETN      320.00  435.56 -115.56 (VIOLATED)
oskid_d[39]$_DFFE_PN0P_/RESETN        320.00  435.53 -115.53 (VIOLATED)
_745267_/A                            320.00  435.51 -115.51 (VIOLATED)
_750177_/A                            320.00  435.49 -115.49 (VIOLATED)
_745270_/A                            320.00  435.49 -115.49 (VIOLATED)
in_data_q[80]$_DFFE_PN0P_/RESETN      320.00  435.46 -115.46 (VIOLATED)
_753996_/A                            320.00  435.44 -115.44 (VIOLATED)
_745274_/A                            320.00  435.44 -115.44 (VIOLATED)
_743249_/B                            320.00  435.42 -115.42 (VIOLATED)
_745298_/A                            320.00  435.41 -115.41 (VIOLATED)
m_1h[38]$_DFFE_PN0P_/RESETN           320.00  435.40 -115.40 (VIOLATED)
place79090/A                          320.00  435.28 -115.28 (VIOLATED)
in_data_q[102]$_DFFE_PN0P_/RESETN     320.00  435.23 -115.23 (VIOLATED)
_745266_/A                            320.00  435.21 -115.21 (VIOLATED)
_760364_/A                            320.00  435.15 -115.15 (VIOLATED)
_758213_/A                            320.00  435.11 -115.11 (VIOLATED)
_768871_/A                            320.00  435.05 -115.05 (VIOLATED)
_771024_/A                            320.00  434.95 -114.95 (VIOLATED)
_738564_/B                            320.00  434.92 -114.92 (VIOLATED)
_745433_/B                            320.00  434.91 -114.91 (VIOLATED)
oskid_d[34]$_DFFE_PN0P_/RESETN        320.00  434.78 -114.78 (VIOLATED)
oskid_d[33]$_DFFE_PN0P_/RESETN        320.00  434.75 -114.75 (VIOLATED)
oskid_d[35]$_DFFE_PN0P_/RESETN        320.00  434.73 -114.73 (VIOLATED)
a_sym[2][0]$_DFFE_PN0P_/QN            320.00  434.53 -114.53 (VIOLATED)
place79234/A                          320.00  434.48 -114.48 (VIOLATED)
oskid_d[36]$_DFFE_PN0P_/RESETN        320.00  434.40 -114.40 (VIOLATED)
out_v_q$_DFFE_PN0P_/RESETN            320.00  434.38 -114.38 (VIOLATED)
in_data_q[123]$_DFFE_PN0P_/RESETN     320.00  434.37 -114.37 (VIOLATED)
place79561/A                          320.00  434.36 -114.36 (VIOLATED)
coef_q[183]$_DFFE_PN0P_/RESETN        320.00  434.32 -114.32 (VIOLATED)
coef_q[69]$_DFFE_PN0P_/RESETN         320.00  434.32 -114.32 (VIOLATED)
oskid_v$_DFFE_PN0P_/RESETN            320.00  434.31 -114.31 (VIOLATED)
in_data_q[122]$_DFFE_PN0P_/RESETN     320.00  434.30 -114.30 (VIOLATED)
_745591_/B                            320.00  434.17 -114.17 (VIOLATED)
_597619_/B                            320.00  433.99 -113.99 (VIOLATED)
place87951/A                          320.00  433.89 -113.89 (VIOLATED)
_737302_/A                            320.00  433.88 -113.88 (VIOLATED)
oskid_d[31]$_DFFE_PN0P_/RESETN        320.00  433.86 -113.86 (VIOLATED)
_745355_/A                            320.00  433.78 -113.78 (VIOLATED)
coef_q[52]$_DFFE_PN0P_/RESETN         320.00  433.37 -113.37 (VIOLATED)
out_pix_data[108]$_DFFE_PN0P_/RESETN  320.00  433.25 -113.25 (VIOLATED)
a_sym[21][0]$_DFFE_PN0P_/QN           320.00  433.10 -113.10 (VIOLATED)
out_pix_data[102]$_DFFE_PN0P_/RESETN  320.00  433.01 -113.01 (VIOLATED)
out_pix_data[103]$_DFFE_PN0P_/RESETN  320.00  432.99 -112.99 (VIOLATED)
in_data_q[127]$_DFFE_PN0P_/RESETN     320.00  432.97 -112.97 (VIOLATED)
in_data_q[125]$_DFFE_PN0P_/RESETN     320.00  432.95 -112.95 (VIOLATED)
in_data_q[117]$_DFFE_PN0P_/RESETN     320.00  432.93 -112.93 (VIOLATED)
coef_q[56]$_DFFE_PN0P_/RESETN         320.00  432.90 -112.90 (VIOLATED)
_737466_/A                            320.00  432.90 -112.90 (VIOLATED)
out_pix_data[32]$_DFFE_PN0P_/RESETN   320.00  432.84 -112.84 (VIOLATED)
out_pix_data[101]$_DFFE_PN0P_/RESETN  320.00  432.84 -112.84 (VIOLATED)
out_pix_data[33]$_DFFE_PN0P_/RESETN   320.00  432.80 -112.80 (VIOLATED)
part_q[36][14]$_DFFE_PP_/QN           320.00  432.80 -112.80 (VIOLATED)
m_ce[36]$_DFFE_PN0P_/RESETN           320.00  432.77 -112.77 (VIOLATED)
_509956_/A                            320.00  432.76 -112.76 (VIOLATED)
place78386/A                          320.00  432.72 -112.72 (VIOLATED)
out_pix_data[100]$_DFFE_PN0P_/RESETN  320.00  432.70 -112.70 (VIOLATED)
place79540/A                          320.00  432.70 -112.70 (VIOLATED)
m_out$_DFFE_PN0P_/RESETN              320.00  432.66 -112.66 (VIOLATED)
_598837_/A                            320.00  432.64 -112.64 (VIOLATED)
out_pix_data[36]$_DFFE_PN0P_/RESETN   320.00  432.50 -112.50 (VIOLATED)
place78572/A                          320.00  432.48 -112.48 (VIOLATED)
place79223/A                          320.00  432.42 -112.42 (VIOLATED)
coef_q[31]$_DFFE_PN0P_/RESETN         320.00  432.38 -112.38 (VIOLATED)
place78376/A                          320.00  432.35 -112.35 (VIOLATED)
out_pix_data[109]$_DFFE_PN0P_/RESETN  320.00  432.34 -112.34 (VIOLATED)
out_d4$_DFFE_PN0P_/RESETN             320.00  432.29 -112.29 (VIOLATED)
place78966/A                          320.00  432.25 -112.25 (VIOLATED)
in_data_q[16]$_DFFE_PN0P_/QN          320.00  432.25 -112.25 (VIOLATED)
_742434_/B                            320.00  432.23 -112.23 (VIOLATED)
out_pix_data[107]$_DFFE_PN0P_/RESETN  320.00  432.20 -112.20 (VIOLATED)
place78131/A                          320.00  432.01 -112.01 (VIOLATED)
m_ce[42]$_DFFE_PN0P_/RESETN           320.00  431.89 -111.89 (VIOLATED)
rdata_q[7516]$_DFFE_PP_/QN            320.00  431.75 -111.75 (VIOLATED)
rdata_q[7803]$_DFFE_PP_/QN            320.00  431.68 -111.68 (VIOLATED)
ce_d1[42]$_DFFE_PN0P_/RESETN          320.00  431.67 -111.67 (VIOLATED)
_480234_/A                            320.00  431.57 -111.57 (VIOLATED)
rdata_q[1743]$_DFFE_PP_/QN            320.00  431.35 -111.35 (VIOLATED)
output10036/A                         320.00  431.33 -111.33 (VIOLATED)
out_pix_data[38]$_DFFE_PN0P_/RESETN   320.00  431.17 -111.17 (VIOLATED)
ce_d2[43]$_DFFE_PN0P_/RESETN          320.00  431.13 -111.13 (VIOLATED)
ce_d1[43]$_DFFE_PN0P_/RESETN          320.00  431.05 -111.05 (VIOLATED)
_748442_/B                            320.00  431.04 -111.04 (VIOLATED)
coef_q[23]$_DFFE_PN0P_/RESETN         320.00  431.02 -111.02 (VIOLATED)
place87776/A                          320.00  431.02 -111.02 (VIOLATED)
_745290_/A                            320.00  430.99 -110.99 (VIOLATED)
place79220/A                          320.00  430.98 -110.98 (VIOLATED)
in_data_q[103]$_DFFE_PN0P_/RESETN     320.00  430.90 -110.90 (VIOLATED)
in_data_q[129]$_DFFE_PN0P_/RESETN     320.00  430.81 -110.81 (VIOLATED)
in_data_q[126]$_DFFE_PN0P_/RESETN     320.00  430.80 -110.80 (VIOLATED)
ce_d1[25]$_DFFE_PN0P_/RESETN          320.00  430.79 -110.79 (VIOLATED)
coef_q[86]$_DFFE_PN0P_/RESETN         320.00  430.79 -110.79 (VIOLATED)
_737579_/B                            320.00  430.76 -110.76 (VIOLATED)
coef_q[88]$_DFFE_PN0P_/RESETN         320.00  430.74 -110.74 (VIOLATED)
m_ce[27]$_DFFE_PN0P_/RESETN           320.00  430.74 -110.74 (VIOLATED)
_768731_/A                            320.00  430.70 -110.70 (VIOLATED)
in_data_q[113]$_DFFE_PN0P_/QN         320.00  430.70 -110.70 (VIOLATED)
in_data_q[107]$_DFFE_PN0P_/RESETN     320.00  430.68 -110.68 (VIOLATED)
coef_q[125]$_DFFE_PN0P_/RESETN        320.00  430.64 -110.64 (VIOLATED)
coef_q[185]$_DFFE_PN0P_/RESETN        320.00  430.61 -110.61 (VIOLATED)
coef_q[54]$_DFFE_PN0P_/RESETN         320.00  430.59 -110.59 (VIOLATED)
_745278_/A                            320.00  430.56 -110.56 (VIOLATED)
out_d3$_DFFE_PN0P_/RESETN             320.00  430.54 -110.54 (VIOLATED)
in_data_q[120]$_DFFE_PN0P_/RESETN     320.00  430.49 -110.49 (VIOLATED)
place78193/A                          320.00  430.48 -110.48 (VIOLATED)
_806126_/CI                           320.00  430.48 -110.48 (VIOLATED)
in_data_q[128]$_DFFE_PN0P_/RESETN     320.00  430.37 -110.37 (VIOLATED)
place87946/A                          320.00  430.36 -110.36 (VIOLATED)
in_data_q[112]$_DFFE_PN0P_/QN         320.00  430.29 -110.29 (VIOLATED)
coef_q[66]$_DFFE_PN0P_/RESETN         320.00  430.26 -110.26 (VIOLATED)
_743986_/B                            320.00  430.12 -110.12 (VIOLATED)
place79005/A                          320.00  430.06 -110.06 (VIOLATED)
_742151_/B                            320.00  430.03 -110.03 (VIOLATED)
place78305/A                          320.00  430.01 -110.01 (VIOLATED)
in_data_q[85]$_DFFE_PN0P_/RESETN      320.00  429.97 -109.97 (VIOLATED)
in_data_q[105]$_DFFE_PN0P_/RESETN     320.00  429.96 -109.96 (VIOLATED)
in_data_q[106]$_DFFE_PN0P_/RESETN     320.00  429.93 -109.93 (VIOLATED)
_613288_/B                            320.00  429.93 -109.93 (VIOLATED)
in_data_q[82]$_DFFE_PN0P_/RESETN      320.00  429.91 -109.91 (VIOLATED)
in_data_q[97]$_DFFE_PN0P_/RESETN      320.00  429.87 -109.87 (VIOLATED)
_745538_/B                            320.00  429.73 -109.73 (VIOLATED)
coef_q[55]$_DFFE_PN0P_/RESETN         320.00  429.62 -109.62 (VIOLATED)
out_pix_data[35]$_DFFE_PN0P_/RESETN   320.00  429.58 -109.58 (VIOLATED)
wire18493/A                           320.00  429.54 -109.54 (VIOLATED)
_766402_/C                            320.00  429.47 -109.47 (VIOLATED)
_766395_/C                            320.00  429.45 -109.45 (VIOLATED)
coef_q[152]$_DFFE_PN0P_/RESETN        320.00  429.38 -109.38 (VIOLATED)
_746371_/B                            320.00  429.37 -109.37 (VIOLATED)
ce_d2[42]$_DFFE_PN0P_/RESETN          320.00  429.31 -109.31 (VIOLATED)
coef_q[50]$_DFFE_PN0P_/RESETN         320.00  429.23 -109.23 (VIOLATED)
_745524_/B                            320.00  429.19 -109.19 (VIOLATED)
_766345_/B                            320.00  429.18 -109.18 (VIOLATED)
_766340_/C                            320.00  429.14 -109.14 (VIOLATED)
_766371_/A2                           320.00  429.05 -109.05 (VIOLATED)
_766367_/B                            320.00  429.04 -109.04 (VIOLATED)
out_d2$_DFFE_PN0P_/RESETN             320.00  429.01 -109.01 (VIOLATED)
_749493_/A                            320.00  429.00 -109.00 (VIOLATED)
_753015_/A                            320.00  428.98 -108.98 (VIOLATED)
_479761_/A                            320.00  428.87 -108.87 (VIOLATED)
_739538_/B                            320.00  428.85 -108.85 (VIOLATED)
_620037_/A                            320.00  428.82 -108.82 (VIOLATED)
_745715_/B                            320.00  428.79 -108.79 (VIOLATED)
_749468_/A                            320.00  428.77 -108.77 (VIOLATED)
_479694_/A                            320.00  428.70 -108.70 (VIOLATED)
_482678_/A                            320.00  428.70 -108.70 (VIOLATED)
in_data_q[83]$_DFFE_PN0P_/RESETN      320.00  428.56 -108.56 (VIOLATED)
_482692_/A                            320.00  428.54 -108.54 (VIOLATED)
coef_q[161]$_DFFE_PN0P_/RESETN        320.00  428.52 -108.52 (VIOLATED)
_749314_/A                            320.00  428.42 -108.42 (VIOLATED)
_739883_/B                            320.00  428.41 -108.41 (VIOLATED)
_490937_/A                            320.00  428.33 -108.33 (VIOLATED)
_620038_/A                            320.00  428.30 -108.30 (VIOLATED)
_745701_/B                            320.00  428.19 -108.19 (VIOLATED)
_766333_/C                            320.00  428.17 -108.17 (VIOLATED)
_766270_/B                            320.00  428.13 -108.13 (VIOLATED)
place77201/A                          320.00  428.11 -108.11 (VIOLATED)
_766418_/A                            320.00  428.10 -108.10 (VIOLATED)
_766429_/A1                           320.00  428.05 -108.05 (VIOLATED)
place78132/A                          320.00  428.04 -108.04 (VIOLATED)
coef_q[20]$_DFFE_PN0P_/RESETN         320.00  428.02 -108.02 (VIOLATED)
_766389_/A1                           320.00  428.01 -108.01 (VIOLATED)
_764116_/A                            320.00  427.99 -107.99 (VIOLATED)
_765096_/A                            320.00  427.96 -107.96 (VIOLATED)
_749387_/A                            320.00  427.96 -107.96 (VIOLATED)
_765703_/C                            320.00  427.94 -107.94 (VIOLATED)
_765097_/A1                           320.00  427.94 -107.94 (VIOLATED)
_765078_/B                            320.00  427.93 -107.93 (VIOLATED)
place79086/A                          320.00  427.89 -107.89 (VIOLATED)
m_ce[43]$_DFFE_PN0P_/RESETN           320.00  427.88 -107.88 (VIOLATED)
_764117_/A1                           320.00  427.87 -107.87 (VIOLATED)
h_m1_q[9]$_DFFE_PN0P_/RESETN          320.00  427.87 -107.87 (VIOLATED)
_765082_/B                            320.00  427.82 -107.82 (VIOLATED)
h_m1_q[11]$_DFFE_PN0P_/RESETN         320.00  427.82 -107.82 (VIOLATED)
m_ce[38]$_DFFE_PN0P_/RESETN           320.00  427.80 -107.80 (VIOLATED)
_764119_/A1                           320.00  427.78 -107.78 (VIOLATED)
h_m1_q[8]$_DFFE_PN0P_/RESETN          320.00  427.78 -107.78 (VIOLATED)
_764118_/A                            320.00  427.75 -107.75 (VIOLATED)
place87947/A                          320.00  427.74 -107.74 (VIOLATED)
place87949/A                          320.00  427.67 -107.67 (VIOLATED)
_835856_/CI                           320.00  427.67 -107.67 (VIOLATED)
_765092_/A1                           320.00  427.66 -107.66 (VIOLATED)
coef_q[18]$_DFFE_PN0P_/RESETN         320.00  427.64 -107.64 (VIOLATED)
a_sym[5][7]$_DFFE_PN0P_/QN            320.00  427.63 -107.63 (VIOLATED)
_763263_/A1                           320.00  427.61 -107.61 (VIOLATED)
ce_d2[39]$_DFFE_PN0P_/RESETN          320.00  427.58 -107.58 (VIOLATED)
_763262_/A                            320.00  427.57 -107.57 (VIOLATED)
_620039_/A                            320.00  427.51 -107.51 (VIOLATED)
h_m1_q[10]$_DFFE_PN0P_/RESETN         320.00  427.51 -107.51 (VIOLATED)
prep_cnt[0]$_DFFE_PN0P_/RESETN        320.00  427.47 -107.47 (VIOLATED)
_765710_/C                            320.00  427.44 -107.44 (VIOLATED)
_765712_/A1                           320.00  427.41 -107.41 (VIOLATED)
part_q[50][13]$_DFFE_PP_/QN           320.00  427.38 -107.38 (VIOLATED)
ce_d2[22]$_DFFE_PN0P_/RESETN          320.00  427.33 -107.33 (VIOLATED)
prep_cnt[1]$_DFFE_PN0P_/RESETN        320.00  427.30 -107.30 (VIOLATED)
_745258_/A                            320.00  427.18 -107.18 (VIOLATED)
place65111/A                          320.00  427.18 -107.18 (VIOLATED)
_765070_/A                            320.00  427.13 -107.13 (VIOLATED)
prep_cnt[2]$_DFFE_PN0P_/RESETN        320.00  427.12 -107.12 (VIOLATED)
_763286_/A                            320.00  427.07 -107.07 (VIOLATED)
_764112_/A                            320.00  427.00 -107.00 (VIOLATED)
_766238_/A                            320.00  426.92 -106.92 (VIOLATED)
_764113_/A1                           320.00  426.92 -106.92 (VIOLATED)
_763287_/A1                           320.00  426.85 -106.85 (VIOLATED)
_763290_/A1                           320.00  426.84 -106.84 (VIOLATED)
in_data_q[89]$_DFFE_PN0P_/RESETN      320.00  426.79 -106.79 (VIOLATED)
_765071_/A1                           320.00  426.78 -106.78 (VIOLATED)
_765699_/C                            320.00  426.72 -106.72 (VIOLATED)
_765064_/A1                           320.00  426.69 -106.69 (VIOLATED)
_742421_/B                            320.00  426.67 -106.67 (VIOLATED)
_620040_/A                            320.00  426.63 -106.63 (VIOLATED)
prep_cnt[3]$_DFFE_PN0P_/RESETN        320.00  426.60 -106.60 (VIOLATED)
_747556_/A                            320.00  426.59 -106.59 (VIOLATED)
_765701_/A1                           320.00  426.54 -106.54 (VIOLATED)
_737808_/B                            320.00  426.53 -106.53 (VIOLATED)
state[3]$_DFF_PN0_/RESETN             320.00  426.51 -106.51 (VIOLATED)
_747643_/A                            320.00  426.43 -106.43 (VIOLATED)
_745251_/A                            320.00  426.43 -106.43 (VIOLATED)
_748610_/A                            320.00  426.42 -106.42 (VIOLATED)
_748528_/A                            320.00  426.41 -106.41 (VIOLATED)
_745261_/A                            320.00  426.41 -106.41 (VIOLATED)
m_ce[46]$_DFFE_PN0P_/RESETN           320.00  426.26 -106.26 (VIOLATED)
_745230_/A                            320.00  426.21 -106.21 (VIOLATED)
_745253_/A                            320.00  426.21 -106.21 (VIOLATED)
out_pix_data[37]$_DFFE_PN0P_/RESETN   320.00  426.20 -106.20 (VIOLATED)
_765062_/B                            320.00  426.20 -106.20 (VIOLATED)
out_pix_data[30]$_DFFE_PN0P_/RESETN   320.00  426.16 -106.16 (VIOLATED)
_752465_/A                            320.00  426.16 -106.16 (VIOLATED)
_745599_/B                            320.00  426.14 -106.14 (VIOLATED)
place77435/A                          320.00  426.01 -106.01 (VIOLATED)
_763289_/A                            320.00  425.99 -105.99 (VIOLATED)
part_q[28][8]$_DFFE_PP_/QN            320.00  425.92 -105.92 (VIOLATED)
_747436_/A                            320.00  425.90 -105.90 (VIOLATED)
_677299_/B                            320.00  425.87 -105.87 (VIOLATED)
_737631_/B                            320.00  425.79 -105.79 (VIOLATED)
icnt[1]$_DFF_PN0_/RESETN              320.00  425.64 -105.64 (VIOLATED)
_787931_/A                            320.00  425.57 -105.57 (VIOLATED)
_745586_/B                            320.00  425.55 -105.55 (VIOLATED)
_787845_/C                            320.00  425.54 -105.54 (VIOLATED)
ce_d1[22]$_DFFE_PN0P_/RESETN          320.00  425.52 -105.52 (VIOLATED)
place78143/A                          320.00  425.44 -105.44 (VIOLATED)
_620041_/A                            320.00  425.38 -105.38 (VIOLATED)
a_sym[9][3]$_DFFE_PN0P_/QN            320.00  425.36 -105.36 (VIOLATED)
ce_d2[34]$_DFFE_PN0P_/RESETN          320.00  425.31 -105.31 (VIOLATED)
iwr$_DFFE_PN0P_/RESETN                320.00  425.31 -105.31 (VIOLATED)
ce_d1[34]$_DFFE_PN0P_/RESETN          320.00  425.30 -105.30 (VIOLATED)
in_need_q$_DFF_PN0_/RESETN            320.00  425.23 -105.23 (VIOLATED)
_742433_/B                            320.00  425.15 -105.15 (VIOLATED)
_661936_/B                            320.00  425.13 -105.13 (VIOLATED)
ird$_DFFE_PN0P_/RESETN                320.00  425.06 -105.06 (VIOLATED)
ce_d2[35]$_DFFE_PN0P_/RESETN          320.00  424.89 -104.89 (VIOLATED)
ce_d1[35]$_DFFE_PN0P_/RESETN          320.00  424.85 -104.85 (VIOLATED)
ce_d1[32]$_DFFE_PN0P_/RESETN          320.00  424.83 -104.83 (VIOLATED)
_787928_/A                            320.00  424.82 -104.82 (VIOLATED)
icnt[0]$_DFF_PN0_/RESETN              320.00  424.80 -104.80 (VIOLATED)
ce_d2[33]$_DFFE_PN0P_/RESETN          320.00  424.67 -104.67 (VIOLATED)
_737364_/B                            320.00  424.62 -104.62 (VIOLATED)
in_data_q[88]$_DFFE_PN0P_/RESETN      320.00  424.60 -104.60 (VIOLATED)
ce_d1[33]$_DFFE_PN0P_/RESETN          320.00  424.57 -104.57 (VIOLATED)
coef_q[72]$_DFFE_PN0P_/RESETN         320.00  424.41 -104.41 (VIOLATED)
place79572/A                          320.00  424.36 -104.36 (VIOLATED)
_745545_/B                            320.00  424.27 -104.27 (VIOLATED)
_744568_/B                            320.00  424.27 -104.27 (VIOLATED)
ce_d2[32]$_DFFE_PN0P_/RESETN          320.00  424.16 -104.16 (VIOLATED)
rdata_q[5029]$_DFFE_PP_/QN            320.00  424.03 -104.03 (VIOLATED)
_764105_/A                            320.00  424.01 -104.01 (VIOLATED)
_763282_/A                            320.00  423.91 -103.91 (VIOLATED)
_666134_/B                            320.00  423.83 -103.83 (VIOLATED)
ce_d1[4]$_DFFE_PN0P_/RESETN           320.00  423.82 -103.82 (VIOLATED)
_768874_/A                            320.00  423.82 -103.82 (VIOLATED)
_745242_/A                            320.00  423.81 -103.81 (VIOLATED)
_746497_/B                            320.00  423.78 -103.78 (VIOLATED)
_745258_/B                            320.00  423.78 -103.78 (VIOLATED)
_764106_/A1                           320.00  423.77 -103.77 (VIOLATED)
_739254_/B                            320.00  423.76 -103.76 (VIOLATED)
_620042_/A                            320.00  423.76 -103.76 (VIOLATED)
_745722_/B                            320.00  423.70 -103.70 (VIOLATED)
place79730/A                          320.00  423.59 -103.59 (VIOLATED)
place79291/A                          320.00  423.55 -103.55 (VIOLATED)
ce_d1[38]$_DFFE_PN0P_/RESETN          320.00  423.52 -103.52 (VIOLATED)
_745435_/B                            320.00  423.50 -103.50 (VIOLATED)
_739863_/B                            320.00  423.43 -103.43 (VIOLATED)
_748468_/A                            320.00  423.43 -103.43 (VIOLATED)
_750533_/A                            320.00  423.43 -103.43 (VIOLATED)
_836825_/A                            320.00  423.40 -103.40 (VIOLATED)
_748429_/A                            320.00  423.30 -103.30 (VIOLATED)
_763283_/A1                           320.00  423.20 -103.20 (VIOLATED)
in_data_q[86]$_DFFE_PN0P_/RESETN      320.00  423.18 -103.18 (VIOLATED)
_737285_/A                            320.00  422.86 -102.86 (VIOLATED)
place79566/A                          320.00  422.81 -102.81 (VIOLATED)
ce_d2[4]$_DFFE_PN0P_/RESETN           320.00  422.81 -102.81 (VIOLATED)
coef_q[24]$_DFFE_PN0P_/RESETN         320.00  422.50 -102.50 (VIOLATED)
_663200_/B                            320.00  422.46 -102.46 (VIOLATED)
_765108_/A                            320.00  422.44 -102.44 (VIOLATED)
in_data_q[111]$_DFFE_PN0P_/QN         320.00  422.37 -102.37 (VIOLATED)
_739134_/B                            320.00  422.35 -102.35 (VIOLATED)
_763279_/A                            320.00  422.28 -102.28 (VIOLATED)
place77390/A                          320.00  422.24 -102.24 (VIOLATED)
_763280_/A1                           320.00  422.22 -102.22 (VIOLATED)
_765716_/C                            320.00  422.21 -102.21 (VIOLATED)
place78522/A                          320.00  422.16 -102.16 (VIOLATED)
place78039/A                          320.00  422.15 -102.15 (VIOLATED)
out_pix_data[142]$_DFFE_PN0P_/RESETN  320.00  422.13 -102.13 (VIOLATED)
_765718_/A1                           320.00  422.07 -102.07 (VIOLATED)
_745292_/A                            320.00  422.03 -102.03 (VIOLATED)
place78152/A                          320.00  421.69 -101.69 (VIOLATED)
_738831_/B                            320.00  421.61 -101.61 (VIOLATED)
place79588/A                          320.00  421.57 -101.57 (VIOLATED)
_745300_/A                            320.00  421.48 -101.48 (VIOLATED)
_745926_/B                            320.00  421.48 -101.48 (VIOLATED)
_745539_/B                            320.00  421.47 -101.47 (VIOLATED)
_745280_/A                            320.00  421.47 -101.47 (VIOLATED)
_745302_/A                            320.00  421.46 -101.46 (VIOLATED)
_765102_/B                            320.00  421.45 -101.45 (VIOLATED)
_745286_/A                            320.00  421.43 -101.43 (VIOLATED)
_620043_/A                            320.00  421.42 -101.42 (VIOLATED)
_738477_/B                            320.00  421.41 -101.41 (VIOLATED)
_745294_/A                            320.00  421.40 -101.40 (VIOLATED)
_745247_/A                            320.00  421.40 -101.40 (VIOLATED)
in_data_q[81]$_DFFE_PN0P_/RESETN      320.00  421.18 -101.18 (VIOLATED)
mod_x[12]$_DFFE_PN0P_/RESETN          320.00  421.04 -101.04 (VIOLATED)
out_pix_data[141]$_DFFE_PN0P_/RESETN  320.00  421.00 -101.00 (VIOLATED)
place77694/A                          320.00  420.96 -100.96 (VIOLATED)
_739345_/B                            320.00  420.78 -100.78 (VIOLATED)
_768086_/Y                            320.00  420.75 -100.75 (VIOLATED)
in_data_q[109]$_DFFE_PN0P_/RESETN     320.00  420.66 -100.66 (VIOLATED)
_737299_/B                            320.00  420.50 -100.50 (VIOLATED)
out_pix_data[39]$_DFFE_PN0P_/RESETN   320.00  420.49 -100.49 (VIOLATED)
_745716_/B                            320.00  420.45 -100.45 (VIOLATED)
_746077_/B                            320.00  420.30 -100.30 (VIOLATED)
_764191_/A1                           320.00  420.12 -100.12 (VIOLATED)
_646941_/B                            320.00  420.10 -100.10 (VIOLATED)
_764987_/A                            320.00  420.04 -100.04 (VIOLATED)
out_pix_data[34]$_DFFE_PN0P_/RESETN   320.00  419.61  -99.61 (VIOLATED)
_748531_/A                            320.00  419.53  -99.53 (VIOLATED)
_620044_/A                            320.00  419.46  -99.46 (VIOLATED)
_585095_/A                            320.00  419.39  -99.39 (VIOLATED)
rdata_q[6620]$_DFFE_PP_/QN            320.00  419.28  -99.28 (VIOLATED)
_765688_/A1                           320.00  419.27  -99.27 (VIOLATED)
place79015/A                          320.00  419.22  -99.22 (VIOLATED)
_768872_/A                            320.00  419.16  -99.16 (VIOLATED)
_745554_/B                            320.00  419.15  -99.15 (VIOLATED)
_765681_/A1                           320.00  419.15  -99.15 (VIOLATED)
_764996_/B                            320.00  419.14  -99.14 (VIOLATED)
_765005_/A                            320.00  419.13  -99.13 (VIOLATED)
_765676_/C                            320.00  419.09  -99.09 (VIOLATED)
_765686_/C                            320.00  419.09  -99.09 (VIOLATED)
m_1h[19]$_DFFE_PN0P_/RESETN           320.00  419.08  -99.08 (VIOLATED)
mod_x[9]$_DFFE_PN0P_/RESETN           320.00  419.06  -99.06 (VIOLATED)
out_pix_data[31]$_DFFE_PN0P_/RESETN   320.00  419.04  -99.04 (VIOLATED)
m_1h[26]$_DFFE_PN0P_/RESETN           320.00  418.98  -98.98 (VIOLATED)
m_1h[25]$_DFFE_PN0P_/RESETN           320.00  418.93  -98.93 (VIOLATED)
out_d1$_DFFE_PN0P_/RESETN             320.00  418.83  -98.83 (VIOLATED)
place78049/A                          320.00  418.81  -98.81 (VIOLATED)
part_q[1][13]$_DFFE_PP_/QN            320.00  418.78  -98.78 (VIOLATED)
place78040/A                          320.00  418.77  -98.77 (VIOLATED)
_766297_/C                            320.00  418.61  -98.61 (VIOLATED)
_766290_/C                            320.00  418.60  -98.60 (VIOLATED)
_764188_/A1                           320.00  418.59  -98.59 (VIOLATED)
_765034_/A                            320.00  418.56  -98.56 (VIOLATED)
ce_d2[38]$_DFFE_PN0P_/RESETN          320.00  418.56  -98.56 (VIOLATED)
_765021_/A1                           320.00  418.56  -98.56 (VIOLATED)
in_data_q[84]$_DFFE_PN0P_/QN          320.00  418.53  -98.53 (VIOLATED)
_766314_/C                            320.00  418.53  -98.53 (VIOLATED)
place77199/A                          320.00  418.50  -98.50 (VIOLATED)
_765019_/B                            320.00  418.49  -98.49 (VIOLATED)
_739361_/B                            320.00  418.46  -98.46 (VIOLATED)
m_1h[30]$_DFFE_PN0P_/RESETN           320.00  418.45  -98.45 (VIOLATED)
_766307_/B                            320.00  418.39  -98.39 (VIOLATED)
mod_x[11]$_DFFE_PN0P_/RESETN          320.00  418.34  -98.34 (VIOLATED)
_766322_/C                            320.00  418.27  -98.27 (VIOLATED)
_749467_/A                            320.00  418.02  -98.02 (VIOLATED)
_766251_/B                            320.00  418.01  -98.01 (VIOLATED)
_749533_/A                            320.00  417.99  -97.99 (VIOLATED)
coef_q[170]$_DFFE_PN0P_/RESETN        320.00  417.99  -97.99 (VIOLATED)
place78940/A                          320.00  417.93  -97.93 (VIOLATED)
coef_q[133]$_DFFE_PN0P_/RESETN        320.00  417.93  -97.93 (VIOLATED)
rdata_q[7670]$_DFFE_PP_/QN            320.00  417.89  -97.89 (VIOLATED)
_744140_/B                            320.00  417.80  -97.80 (VIOLATED)
_737994_/A                            320.00  417.78  -97.78 (VIOLATED)
_766281_/B                            320.00  417.76  -97.76 (VIOLATED)
_737992_/A                            320.00  417.73  -97.73 (VIOLATED)
_738300_/B                            320.00  417.70  -97.70 (VIOLATED)
_666137_/B                            320.00  417.68  -97.68 (VIOLATED)
in_data_q[119]$_DFFE_PN0P_/RESETN     320.00  417.68  -97.68 (VIOLATED)
_737941_/A                            320.00  417.68  -97.68 (VIOLATED)
coef_q[191]$_DFFE_PN0P_/RESETN        320.00  417.65  -97.65 (VIOLATED)
_747770_/A                            320.00  417.57  -97.57 (VIOLATED)
_742391_/B                            320.00  417.46  -97.46 (VIOLATED)
_749506_/A                            320.00  417.42  -97.42 (VIOLATED)
_765057_/A1                           320.00  417.42  -97.42 (VIOLATED)
_765043_/B                            320.00  417.41  -97.41 (VIOLATED)
out_pix_data[149]$_DFFE_PN0P_/RESETN  320.00  417.39  -97.39 (VIOLATED)
_743191_/B                            320.00  417.39  -97.39 (VIOLATED)
_749303_/A                            320.00  417.38  -97.38 (VIOLATED)
_737971_/A                            320.00  417.25  -97.25 (VIOLATED)
_745731_/B                            320.00  417.22  -97.22 (VIOLATED)
out_pix_data[148]$_DFFE_PN0P_/RESETN  320.00  417.19  -97.19 (VIOLATED)
_765693_/C                            320.00  417.16  -97.16 (VIOLATED)
_765045_/A1                           320.00  417.13  -97.13 (VIOLATED)
_737307_/B                            320.00  417.09  -97.09 (VIOLATED)
_737858_/A                            320.00  416.93  -96.93 (VIOLATED)
_765695_/A1                           320.00  416.87  -96.87 (VIOLATED)
_737988_/A                            320.00  416.81  -96.81 (VIOLATED)
_749332_/A                            320.00  416.77  -96.77 (VIOLATED)
_737967_/A                            320.00  416.76  -96.76 (VIOLATED)
_738010_/A                            320.00  416.71  -96.71 (VIOLATED)
_749392_/A                            320.00  416.70  -96.70 (VIOLATED)
_738013_/A                            320.00  416.67  -96.67 (VIOLATED)
_764187_/A                            320.00  416.65  -96.65 (VIOLATED)
place77211/A                          320.00  416.51  -96.51 (VIOLATED)
_747709_/A                            320.00  416.49  -96.49 (VIOLATED)
_738012_/A                            320.00  416.49  -96.49 (VIOLATED)
place78419/A                          320.00  416.48  -96.48 (VIOLATED)
_762246_/Y                            320.00  416.39  -96.39 (VIOLATED)
_747645_/A                            320.00  416.25  -96.25 (VIOLATED)
_764190_/A                            320.00  416.17  -96.17 (VIOLATED)
place77200/A                          320.00  416.15  -96.15 (VIOLATED)
in_data_q[101]$_DFFE_PN0P_/RESETN     320.00  416.06  -96.06 (VIOLATED)
_737973_/A                            320.00  415.95  -95.95 (VIOLATED)
_742328_/B                            320.00  415.95  -95.95 (VIOLATED)
_757471_/A1                           320.00  415.92  -95.92 (VIOLATED)
_737991_/A                            320.00  415.90  -95.90 (VIOLATED)
_745223_/A                            320.00  415.89  -95.89 (VIOLATED)
_759971_/A1                           320.00  415.87  -95.87 (VIOLATED)
_745352_/A                            320.00  415.87  -95.87 (VIOLATED)
_750418_/A                            320.00  415.78  -95.78 (VIOLATED)
_745523_/B                            320.00  415.73  -95.73 (VIOLATED)
_761072_/A1                           320.00  415.72  -95.72 (VIOLATED)
_745250_/A                            320.00  415.69  -95.69 (VIOLATED)
place78332/A                          320.00  415.68  -95.68 (VIOLATED)
_737878_/A                            320.00  415.63  -95.63 (VIOLATED)
coef_q[84]$_DFFE_PN0P_/RESETN         320.00  415.62  -95.62 (VIOLATED)
_737965_/A                            320.00  415.47  -95.47 (VIOLATED)
_745248_/A                            320.00  415.46  -95.46 (VIOLATED)
mod_x[13]$_DFFE_PN0P_/RESETN          320.00  415.36  -95.36 (VIOLATED)
place78944/A                          320.00  415.16  -95.16 (VIOLATED)
_747224_/A                            320.00  415.08  -95.08 (VIOLATED)
_737861_/A                            320.00  414.95  -94.95 (VIOLATED)
_737859_/A                            320.00  414.93  -94.93 (VIOLATED)
in_data_q[18]$_DFFE_PN0P_/QN          320.00  414.91  -94.91 (VIOLATED)
part_q[28][14]$_DFFE_PP_/QN           320.00  414.71  -94.71 (VIOLATED)
hold109277/A                          320.00  414.67  -94.67 (VIOLATED)
in_data_q[132]$_DFFE_PN0P_/QN         320.00  414.67  -94.67 (VIOLATED)
place78434/A                          320.00  414.64  -94.64 (VIOLATED)
place87833/A                          320.00  414.63  -94.63 (VIOLATED)
_748137_/A                            320.00  414.60  -94.60 (VIOLATED)
_748112_/B                            320.00  414.57  -94.57 (VIOLATED)
_737968_/A                            320.00  414.57  -94.57 (VIOLATED)
_747143_/A                            320.00  414.47  -94.47 (VIOLATED)
_745700_/B                            320.00  414.44  -94.44 (VIOLATED)
place78633/A                          320.00  414.30  -94.30 (VIOLATED)
_620036_/A                            320.00  414.22  -94.22 (VIOLATED)
oskid_d[142]$_DFFE_PN0P_/RESETN       320.00  414.15  -94.15 (VIOLATED)
coef_q[149]$_DFFE_PN0P_/RESETN        320.00  414.15  -94.15 (VIOLATED)
_738015_/A                            320.00  414.10  -94.10 (VIOLATED)
_737935_/A                            320.00  414.02  -94.02 (VIOLATED)
_748314_/A                            320.00  413.90  -93.90 (VIOLATED)
_737910_/A                            320.00  413.88  -93.88 (VIOLATED)
_745543_/B                            320.00  413.88  -93.88 (VIOLATED)
_737911_/A                            320.00  413.86  -93.86 (VIOLATED)
_738007_/A                            320.00  413.85  -93.85 (VIOLATED)
_748268_/A                            320.00  413.84  -93.84 (VIOLATED)
m_ce[35]$_DFFE_PN0P_/RESETN           320.00  413.82  -93.82 (VIOLATED)
_737989_/A                            320.00  413.81  -93.81 (VIOLATED)
_763380_/A                            320.00  413.66  -93.66 (VIOLATED)
in_data_q[104]$_DFFE_PN0P_/RESETN     320.00  413.66  -93.66 (VIOLATED)
place77238/A                          320.00  413.54  -93.54 (VIOLATED)
_738005_/A                            320.00  413.50  -93.50 (VIOLATED)
_806130_/CI                           320.00  413.33  -93.33 (VIOLATED)
_666146_/B                            320.00  413.20  -93.20 (VIOLATED)
place72675/A                          320.00  413.10  -93.10 (VIOLATED)
a_sym[19][0]$_DFFE_PN0P_/QN           320.00  413.07  -93.07 (VIOLATED)
_754989_/A                            320.00  413.07  -93.07 (VIOLATED)
_665973_/B                            320.00  413.06  -93.06 (VIOLATED)
ymod_f[0]$_DFFE_PN0P_/RESETN          320.00  413.05  -93.05 (VIOLATED)
_737947_/A                            320.00  412.96  -92.96 (VIOLATED)
ymod_f[3]$_DFFE_PN0P_/RESETN          320.00  412.91  -92.91 (VIOLATED)
_737807_/B                            320.00  412.86  -92.86 (VIOLATED)
_738011_/A                            320.00  412.82  -92.82 (VIOLATED)
place78998/A                          320.00  412.81  -92.81 (VIOLATED)
_745553_/B                            320.00  412.77  -92.77 (VIOLATED)
_737783_/B                            320.00  412.76  -92.76 (VIOLATED)
_737270_/B                            320.00  412.74  -92.74 (VIOLATED)
_739886_/B                            320.00  412.67  -92.67 (VIOLATED)
_738001_/A                            320.00  412.65  -92.65 (VIOLATED)
coef_q[37]$_DFFE_PN0P_/RESETN         320.00  412.48  -92.48 (VIOLATED)
_806119_/A                            320.00  412.42  -92.42 (VIOLATED)
a_sym[22][5]$_DFFE_PN0P_/QN           320.00  412.38  -92.38 (VIOLATED)
_748205_/A                            320.00  412.36  -92.36 (VIOLATED)
place78335/A                          320.00  412.28  -92.28 (VIOLATED)
_748190_/A                            320.00  412.26  -92.26 (VIOLATED)
_737943_/A                            320.00  412.18  -92.18 (VIOLATED)
_737939_/A                            320.00  412.17  -92.17 (VIOLATED)
_763383_/A                            320.00  412.06  -92.06 (VIOLATED)
_745720_/B                            320.00  412.01  -92.01 (VIOLATED)
_806125_/CI                           320.00  412.00  -92.00 (VIOLATED)
_737932_/A                            320.00  411.95  -91.95 (VIOLATED)
hold103891/A                          320.00  411.94  -91.94 (VIOLATED)
part_q[36][5]$_DFFE_PP_/QN            320.00  411.85  -91.85 (VIOLATED)
out_pix_data[144]$_DFFE_PN0P_/RESETN  320.00  411.80  -91.80 (VIOLATED)
_634079_/A                            320.00  411.79  -91.79 (VIOLATED)
_747550_/A                            320.00  411.77  -91.77 (VIOLATED)
_764201_/A                            320.00  411.69  -91.69 (VIOLATED)
oskid_d[100]$_DFFE_PN0P_/RESETN       320.00  411.68  -91.68 (VIOLATED)
_764202_/A1                           320.00  411.67  -91.67 (VIOLATED)
_764205_/A1                           320.00  411.65  -91.65 (VIOLATED)
_764204_/A                            320.00  411.65  -91.65 (VIOLATED)
_750776_/A                            320.00  411.64  -91.64 (VIOLATED)
_739866_/B                            320.00  411.62  -91.62 (VIOLATED)
_755545_/A1                           320.00  411.62  -91.62 (VIOLATED)
place87952/A                          320.00  411.61  -91.61 (VIOLATED)
_737864_/A                            320.00  411.60  -91.60 (VIOLATED)
_788044_/A                            320.00  411.58  -91.58 (VIOLATED)
_748969_/A                            320.00  411.57  -91.57 (VIOLATED)
_754354_/A                            320.00  411.56  -91.56 (VIOLATED)
_750764_/A                            320.00  411.55  -91.55 (VIOLATED)
_737974_/A                            320.00  411.53  -91.53 (VIOLATED)
_737860_/A                            320.00  411.44  -91.44 (VIOLATED)
_751929_/A                            320.00  411.40  -91.40 (VIOLATED)
_737630_/B                            320.00  411.31  -91.31 (VIOLATED)
_738162_/B                            320.00  411.29  -91.29 (VIOLATED)
_737606_/B                            320.00  411.25  -91.25 (VIOLATED)
in_data_q[84]$_DFFE_PN0P_/RESETN      320.00  411.11  -91.11 (VIOLATED)
_747492_/A                            320.00  411.05  -91.05 (VIOLATED)
_620045_/A                            320.00  411.01  -91.01 (VIOLATED)
_763381_/A1                           320.00  410.94  -90.94 (VIOLATED)
_482540_/A                            320.00  410.89  -90.89 (VIOLATED)
_744339_/B                            320.00  410.84  -90.84 (VIOLATED)
ce_d1[12]$_DFFE_PN0P_/RESETN          320.00  410.77  -90.77 (VIOLATED)
_745730_/B                            320.00  410.75  -90.75 (VIOLATED)
place77214/A                          320.00  410.50  -90.50 (VIOLATED)
place87945/A                          320.00  410.48  -90.48 (VIOLATED)
_745273_/A                            320.00  410.23  -90.23 (VIOLATED)
_737946_/B                            320.00  410.19  -90.19 (VIOLATED)
_763384_/A1                           320.00  410.10  -90.10 (VIOLATED)
_747716_/A                            320.00  410.07  -90.07 (VIOLATED)
oskid_d[107]$_DFFE_PN0P_/RESETN       320.00  409.96  -89.96 (VIOLATED)
_748882_/A                            320.00  409.82  -89.82 (VIOLATED)
_755207_/A                            320.00  409.79  -89.79 (VIOLATED)
oskid_d[102]$_DFFE_PN0P_/RESETN       320.00  409.77  -89.77 (VIOLATED)
_768218_/A                            320.00  409.76  -89.76 (VIOLATED)
_755746_/A                            320.00  409.76  -89.76 (VIOLATED)
_746879_/A                            320.00  409.73  -89.73 (VIOLATED)
oskid_d[101]$_DFFE_PN0P_/RESETN       320.00  409.66  -89.66 (VIOLATED)
_748922_/A                            320.00  409.64  -89.64 (VIOLATED)
_812454_/A                            320.00  409.59  -89.59 (VIOLATED)
_747042_/A                            320.00  409.56  -89.56 (VIOLATED)
_746878_/Y                            320.00  409.50  -89.50 (VIOLATED)
_749805_/A                            320.00  409.50  -89.50 (VIOLATED)
_746989_/A                            320.00  409.47  -89.47 (VIOLATED)
_738017_/A                            320.00  409.44  -89.44 (VIOLATED)
_737993_/A                            320.00  409.41  -89.41 (VIOLATED)
_737960_/B                            320.00  409.41  -89.41 (VIOLATED)
_737360_/B                            320.00  409.38  -89.38 (VIOLATED)
place77657/A                          320.00  409.38  -89.38 (VIOLATED)
_756749_/A                            320.00  409.36  -89.36 (VIOLATED)
place76163/A                          320.00  409.33  -89.33 (VIOLATED)
_750730_/A                            320.00  409.32  -89.32 (VIOLATED)
_737882_/A                            320.00  409.29  -89.29 (VIOLATED)
_737862_/A                            320.00  409.25  -89.25 (VIOLATED)
ce_d1[40]$_DFFE_PN0P_/RESETN          320.00  409.20  -89.20 (VIOLATED)
m_1h[10]$_DFFE_PN0P_/RESETN           320.00  409.16  -89.16 (VIOLATED)
ce_d2[40]$_DFFE_PN0P_/RESETN          320.00  409.12  -89.12 (VIOLATED)
_769300_/A                            320.00  409.12  -89.12 (VIOLATED)
a_sym[19][3]$_DFFE_PN0P_/QN           320.00  409.10  -89.10 (VIOLATED)
_657975_/A                            320.00  409.05  -89.05 (VIOLATED)
_743532_/B                            320.00  409.05  -89.05 (VIOLATED)
place77999/A                          320.00  409.04  -89.04 (VIOLATED)
_657976_/A                            320.00  409.01  -89.01 (VIOLATED)
place78820/A                          320.00  408.98  -88.98 (VIOLATED)
_743953_/B                            320.00  408.88  -88.88 (VIOLATED)
_657977_/A                            320.00  408.86  -88.86 (VIOLATED)
_763388_/A1                           320.00  408.84  -88.84 (VIOLATED)
_763387_/A                            320.00  408.81  -88.81 (VIOLATED)
a_sym[3][4]$_DFFE_PN0P_/QN            320.00  408.81  -88.81 (VIOLATED)
_764196_/A                            320.00  408.77  -88.77 (VIOLATED)
_482423_/A                            320.00  408.76  -88.76 (VIOLATED)
_764197_/A1                           320.00  408.70  -88.70 (VIOLATED)
_764194_/A                            320.00  408.61  -88.61 (VIOLATED)
_764195_/A1                           320.00  408.61  -88.61 (VIOLATED)
_516974_/A                            320.00  408.57  -88.57 (VIOLATED)
oskid_d[109]$_DFFE_PN0P_/RESETN       320.00  408.57  -88.57 (VIOLATED)
_657984_/A                            320.00  408.47  -88.47 (VIOLATED)
m_1h[7]$_DFFE_PN0P_/RESETN            320.00  408.42  -88.42 (VIOLATED)
_657983_/A                            320.00  408.25  -88.25 (VIOLATED)
_666125_/B                            320.00  408.24  -88.24 (VIOLATED)
_480858_/A                            320.00  408.22  -88.22 (VIOLATED)
oskid_d[143]$_DFFE_PN0P_/RESETN       320.00  408.12  -88.12 (VIOLATED)
_745611_/B                            320.00  408.10  -88.10 (VIOLATED)
ce_d2[12]$_DFFE_PN0P_/RESETN          320.00  408.07  -88.07 (VIOLATED)
_657978_/A                            320.00  408.02  -88.02 (VIOLATED)
_763391_/A1                           320.00  408.00  -88.00 (VIOLATED)
_479550_/A                            320.00  407.91  -87.91 (VIOLATED)
part_q[28][11]$_DFFE_PP_/QN           320.00  407.84  -87.84 (VIOLATED)
_629526_/A                            320.00  407.83  -87.83 (VIOLATED)
_479212_/A                            320.00  407.81  -87.81 (VIOLATED)
_763390_/A                            320.00  407.77  -87.77 (VIOLATED)
hold109570/A                          320.00  407.66  -87.66 (VIOLATED)
in_data_q[135]$_DFFE_PN0P_/QN         320.00  407.63  -87.63 (VIOLATED)
_657982_/A                            320.00  407.57  -87.57 (VIOLATED)
oskid_d[147]$_DFFE_PN0P_/RESETN       320.00  407.50  -87.50 (VIOLATED)
place77440/A                          320.00  407.46  -87.46 (VIOLATED)
a_sym[20][0]$_DFFE_PN0P_/QN           320.00  407.36  -87.36 (VIOLATED)
m_1h[7]$_DFFE_PN0P_/QN                320.00  407.35  -87.35 (VIOLATED)
place78123/A                          320.00  407.31  -87.31 (VIOLATED)
_479207_/Y                            320.00  407.28  -87.28 (VIOLATED)
_588792_/A                            320.00  407.22  -87.22 (VIOLATED)
in_data_q[115]$_DFFE_PN0P_/RESETN     320.00  407.21  -87.21 (VIOLATED)
_737985_/B                            320.00  407.18  -87.18 (VIOLATED)
m_1h[9]$_DFFE_PN0P_/RESETN            320.00  407.12  -87.12 (VIOLATED)
_657979_/A                            320.00  406.97  -86.97 (VIOLATED)
oskid_d[103]$_DFFE_PN0P_/RESETN       320.00  406.96  -86.96 (VIOLATED)
_657981_/A                            320.00  406.95  -86.95 (VIOLATED)
_745471_/B                            320.00  406.94  -86.94 (VIOLATED)
part_q[28][4]$_DFFE_PP_/QN            320.00  406.89  -86.89 (VIOLATED)
ce_d2[16]$_DFFE_PN0P_/RESETN          320.00  406.84  -86.84 (VIOLATED)
_738137_/B                            320.00  406.84  -86.84 (VIOLATED)
ce_d2[13]$_DFFE_PN0P_/RESETN          320.00  406.81  -86.81 (VIOLATED)
_750769_/A                            320.00  406.74  -86.74 (VIOLATED)
_739608_/B                            320.00  406.62  -86.62 (VIOLATED)
_748894_/A                            320.00  406.55  -86.55 (VIOLATED)
_657980_/A                            320.00  406.55  -86.55 (VIOLATED)
ce_d1[13]$_DFFE_PN0P_/RESETN          320.00  406.51  -86.51 (VIOLATED)
out_pix_data[59]$_DFFE_PN0P_/RESETN   320.00  406.44  -86.44 (VIOLATED)
place87959/A                          320.00  406.40  -86.40 (VIOLATED)
_738004_/A                            320.00  406.26  -86.26 (VIOLATED)
out_pix_data[55]$_DFFE_PN0P_/RESETN   320.00  406.23  -86.23 (VIOLATED)
in_data_q[113]$_DFFE_PN0P_/RESETN     320.00  406.19  -86.19 (VIOLATED)
out_pix_data[53]$_DFFE_PN0P_/RESETN   320.00  406.17  -86.17 (VIOLATED)
oskid_d[146]$_DFFE_PN0P_/RESETN       320.00  406.17  -86.17 (VIOLATED)
oskid_d[140]$_DFFE_PN0P_/RESETN       320.00  406.14  -86.14 (VIOLATED)
place77989/A                          320.00  406.10  -86.10 (VIOLATED)
place78334/A                          320.00  406.08  -86.08 (VIOLATED)
place77990/A                          320.00  405.99  -85.99 (VIOLATED)
_705734_/A                            320.00  405.94  -85.94 (VIOLATED)
_751899_/A                            320.00  405.93  -85.93 (VIOLATED)
_746374_/B                            320.00  405.85  -85.85 (VIOLATED)
_697057_/A                            320.00  405.84  -85.84 (VIOLATED)
_482275_/A                            320.00  405.82  -85.82 (VIOLATED)
_480295_/A                            320.00  405.81  -85.81 (VIOLATED)
_480391_/A                            320.00  405.79  -85.79 (VIOLATED)
_768847_/A                            320.00  405.78  -85.78 (VIOLATED)
_487181_/A                            320.00  405.76  -85.76 (VIOLATED)
_487182_/A                            320.00  405.76  -85.76 (VIOLATED)
out_pix_data[51]$_DFFE_PN0P_/RESETN   320.00  405.73  -85.73 (VIOLATED)
_722872_/B                            320.00  405.69  -85.69 (VIOLATED)
_486154_/A                            320.00  405.58  -85.58 (VIOLATED)
m_1h[8]$_DFFE_PN0P_/RESETN            320.00  405.34  -85.34 (VIOLATED)
_859344_/A                            320.00  405.32  -85.32 (VIOLATED)
_745279_/A                            320.00  405.27  -85.27 (VIOLATED)
part_q[50][4]$_DFFE_PP_/QN            320.00  405.26  -85.26 (VIOLATED)
_744275_/B                            320.00  405.23  -85.23 (VIOLATED)
out_pix_data[54]$_DFFE_PN0P_/RESETN   320.00  405.17  -85.17 (VIOLATED)
in_data_q[111]$_DFFE_PN0P_/RESETN     320.00  405.12  -85.12 (VIOLATED)
place78422/A                          320.00  405.10  -85.10 (VIOLATED)
hold109013/A                          320.00  405.07  -85.07 (VIOLATED)
_666000_/B                            320.00  405.03  -85.03 (VIOLATED)
place78125/A                          320.00  404.94  -84.94 (VIOLATED)
in_data_q[71]$_DFFE_PN0P_/RESETN      320.00  404.88  -84.88 (VIOLATED)
place79098/A                          320.00  404.82  -84.82 (VIOLATED)
place79014/A                          320.00  404.67  -84.67 (VIOLATED)
_737890_/A                            320.00  404.64  -84.64 (VIOLATED)
in_data_q[75]$_DFFE_PN0P_/RESETN      320.00  404.62  -84.62 (VIOLATED)
m_1h[40]$_DFFE_PN0P_/RESETN           320.00  404.57  -84.57 (VIOLATED)
_597601_/B                            320.00  404.53  -84.53 (VIOLATED)
_645694_/B                            320.00  404.51  -84.51 (VIOLATED)
out_pix_data[52]$_DFFE_PN0P_/RESETN   320.00  404.49  -84.49 (VIOLATED)
in_data_q[156]$_DFFE_PN0P_/QN         320.00  404.49  -84.49 (VIOLATED)
in_data_q[74]$_DFFE_PN0P_/RESETN      320.00  404.48  -84.48 (VIOLATED)
oskid_d[144]$_DFFE_PN0P_/RESETN       320.00  404.26  -84.26 (VIOLATED)
_677143_/B                            320.00  404.22  -84.22 (VIOLATED)
in_data_q[1]$_DFFE_PN0P_/RESETN       320.00  404.19  -84.19 (VIOLATED)
in_data_q[134]$_DFFE_PN0P_/RESETN     320.00  404.10  -84.10 (VIOLATED)
out_pix_data[56]$_DFFE_PN0P_/RESETN   320.00  404.09  -84.09 (VIOLATED)
_737915_/A                            320.00  404.05  -84.05 (VIOLATED)
in_data_q[79]$_DFFE_PN0P_/QN          320.00  404.01  -84.01 (VIOLATED)
_480080_/A                            320.00  403.92  -83.92 (VIOLATED)
_738491_/B                            320.00  403.90  -83.90 (VIOLATED)
_482454_/A                            320.00  403.85  -83.85 (VIOLATED)
place79217/A                          320.00  403.84  -83.84 (VIOLATED)
_486219_/A                            320.00  403.82  -83.82 (VIOLATED)
in_data_q[88]$_DFFE_PN0P_/QN          320.00  403.81  -83.81 (VIOLATED)
_482337_/A                            320.00  403.77  -83.77 (VIOLATED)
m_1h[34]$_DFFE_PN0P_/RESETN           320.00  403.76  -83.76 (VIOLATED)
rdata_q[6563]$_DFFE_PP_/QN            320.00  403.56  -83.56 (VIOLATED)
place78618/A                          320.00  403.55  -83.55 (VIOLATED)
in_data_q[114]$_DFFE_PN0P_/RESETN     320.00  403.51  -83.51 (VIOLATED)
in_data_q[13]$_DFFE_PN0P_/RESETN      320.00  403.50  -83.50 (VIOLATED)
oskid_d[105]$_DFFE_PN0P_/RESETN       320.00  403.37  -83.37 (VIOLATED)
place78438/A                          320.00  403.32  -83.32 (VIOLATED)
_608978_/A                            320.00  403.26  -83.26 (VIOLATED)
in_data_q[90]$_DFFE_PN0P_/RESETN      320.00  403.20  -83.20 (VIOLATED)
in_data_q[98]$_DFFE_PN0P_/RESETN      320.00  403.20  -83.20 (VIOLATED)
oskid_d[141]$_DFFE_PN0P_/RESETN       320.00  403.10  -83.10 (VIOLATED)
in_data_q[76]$_DFFE_PN0P_/RESETN      320.00  403.09  -83.09 (VIOLATED)
_742422_/B                            320.00  402.94  -82.94 (VIOLATED)
in_data_q[94]$_DFFE_PN0P_/RESETN      320.00  402.88  -82.88 (VIOLATED)
in_data_q[7]$_DFFE_PN0P_/RESETN       320.00  402.85  -82.85 (VIOLATED)
_608981_/A                            320.00  402.85  -82.85 (VIOLATED)
_608979_/A                            320.00  402.84  -82.84 (VIOLATED)
in_data_q[133]$_DFFE_PN0P_/RESETN     320.00  402.82  -82.82 (VIOLATED)
oskid_d[10]$_DFFE_PN0P_/RESETN        320.00  402.77  -82.77 (VIOLATED)
_480756_/A                            320.00  402.77  -82.77 (VIOLATED)
_739861_/B                            320.00  402.76  -82.76 (VIOLATED)
_763399_/A                            320.00  402.76  -82.76 (VIOLATED)
_648016_/B                            320.00  402.76  -82.76 (VIOLATED)
place79230/A                          320.00  402.75  -82.75 (VIOLATED)
_480285_/Y                            320.00  402.74  -82.74 (VIOLATED)
_482522_/A                            320.00  402.73  -82.73 (VIOLATED)
_738161_/B                            320.00  402.69  -82.69 (VIOLATED)
in_data_q[0]$_DFFE_PN0P_/RESETN       320.00  402.66  -82.66 (VIOLATED)
in_data_q[137]$_DFFE_PN0P_/RESETN     320.00  402.66  -82.66 (VIOLATED)
place77009/A                          320.00  402.57  -82.57 (VIOLATED)
_599777_/B                            320.00  402.56  -82.56 (VIOLATED)
in_data_q[99]$_DFFE_PN0P_/RESETN      320.00  402.54  -82.54 (VIOLATED)
_763826_/A1                           320.00  402.35  -82.35 (VIOLATED)
_763825_/A                            320.00  402.32  -82.32 (VIOLATED)
in_data_q[138]$_DFFE_PN0P_/RESETN     320.00  402.29  -82.29 (VIOLATED)
_608980_/A                            320.00  402.24  -82.24 (VIOLATED)
_832837_/B                            320.00  402.20  -82.20 (VIOLATED)
place78302/A                          320.00  402.15  -82.15 (VIOLATED)
in_data_q[135]$_DFFE_PN0P_/RESETN     320.00  402.12  -82.12 (VIOLATED)
in_data_q[65]$_DFFE_PN0P_/QN          320.00  402.10  -82.10 (VIOLATED)
_763821_/A1                           320.00  402.05  -82.05 (VIOLATED)
rdata_q[6936]$_DFFE_PP_/QN            320.00  402.04  -82.04 (VIOLATED)
_806125_/A                            320.00  401.98  -81.98 (VIOLATED)
oskid_d[108]$_DFFE_PN0P_/RESETN       320.00  401.96  -81.96 (VIOLATED)
_745288_/A                            320.00  401.91  -81.91 (VIOLATED)
rdata_q[6935]$_DFFE_PP_/QN            320.00  401.88  -81.88 (VIOLATED)
_763820_/A                            320.00  401.86  -81.86 (VIOLATED)
_741406_/B                            320.00  401.84  -81.84 (VIOLATED)
out_pix_data[58]$_DFFE_PN0P_/RESETN   320.00  401.75  -81.75 (VIOLATED)
oskid_d[149]$_DFFE_PN0P_/RESETN       320.00  401.70  -81.70 (VIOLATED)
_739864_/B                            320.00  401.50  -81.50 (VIOLATED)
_745229_/B                            320.00  401.46  -81.46 (VIOLATED)
_763819_/A1                           320.00  401.37  -81.37 (VIOLATED)
_738314_/B                            320.00  401.36  -81.36 (VIOLATED)
_737877_/A                            320.00  401.19  -81.19 (VIOLATED)
place77940/A                          320.00  401.19  -81.19 (VIOLATED)
_745406_/B                            320.00  401.07  -81.07 (VIOLATED)
_763818_/A                            320.00  400.99  -80.99 (VIOLATED)
place87950/A                          320.00  400.91  -80.91 (VIOLATED)
_764786_/B                            320.00  400.89  -80.89 (VIOLATED)
in_data_q[78]$_DFFE_PN0P_/RESETN      320.00  400.80  -80.80 (VIOLATED)
_763396_/A                            320.00  400.70  -80.70 (VIOLATED)
oskid_d[106]$_DFFE_PN0P_/RESETN       320.00  400.69  -80.69 (VIOLATED)
oskid_d[104]$_DFFE_PN0P_/RESETN       320.00  400.67  -80.67 (VIOLATED)
place79265/A                          320.00  400.61  -80.61 (VIOLATED)
place78246/A                          320.00  400.44  -80.44 (VIOLATED)
_737323_/B                            320.00  400.28  -80.28 (VIOLATED)
place78278/A                          320.00  400.22  -80.22 (VIOLATED)
place78342/A                          320.00  400.12  -80.12 (VIOLATED)
in_data_q[62]$_DFFE_PN0P_/QN          320.00  400.02  -80.02 (VIOLATED)
out_pix_data[60]$_DFFE_PN0P_/RESETN   320.00  399.99  -79.99 (VIOLATED)
out_pix_data[61]$_DFFE_PN0P_/RESETN   320.00  399.96  -79.96 (VIOLATED)
out_pix_data[46]$_DFFE_PN0P_/RESETN   320.00  399.96  -79.96 (VIOLATED)
_748501_/A                            320.00  399.92  -79.92 (VIOLATED)
hold111349/A                          320.00  399.87  -79.87 (VIOLATED)
out_pix_data[88]$_DFFE_PN0P_/RESETN   320.00  399.86  -79.86 (VIOLATED)
_750540_/A                            320.00  399.85  -79.85 (VIOLATED)
out_pix_data[43]$_DFFE_PN0P_/RESETN   320.00  399.84  -79.84 (VIOLATED)
oskid_d[11]$_DFFE_PN0P_/RESETN        320.00  399.82  -79.82 (VIOLATED)
in_data_q[157]$_DFFE_PN0P_/QN         320.00  399.81  -79.81 (VIOLATED)
_769504_/Y                            320.00  399.81  -79.81 (VIOLATED)
out_pix_data[44]$_DFFE_PN0P_/RESETN   320.00  399.79  -79.79 (VIOLATED)
_737217_/B                            320.00  399.78  -79.78 (VIOLATED)
place79224/A                          320.00  399.74  -79.74 (VIOLATED)
out_pix_data[42]$_DFFE_PN0P_/RESETN   320.00  399.74  -79.74 (VIOLATED)
place79195/A                          320.00  399.68  -79.68 (VIOLATED)
place78244/A                          320.00  399.60  -79.60 (VIOLATED)
_479352_/A                            320.00  399.56  -79.56 (VIOLATED)
oskid_d[67]$_DFFE_PN0P_/RESETN        320.00  399.43  -79.43 (VIOLATED)
out_pix_data[138]$_DFFE_PN0P_/RESETN  320.00  399.37  -79.37 (VIOLATED)
out_pix_data[87]$_DFFE_PN0P_/RESETN   320.00  399.36  -79.36 (VIOLATED)
_763808_/A                            320.00  399.34  -79.34 (VIOLATED)
_763400_/A1                           320.00  399.20  -79.20 (VIOLATED)
oskid_d[66]$_DFFE_PN0P_/RESETN        320.00  399.20  -79.20 (VIOLATED)
_763397_/A1                           320.00  399.18  -79.18 (VIOLATED)
_745606_/B                            320.00  399.14  -79.14 (VIOLATED)
_745257_/A                            320.00  399.12  -79.12 (VIOLATED)
_763809_/A                            320.00  399.07  -79.07 (VIOLATED)
_768656_/Y                            320.00  399.02  -79.02 (VIOLATED)
_744165_/A                            320.00  398.98  -78.98 (VIOLATED)
_737893_/A                            320.00  398.94  -78.94 (VIOLATED)
_737855_/A                            320.00  398.90  -78.90 (VIOLATED)
_744170_/A                            320.00  398.89  -78.89 (VIOLATED)
out_pix_data[86]$_DFFE_PN0P_/RESETN   320.00  398.83  -78.83 (VIOLATED)
_738018_/A                            320.00  398.82  -78.82 (VIOLATED)
_744167_/A                            320.00  398.78  -78.78 (VIOLATED)
hold127136/A                          320.00  398.70  -78.70 (VIOLATED)
in_data_q[138]$_DFFE_PN0P_/QN         320.00  398.67  -78.67 (VIOLATED)
_479596_/A                            320.00  398.67  -78.67 (VIOLATED)
_744162_/A                            320.00  398.64  -78.64 (VIOLATED)
_748277_/A                            320.00  398.54  -78.54 (VIOLATED)
_747163_/A                            320.00  398.52  -78.52 (VIOLATED)
out_pix_data[47]$_DFFE_PN0P_/RESETN   320.00  398.50  -78.50 (VIOLATED)
_745551_/B                            320.00  398.43  -78.43 (VIOLATED)
place77202/A                          320.00  398.43  -78.43 (VIOLATED)
ce_d1[16]$_DFFE_PN0P_/RESETN          320.00  398.41  -78.41 (VIOLATED)
_742430_/B                            320.00  398.40  -78.40 (VIOLATED)
_482739_/A                            320.00  398.39  -78.39 (VIOLATED)
_479347_/Y                            320.00  398.39  -78.39 (VIOLATED)
place77075/A                          320.00  398.38  -78.38 (VIOLATED)
_763804_/A1                           320.00  398.37  -78.37 (VIOLATED)
place78414/A                          320.00  398.37  -78.37 (VIOLATED)
_763802_/A                            320.00  398.30  -78.30 (VIOLATED)
rdata_q[2888]$_DFFE_PP_/QN            320.00  398.28  -78.28 (VIOLATED)
_763800_/A1                           320.00  398.25  -78.25 (VIOLATED)
_763790_/A                            320.00  398.15  -78.15 (VIOLATED)
_766131_/C                            320.00  398.14  -78.14 (VIOLATED)
_763791_/A1                           320.00  398.11  -78.11 (VIOLATED)
_763799_/A                            320.00  398.05  -78.05 (VIOLATED)
_763793_/A                            320.00  397.99  -77.99 (VIOLATED)
_608982_/A                            320.00  397.99  -77.99 (VIOLATED)
place87943/A                          320.00  397.95  -77.95 (VIOLATED)
m_ce[40]$_DFFE_PN0P_/RESETN           320.00  397.92  -77.92 (VIOLATED)
oskid_d[62]$_DFFE_PN0P_/RESETN        320.00  397.77  -77.77 (VIOLATED)
oskid_d[88]$_DFFE_PN0P_/RESETN        320.00  397.56  -77.56 (VIOLATED)
_745495_/B                            320.00  397.53  -77.53 (VIOLATED)
_744164_/A                            320.00  397.49  -77.49 (VIOLATED)
_763794_/A1                           320.00  397.44  -77.44 (VIOLATED)
_748639_/A                            320.00  397.38  -77.38 (VIOLATED)
_748697_/A                            320.00  397.36  -77.36 (VIOLATED)
_745728_/B                            320.00  397.34  -77.34 (VIOLATED)
_747480_/A                            320.00  397.31  -77.31 (VIOLATED)
_749409_/A                            320.00  397.31  -77.31 (VIOLATED)
_788007_/A                            320.00  397.30  -77.30 (VIOLATED)
_744423_/A                            320.00  397.29  -77.29 (VIOLATED)
_653881_/B                            320.00  397.29  -77.29 (VIOLATED)
_744381_/A                            320.00  397.28  -77.28 (VIOLATED)
_744442_/A                            320.00  397.26  -77.26 (VIOLATED)
_744388_/A                            320.00  397.25  -77.25 (VIOLATED)
_744506_/A                            320.00  397.25  -77.25 (VIOLATED)
_744389_/A                            320.00  397.24  -77.24 (VIOLATED)
_748892_/Y                            320.00  397.22  -77.22 (VIOLATED)
_744440_/A                            320.00  397.21  -77.21 (VIOLATED)
_737912_/A                            320.00  397.19  -77.19 (VIOLATED)
_740716_/B                            320.00  397.12  -77.12 (VIOLATED)
place77784/A                          320.00  397.11  -77.11 (VIOLATED)
place87960/A                          320.00  397.10  -77.10 (VIOLATED)
in_data_q[132]$_DFFE_PN0P_/RESETN     320.00  397.08  -77.08 (VIOLATED)
_744424_/A                            320.00  397.07  -77.07 (VIOLATED)
_744425_/A                            320.00  397.07  -77.07 (VIOLATED)
_765547_/C                            320.00  397.06  -77.06 (VIOLATED)
oskid_d[87]$_DFFE_PN0P_/RESETN        320.00  397.04  -77.04 (VIOLATED)
_744384_/A                            320.00  397.00  -77.00 (VIOLATED)
place79010/A                          320.00  397.00  -77.00 (VIOLATED)
_744420_/A                            320.00  396.93  -76.93 (VIOLATED)
rdata_q[7639]$_DFFE_PP_/QN            320.00  396.90  -76.90 (VIOLATED)
_744387_/A                            320.00  396.90  -76.90 (VIOLATED)
_744419_/A                            320.00  396.87  -76.87 (VIOLATED)
place78640/A                          320.00  396.87  -76.87 (VIOLATED)
in_data_q[95]$_DFFE_PN0P_/RESETN      320.00  396.86  -76.86 (VIOLATED)
_744386_/A                            320.00  396.85  -76.85 (VIOLATED)
oskid_d[86]$_DFFE_PN0P_/RESETN        320.00  396.84  -76.84 (VIOLATED)
_744422_/A                            320.00  396.82  -76.82 (VIOLATED)
in_data_q[112]$_DFFE_PN0P_/RESETN     320.00  396.77  -76.77 (VIOLATED)
in_data_q[91]$_DFFE_PN0P_/RESETN      320.00  396.74  -76.74 (VIOLATED)
part_q[50][6]$_DFFE_PP_/QN            320.00  396.74  -76.74 (VIOLATED)
oskid_d[85]$_DFFE_PN0P_/RESETN        320.00  396.68  -76.68 (VIOLATED)
_763784_/A                            320.00  396.68  -76.68 (VIOLATED)
_763785_/A1                           320.00  396.60  -76.60 (VIOLATED)
in_data_q[144]$_DFFE_PN0P_/RESETN     320.00  396.58  -76.58 (VIOLATED)
_749101_/A                            320.00  396.53  -76.53 (VIOLATED)
part_q[30][0]$_DFFE_PP_/QN            320.00  396.49  -76.49 (VIOLATED)
_763788_/A1                           320.00  396.49  -76.49 (VIOLATED)
in_data_q[118]$_DFFE_PN0P_/RESETN     320.00  396.48  -76.48 (VIOLATED)
place65372/A                          320.00  396.47  -76.47 (VIOLATED)
_744272_/A                            320.00  396.32  -76.32 (VIOLATED)
_739775_/B                            320.00  396.32  -76.32 (VIOLATED)
oskid_d[84]$_DFFE_PN0P_/RESETN        320.00  396.31  -76.31 (VIOLATED)
oskid_d[83]$_DFFE_PN0P_/RESETN        320.00  396.26  -76.26 (VIOLATED)
out_pix_data[84]$_DFFE_PN0P_/RESETN   320.00  396.21  -76.21 (VIOLATED)
oskid_d[82]$_DFFE_PN0P_/RESETN        320.00  396.21  -76.21 (VIOLATED)
oskid_d[61]$_DFFE_PN0P_/RESETN        320.00  396.20  -76.20 (VIOLATED)
out_pix_data[66]$_DFFE_PN0P_/RESETN   320.00  396.10  -76.10 (VIOLATED)
part_q[50][5]$_DFFE_PP_/QN            320.00  396.09  -76.09 (VIOLATED)
_745527_/B                            320.00  396.07  -76.07 (VIOLATED)
_763787_/A                            320.00  396.04  -76.04 (VIOLATED)
_737948_/A                            320.00  396.03  -76.03 (VIOLATED)
_737952_/A                            320.00  396.01  -76.01 (VIOLATED)
in_data_q[116]$_DFFE_PN0P_/RESETN     320.00  396.00  -76.00 (VIOLATED)
in_data_q[6]$_DFFE_PN0P_/RESETN       320.00  395.98  -75.98 (VIOLATED)
_737934_/A                            320.00  395.95  -75.95 (VIOLATED)
oskid_d[89]$_DFFE_PN0P_/RESETN        320.00  395.93  -75.93 (VIOLATED)
out_pix_data[105]$_DFFE_PN0P_/RESETN  320.00  395.88  -75.88 (VIOLATED)
_745585_/B                            320.00  395.86  -75.86 (VIOLATED)
_745528_/B                            320.00  395.80  -75.80 (VIOLATED)
out_pix_data[83]$_DFFE_PN0P_/RESETN   320.00  395.77  -75.77 (VIOLATED)
in_data_q[14]$_DFFE_PN0P_/RESETN      320.00  395.77  -75.77 (VIOLATED)
_737894_/A                            320.00  395.76  -75.76 (VIOLATED)
out_pix_data[82]$_DFFE_PN0P_/RESETN   320.00  395.72  -75.72 (VIOLATED)
place78605/A                          320.00  395.69  -75.69 (VIOLATED)
in_data_q[92]$_DFFE_PN0P_/RESETN      320.00  395.66  -75.66 (VIOLATED)
out_pix_data[106]$_DFFE_PN0P_/RESETN  320.00  395.66  -75.66 (VIOLATED)
_745289_/A                            320.00  395.63  -75.63 (VIOLATED)
_755580_/A1                           320.00  395.62  -75.62 (VIOLATED)
part_q[28][13]$_DFFE_PP_/QN           320.00  395.55  -75.55 (VIOLATED)
_744169_/A                            320.00  395.48  -75.48 (VIOLATED)
_744378_/A                            320.00  395.42  -75.43 (VIOLATED)
m_ce[4]$_DFFE_PN0P_/RESETN            320.00  395.39  -75.39 (VIOLATED)
_741454_/B                            320.00  395.39  -75.39 (VIOLATED)
rdata_q[7650]$_DFFE_PP_/QN            320.00  395.23  -75.23 (VIOLATED)
oskid_d[80]$_DFFE_PN0P_/RESETN        320.00  395.20  -75.20 (VIOLATED)
in_data_q[8]$_DFFE_PN0P_/RESETN       320.00  395.07  -75.07 (VIOLATED)
_769478_/Y                            320.00  394.93  -74.93 (VIOLATED)
_744421_/A                            320.00  394.92  -74.92 (VIOLATED)
place78128/A                          320.00  394.82  -74.82 (VIOLATED)
_743957_/B                            320.00  394.75  -74.75 (VIOLATED)
place79034/A                          320.00  394.67  -74.67 (VIOLATED)
rdata_q[6939]$_DFFE_PP_/QN            320.00  394.64  -74.64 (VIOLATED)
place78587/A                          320.00  394.62  -74.62 (VIOLATED)
_769301_/A                            320.00  394.54  -74.54 (VIOLATED)
_768661_/Y                            320.00  394.51  -74.51 (VIOLATED)
_638211_/B                            320.00  394.48  -74.48 (VIOLATED)
_743438_/A                            320.00  394.46  -74.46 (VIOLATED)
_745705_/B                            320.00  394.46  -74.46 (VIOLATED)
place76565/A                          320.00  394.46  -74.46 (VIOLATED)
oskid_d[68]$_DFFE_PN0P_/RESETN        320.00  394.45  -74.45 (VIOLATED)
_743439_/A                            320.00  394.45  -74.45 (VIOLATED)
_743323_/A                            320.00  394.44  -74.44 (VIOLATED)
_745704_/B                            320.00  394.43  -74.43 (VIOLATED)
_740362_/B                            320.00  394.39  -74.39 (VIOLATED)
_743378_/A                            320.00  394.37  -74.37 (VIOLATED)
oskid_d[81]$_DFFE_PN0P_/RESETN        320.00  394.31  -74.31 (VIOLATED)
_739778_/B                            320.00  394.31  -74.31 (VIOLATED)
_752459_/A                            320.00  394.28  -74.28 (VIOLATED)
place78421/A                          320.00  394.19  -74.19 (VIOLATED)
_744168_/A                            320.00  394.19  -74.19 (VIOLATED)
_743431_/A                            320.00  394.15  -74.15 (VIOLATED)
_743433_/A                            320.00  394.14  -74.14 (VIOLATED)
_737897_/A                            320.00  394.11  -74.11 (VIOLATED)
in_data_q[110]$_DFFE_PN0P_/RESETN     320.00  394.02  -74.02 (VIOLATED)
_743385_/A                            320.00  393.94  -73.94 (VIOLATED)
_747536_/A                            320.00  393.94  -73.94 (VIOLATED)
_756109_/A                            320.00  393.93  -73.93 (VIOLATED)
m_1h[14]$_DFFE_PN0P_/RESETN           320.00  393.90  -73.90 (VIOLATED)
_750157_/A                            320.00  393.89  -73.89 (VIOLATED)
_743436_/A                            320.00  393.88  -73.88 (VIOLATED)
_765516_/B                            320.00  393.88  -73.88 (VIOLATED)
_765541_/B                            320.00  393.86  -73.86 (VIOLATED)
_765504_/A1                           320.00  393.81  -73.81 (VIOLATED)
a_sym[7][3]$_DFFE_PN0P_/QN            320.00  393.77  -73.77 (VIOLATED)
_765505_/A2                           320.00  393.77  -73.77 (VIOLATED)
_765593_/A3                           320.00  393.70  -73.70 (VIOLATED)
_765408_/A2                           320.00  393.68  -73.68 (VIOLATED)
rdata_q[6762]$_DFFE_PP_/QN            320.00  393.68  -73.68 (VIOLATED)
_765537_/A                            320.00  393.67  -73.67 (VIOLATED)
out_pix_data[80]$_DFFE_PN0P_/RESETN   320.00  393.62  -73.62 (VIOLATED)
_765412_/A2                           320.00  393.56  -73.56 (VIOLATED)
_765416_/A2                           320.00  393.49  -73.49 (VIOLATED)
_738677_/B                            320.00  393.48  -73.48 (VIOLATED)
_765415_/A2                           320.00  393.41  -73.41 (VIOLATED)
place79653/A                          320.00  393.31  -73.31 (VIOLATED)
_608983_/A                            320.00  393.28  -73.28 (VIOLATED)
_740240_/B                            320.00  393.25  -73.25 (VIOLATED)
_737987_/A                            320.00  393.23  -73.23 (VIOLATED)
_737889_/A                            320.00  393.23  -73.23 (VIOLATED)
_742292_/B                            320.00  393.23  -73.23 (VIOLATED)
hold110395/A                          320.00  393.23  -73.23 (VIOLATED)
_858119_/A                            320.00  393.21  -73.21 (VIOLATED)
_723015_/B                            320.00  393.21  -73.21 (VIOLATED)
place79055/A                          320.00  393.13  -73.13 (VIOLATED)
_677302_/B                            320.00  393.11  -73.11 (VIOLATED)
place78426/A                          320.00  393.07  -73.07 (VIOLATED)
in_data_q[56]$_DFFE_PN0P_/QN          320.00  393.05  -73.05 (VIOLATED)
_765449_/A2                           320.00  393.05  -73.05 (VIOLATED)
in_data_q[96]$_DFFE_PN0P_/RESETN      320.00  392.93  -72.93 (VIOLATED)
_765441_/A2                           320.00  392.91  -72.91 (VIOLATED)
_741178_/B                            320.00  392.89  -72.89 (VIOLATED)
_639272_/A                            320.00  392.87  -72.87 (VIOLATED)
_743449_/A                            320.00  392.85  -72.85 (VIOLATED)
m_ce[18]$_DFFE_PN0P_/RESETN           320.00  392.79  -72.79 (VIOLATED)
_744438_/A                            320.00  392.79  -72.79 (VIOLATED)
_765444_/A2                           320.00  392.74  -72.74 (VIOLATED)
m_ce[17]$_DFFE_PN0P_/RESETN           320.00  392.67  -72.67 (VIOLATED)
oskid_d[69]$_DFFE_PN0P_/RESETN        320.00  392.65  -72.65 (VIOLATED)
rdata_q[6626]$_DFFE_PP_/QN            320.00  392.54  -72.54 (VIOLATED)
m_ce[13]$_DFFE_PN0P_/RESETN           320.00  392.51  -72.51 (VIOLATED)
_743447_/A                            320.00  392.47  -72.47 (VIOLATED)
_744443_/A                            320.00  392.44  -72.44 (VIOLATED)
out_pix_data[89]$_DFFE_PN0P_/RESETN   320.00  392.40  -72.40 (VIOLATED)
m_ce[19]$_DFFE_PN0P_/RESETN           320.00  392.30  -72.30 (VIOLATED)
in_data_q[141]$_DFFE_PN0P_/RESETN     320.00  392.29  -72.29 (VIOLATED)
_765483_/A2                           320.00  392.29  -72.29 (VIOLATED)
_743472_/A                            320.00  392.27  -72.27 (VIOLATED)
_745235_/A                            320.00  392.27  -72.27 (VIOLATED)
_743500_/A                            320.00  392.27  -72.27 (VIOLATED)
_743479_/A                            320.00  392.27  -72.27 (VIOLATED)
place78519/A                          320.00  392.18  -72.18 (VIOLATED)
_743490_/A                            320.00  392.15  -72.15 (VIOLATED)
_741816_/B                            320.00  392.12  -72.12 (VIOLATED)
_639270_/A                            320.00  392.10  -72.10 (VIOLATED)
_743929_/B                            320.00  392.08  -72.08 (VIOLATED)
_765487_/A2                           320.00  392.05  -72.05 (VIOLATED)
_743351_/A                            320.00  392.05  -72.05 (VIOLATED)
_743467_/A                            320.00  392.04  -72.04 (VIOLATED)
_751144_/A                            320.00  392.03  -72.03 (VIOLATED)
out_pix_data[85]$_DFFE_PN0P_/RESETN   320.00  391.95  -71.95 (VIOLATED)
_768923_/A                            320.00  391.90  -71.90 (VIOLATED)
_765470_/B1                           320.00  391.88  -71.88 (VIOLATED)
_743503_/A                            320.00  391.87  -71.87 (VIOLATED)
_639271_/A                            320.00  391.75  -71.75 (VIOLATED)
_744163_/A                            320.00  391.70  -71.70 (VIOLATED)
_745878_/B                            320.00  391.70  -71.70 (VIOLATED)
_559372_/A                            320.00  391.65  -71.65 (VIOLATED)
in_data_q[17]$_DFFE_PN0P_/RESETN      320.00  391.50  -71.50 (VIOLATED)
_677287_/B                            320.00  391.47  -71.47 (VIOLATED)
_765498_/A2                           320.00  391.47  -71.47 (VIOLATED)
_765497_/B1                           320.00  391.34  -71.34 (VIOLATED)
_739128_/B                            320.00  391.33  -71.33 (VIOLATED)
_686614_/B                            320.00  391.32  -71.32 (VIOLATED)
_768838_/A                            320.00  391.31  -71.31 (VIOLATED)
_743448_/A                            320.00  391.30  -71.30 (VIOLATED)
_737883_/A                            320.00  391.29  -71.29 (VIOLATED)
_765492_/B1                           320.00  391.26  -71.26 (VIOLATED)
_749602_/A                            320.00  391.23  -71.23 (VIOLATED)
_765475_/B1                           320.00  391.13  -71.13 (VIOLATED)
_765477_/A2                           320.00  391.13  -71.13 (VIOLATED)
_763750_/A1                           320.00  391.10  -71.10 (VIOLATED)
out_pix_data[104]$_DFFE_PN0P_/RESETN  320.00  390.99  -70.99 (VIOLATED)
place79331/A                          320.00  390.97  -70.97 (VIOLATED)
rdata_q[7498]$_DFFE_PP_/QN            320.00  390.96  -70.96 (VIOLATED)
_748630_/A                            320.00  390.95  -70.95 (VIOLATED)
_748716_/A                            320.00  390.94  -70.94 (VIOLATED)
place78410/A                          320.00  390.88  -70.88 (VIOLATED)
in_data_q[93]$_DFFE_PN0P_/RESETN      320.00  390.82  -70.82 (VIOLATED)
_743494_/A                            320.00  390.82  -70.82 (VIOLATED)
_743346_/A                            320.00  390.80  -70.80 (VIOLATED)
_744279_/A                            320.00  390.79  -70.79 (VIOLATED)
_806123_/CI                           320.00  390.78  -70.78 (VIOLATED)
_743374_/A                            320.00  390.76  -70.76 (VIOLATED)
_764208_/A                            320.00  390.75  -70.75 (VIOLATED)
_747063_/A                            320.00  390.75  -70.75 (VIOLATED)
_765430_/A2                           320.00  390.75  -70.75 (VIOLATED)
_765429_/B1                           320.00  390.74  -70.74 (VIOLATED)
oskid_d[64]$_DFFE_PN0P_/RESETN        320.00  390.69  -70.69 (VIOLATED)
out_pix_data[81]$_DFFE_PN0P_/RESETN   320.00  390.67  -70.67 (VIOLATED)
rdata_q[6403]$_DFFE_PP_/QN            320.00  390.64  -70.64 (VIOLATED)
_765434_/A2                           320.00  390.59  -70.59 (VIOLATED)
_765433_/B1                           320.00  390.56  -70.56 (VIOLATED)
hold127182/A                          320.00  390.52  -70.52 (VIOLATED)
oskid_d[60]$_DFFE_PN0P_/RESETN        320.00  390.50  -70.50 (VIOLATED)
_766170_/C                            320.00  390.50  -70.50 (VIOLATED)
_737984_/B                            320.00  390.43  -70.43 (VIOLATED)
in_data_q[57]$_DFFE_PN0P_/QN          320.00  390.42  -70.42 (VIOLATED)
_763857_/A                            320.00  390.41  -70.41 (VIOLATED)
place71648/A                          320.00  390.39  -70.39 (VIOLATED)
_743384_/A                            320.00  390.35  -70.35 (VIOLATED)
_764823_/A                            320.00  390.31  -70.31 (VIOLATED)
_763856_/A1                           320.00  390.29  -70.29 (VIOLATED)
_765458_/B1                           320.00  390.28  -70.28 (VIOLATED)
_763749_/A                            320.00  390.26  -70.26 (VIOLATED)
_765463_/B1                           320.00  390.21  -70.21 (VIOLATED)
_765464_/A2                           320.00  390.21  -70.21 (VIOLATED)
_744418_/A                            320.00  390.19  -70.19 (VIOLATED)
_765320_/Y                            320.00  390.18  -70.18 (VIOLATED)
_743501_/A                            320.00  390.10  -70.10 (VIOLATED)
_743482_/A                            320.00  390.08  -70.08 (VIOLATED)
_744441_/A                            320.00  390.07  -70.07 (VIOLATED)
out_pix_data[68]$_DFFE_PN0P_/RESETN   320.00  390.06  -70.06 (VIOLATED)
_743443_/A                            320.00  390.05  -70.05 (VIOLATED)
m_ce[11]$_DFFE_PN0P_/RESETN           320.00  390.03  -70.03 (VIOLATED)
_743450_/A                            320.00  390.02  -70.02 (VIOLATED)
out_pix_data[65]$_DFFE_PN0P_/RESETN   320.00  390.00  -70.00 (VIOLATED)
_764824_/A1                           320.00  389.97  -69.97 (VIOLATED)
_806118_/CI                           320.00  389.94  -69.94 (VIOLATED)
_614342_/B                            320.00  389.94  -69.94 (VIOLATED)
_744445_/A                            320.00  389.91  -69.91 (VIOLATED)
_745240_/A                            320.00  389.87  -69.87 (VIOLATED)
place78239/A                          320.00  389.86  -69.86 (VIOLATED)
in_data_q[6]$_DFFE_PN0P_/QN           320.00  389.81  -69.81 (VIOLATED)
_768630_/A                            320.00  389.81  -69.81 (VIOLATED)
_788013_/A                            320.00  389.81  -69.81 (VIOLATED)
m_ce[16]$_DFFE_PN0P_/RESETN           320.00  389.80  -69.80 (VIOLATED)
_749662_/A                            320.00  389.79  -69.79 (VIOLATED)
_872170_/A                            320.00  389.79  -69.79 (VIOLATED)
_747836_/A                            320.00  389.72  -69.72 (VIOLATED)
_745657_/B                            320.00  389.67  -69.67 (VIOLATED)
_744509_/A                            320.00  389.66  -69.66 (VIOLATED)
_744505_/A                            320.00  389.66  -69.66 (VIOLATED)
_744507_/A                            320.00  389.61  -69.61 (VIOLATED)
_744510_/A                            320.00  389.60  -69.60 (VIOLATED)
place78081/A                          320.00  389.59  -69.59 (VIOLATED)
in_data_q[130]$_DFFE_PN0P_/RESETN     320.00  389.55  -69.55 (VIOLATED)
_744446_/A                            320.00  389.53  -69.53 (VIOLATED)
_750436_/A                            320.00  389.45  -69.45 (VIOLATED)
_748177_/A                            320.00  389.42  -69.42 (VIOLATED)
in_data_q[62]$_DFFE_PN0P_/RESETN      320.00  389.41  -69.41 (VIOLATED)
place72622/A                          320.00  389.40  -69.40 (VIOLATED)
in_data_q[147]$_DFFE_PN0P_/RESETN     320.00  389.40  -69.40 (VIOLATED)
_764835_/A1                           320.00  389.38  -69.38 (VIOLATED)
place78766/A                          320.00  389.36  -69.36 (VIOLATED)
_744444_/A                            320.00  389.36  -69.36 (VIOLATED)
_744277_/A                            320.00  389.35  -69.35 (VIOLATED)
oskid_d[148]$_DFFE_PN0P_/RESETN       320.00  389.35  -69.35 (VIOLATED)
oskid_d[145]$_DFFE_PN0P_/RESETN       320.00  389.33  -69.33 (VIOLATED)
in_data_q[149]$_DFFE_PN0P_/RESETN     320.00  389.25  -69.25 (VIOLATED)
_743435_/A                            320.00  389.22  -69.22 (VIOLATED)
place79560/A                          320.00  389.21  -69.21 (VIOLATED)
_763860_/A1                           320.00  389.20  -69.20 (VIOLATED)
_606669_/B                            320.00  389.20  -69.20 (VIOLATED)
in_data_q[24]$_DFFE_PN0P_/RESETN      320.00  389.19  -69.19 (VIOLATED)
_764209_/A1                           320.00  389.18  -69.18 (VIOLATED)
in_data_q[3]$_DFFE_PN0P_/RESETN       320.00  389.14  -69.14 (VIOLATED)
_743381_/A                            320.00  389.12  -69.12 (VIOLATED)
in_data_q[16]$_DFFE_PN0P_/RESETN      320.00  389.10  -69.10 (VIOLATED)
out_pix_data[62]$_DFFE_PN0P_/RESETN   320.00  389.08  -69.08 (VIOLATED)
_743377_/A                            320.00  389.06  -69.06 (VIOLATED)
_748174_/B                            320.00  389.06  -69.06 (VIOLATED)
_768836_/A                            320.00  389.05  -69.05 (VIOLATED)
_744273_/A                            320.00  389.03  -69.03 (VIOLATED)
_745600_/B                            320.00  389.00  -69.00 (VIOLATED)
_763859_/A                            320.00  388.98  -68.98 (VIOLATED)
in_data_q[19]$_DFFE_PN0P_/RESETN      320.00  388.95  -68.95 (VIOLATED)
part_q[50][12]$_DFFE_PP_/QN           320.00  388.95  -68.95 (VIOLATED)
in_data_q[25]$_DFFE_PN0P_/RESETN      320.00  388.92  -68.92 (VIOLATED)
in_data_q[145]$_DFFE_PN0P_/RESETN     320.00  388.91  -68.91 (VIOLATED)
_743424_/A                            320.00  388.88  -68.88 (VIOLATED)
_743367_/A                            320.00  388.84  -68.84 (VIOLATED)
in_data_q[11]$_DFFE_PN0P_/RESETN      320.00  388.76  -68.76 (VIOLATED)
_744439_/A                            320.00  388.74  -68.74 (VIOLATED)
in_data_q[5]$_DFFE_PN0P_/RESETN       320.00  388.71  -68.71 (VIOLATED)
_743451_/A                            320.00  388.62  -68.62 (VIOLATED)
_764827_/A1                           320.00  388.58  -68.58 (VIOLATED)
_763871_/A                            320.00  388.57  -68.57 (VIOLATED)
_763873_/A                            320.00  388.46  -68.46 (VIOLATED)
place79091/A                          320.00  388.45  -68.45 (VIOLATED)
_763872_/A1                           320.00  388.45  -68.45 (VIOLATED)
rdata_q[6932]$_DFFE_PP_/QN            320.00  388.43  -68.43 (VIOLATED)
in_data_q[2]$_DFFE_PN0P_/RESETN       320.00  388.43  -68.43 (VIOLATED)
_744281_/A                            320.00  388.40  -68.40 (VIOLATED)
place77664/A                          320.00  388.36  -68.36 (VIOLATED)
_763760_/A                            320.00  388.35  -68.35 (VIOLATED)
_743428_/A                            320.00  388.33  -68.33 (VIOLATED)
place79006/A                          320.00  388.27  -68.27 (VIOLATED)
_743371_/A                            320.00  388.26  -68.26 (VIOLATED)
_744280_/A                            320.00  388.22  -68.22 (VIOLATED)
part_q[50][0]$_DFFE_PP_/QN            320.00  388.21  -68.21 (VIOLATED)
_744508_/A                            320.00  388.13  -68.13 (VIOLATED)
_737881_/A                            320.00  388.13  -68.13 (VIOLATED)
_769302_/A                            320.00  388.12  -68.12 (VIOLATED)
_743329_/A                            320.00  388.11  -68.11 (VIOLATED)
_745534_/B                            320.00  388.09  -68.09 (VIOLATED)
_639273_/A                            320.00  388.08  -68.08 (VIOLATED)
_737969_/A                            320.00  388.05  -68.05 (VIOLATED)
_742695_/A                            320.00  388.04  -68.04 (VIOLATED)
in_data_q[9]$_DFFE_PN0P_/RESETN       320.00  388.04  -68.04 (VIOLATED)
_742753_/A                            320.00  388.02  -68.02 (VIOLATED)
in_data_q[15]$_DFFE_PN0P_/RESETN      320.00  388.01  -68.01 (VIOLATED)
_737886_/A                            320.00  388.00  -68.00 (VIOLATED)
oskid_d[117]$_DFFE_PN0P_/RESETN       320.00  387.99  -67.99 (VIOLATED)
_742748_/A                            320.00  387.98  -67.98 (VIOLATED)
_743303_/A                            320.00  387.97  -67.97 (VIOLATED)
_737896_/A                            320.00  387.97  -67.97 (VIOLATED)
_744278_/A                            320.00  387.97  -67.97 (VIOLATED)
_763869_/A                            320.00  387.95  -67.95 (VIOLATED)
_765573_/A                            320.00  387.93  -67.93 (VIOLATED)
_742754_/A                            320.00  387.90  -67.90 (VIOLATED)
_737916_/A                            320.00  387.90  -67.90 (VIOLATED)
in_data_q[18]$_DFFE_PN0P_/RESETN      320.00  387.90  -67.90 (VIOLATED)
_742742_/A                            320.00  387.89  -67.89 (VIOLATED)
rdata_q[6779]$_DFFE_PP_/QN            320.00  387.86  -67.86 (VIOLATED)
_743382_/A                            320.00  387.85  -67.85 (VIOLATED)
_750740_/A                            320.00  387.85  -67.85 (VIOLATED)
_750728_/A                            320.00  387.83  -67.83 (VIOLATED)
place79692/A                          320.00  387.82  -67.82 (VIOLATED)
oskid_d[96]$_DFFE_PN0P_/RESETN        320.00  387.80  -67.80 (VIOLATED)
_742749_/A                            320.00  387.80  -67.80 (VIOLATED)
_748981_/A                            320.00  387.79  -67.79 (VIOLATED)
_742708_/A                            320.00  387.76  -67.76 (VIOLATED)
_748933_/A                            320.00  387.73  -67.73 (VIOLATED)
_742715_/A                            320.00  387.69  -67.69 (VIOLATED)
_765583_/C                            320.00  387.68  -67.68 (VIOLATED)
_742469_/B                            320.00  387.68  -67.68 (VIOLATED)
in_data_q[12]$_DFFE_PN0P_/RESETN      320.00  387.67  -67.67 (VIOLATED)
m_1h[37]$_DFFE_PN0P_/RESETN           320.00  387.66  -67.66 (VIOLATED)
_737885_/A                            320.00  387.65  -67.65 (VIOLATED)
_744274_/A                            320.00  387.65  -67.65 (VIOLATED)
rdata_q[6770]$_DFFE_PP_/QN            320.00  387.63  -67.63 (VIOLATED)
_742714_/A                            320.00  387.63  -67.63 (VIOLATED)
m_ce[15]$_DFFE_PN0P_/RESETN           320.00  387.62  -67.62 (VIOLATED)
_763763_/A                            320.00  387.60  -67.60 (VIOLATED)
_742691_/A                            320.00  387.58  -67.58 (VIOLATED)
m_ce[10]$_DFFE_PN0P_/RESETN           320.00  387.50  -67.50 (VIOLATED)
_742738_/A                            320.00  387.50  -67.50 (VIOLATED)
m_ce[14]$_DFFE_PN0P_/RESETN           320.00  387.48  -67.48 (VIOLATED)
_737944_/A                            320.00  387.46  -67.46 (VIOLATED)
in_data_q[136]$_DFFE_PN0P_/RESETN     320.00  387.45  -67.45 (VIOLATED)
_743465_/A                            320.00  387.44  -67.44 (VIOLATED)
m_ce[12]$_DFFE_PN0P_/RESETN           320.00  387.44  -67.44 (VIOLATED)
_763408_/A1                           320.00  387.41  -67.41 (VIOLATED)
_742739_/A                            320.00  387.41  -67.41 (VIOLATED)
_742686_/A                            320.00  387.38  -67.38 (VIOLATED)
_742730_/A                            320.00  387.33  -67.33 (VIOLATED)
_737972_/A                            320.00  387.28  -67.28 (VIOLATED)
_764832_/A                            320.00  387.21  -67.21 (VIOLATED)
_639274_/A                            320.00  387.21  -67.21 (VIOLATED)
_765563_/A1                           320.00  387.17  -67.17 (VIOLATED)
_764833_/A1                           320.00  387.17  -67.17 (VIOLATED)
_763843_/A                            320.00  387.14  -67.14 (VIOLATED)
_763835_/A1                           320.00  387.08  -67.08 (VIOLATED)
place78796/A                          320.00  387.08  -67.08 (VIOLATED)
_763836_/A                            320.00  387.05  -67.05 (VIOLATED)
_763837_/A1                           320.00  387.05  -67.05 (VIOLATED)
_748575_/A                            320.00  387.05  -67.05 (VIOLATED)
_742687_/A                            320.00  387.03  -67.03 (VIOLATED)
_763834_/A                            320.00  387.03  -67.03 (VIOLATED)
_743951_/B                            320.00  387.02  -67.02 (VIOLATED)
_739836_/B                            320.00  387.02  -67.02 (VIOLATED)
_749426_/A                            320.00  387.01  -67.01 (VIOLATED)
_763841_/A                            320.00  387.01  -67.01 (VIOLATED)
_763842_/A1                           320.00  386.97  -66.97 (VIOLATED)
_754263_/A                            320.00  386.93  -66.93 (VIOLATED)
_742716_/A                            320.00  386.92  -66.92 (VIOLATED)
oskid_d[97]$_DFFE_PN0P_/RESETN        320.00  386.88  -66.88 (VIOLATED)
_742737_/A                            320.00  386.86  -66.86 (VIOLATED)
_742711_/A                            320.00  386.81  -66.81 (VIOLATED)
_748543_/A                            320.00  386.77  -66.77 (VIOLATED)
_763734_/A                            320.00  386.76  -66.76 (VIOLATED)
place87880/A                          320.00  386.73  -66.73 (VIOLATED)
_766148_/A                            320.00  386.64  -66.64 (VIOLATED)
in_data_q[4]$_DFFE_PN0P_/RESETN       320.00  386.64  -66.64 (VIOLATED)
_738693_/B                            320.00  386.61  -66.61 (VIOLATED)
_806124_/CI                           320.00  386.59  -66.59 (VIOLATED)
_608984_/A                            320.00  386.57  -66.57 (VIOLATED)
_741639_/B                            320.00  386.55  -66.55 (VIOLATED)
_742284_/B                            320.00  386.55  -66.55 (VIOLATED)
_745711_/B                            320.00  386.53  -66.53 (VIOLATED)
_763589_/A                            320.00  386.52  -66.52 (VIOLATED)
_763735_/A1                           320.00  386.52  -66.52 (VIOLATED)
_763590_/A1                           320.00  386.49  -66.49 (VIOLATED)
_743492_/A                            320.00  386.44  -66.44 (VIOLATED)
_752287_/A                            320.00  386.36  -66.36 (VIOLATED)
_743478_/A                            320.00  386.34  -66.34 (VIOLATED)
_754599_/A                            320.00  386.30  -66.30 (VIOLATED)
_765844_/A1                           320.00  386.29  -66.29 (VIOLATED)
_765508_/A                            320.00  386.27  -66.27 (VIOLATED)
_764763_/A                            320.00  386.25  -66.25 (VIOLATED)
_748176_/Y                            320.00  386.22  -66.22 (VIOLATED)
_747875_/A                            320.00  386.21  -66.21 (VIOLATED)
_763753_/A1                           320.00  386.20  -66.20 (VIOLATED)
_763752_/A                            320.00  386.17  -66.17 (VIOLATED)
_764764_/A1                           320.00  386.17  -66.17 (VIOLATED)
_744276_/A                            320.00  386.17  -66.17 (VIOLATED)
out_pix_data[146]$_DFFE_PN0P_/RESETN  320.00  386.14  -66.14 (VIOLATED)
_764760_/A                            320.00  386.11  -66.11 (VIOLATED)
_764761_/A1                           320.00  386.11  -66.11 (VIOLATED)
_613267_/B                            320.00  386.10  -66.10 (VIOLATED)
_742745_/A                            320.00  386.10  -66.10 (VIOLATED)
_745275_/A                            320.00  386.10  -66.10 (VIOLATED)
_765535_/A                            320.00  386.09  -66.09 (VIOLATED)
_742692_/A                            320.00  386.06  -66.06 (VIOLATED)
_806127_/CI                           320.00  386.05  -66.05 (VIOLATED)
_750325_/A                            320.00  386.01  -66.01 (VIOLATED)
_742107_/B                            320.00  386.00  -66.00 (VIOLATED)
_763741_/A                            320.00  385.96  -65.96 (VIOLATED)
_763744_/A                            320.00  385.94  -65.94 (VIOLATED)
_765509_/A1                           320.00  385.91  -65.91 (VIOLATED)
m_ce[31]$_DFFE_PN0P_/RESETN           320.00  385.90  -65.90 (VIOLATED)
_748638_/Y                            320.00  385.85  -65.85 (VIOLATED)
m_1h[6]$_DFFE_PN0P_/RESETN            320.00  385.80  -65.80 (VIOLATED)
out_pix_data[64]$_DFFE_PN0P_/RESETN   320.00  385.78  -65.78 (VIOLATED)
_645682_/B                            320.00  385.72  -65.72 (VIOLATED)
_768631_/A                            320.00  385.72  -65.72 (VIOLATED)
_763407_/A                            320.00  385.72  -65.72 (VIOLATED)
place79031/A                          320.00  385.70  -65.70 (VIOLATED)
_740349_/A                            320.00  385.67  -65.67 (VIOLATED)
_743363_/A                            320.00  385.67  -65.67 (VIOLATED)
_742736_/A                            320.00  385.64  -65.64 (VIOLATED)
_740337_/A                            320.00  385.60  -65.60 (VIOLATED)
_768870_/A                            320.00  385.55  -65.55 (VIOLATED)
_768830_/A                            320.00  385.53  -65.53 (VIOLATED)
place78322/A                          320.00  385.51  -65.51 (VIOLATED)
_742734_/A                            320.00  385.37  -65.37 (VIOLATED)
oskid_d[95]$_DFFE_PN0P_/RESETN        320.00  385.34  -65.34 (VIOLATED)
_740390_/A                            320.00  385.31  -65.31 (VIOLATED)
_665982_/B                            320.00  385.28  -65.28 (VIOLATED)
oskid_d[27]$_DFFE_PN0P_/RESETN        320.00  385.25  -65.25 (VIOLATED)
ce_d1[31]$_DFFE_PN0P_/RESETN          320.00  385.23  -65.23 (VIOLATED)
oskid_d[21]$_DFFE_PN0P_/RESETN        320.00  385.17  -65.17 (VIOLATED)
_746154_/B                            320.00  385.12  -65.12 (VIOLATED)
_769408_/Y                            320.00  385.10  -65.10 (VIOLATED)
_763769_/A                            320.00  385.10  -65.10 (VIOLATED)
a_sym[12][5]$_DFFE_PN0P_/QN           320.00  385.09  -65.09 (VIOLATED)
_745632_/B                            320.00  385.09  -65.09 (VIOLATED)
oskid_d[20]$_DFFE_PN0P_/RESETN        320.00  385.07  -65.07 (VIOLATED)
_742690_/A                            320.00  384.99  -64.99 (VIOLATED)
_741942_/B                            320.00  384.98  -64.98 (VIOLATED)
oskid_d[29]$_DFFE_PN0P_/RESETN        320.00  384.97  -64.97 (VIOLATED)
_743432_/A                            320.00  384.95  -64.95 (VIOLATED)
_740340_/A                            320.00  384.95  -64.95 (VIOLATED)
_763770_/A1                           320.00  384.94  -64.94 (VIOLATED)
place79004/A                          320.00  384.92  -64.92 (VIOLATED)
oskid_d[28]$_DFFE_PN0P_/RESETN        320.00  384.92  -64.92 (VIOLATED)
out_pix_data[25]$_DFFE_PN0P_/RESETN   320.00  384.90  -64.90 (VIOLATED)
_742693_/A                            320.00  384.86  -64.86 (VIOLATED)
_763767_/A1                           320.00  384.83  -64.83 (VIOLATED)
_740344_/A                            320.00  384.83  -64.83 (VIOLATED)
_742741_/A                            320.00  384.82  -64.82 (VIOLATED)
oskid_d[25]$_DFFE_PN0P_/RESETN        320.00  384.81  -64.81 (VIOLATED)
_768842_/A                            320.00  384.80  -64.80 (VIOLATED)
oskid_d[24]$_DFFE_PN0P_/RESETN        320.00  384.80  -64.80 (VIOLATED)
_763766_/A                            320.00  384.80  -64.80 (VIOLATED)
in_data_q[139]$_DFFE_PN0P_/RESETN     320.00  384.78  -64.78 (VIOLATED)
_742732_/A                            320.00  384.78  -64.78 (VIOLATED)
_764754_/A1                           320.00  384.70  -64.70 (VIOLATED)
_739892_/B                            320.00  384.70  -64.70 (VIOLATED)
_746871_/A                            320.00  384.62  -64.62 (VIOLATED)
part_q[50][3]$_DFFE_PP_/QN            320.00  384.60  -64.60 (VIOLATED)
_746901_/A                            320.00  384.59  -64.59 (VIOLATED)
_737319_/B                            320.00  384.58  -64.58 (VIOLATED)
_744504_/A                            320.00  384.55  -64.55 (VIOLATED)
_765503_/B                            320.00  384.52  -64.52 (VIOLATED)
_742747_/A                            320.00  384.48  -64.48 (VIOLATED)
out_pix_data[135]$_DFFE_PN0P_/RESETN  320.00  384.44  -64.44 (VIOLATED)
oskid_d[23]$_DFFE_PN0P_/RESETN        320.00  384.37  -64.37 (VIOLATED)
oskid_d[65]$_DFFE_PN0P_/RESETN        320.00  384.35  -64.35 (VIOLATED)
_745655_/B                            320.00  384.35  -64.35 (VIOLATED)
out_pix_data[133]$_DFFE_PN0P_/RESETN  320.00  384.34  -64.34 (VIOLATED)
a_sym[18][1]$_DFFE_PN0P_/QN           320.00  384.32  -64.32 (VIOLATED)
_756763_/A                            320.00  384.31  -64.31 (VIOLATED)
place77949/A                          320.00  384.29  -64.29 (VIOLATED)
_743633_/A                            320.00  384.28  -64.28 (VIOLATED)
in_data_q[91]$_DFFE_PN0P_/QN          320.00  384.28  -64.28 (VIOLATED)
ce_d2[31]$_DFFE_PN0P_/RESETN          320.00  384.28  -64.28 (VIOLATED)
_742694_/A                            320.00  384.26  -64.26 (VIOLATED)
oskid_d[63]$_DFFE_PN0P_/RESETN        320.00  384.23  -64.23 (VIOLATED)
_743639_/A                            320.00  384.20  -64.20 (VIOLATED)
_763772_/A                            320.00  384.20  -64.20 (VIOLATED)
_742746_/A                            320.00  384.18  -64.18 (VIOLATED)
_677128_/B                            320.00  384.17  -64.17 (VIOLATED)
_763404_/A                            320.00  384.16  -64.16 (VIOLATED)
_768072_/Y                            320.00  384.14  -64.14 (VIOLATED)
_763773_/A1                           320.00  384.12  -64.12 (VIOLATED)
_661930_/B                            320.00  384.06  -64.06 (VIOLATED)
_812226_/A                            320.00  384.01  -64.01 (VIOLATED)
_764756_/A                            320.00  383.97  -63.97 (VIOLATED)
out_pix_data[67]$_DFFE_PN0P_/RESETN   320.00  383.95  -63.95 (VIOLATED)
_677296_/B                            320.00  383.94  -63.94 (VIOLATED)
in_data_q[10]$_DFFE_PN0P_/RESETN      320.00  383.91  -63.91 (VIOLATED)
_742743_/A                            320.00  383.91  -63.91 (VIOLATED)
_764757_/A1                           320.00  383.90  -63.90 (VIOLATED)
_743638_/A                            320.00  383.89  -63.89 (VIOLATED)
in_data_q[73]$_DFFE_PN0P_/RESETN      320.00  383.88  -63.88 (VIOLATED)
_737769_/B                            320.00  383.86  -63.86 (VIOLATED)
_763405_/A1                           320.00  383.82  -63.82 (VIOLATED)
_743468_/A                            320.00  383.80  -63.80 (VIOLATED)
out_pix_data[143]$_DFFE_PN0P_/RESETN  320.00  383.75  -63.75 (VIOLATED)
place78703/A                          320.00  383.71  -63.71 (VIOLATED)
_806119_/CI                           320.00  383.70  -63.70 (VIOLATED)
_738668_/B                            320.00  383.69  -63.69 (VIOLATED)
in_data_q[42]$_DFFE_PN0P_/RESETN      320.00  383.69  -63.69 (VIOLATED)
m_ce[34]$_DFFE_PN0P_/RESETN           320.00  383.68  -63.68 (VIOLATED)
_742689_/A                            320.00  383.65  -63.65 (VIOLATED)
m_1h[3]$_DFFE_PN0P_/RESETN            320.00  383.64  -63.64 (VIOLATED)
_743634_/A                            320.00  383.57  -63.57 (VIOLATED)
_743632_/A                            320.00  383.53  -63.53 (VIOLATED)
_740343_/A                            320.00  383.52  -63.52 (VIOLATED)
_743920_/A                            320.00  383.52  -63.52 (VIOLATED)
m_1h[20]$_DFFE_PN0P_/RESETN           320.00  383.47  -63.47 (VIOLATED)
m_1h[2]$_DFFE_PN0P_/RESETN            320.00  383.46  -63.46 (VIOLATED)
_743926_/A                            320.00  383.44  -63.44 (VIOLATED)
m_1h[23]$_DFFE_PN0P_/RESETN           320.00  383.43  -63.43 (VIOLATED)
in_data_q[70]$_DFFE_PN0P_/RESETN      320.00  383.39  -63.39 (VIOLATED)
place78002/A                          320.00  383.39  -63.39 (VIOLATED)
_743498_/A                            320.00  383.34  -63.34 (VIOLATED)
m_1h[21]$_DFFE_PN0P_/RESETN           320.00  383.32  -63.32 (VIOLATED)
_743635_/A                            320.00  383.32  -63.32 (VIOLATED)
a_sym[9][4]$_DFFE_PN0P_/QN            320.00  383.27  -63.27 (VIOLATED)
_743477_/A                            320.00  383.26  -63.26 (VIOLATED)
_743811_/A                            320.00  383.26  -63.26 (VIOLATED)
_768876_/A                            320.00  383.26  -63.26 (VIOLATED)
_742759_/A                            320.00  383.26  -63.26 (VIOLATED)
m_1h[1]$_DFFE_PN0P_/RESETN            320.00  383.21  -63.21 (VIOLATED)
in_data_q[131]$_DFFE_PN0P_/RESETN     320.00  383.21  -63.21 (VIOLATED)
in_data_q[151]$_DFFE_PN0P_/RESETN     320.00  383.20  -63.20 (VIOLATED)
m_1h[33]$_DFFE_PN0P_/RESETN           320.00  383.20  -63.20 (VIOLATED)
in_data_q[143]$_DFFE_PN0P_/RESETN     320.00  383.18  -63.18 (VIOLATED)
_744166_/A                            320.00  383.17  -63.17 (VIOLATED)
in_data_q[27]$_DFFE_PN0P_/RESETN      320.00  383.14  -63.14 (VIOLATED)
_566217_/A                            320.00  383.10  -63.10 (VIOLATED)
m_1h[39]$_DFFE_PN0P_/RESETN           320.00  383.09  -63.09 (VIOLATED)
ce_d1[36]$_DFFE_PN0P_/RESETN          320.00  383.08  -63.08 (VIOLATED)
oskid_d[159]$_DFFE_PN0P_/RESETN       320.00  383.07  -63.07 (VIOLATED)
_743495_/A                            320.00  383.06  -63.06 (VIOLATED)
m_1h[12]$_DFFE_PN0P_/RESETN           320.00  383.05  -63.05 (VIOLATED)
m_1h[24]$_DFFE_PN0P_/RESETN           320.00  383.05  -63.05 (VIOLATED)
place79001/A                          320.00  383.05  -63.05 (VIOLATED)
in_data_q[158]$_DFFE_PN0P_/QN         320.00  383.04  -63.04 (VIOLATED)
m_ce[37]$_DFFE_PN0P_/RESETN           320.00  383.04  -63.04 (VIOLATED)
ce_d2[37]$_DFFE_PN0P_/RESETN          320.00  383.04  -63.04 (VIOLATED)
_743809_/A                            320.00  383.01  -63.01 (VIOLATED)
ce_d1[37]$_DFFE_PN0P_/RESETN          320.00  383.00  -63.00 (VIOLATED)
oskid_d[12]$_DFFE_PN0P_/RESETN        320.00  382.97  -62.97 (VIOLATED)
_740382_/A                            320.00  382.95  -62.95 (VIOLATED)
_743487_/A                            320.00  382.93  -62.93 (VIOLATED)
_742758_/A                            320.00  382.93  -62.93 (VIOLATED)
_748201_/A                            320.00  382.92  -62.92 (VIOLATED)
m_ce[48]$_DFFE_PN0P_/RESETN           320.00  382.92  -62.92 (VIOLATED)
_748183_/A                            320.00  382.91  -62.91 (VIOLATED)
_743869_/A                            320.00  382.91  -62.91 (VIOLATED)
place87943/Y                          320.00  382.89  -62.89 (VIOLATED)
_739774_/B                            320.00  382.88  -62.88 (VIOLATED)
m_1h[36]$_DFFE_PN0P_/RESETN           320.00  382.86  -62.86 (VIOLATED)
_763774_/A                            320.00  382.84  -62.84 (VIOLATED)
_745583_/B                            320.00  382.82  -62.82 (VIOLATED)
in_data_q[146]$_DFFE_PN0P_/RESETN     320.00  382.80  -62.80 (VIOLATED)
m_1h[11]$_DFFE_PN0P_/RESETN           320.00  382.80  -62.80 (VIOLATED)
_765519_/C                            320.00  382.76  -62.76 (VIOLATED)
_649101_/B                            320.00  382.75  -62.75 (VIOLATED)
ce_d2[36]$_DFFE_PN0P_/RESETN          320.00  382.75  -62.75 (VIOLATED)
_746512_/B                            320.00  382.74  -62.74 (VIOLATED)
_763775_/A1                           320.00  382.74  -62.74 (VIOLATED)
m_1h[22]$_DFFE_PN0P_/RESETN           320.00  382.73  -62.73 (VIOLATED)
_677146_/B                            320.00  382.71  -62.71 (VIOLATED)
place79161/A                          320.00  382.70  -62.70 (VIOLATED)
m_1h[29]$_DFFE_PN0P_/RESETN           320.00  382.70  -62.70 (VIOLATED)
_649243_/B                            320.00  382.70  -62.70 (VIOLATED)
_739791_/B                            320.00  382.69  -62.69 (VIOLATED)
_743853_/A                            320.00  382.67  -62.67 (VIOLATED)
in_data_q[142]$_DFFE_PN0P_/RESETN     320.00  382.64  -62.64 (VIOLATED)
place76213/A                          320.00  382.55  -62.55 (VIOLATED)
m_ce[22]$_DFFE_PN0P_/RESETN           320.00  382.50  -62.50 (VIOLATED)
_764775_/A1                           320.00  382.49  -62.49 (VIOLATED)
_764753_/A                            320.00  382.48  -62.48 (VIOLATED)
place78695/A                          320.00  382.47  -62.47 (VIOLATED)
rdata_q[6928]$_DFFE_PP_/QN            320.00  382.44  -62.44 (VIOLATED)
ce_d2[41]$_DFFE_PN0P_/RESETN          320.00  382.44  -62.44 (VIOLATED)
ce_d1[41]$_DFFE_PN0P_/RESETN          320.00  382.42  -62.42 (VIOLATED)
_743816_/A                            320.00  382.39  -62.39 (VIOLATED)
m_ce[25]$_DFFE_PN0P_/RESETN           320.00  382.37  -62.37 (VIOLATED)
m_ce[29]$_DFFE_PN0P_/RESETN           320.00  382.36  -62.36 (VIOLATED)
m_ce[20]$_DFFE_PN0P_/RESETN           320.00  382.34  -62.34 (VIOLATED)
_769307_/A                            320.00  382.32  -62.32 (VIOLATED)
m_ce[45]$_DFFE_PN0P_/RESETN           320.00  382.28  -62.28 (VIOLATED)
_737946_/A                            320.00  382.27  -62.27 (VIOLATED)
_745285_/A                            320.00  382.27  -62.27 (VIOLATED)
_742755_/A                            320.00  382.25  -62.25 (VIOLATED)
_743966_/A                            320.00  382.23  -62.23 (VIOLATED)
ce_d2[47]$_DFFE_PN0P_/RESETN          320.00  382.23  -62.23 (VIOLATED)
ce_d1[47]$_DFFE_PN0P_/RESETN          320.00  382.22  -62.22 (VIOLATED)
m_1h[44]$_DFFE_PN0P_/RESETN           320.00  382.21  -62.21 (VIOLATED)
m_ce[24]$_DFFE_PN0P_/RESETN           320.00  382.18  -62.18 (VIOLATED)
m_ce[39]$_DFFE_PN0P_/RESETN           320.00  382.18  -62.18 (VIOLATED)
ce_d1[39]$_DFFE_PN0P_/RESETN          320.00  382.17  -62.17 (VIOLATED)
_740485_/A                            320.00  382.17  -62.17 (VIOLATED)
_743637_/A                            320.00  382.17  -62.17 (VIOLATED)
m_ce[47]$_DFFE_PN0P_/RESETN           320.00  382.17  -62.17 (VIOLATED)
m_ce[26]$_DFFE_PN0P_/RESETN           320.00  382.16  -62.16 (VIOLATED)
_740493_/A                            320.00  382.16  -62.16 (VIOLATED)
m_ce[21]$_DFFE_PN0P_/RESETN           320.00  382.15  -62.15 (VIOLATED)
m_ce[28]$_DFFE_PN0P_/RESETN           320.00  382.13  -62.13 (VIOLATED)
m_ce[44]$_DFFE_PN0P_/RESETN           320.00  382.12  -62.12 (VIOLATED)
m_1h[46]$_DFFE_PN0P_/RESETN           320.00  382.07  -62.07 (VIOLATED)
m_ce[41]$_DFFE_PN0P_/RESETN           320.00  382.03  -62.03 (VIOLATED)
m_1h[42]$_DFFE_PN0P_/RESETN           320.00  382.02  -62.02 (VIOLATED)
out_pix_data[147]$_DFFE_PN0P_/RESETN  320.00  382.01  -62.01 (VIOLATED)
m_1h[45]$_DFFE_PN0P_/RESETN           320.00  382.01  -62.01 (VIOLATED)
_740549_/A                            320.00  382.01  -62.01 (VIOLATED)
m_1h[43]$_DFFE_PN0P_/RESETN           320.00  382.01  -62.01 (VIOLATED)
m_1h[27]$_DFFE_PN0P_/RESETN           320.00  381.99  -61.99 (VIOLATED)
_740492_/A                            320.00  381.98  -61.98 (VIOLATED)
_740550_/A                            320.00  381.98  -61.98 (VIOLATED)
m_1h[47]$_DFFE_PN0P_/RESETN           320.00  381.97  -61.97 (VIOLATED)
part_q[0][16]$_DFFE_PP_/QN            320.00  381.97  -61.97 (VIOLATED)
_740501_/A                            320.00  381.94  -61.94 (VIOLATED)
place87951/Y                          320.00  381.92  -61.92 (VIOLATED)
_742760_/A                            320.00  381.90  -61.90 (VIOLATED)
_740580_/A                            320.00  381.89  -61.89 (VIOLATED)
_743864_/A                            320.00  381.85  -61.85 (VIOLATED)
m_1h[16]$_DFFE_PN0P_/RESETN           320.00  381.83  -61.83 (VIOLATED)
_858093_/A                            320.00  381.80  -61.80 (VIOLATED)
_740620_/A                            320.00  381.76  -61.76 (VIOLATED)
m_1h[28]$_DFFE_PN0P_/RESETN           320.00  381.74  -61.74 (VIOLATED)
_743965_/A                            320.00  381.71  -61.71 (VIOLATED)
_740551_/A                            320.00  381.68  -61.68 (VIOLATED)
_740636_/A                            320.00  381.63  -61.63 (VIOLATED)
m_1h[0]$_DFFE_PN0P_/RESETN            320.00  381.62  -61.62 (VIOLATED)
_748939_/A                            320.00  381.62  -61.62 (VIOLATED)
_740616_/A                            320.00  381.58  -61.58 (VIOLATED)
_740592_/A                            320.00  381.55  -61.55 (VIOLATED)
place78724/A                          320.00  381.54  -61.54 (VIOLATED)
_744122_/B                            320.00  381.52  -61.52 (VIOLATED)
_743488_/A                            320.00  381.48  -61.48 (VIOLATED)
_748973_/A                            320.00  381.41  -61.41 (VIOLATED)
_740572_/A                            320.00  381.36  -61.36 (VIOLATED)
_743970_/A                            320.00  381.30  -61.30 (VIOLATED)
_742761_/A                            320.00  381.29  -61.29 (VIOLATED)
_745620_/B                            320.00  381.27  -61.27 (VIOLATED)
_740481_/A                            320.00  381.25  -61.25 (VIOLATED)
_764210_/A                            320.00  381.24  -61.24 (VIOLATED)
_700505_/A                            320.00  381.20  -61.20 (VIOLATED)
_742677_/A                            320.00  381.19  -61.19 (VIOLATED)
_740503_/A                            320.00  381.19  -61.19 (VIOLATED)
_740597_/A                            320.00  381.18  -61.18 (VIOLATED)
_741172_/B                            320.00  381.17  -61.17 (VIOLATED)
_739164_/B                            320.00  381.16  -61.16 (VIOLATED)
out_pix_data[159]$_DFFE_PN0P_/RESETN  320.00  381.14  -61.14 (VIOLATED)
m_1h[32]$_DFFE_PN0P_/RESETN           320.00  381.11  -61.11 (VIOLATED)
_740556_/A                            320.00  381.10  -61.10 (VIOLATED)
place78388/A                          320.00  381.03  -61.03 (VIOLATED)
_764633_/B                            320.00  381.01  -61.01 (VIOLATED)
_743844_/A                            320.00  381.01  -61.01 (VIOLATED)
_743909_/A                            320.00  380.99  -60.99 (VIOLATED)
_743877_/A                            320.00  380.99  -60.99 (VIOLATED)
_741408_/B                            320.00  380.98  -60.98 (VIOLATED)
_788029_/A                            320.00  380.89  -60.89 (VIOLATED)
place78623/A                          320.00  380.85  -60.85 (VIOLATED)
_743937_/B                            320.00  380.82  -60.82 (VIOLATED)
_743916_/A                            320.00  380.78  -60.78 (VIOLATED)
_740185_/B                            320.00  380.77  -60.77 (VIOLATED)
_768689_/A                            320.00  380.72  -60.72 (VIOLATED)
_743636_/A                            320.00  380.70  -60.70 (VIOLATED)
place78012/A                          320.00  380.69  -60.69 (VIOLATED)
oskid_d[26]$_DFFE_PN0P_/RESETN        320.00  380.67  -60.67 (VIOLATED)
_744064_/B                            320.00  380.66  -60.66 (VIOLATED)
_740060_/B                            320.00  380.65  -60.65 (VIOLATED)
hold112200/A                          320.00  380.62  -60.62 (VIOLATED)
in_data_q[27]$_DFFE_PN0P_/QN          320.00  380.60  -60.60 (VIOLATED)
_741411_/B                            320.00  380.59  -60.59 (VIOLATED)
m_1h[13]$_DFFE_PN0P_/RESETN           320.00  380.56  -60.56 (VIOLATED)
oskid_d[92]$_DFFE_PN0P_/RESETN        320.00  380.55  -60.55 (VIOLATED)
_746887_/A                            320.00  380.50  -60.50 (VIOLATED)
place78979/A                          320.00  380.50  -60.50 (VIOLATED)
_746900_/A                            320.00  380.47  -60.47 (VIOLATED)
_744143_/B                            320.00  380.39  -60.39 (VIOLATED)
part_q[66][12]$_DFFE_PP_/QN           320.00  380.38  -60.38 (VIOLATED)
oskid_d[158]$_DFFE_PN0P_/RESETN       320.00  380.33  -60.33 (VIOLATED)
_740600_/A                            320.00  380.28  -60.28 (VIOLATED)
_638196_/B                            320.00  380.28  -60.28 (VIOLATED)
wbank[3]$_DFFE_PN0P_/RESETN           320.00  380.26  -60.26 (VIOLATED)
_743440_/A                            320.00  380.26  -60.26 (VIOLATED)
_740603_/A                            320.00  380.26  -60.26 (VIOLATED)
ce_d1[18]$_DFFE_PN0P_/RESETN          320.00  380.22  -60.22 (VIOLATED)
_745438_/A                            320.00  380.22  -60.22 (VIOLATED)
wbank[0]$_DFFE_PN0P_/RESETN           320.00  380.22  -60.22 (VIOLATED)
_764211_/A1                           320.00  380.21  -60.21 (VIOLATED)
_745398_/A                            320.00  380.21  -60.21 (VIOLATED)
place78543/A                          320.00  380.20  -60.20 (VIOLATED)
_745400_/A                            320.00  380.18  -60.18 (VIOLATED)
_746886_/Y                            320.00  380.18  -60.18 (VIOLATED)
_742757_/A                            320.00  380.15  -60.15 (VIOLATED)
wbank[2]$_DFFE_PN0P_/RESETN           320.00  380.13  -60.13 (VIOLATED)
wbank[4]$_DFFE_PN0P_/RESETN           320.00  380.11  -60.11 (VIOLATED)
out_pix_data[145]$_DFFE_PN0P_/RESETN  320.00  380.09  -60.09 (VIOLATED)
_740548_/A                            320.00  380.08  -60.08 (VIOLATED)
_737315_/B                            320.00  380.08  -60.08 (VIOLATED)
wbank[1]$_DFFE_PN0P_/RESETN           320.00  380.07  -60.07 (VIOLATED)
_740604_/A                            320.00  380.05  -60.05 (VIOLATED)
part_q[30][12]$_DFFE_PP_/QN           320.00  379.97  -59.97 (VIOLATED)
_745416_/A                            320.00  379.96  -59.96 (VIOLATED)
_806128_/A                            320.00  379.95  -59.95 (VIOLATED)
_745409_/A                            320.00  379.94  -59.94 (VIOLATED)
_743343_/A                            320.00  379.91  -59.91 (VIOLATED)
_743446_/A                            320.00  379.89  -59.89 (VIOLATED)
oskid_d[112]$_DFFE_PN0P_/RESETN       320.00  379.87  -59.87 (VIOLATED)
_743325_/A                            320.00  379.82  -59.82 (VIOLATED)
_665988_/B                            320.00  379.75  -59.75 (VIOLATED)
_768924_/A                            320.00  379.74  -59.74 (VIOLATED)
_745440_/A                            320.00  379.73  -59.73 (VIOLATED)
_763592_/A                            320.00  379.73  -59.73 (VIOLATED)
_745436_/A                            320.00  379.72  -59.72 (VIOLATED)
oskid_d[91]$_DFFE_PN0P_/RESETN        320.00  379.68  -59.68 (VIOLATED)
_740618_/A                            320.00  379.68  -59.68 (VIOLATED)
_738845_/B                            320.00  379.65  -59.65 (VIOLATED)
_742461_/B                            320.00  379.62  -59.62 (VIOLATED)
_743631_/A                            320.00  379.56  -59.56 (VIOLATED)
out_pix_data[130]$_DFFE_PN0P_/RESETN  320.00  379.54  -59.54 (VIOLATED)
place78003/A                          320.00  379.46  -59.46 (VIOLATED)
wire18516/A                           320.00  379.46  -59.46 (VIOLATED)
place77905/A                          320.00  379.45  -59.45 (VIOLATED)
_744468_/A                            320.00  379.44  -59.44 (VIOLATED)
place76764/A                          320.00  379.43  -59.43 (VIOLATED)
_743491_/A                            320.00  379.43  -59.43 (VIOLATED)
_741797_/B                            320.00  379.42  -59.42 (VIOLATED)
place78783/A                          320.00  379.41  -59.41 (VIOLATED)
rdata_q[6567]$_DFFE_PP_/QN            320.00  379.38  -59.38 (VIOLATED)
_744467_/A                            320.00  379.37  -59.37 (VIOLATED)
_745234_/A                            320.00  379.32  -59.32 (VIOLATED)
_742756_/A                            320.00  379.30  -59.30 (VIOLATED)
_745233_/A                            320.00  379.24  -59.24 (VIOLATED)
m_1h[31]$_DFFE_PN0P_/RESETN           320.00  379.17  -59.17 (VIOLATED)
_745623_/B                            320.00  379.16  -59.16 (VIOLATED)
place78090/A                          320.00  379.15  -59.15 (VIOLATED)
ce_d2[18]$_DFFE_PN0P_/RESETN          320.00  379.13  -59.13 (VIOLATED)
place79045/A                          320.00  379.10  -59.10 (VIOLATED)
_677137_/B                            320.00  379.10  -59.10 (VIOLATED)
_744345_/B                            320.00  379.08  -59.08 (VIOLATED)
_745341_/B                            320.00  379.07  -59.07 (VIOLATED)
_740555_/A                            320.00  379.06  -59.06 (VIOLATED)
place78082/A                          320.00  379.04  -59.04 (VIOLATED)
_742675_/A                            320.00  379.01  -59.01 (VIOLATED)
oskid_d[90]$_DFFE_PN0P_/RESETN        320.00  379.01  -59.01 (VIOLATED)
_742405_/B                            320.00  378.99  -58.99 (VIOLATED)
out_pix_data[90]$_DFFE_PN0P_/RESETN   320.00  378.97  -58.97 (VIOLATED)
_737195_/A                            320.00  378.92  -58.92 (VIOLATED)
_744469_/A                            320.00  378.89  -58.89 (VIOLATED)
_744462_/A                            320.00  378.88  -58.88 (VIOLATED)
place78124/A                          320.00  378.88  -58.88 (VIOLATED)
_744464_/A                            320.00  378.80  -58.80 (VIOLATED)
_842504_/A                            320.00  378.75  -58.75 (VIOLATED)
oskid_d[157]$_DFFE_PN0P_/RESETN       320.00  378.72  -58.72 (VIOLATED)
_743848_/A                            320.00  378.70  -58.70 (VIOLATED)
in_data_q[81]$_DFFE_PN0P_/QN          320.00  378.69  -58.69 (VIOLATED)
_741613_/B                            320.00  378.68  -58.68 (VIOLATED)
_740505_/A                            320.00  378.68  -58.68 (VIOLATED)
_740628_/A                            320.00  378.67  -58.67 (VIOLATED)
in_data_q[87]$_DFFE_PN0P_/QN          320.00  378.66  -58.66 (VIOLATED)
_740341_/A                            320.00  378.62  -58.62 (VIOLATED)
_745419_/A                            320.00  378.61  -58.61 (VIOLATED)
_740339_/A                            320.00  378.61  -58.61 (VIOLATED)
_740385_/A                            320.00  378.60  -58.60 (VIOLATED)
_744275_/A                            320.00  378.56  -58.56 (VIOLATED)
_743474_/A                            320.00  378.55  -58.55 (VIOLATED)
_741974_/B                            320.00  378.46  -58.46 (VIOLATED)
_744460_/A                            320.00  378.37  -58.37 (VIOLATED)
place78730/A                          320.00  378.32  -58.32 (VIOLATED)
_747826_/A                            320.00  378.30  -58.30 (VIOLATED)
oskid_d[156]$_DFFE_PN0P_/RESETN       320.00  378.30  -58.30 (VIOLATED)
wbank[5]$_DFFE_PN0P_/RESETN           320.00  378.22  -58.22 (VIOLATED)
_745441_/A                            320.00  378.19  -58.19 (VIOLATED)
in_data_q[34]$_DFFE_PN0P_/QN          320.00  378.15  -58.15 (VIOLATED)
_835855_/CI                           320.00  378.14  -58.14 (VIOLATED)
_677140_/B                            320.00  378.11  -58.11 (VIOLATED)
_745397_/A                            320.00  378.11  -58.11 (VIOLATED)
m_1h[17]$_DFFE_PN0P_/RESETN           320.00  378.09  -58.09 (VIOLATED)
_743317_/A                            320.00  378.01  -58.01 (VIOLATED)
_743302_/A                            320.00  377.98  -57.98 (VIOLATED)
out_pix_data[91]$_DFFE_PN0P_/RESETN   320.00  377.95  -57.95 (VIOLATED)
oskid_d[115]$_DFFE_PN0P_/RESETN       320.00  377.90  -57.90 (VIOLATED)
oskid_d[110]$_DFFE_PN0P_/RESETN       320.00  377.89  -57.89 (VIOLATED)
_743915_/A                            320.00  377.88  -57.88 (VIOLATED)
place77656/A                          320.00  377.85  -57.85 (VIOLATED)
_762194_/B                            320.00  377.75  -57.75 (VIOLATED)
_741620_/B                            320.00  377.74  -57.74 (VIOLATED)
_762215_/B                            320.00  377.71  -57.71 (VIOLATED)
_745318_/A                            320.00  377.71  -57.71 (VIOLATED)
_745232_/A                            320.00  377.68  -57.68 (VIOLATED)
_762221_/B                            320.00  377.65  -57.65 (VIOLATED)
_740383_/A                            320.00  377.63  -57.63 (VIOLATED)
_745430_/A                            320.00  377.61  -57.61 (VIOLATED)
_762216_/B                            320.00  377.57  -57.57 (VIOLATED)
_743978_/A                            320.00  377.55  -57.55 (VIOLATED)
oskid_d[151]$_DFFE_PN0P_/RESETN       320.00  377.54  -57.54 (VIOLATED)
_762218_/B                            320.00  377.53  -57.53 (VIOLATED)
_762217_/B                            320.00  377.53  -57.53 (VIOLATED)
_745218_/A                            320.00  377.52  -57.52 (VIOLATED)
ce_d2[19]$_DFFE_PN0P_/RESETN          320.00  377.45  -57.45 (VIOLATED)
_740581_/A                            320.00  377.45  -57.45 (VIOLATED)
_743866_/A                            320.00  377.42  -57.42 (VIOLATED)
place87905/A                          320.00  377.42  -57.42 (VIOLATED)
_768338_/Y                            320.00  377.41  -57.41 (VIOLATED)
_745317_/A                            320.00  377.39  -57.39 (VIOLATED)
_740625_/A                            320.00  377.37  -57.37 (VIOLATED)
_762197_/B                            320.00  377.33  -57.33 (VIOLATED)
_745217_/A                            320.00  377.31  -57.31 (VIOLATED)
_745399_/A                            320.00  377.30  -57.30 (VIOLATED)
_745395_/A                            320.00  377.26  -57.26 (VIOLATED)
oskid_d[150]$_DFFE_PN0P_/RESETN       320.00  377.25  -57.25 (VIOLATED)
oskid_d[152]$_DFFE_PN0P_/RESETN       320.00  377.24  -57.24 (VIOLATED)
_762223_/B                            320.00  377.23  -57.23 (VIOLATED)
_737592_/B                            320.00  377.21  -57.21 (VIOLATED)
ce_d1[19]$_DFFE_PN0P_/RESETN          320.00  377.19  -57.19 (VIOLATED)
_766032_/A                            320.00  377.18  -57.18 (VIOLATED)
_743754_/A                            320.00  377.18  -57.18 (VIOLATED)
_742684_/A                            320.00  377.17  -57.17 (VIOLATED)
_738006_/A                            320.00  377.16  -57.16 (VIOLATED)
oskid_d[22]$_DFFE_PN0P_/RESETN        320.00  377.14  -57.14 (VIOLATED)
_768882_/A                            320.00  377.08  -57.08 (VIOLATED)
_739975_/A                            320.00  377.06  -57.06 (VIOLATED)
rdata_q[6747]$_DFFE_PP_/QN            320.00  377.06  -57.06 (VIOLATED)
_740718_/B                            320.00  377.03  -57.03 (VIOLATED)
_740594_/A                            320.00  376.99  -56.99 (VIOLATED)
_747893_/A                            320.00  376.95  -56.95 (VIOLATED)
rdata_q[7107]$_DFFE_PP_/QN            320.00  376.95  -56.95 (VIOLATED)
_740075_/A                            320.00  376.92  -56.92 (VIOLATED)
_740005_/A                            320.00  376.90  -56.90 (VIOLATED)
_745421_/A                            320.00  376.88  -56.88 (VIOLATED)
out_pix_data[23]$_DFFE_PN0P_/RESETN   320.00  376.86  -56.86 (VIOLATED)
_740122_/A                            320.00  376.81  -56.81 (VIOLATED)
_742636_/A                            320.00  376.78  -56.78 (VIOLATED)
_740012_/A                            320.00  376.77  -56.77 (VIOLATED)
_745427_/A                            320.00  376.76  -56.76 (VIOLATED)
_740509_/A                            320.00  376.76  -56.76 (VIOLATED)
_762219_/B                            320.00  376.72  -56.72 (VIOLATED)
_739785_/B                            320.00  376.72  -56.72 (VIOLATED)
_740655_/A                            320.00  376.69  -56.69 (VIOLATED)
_663203_/B                            320.00  376.64  -56.64 (VIOLATED)
_741504_/A                            320.00  376.61  -56.61 (VIOLATED)
_769373_/A                            320.00  376.60  -56.60 (VIOLATED)
m_ce[5]$_DFFE_PN0P_/RESETN            320.00  376.60  -56.60 (VIOLATED)
_639275_/A                            320.00  376.58  -56.58 (VIOLATED)
place78970/A                          320.00  376.56  -56.56 (VIOLATED)
_748642_/A                            320.00  376.54  -56.54 (VIOLATED)
_740721_/B                            320.00  376.53  -56.53 (VIOLATED)
_743292_/A                            320.00  376.52  -56.52 (VIOLATED)
_744465_/A                            320.00  376.50  -56.50 (VIOLATED)
_604163_/B                            320.00  376.50  -56.50 (VIOLATED)
_608985_/A                            320.00  376.49  -56.49 (VIOLATED)
_742614_/A                            320.00  376.41  -56.41 (VIOLATED)
out_pix_data[132]$_DFFE_PN0P_/RESETN  320.00  376.39  -56.39 (VIOLATED)
out_pix_data[134]$_DFFE_PN0P_/RESETN  320.00  376.38  -56.38 (VIOLATED)
place77194/A                          320.00  376.34  -56.34 (VIOLATED)
oskid_d[154]$_DFFE_PN0P_/RESETN       320.00  376.34  -56.34 (VIOLATED)
in_data_q[31]$_DFFE_PN0P_/RESETN      320.00  376.32  -56.32 (VIOLATED)
oskid_d[153]$_DFFE_PN0P_/RESETN       320.00  376.30  -56.30 (VIOLATED)
_788017_/A                            320.00  376.30  -56.30 (VIOLATED)
_742680_/A                            320.00  376.29  -56.29 (VIOLATED)
rdata_q[6562]$_DFFE_PP_/QN            320.00  376.26  -56.26 (VIOLATED)
_740078_/A                            320.00  376.21  -56.21 (VIOLATED)
oskid_d[155]$_DFFE_PN0P_/RESETN       320.00  376.19  -56.19 (VIOLATED)
out_pix_data[131]$_DFFE_PN0P_/RESETN  320.00  376.17  -56.17 (VIOLATED)
_740087_/A                            320.00  376.14  -56.14 (VIOLATED)
_743755_/A                            320.00  376.08  -56.08 (VIOLATED)
out_pix_data[97]$_DFFE_PN0P_/RESETN   320.00  376.08  -56.08 (VIOLATED)
_741505_/A                            320.00  376.07  -56.07 (VIOLATED)
_745220_/A                            320.00  376.00  -56.00 (VIOLATED)
_743820_/A                            320.00  376.00  -56.00 (VIOLATED)
_740384_/A                            320.00  375.98  -55.98 (VIOLATED)
rdata_q[2725]$_DFFE_PP_/QN            320.00  375.97  -55.97 (VIOLATED)
place77005/A                          320.00  375.93  -55.93 (VIOLATED)
rdata_q[7677]$_DFFE_PP_/QN            320.00  375.91  -55.91 (VIOLATED)
place78629/A                          320.00  375.89  -55.89 (VIOLATED)
_729967_/A                            320.00  375.86  -55.86 (VIOLATED)
in_data_q[41]$_DFFE_PN0P_/QN          320.00  375.86  -55.86 (VIOLATED)
_742682_/A                            320.00  375.85  -55.85 (VIOLATED)
in_data_q[15]$_DFFE_PN0P_/QN          320.00  375.84  -55.84 (VIOLATED)
_818287_/CI                           320.00  375.83  -55.83 (VIOLATED)
_769374_/A                            320.00  375.73  -55.73 (VIOLATED)
place87957/Y                          320.00  375.71  -55.71 (VIOLATED)
_742681_/A                            320.00  375.70  -55.70 (VIOLATED)
place76883/A                          320.00  375.67  -55.67 (VIOLATED)
_742678_/A                            320.00  375.66  -55.66 (VIOLATED)
_742635_/A                            320.00  375.65  -55.65 (VIOLATED)
_622221_/A                            320.00  375.61  -55.61 (VIOLATED)
_743919_/A                            320.00  375.59  -55.59 (VIOLATED)
a_sym[14][1]$_DFFE_PN0P_/QN           320.00  375.55  -55.55 (VIOLATED)
_742676_/A                            320.00  375.55  -55.55 (VIOLATED)
place76979/A                          320.00  375.50  -55.50 (VIOLATED)
_665979_/B                            320.00  375.46  -55.46 (VIOLATED)
_743344_/A                            320.00  375.39  -55.39 (VIOLATED)
_740613_/A                            320.00  375.32  -55.32 (VIOLATED)
_740512_/A                            320.00  375.24  -55.24 (VIOLATED)
_622222_/A                            320.00  375.16  -55.16 (VIOLATED)
out_pix_data[95]$_DFFE_PN0P_/RESETN   320.00  375.16  -55.16 (VIOLATED)
_744100_/B                            320.00  375.10  -55.10 (VIOLATED)
place77852/A                          320.00  375.10  -55.10 (VIOLATED)
_764674_/A                            320.00  375.07  -55.07 (VIOLATED)
_740023_/A                            320.00  375.01  -55.01 (VIOLATED)
_656736_/B                            320.00  375.01  -55.01 (VIOLATED)
_741506_/A                            320.00  374.98  -54.98 (VIOLATED)
place78448/A                          320.00  374.95  -54.95 (VIOLATED)
_741507_/A                            320.00  374.93  -54.93 (VIOLATED)
place79113/A                          320.00  374.92  -54.92 (VIOLATED)
_739997_/A                            320.00  374.91  -54.91 (VIOLATED)
_768657_/A                            320.00  374.91  -54.91 (VIOLATED)
_622223_/A                            320.00  374.83  -54.83 (VIOLATED)
_497324_/A                            320.00  374.82  -54.82 (VIOLATED)
_769002_/A                            320.00  374.76  -54.76 (VIOLATED)
place78841/A                          320.00  374.73  -54.73 (VIOLATED)
oskid_d[13]$_DFFE_PN0P_/RESETN        320.00  374.71  -54.71 (VIOLATED)
m_ce[30]$_DFFE_PN0P_/RESETN           320.00  374.70  -54.70 (VIOLATED)
_743752_/A                            320.00  374.68  -54.68 (VIOLATED)
place77912/A                          320.00  374.66  -54.66 (VIOLATED)
_737863_/A                            320.00  374.61  -54.61 (VIOLATED)
_737950_/A                            320.00  374.60  -54.60 (VIOLATED)
_740014_/A                            320.00  374.59  -54.59 (VIOLATED)
in_data_q[94]$_DFFE_PN0P_/QN          320.00  374.58  -54.58 (VIOLATED)
out_pix_data[92]$_DFFE_PN0P_/RESETN   320.00  374.50  -54.50 (VIOLATED)
_597604_/B                            320.00  374.48  -54.48 (VIOLATED)
_742321_/B                            320.00  374.47  -54.47 (VIOLATED)
_768878_/A                            320.00  374.44  -54.44 (VIOLATED)
part_q[40][6]$_DFFE_PP_/QN            320.00  374.44  -54.44 (VIOLATED)
_742437_/B                            320.00  374.39  -54.39 (VIOLATED)
out_pix_data[21]$_DFFE_PN0P_/RESETN   320.00  374.38  -54.38 (VIOLATED)
_740073_/A                            320.00  374.38  -54.38 (VIOLATED)
_743975_/A                            320.00  374.32  -54.32 (VIOLATED)
_745541_/B                            320.00  374.29  -54.29 (VIOLATED)
m_1h[5]$_DFFE_PN0P_/RESETN            320.00  374.26  -54.26 (VIOLATED)
_745405_/A                            320.00  374.22  -54.22 (VIOLATED)
_741443_/B                            320.00  374.22  -54.22 (VIOLATED)
rdata_q[2289]$_DFFE_PP_/QN            320.00  374.20  -54.20 (VIOLATED)
_740355_/A                            320.00  374.19  -54.19 (VIOLATED)
part_q[30][18]$_DFFE_PP_/QN           320.00  374.12  -54.12 (VIOLATED)
_622224_/A                            320.00  374.04  -54.04 (VIOLATED)
_728961_/B                            320.00  374.03  -54.03 (VIOLATED)
_639276_/A                            320.00  374.02  -54.02 (VIOLATED)
_762196_/B                            320.00  374.00  -54.00 (VIOLATED)
_762198_/B                            320.00  373.99  -53.99 (VIOLATED)
oskid_d[116]$_DFFE_PN0P_/RESETN       320.00  373.96  -53.96 (VIOLATED)
_739977_/A                            320.00  373.95  -53.95 (VIOLATED)
_742679_/A                            320.00  373.94  -53.94 (VIOLATED)
hold140028/A                          320.00  373.94  -53.94 (VIOLATED)
place87788/A                          320.00  373.92  -53.92 (VIOLATED)
in_data_q[152]$_DFFE_PN0P_/QN         320.00  373.91  -53.91 (VIOLATED)
_743473_/A                            320.00  373.87  -53.87 (VIOLATED)
_739981_/A                            320.00  373.82  -53.82 (VIOLATED)
_742750_/A                            320.00  373.82  -53.82 (VIOLATED)
_673221_/B                            320.00  373.79  -53.79 (VIOLATED)
_743753_/A                            320.00  373.79  -53.79 (VIOLATED)
out_pix_data[136]$_DFFE_PN0P_/RESETN  320.00  373.78  -53.78 (VIOLATED)
place78248/A                          320.00  373.77  -53.77 (VIOLATED)
_745272_/A                            320.00  373.76  -53.76 (VIOLATED)
_622230_/A                            320.00  373.75  -53.75 (VIOLATED)
_745239_/A                            320.00  373.73  -53.73 (VIOLATED)
place79179/A                          320.00  373.69  -53.69 (VIOLATED)
_742631_/A                            320.00  373.64  -53.64 (VIOLATED)
_745602_/B                            320.00  373.60  -53.60 (VIOLATED)
_806116_/CI                           320.00  373.60  -53.60 (VIOLATED)
_765414_/A1                           320.00  373.60  -53.60 (VIOLATED)
ce_d2[30]$_DFFE_PN0P_/RESETN          320.00  373.59  -53.59 (VIOLATED)
_768722_/A                            320.00  373.57  -53.57 (VIOLATED)
_764675_/A1                           320.00  373.56  -53.56 (VIOLATED)
_740622_/A                            320.00  373.55  -53.55 (VIOLATED)
_763583_/A                            320.00  373.53  -53.53 (VIOLATED)
_764678_/A                            320.00  373.53  -53.53 (VIOLATED)
_739787_/B                            320.00  373.42  -53.42 (VIOLATED)
part_q[63][16]$_DFFE_PP_/QN           320.00  373.41  -53.41 (VIOLATED)
_740599_/A                            320.00  373.40  -53.40 (VIOLATED)
in_data_q[32]$_DFFE_PN0P_/RESETN      320.00  373.40  -53.40 (VIOLATED)
ce_d1[30]$_DFFE_PN0P_/RESETN          320.00  373.40  -53.40 (VIOLATED)
_622229_/A                            320.00  373.38  -53.38 (VIOLATED)
_763584_/A1                           320.00  373.33  -53.33 (VIOLATED)
_766096_/A1                           320.00  373.29  -53.29 (VIOLATED)
_740121_/A                            320.00  373.23  -53.23 (VIOLATED)
_622228_/A                            320.00  373.22  -53.22 (VIOLATED)
_765817_/A                            320.00  373.18  -53.18 (VIOLATED)
_740074_/A                            320.00  373.16  -53.16 (VIOLATED)
_765818_/A1                           320.00  373.12  -53.12 (VIOLATED)
_745618_/B                            320.00  373.12  -53.12 (VIOLATED)
_737990_/A                            320.00  373.11  -53.11 (VIOLATED)
m_ce[32]$_DFFE_PN0P_/RESETN           320.00  373.09  -53.09 (VIOLATED)
_765484_/A1                           320.00  373.09  -53.09 (VIOLATED)
_742627_/A                            320.00  373.03  -53.03 (VIOLATED)
_765816_/A1                           320.00  373.03  -53.03 (VIOLATED)
_742624_/A                            320.00  372.96  -52.96 (VIOLATED)
_765815_/A                            320.00  372.93  -52.93 (VIOLATED)
_622227_/A                            320.00  372.92  -52.92 (VIOLATED)
_765411_/A1                           320.00  372.89  -52.89 (VIOLATED)
_765407_/A1                           320.00  372.88  -52.88 (VIOLATED)
_742622_/A                            320.00  372.85  -52.85 (VIOLATED)
_765774_/A1                           320.00  372.84  -52.84 (VIOLATED)
_765410_/A                            320.00  372.84  -52.84 (VIOLATED)
_741024_/B                            320.00  372.82  -52.82 (VIOLATED)
_480552_/A                            320.00  372.81  -52.81 (VIOLATED)
_763593_/A1                           320.00  372.81  -52.81 (VIOLATED)
_622225_/A                            320.00  372.80  -52.80 (VIOLATED)
_743905_/A                            320.00  372.80  -52.80 (VIOLATED)
_762195_/B                            320.00  372.77  -52.77 (VIOLATED)
out_pix_data[96]$_DFFE_PN0P_/RESETN   320.00  372.77  -52.77 (VIOLATED)
_765488_/A1                           320.00  372.76  -52.76 (VIOLATED)
_742752_/A                            320.00  372.75  -52.75 (VIOLATED)
_742625_/A                            320.00  372.71  -52.71 (VIOLATED)
_742645_/A                            320.00  372.67  -52.67 (VIOLATED)
_768691_/A                            320.00  372.64  -52.65 (VIOLATED)
_740080_/A                            320.00  372.64  -52.64 (VIOLATED)
_742626_/A                            320.00  372.63  -52.63 (VIOLATED)
_496863_/A1                           320.00  372.62  -52.62 (VIOLATED)
rdata_q[7356]$_DFFE_PP_/QN            320.00  372.62  -52.62 (VIOLATED)
_742659_/A                            320.00  372.54  -52.54 (VIOLATED)
_739958_/A                            320.00  372.54  -52.54 (VIOLATED)
_745718_/B                            320.00  372.52  -52.52 (VIOLATED)
_742660_/A                            320.00  372.52  -52.52 (VIOLATED)
_764724_/A                            320.00  372.50  -52.50 (VIOLATED)
_764725_/A1                           320.00  372.48  -52.48 (VIOLATED)
_765813_/A1                           320.00  372.42  -52.42 (VIOLATED)
_742655_/A                            320.00  372.42  -52.42 (VIOLATED)
_742643_/A                            320.00  372.39  -52.39 (VIOLATED)
_742598_/A                            320.00  372.35  -52.35 (VIOLATED)
_742628_/A                            320.00  372.34  -52.34 (VIOLATED)
_765812_/A                            320.00  372.30  -52.30 (VIOLATED)
_745412_/A                            320.00  372.29  -52.29 (VIOLATED)
place77651/A                          320.00  372.28  -52.28 (VIOLATED)
_764633_/A                            320.00  372.27  -52.27 (VIOLATED)
_764770_/A                            320.00  372.25  -52.25 (VIOLATED)
_654043_/B                            320.00  372.23  -52.23 (VIOLATED)
_596505_/B                            320.00  372.23  -52.23 (VIOLATED)
_740118_/A                            320.00  372.22  -52.22 (VIOLATED)
_743489_/A                            320.00  372.20  -52.20 (VIOLATED)
_639279_/A                            320.00  372.19  -52.19 (VIOLATED)
_742144_/B                            320.00  372.15  -52.15 (VIOLATED)
_769074_/Y                            320.00  372.12  -52.12 (VIOLATED)
_739955_/A                            320.00  372.11  -52.11 (VIOLATED)
_763284_/A1                           320.00  372.08  -52.08 (VIOLATED)
_764108_/C                            320.00  372.03  -52.03 (VIOLATED)
_739968_/A                            320.00  372.02  -52.02 (VIOLATED)
m_ce[33]$_DFFE_PN0P_/RESETN           320.00  372.01  -52.01 (VIOLATED)
_740123_/A                            320.00  372.01  -52.01 (VIOLATED)
_763573_/A1                           320.00  371.92  -51.92 (VIOLATED)
_769476_/Y                            320.00  371.92  -51.92 (VIOLATED)
_480215_/A                            320.00  371.89  -51.89 (VIOLATED)
_739973_/A                            320.00  371.89  -51.89 (VIOLATED)
_622226_/A                            320.00  371.86  -51.86 (VIOLATED)
_742604_/A                            320.00  371.86  -51.86 (VIOLATED)
_608986_/A                            320.00  371.84  -51.84 (VIOLATED)
place77190/A                          320.00  371.80  -51.80 (VIOLATED)
_742638_/A                            320.00  371.78  -51.78 (VIOLATED)
_742639_/A                            320.00  371.76  -51.76 (VIOLATED)
_739455_/B                            320.00  371.76  -51.76 (VIOLATED)
_743326_/A                            320.00  371.75  -51.75 (VIOLATED)
_523070_/A                            320.00  371.73  -51.73 (VIOLATED)
_482329_/A                            320.00  371.73  -51.73 (VIOLATED)
_764415_/A1                           320.00  371.69  -51.69 (VIOLATED)
m_1h[18]$_DFFE_PN0P_/RESETN           320.00  371.68  -51.68 (VIOLATED)
_742621_/A                            320.00  371.67  -51.67 (VIOLATED)
m_1h[35]$_DFFE_PN0P_/RESETN           320.00  371.66  -51.66 (VIOLATED)
_742640_/A                            320.00  371.63  -51.63 (VIOLATED)
m_1h[48]$_DFFE_PN0P_/RESETN           320.00  371.62  -51.62 (VIOLATED)
m_1h[15]$_DFFE_PN0P_/RESETN           320.00  371.60  -51.60 (VIOLATED)
_763572_/A                            320.00  371.59  -51.59 (VIOLATED)
oskid_d[111]$_DFFE_PN0P_/RESETN       320.00  371.56  -51.56 (VIOLATED)
_738571_/B                            320.00  371.54  -51.54 (VIOLATED)
_764417_/A1                           320.00  371.53  -51.53 (VIOLATED)
_745402_/A                            320.00  371.50  -51.50 (VIOLATED)
place78078/A                          320.00  371.50  -51.50 (VIOLATED)
_751764_/B                            320.00  371.49  -51.49 (VIOLATED)
_806123_/A                            320.00  371.49  -51.49 (VIOLATED)
_739970_/A                            320.00  371.47  -51.47 (VIOLATED)
place79289/A                          320.00  371.46  -51.46 (VIOLATED)
_713509_/B                            320.00  371.46  -51.46 (VIOLATED)
_745950_/B                            320.00  371.45  -51.45 (VIOLATED)
place87950/Y                          320.00  371.45  -51.45 (VIOLATED)
_482427_/A                            320.00  371.40  -51.40 (VIOLATED)
_740083_/A                            320.00  371.36  -51.36 (VIOLATED)
_766336_/C                            320.00  371.36  -51.36 (VIOLATED)
_743826_/A                            320.00  371.32  -51.32 (VIOLATED)
_763773_/C                            320.00  371.28  -51.28 (VIOLATED)
_765822_/A1                           320.00  371.27  -51.27 (VIOLATED)
place79021/A                          320.00  371.26  -51.26 (VIOLATED)
_740077_/A                            320.00  371.26  -51.26 (VIOLATED)
_739834_/B                            320.00  371.25  -51.25 (VIOLATED)
_737933_/A                            320.00  371.23  -51.23 (VIOLATED)
_742623_/A                            320.00  371.21  -51.21 (VIOLATED)
_742634_/A                            320.00  371.17  -51.17 (VIOLATED)
_737940_/A                            320.00  371.17  -51.17 (VIOLATED)
place79670/A                          320.00  371.16  -51.16 (VIOLATED)
_742649_/A                            320.00  371.15  -51.15 (VIOLATED)
_787951_/B                            320.00  371.14  -51.14 (VIOLATED)
_764441_/A1                           320.00  371.13  -51.13 (VIOLATED)
out_pix_data[27]$_DFFE_PN0P_/RESETN   320.00  371.12  -51.12 (VIOLATED)
_748448_/B                            320.00  371.10  -51.10 (VIOLATED)
_742662_/A                            320.00  371.09  -51.09 (VIOLATED)
_764439_/A1                           320.00  371.09  -51.09 (VIOLATED)
_742683_/A                            320.00  371.06  -51.06 (VIOLATED)
_737951_/A                            320.00  371.06  -51.06 (VIOLATED)
_737949_/A                            320.00  370.95  -50.95 (VIOLATED)
_764432_/A1                           320.00  370.92  -50.92 (VIOLATED)
_764434_/A1                           320.00  370.91  -50.91 (VIOLATED)
_742661_/A                            320.00  370.90  -50.90 (VIOLATED)
_763770_/C                            320.00  370.90  -50.90 (VIOLATED)
_737845_/A                            320.00  370.89  -50.89 (VIOLATED)
_745877_/B                            320.00  370.88  -50.88 (VIOLATED)
_744487_/A                            320.00  370.83  -50.83 (VIOLATED)
_740525_/A                            320.00  370.82  -50.82 (VIOLATED)
out_pix_data[28]$_DFFE_PN0P_/RESETN   320.00  370.79  -50.79 (VIOLATED)
_740643_/A                            320.00  370.76  -50.76 (VIOLATED)
_764111_/C                            320.00  370.76  -50.76 (VIOLATED)
_763290_/C                            320.00  370.75  -50.75 (VIOLATED)
_768837_/A                            320.00  370.74  -50.74 (VIOLATED)
_748203_/A                            320.00  370.74  -50.74 (VIOLATED)
_748185_/A                            320.00  370.73  -50.73 (VIOLATED)
_740354_/A                            320.00  370.71  -50.71 (VIOLATED)
_763273_/C                            320.00  370.70  -50.70 (VIOLATED)
_742606_/A                            320.00  370.68  -50.68 (VIOLATED)
_742605_/A                            320.00  370.67  -50.67 (VIOLATED)
_768660_/Y                            320.00  370.65  -50.65 (VIOLATED)
_765821_/A                            320.00  370.65  -50.65 (VIOLATED)
_763753_/C                            320.00  370.63  -50.63 (VIOLATED)
_745411_/A                            320.00  370.57  -50.57 (VIOLATED)
_762201_/B                            320.00  370.56  -50.56 (VIOLATED)
_745252_/A                            320.00  370.50  -50.50 (VIOLATED)
_748978_/A                            320.00  370.43  -50.43 (VIOLATED)
_745319_/A                            320.00  370.42  -50.42 (VIOLATED)
_750789_/A                            320.00  370.42  -50.42 (VIOLATED)
_748937_/A                            320.00  370.41  -50.41 (VIOLATED)
_764122_/C                            320.00  370.41  -50.41 (VIOLATED)
_745241_/A                            320.00  370.39  -50.39 (VIOLATED)
_745425_/A                            320.00  370.38  -50.38 (VIOLATED)
_766339_/C                            320.00  370.37  -50.37 (VIOLATED)
rdata_q[6776]$_DFFE_PP_/QN            320.00  370.34  -50.34 (VIOLATED)
_745276_/A                            320.00  370.32  -50.32 (VIOLATED)
_479158_/A                            320.00  370.31  -50.31 (VIOLATED)
_742607_/A                            320.00  370.25  -50.25 (VIOLATED)
_763425_/A                            320.00  370.24  -50.24 (VIOLATED)
in_data_q[60]$_DFFE_PN0P_/RESETN      320.00  370.24  -50.24 (VIOLATED)
place78026/A                          320.00  370.21  -50.21 (VIOLATED)
_764119_/C                            320.00  370.20  -50.20 (VIOLATED)
_841525_/CI                           320.00  370.19  -50.19 (VIOLATED)
_740041_/A                            320.00  370.15  -50.15 (VIOLATED)
_742656_/A                            320.00  370.11  -50.11 (VIOLATED)
_745262_/A                            320.00  370.10  -50.10 (VIOLATED)
_742688_/A                            320.00  370.10  -50.10 (VIOLATED)
place79442/A                          320.00  370.05  -50.05 (VIOLATED)
rdata_q[3194]$_DFFE_PP_/QN            320.00  370.03  -50.03 (VIOLATED)
place78092/A                          320.00  370.01  -50.01 (VIOLATED)
_740067_/A                            320.00  369.99  -49.99 (VIOLATED)
out_pix_data[29]$_DFFE_PN0P_/RESETN   320.00  369.98  -49.98 (VIOLATED)
_745265_/A                            320.00  369.93  -49.93 (VIOLATED)
_745283_/A                            320.00  369.89  -49.89 (VIOLATED)
_736792_/B                            320.00  369.87  -49.87 (VIOLATED)
_742654_/A                            320.00  369.87  -49.87 (VIOLATED)
_737945_/A                            320.00  369.86  -49.86 (VIOLATED)
place84065/A                          320.00  369.79  -49.79 (VIOLATED)
_743296_/A                            320.00  369.78  -49.78 (VIOLATED)
out_pix_data[20]$_DFFE_PN0P_/RESETN   320.00  369.75  -49.75 (VIOLATED)
_764742_/A1                           320.00  369.74  -49.74 (VIOLATED)
out_pix_data[26]$_DFFE_PN0P_/RESETN   320.00  369.73  -49.73 (VIOLATED)
_764741_/A                            320.00  369.72  -49.72 (VIOLATED)
_740115_/A                            320.00  369.71  -49.72 (VIOLATED)
_745254_/A                            320.00  369.70  -49.70 (VIOLATED)
_745838_/B                            320.00  369.69  -49.69 (VIOLATED)
_740071_/A                            320.00  369.67  -49.67 (VIOLATED)
_752292_/A                            320.00  369.64  -49.64 (VIOLATED)
_740068_/A                            320.00  369.60  -49.60 (VIOLATED)
_745617_/B                            320.00  369.60  -49.60 (VIOLATED)
in_data_q[47]$_DFFE_PN0P_/RESETN      320.00  369.60  -49.60 (VIOLATED)
_740065_/A                            320.00  369.58  -49.58 (VIOLATED)
_768224_/A                            320.00  369.54  -49.54 (VIOLATED)
out_pix_data[13]$_DFFE_PN0P_/RESETN   320.00  369.53  -49.53 (VIOLATED)
_682761_/B                            320.00  369.49  -49.49 (VIOLATED)
_742617_/A                            320.00  369.40  -49.40 (VIOLATED)
_740039_/A                            320.00  369.38  -49.38 (VIOLATED)
_763762_/A1                           320.00  369.36  -49.36 (VIOLATED)
_748184_/Y                            320.00  369.36  -49.36 (VIOLATED)
_740066_/A                            320.00  369.35  -49.35 (VIOLATED)
_740124_/A                            320.00  369.34  -49.34 (VIOLATED)
_695597_/A                            320.00  369.34  -49.34 (VIOLATED)
place78525/A                          320.00  369.32  -49.32 (VIOLATED)
_744490_/A                            320.00  369.30  -49.30 (VIOLATED)
place79050/A                          320.00  369.29  -49.29 (VIOLATED)
_736668_/A                            320.00  369.28  -49.28 (VIOLATED)
_740064_/A                            320.00  369.28  -49.28 (VIOLATED)
_739951_/A                            320.00  369.27  -49.27 (VIOLATED)
_479312_/A                            320.00  369.27  -49.27 (VIOLATED)
_744486_/A                            320.00  369.25  -49.25 (VIOLATED)
rdata_q[6564]$_DFFE_PP_/QN            320.00  369.25  -49.25 (VIOLATED)
_738009_/A                            320.00  369.19  -49.19 (VIOLATED)
_740022_/A                            320.00  369.18  -49.18 (VIOLATED)
in_data_q[49]$_DFFE_PN0P_/QN          320.00  369.17  -49.17 (VIOLATED)
_744489_/A                            320.00  369.17  -49.17 (VIOLATED)
_743744_/A                            320.00  369.15  -49.15 (VIOLATED)
_742600_/A                            320.00  369.13  -49.13 (VIOLATED)
_742603_/A                            320.00  369.12  -49.12 (VIOLATED)
_742673_/A                            320.00  369.11  -49.11 (VIOLATED)
place87787/A                          320.00  369.03  -49.03 (VIOLATED)
rdata_q[6408]$_DFFE_PP_/QN            320.00  369.02  -49.02 (VIOLATED)
place76388/A                          320.00  369.00  -49.00 (VIOLATED)
_762200_/B                            320.00  369.00  -49.00 (VIOLATED)
_742609_/A                            320.00  368.99  -48.99 (VIOLATED)
_639277_/A                            320.00  368.98  -48.98 (VIOLATED)
_742672_/A                            320.00  368.97  -48.97 (VIOLATED)
_742657_/A                            320.00  368.95  -48.95 (VIOLATED)
_832836_/A                            320.00  368.92  -48.92 (VIOLATED)
_740117_/A                            320.00  368.82  -48.82 (VIOLATED)
_742599_/A                            320.00  368.81  -48.81 (VIOLATED)
_768835_/A                            320.00  368.79  -48.79 (VIOLATED)
out_pix_data[140]$_DFFE_PN0P_/RESETN  320.00  368.77  -48.77 (VIOLATED)
_740578_/A                            320.00  368.76  -48.76 (VIOLATED)
out_pix_data[98]$_DFFE_PN0P_/RESETN   320.00  368.65  -48.65 (VIOLATED)
_764220_/A                            320.00  368.65  -48.65 (VIOLATED)
place84064/A                          320.00  368.64  -48.64 (VIOLATED)
_739141_/B                            320.00  368.62  -48.62 (VIOLATED)
_764221_/A1                           320.00  368.62  -48.62 (VIOLATED)
_608987_/A                            320.00  368.61  -48.61 (VIOLATED)
_479453_/A                            320.00  368.59  -48.59 (VIOLATED)
_763478_/A1                           320.00  368.57  -48.57 (VIOLATED)
rdata_q[901]$_DFFE_PP_/QN             320.00  368.57  -48.57 (VIOLATED)
place77781/A                          320.00  368.56  -48.56 (VIOLATED)
_763266_/C                            320.00  368.55  -48.55 (VIOLATED)
oskid_d[98]$_DFFE_PN0P_/RESETN        320.00  368.52  -48.52 (VIOLATED)
place78468/A                          320.00  368.50  -48.50 (VIOLATED)
_743308_/A                            320.00  368.47  -48.47 (VIOLATED)
_742671_/A                            320.00  368.46  -48.46 (VIOLATED)
oskid_d[93]$_DFFE_PN0P_/RESETN        320.00  368.45  -48.45 (VIOLATED)
_742618_/A                            320.00  368.43  -48.43 (VIOLATED)
_763477_/A                            320.00  368.41  -48.41 (VIOLATED)
out_pix_data[18]$_DFFE_PN0P_/RESETN   320.00  368.40  -48.40 (VIOLATED)
_763481_/A1                           320.00  368.33  -48.33 (VIOLATED)
_763480_/A                            320.00  368.31  -48.31 (VIOLATED)
_482507_/A                            320.00  368.31  -48.31 (VIOLATED)
rdata_q[6404]$_DFFE_PP_/QN            320.00  368.30  -48.30 (VIOLATED)
_765449_/C                            320.00  368.29  -48.29 (VIOLATED)
place79072/A                          320.00  368.21  -48.21 (VIOLATED)
_743968_/A                            320.00  368.16  -48.16 (VIOLATED)
_742653_/A                            320.00  368.13  -48.13 (VIOLATED)
_740651_/A                            320.00  368.12  -48.12 (VIOLATED)
part_q[28][15]$_DFFE_PP_/QN           320.00  368.08  -48.08 (VIOLATED)
rdata_q[7779]$_DFFE_PP_/QN            320.00  368.08  -48.08 (VIOLATED)
_762199_/B                            320.00  368.08  -48.08 (VIOLATED)
in_data_q[65]$_DFFE_PN0P_/RESETN      320.00  368.04  -48.04 (VIOLATED)
_743471_/A                            320.00  368.04  -48.04 (VIOLATED)
in_data_q[77]$_DFFE_PN0P_/RESETN      320.00  368.03  -48.03 (VIOLATED)
_745414_/A                            320.00  368.01  -48.01 (VIOLATED)
_479302_/Y                            320.00  368.00  -48.00 (VIOLATED)
in_data_q[28]$_DFFE_PN0P_/RESETN      320.00  367.99  -47.99 (VIOLATED)
_744144_/B                            320.00  367.98  -47.98 (VIOLATED)
_762193_/B                            320.00  367.97  -47.97 (VIOLATED)
_739979_/A                            320.00  367.95  -47.95 (VIOLATED)
_739456_/B                            320.00  367.90  -47.90 (VIOLATED)
_763484_/A                            320.00  367.89  -47.89 (VIOLATED)
_788071_/ENA                          320.00  367.88  -47.88 (VIOLATED)
_745413_/A                            320.00  367.87  -47.87 (VIOLATED)
_740353_/A                            320.00  367.85  -47.85 (VIOLATED)
_741606_/B                            320.00  367.82  -47.82 (VIOLATED)
_763485_/A1                           320.00  367.80  -47.80 (VIOLATED)
part_q[5][13]$_DFFE_PP_/QN            320.00  367.79  -47.79 (VIOLATED)
in_data_q[148]$_DFFE_PN0P_/RESETN     320.00  367.76  -47.76 (VIOLATED)
_740386_/A                            320.00  367.74  -47.74 (VIOLATED)
_764226_/A                            320.00  367.72  -47.72 (VIOLATED)
place76463/A                          320.00  367.69  -47.69 (VIOLATED)
_764227_/A1                           320.00  367.69  -47.69 (VIOLATED)
in_data_q[20]$_DFFE_PN0P_/RESETN      320.00  367.66  -47.66 (VIOLATED)
place77782/A                          320.00  367.63  -47.63 (VIOLATED)
_742601_/A                            320.00  367.54  -47.54 (VIOLATED)
place79056/A                          320.00  367.50  -47.50 (VIOLATED)
_764698_/A                            320.00  367.49  -47.49 (VIOLATED)
_742658_/A                            320.00  367.43  -47.43 (VIOLATED)
place77068/A                          320.00  367.42  -47.42 (VIOLATED)
_745951_/B                            320.00  367.40  -47.40 (VIOLATED)
_764701_/A                            320.00  367.40  -47.40 (VIOLATED)
_740387_/A                            320.00  367.39  -47.39 (VIOLATED)
_748432_/B                            320.00  367.37  -47.37 (VIOLATED)
_764225_/A1                           320.00  367.31  -47.31 (VIOLATED)
_764649_/B                            320.00  367.30  -47.30 (VIOLATED)
_764224_/A                            320.00  367.27  -47.27 (VIOLATED)
_764783_/B1                           320.00  367.25  -47.25 (VIOLATED)
place79268/A                          320.00  367.24  -47.24 (VIOLATED)
_764772_/B                            320.00  367.20  -47.20 (VIOLATED)
_743742_/A                            320.00  367.19  -47.19 (VIOLATED)
place79333/A                          320.00  367.17  -47.17 (VIOLATED)
_739776_/B                            320.00  367.16  -47.16 (VIOLATED)
_742633_/A                            320.00  367.13  -47.13 (VIOLATED)
_744146_/B                            320.00  367.10  -47.10 (VIOLATED)
_764663_/B                            320.00  367.09  -47.09 (VIOLATED)
_743750_/A                            320.00  367.09  -47.09 (VIOLATED)
_766062_/A                            320.00  367.06  -47.06 (VIOLATED)
rdata_q[5819]$_DFFE_PP_/QN            320.00  367.02  -47.02 (VIOLATED)
_745291_/A                            320.00  367.00  -47.00 (VIOLATED)
_787953_/A1                           320.00  366.96  -46.96 (VIOLATED)
_787954_/A1                           320.00  366.96  -46.96 (VIOLATED)
oskid_d[17]$_DFFE_PN0P_/RESETN        320.00  366.95  -46.95 (VIOLATED)
oskid_d[119]$_DFFE_PN0P_/RESETN       320.00  366.95  -46.95 (VIOLATED)
_742602_/A                            320.00  366.95  -46.95 (VIOLATED)
out_pix_data[14]$_DFFE_PN0P_/RESETN   320.00  366.93  -46.93 (VIOLATED)
oskid_d[118]$_DFFE_PN0P_/RESETN       320.00  366.93  -46.93 (VIOLATED)
_763419_/A1                           320.00  366.91  -46.91 (VIOLATED)
_763418_/A                            320.00  366.88  -46.88 (VIOLATED)
_764781_/A1                           320.00  366.88  -46.88 (VIOLATED)
hold126925/A                          320.00  366.85  -46.85 (VIOLATED)
_788001_/A                            320.00  366.84  -46.84 (VIOLATED)
_740598_/B                            320.00  366.83  -46.83 (VIOLATED)
_764669_/A2                           320.00  366.82  -46.82 (VIOLATED)
_763416_/A1                           320.00  366.80  -46.80 (VIOLATED)
oskid_d[99]$_DFFE_PN0P_/RESETN        320.00  366.79  -46.79 (VIOLATED)
_740499_/A                            320.00  366.78  -46.78 (VIOLATED)
_763415_/A                            320.00  366.78  -46.78 (VIOLATED)
oskid_d[94]$_DFFE_PN0P_/RESETN        320.00  366.77  -46.77 (VIOLATED)
_764677_/B                            320.00  366.76  -46.76 (VIOLATED)
oskid_d[18]$_DFFE_PN0P_/RESETN        320.00  366.74  -46.74 (VIOLATED)
out_pix_data[99]$_DFFE_PN0P_/RESETN   320.00  366.74  -46.74 (VIOLATED)
oskid_d[19]$_DFFE_PN0P_/RESETN        320.00  366.73  -46.73 (VIOLATED)
oskid_d[14]$_DFFE_PN0P_/RESETN        320.00  366.72  -46.72 (VIOLATED)
out_pix_data[93]$_DFFE_PN0P_/RESETN   320.00  366.71  -46.71 (VIOLATED)
oskid_d[15]$_DFFE_PN0P_/RESETN        320.00  366.70  -46.70 (VIOLATED)
_745408_/A                            320.00  366.69  -46.69 (VIOLATED)
_764676_/A2                           320.00  366.68  -46.68 (VIOLATED)
_766063_/A1                           320.00  366.68  -46.68 (VIOLATED)
oskid_d[16]$_DFFE_PN0P_/RESETN        320.00  366.66  -46.66 (VIOLATED)
_764709_/B2                           320.00  366.65  -46.65 (VIOLATED)
_743833_/A                            320.00  366.64  -46.64 (VIOLATED)
place77778/A                          320.00  366.64  -46.64 (VIOLATED)
_745407_/A                            320.00  366.63  -46.63 (VIOLATED)
_764707_/B2                           320.00  366.63  -46.63 (VIOLATED)
place78859/A                          320.00  366.62  -46.62 (VIOLATED)
_765473_/A1                           320.00  366.56  -46.56 (VIOLATED)
_765797_/A1                           320.00  366.53  -46.53 (VIOLATED)
_768368_/Y                            320.00  366.52  -46.52 (VIOLATED)
out_pix_data[94]$_DFFE_PN0P_/RESETN   320.00  366.52  -46.52 (VIOLATED)
_762192_/B                            320.00  366.51  -46.51 (VIOLATED)
_766053_/A                            320.00  366.51  -46.51 (VIOLATED)
_766054_/A1                           320.00  366.50  -46.50 (VIOLATED)
_743743_/A                            320.00  366.49  -46.49 (VIOLATED)
_745417_/A                            320.00  366.48  -46.48 (VIOLATED)
rdata_q[1742]$_DFFE_PP_/QN            320.00  366.47  -46.47 (VIOLATED)
in_data_q[151]$_DFFE_PN0P_/QN         320.00  366.45  -46.45 (VIOLATED)
_764176_/A1                           320.00  366.43  -46.43 (VIOLATED)
_677284_/B                            320.00  366.39  -46.39 (VIOLATED)
_763488_/A                            320.00  366.38  -46.38 (VIOLATED)
_765791_/A1                           320.00  366.31  -46.31 (VIOLATED)
_765453_/A                            320.00  366.31  -46.31 (VIOLATED)
_764718_/C                            320.00  366.31  -46.31 (VIOLATED)
_764705_/C                            320.00  366.31  -46.31 (VIOLATED)
_764795_/A2                           320.00  366.30  -46.30 (VIOLATED)
out_pix_data[15]$_DFFE_PN0P_/RESETN   320.00  366.30  -46.30 (VIOLATED)
_764851_/A2                           320.00  366.25  -46.25 (VIOLATED)
place78609/A                          320.00  366.23  -46.23 (VIOLATED)
_764857_/B2                           320.00  366.22  -46.22 (VIOLATED)
_764856_/A2                           320.00  366.20  -46.20 (VIOLATED)
in_data_q[79]$_DFFE_PN0P_/RESETN      320.00  366.19  -46.19 (VIOLATED)
out_pix_data[48]$_DFFE_PN0P_/RESETN   320.00  366.18  -46.18 (VIOLATED)
out_pix_data[19]$_DFFE_PN0P_/RESETN   320.00  366.16  -46.16 (VIOLATED)
_764559_/B                            320.00  366.16  -46.16 (VIOLATED)
_743936_/B                            320.00  366.16  -46.16 (VIOLATED)
_768089_/Y                            320.00  366.16  -46.16 (VIOLATED)
_745406_/A                            320.00  366.15  -46.15 (VIOLATED)
_696534_/B                            320.00  366.13  -46.13 (VIOLATED)
_764175_/A                            320.00  366.11  -46.11 (VIOLATED)
_764557_/Y                            320.00  366.10  -46.10 (VIOLATED)
_635112_/B                            320.00  366.08  -46.08 (VIOLATED)
_763489_/A1                           320.00  366.08  -46.08 (VIOLATED)
out_pix_data[49]$_DFFE_PN0P_/RESETN   320.00  366.07  -46.07 (VIOLATED)
_764173_/A1                           320.00  366.06  -46.06 (VIOLATED)
_639278_/A                            320.00  366.05  -46.05 (VIOLATED)
_749311_/A                            320.00  366.02  -46.02 (VIOLATED)
_677134_/B                            320.00  366.00  -46.00 (VIOLATED)
_766049_/C                            320.00  365.99  -45.99 (VIOLATED)
_738692_/B                            320.00  365.96  -45.96 (VIOLATED)
out_pix_data[16]$_DFFE_PN0P_/RESETN   320.00  365.95  -45.95 (VIOLATED)
_769303_/A                            320.00  365.93  -45.93 (VIOLATED)
_749337_/A                            320.00  365.91  -45.91 (VIOLATED)
_787910_/A                            320.00  365.89  -45.89 (VIOLATED)
_787911_/A1                           320.00  365.86  -45.86 (VIOLATED)
_743741_/A                            320.00  365.81  -45.81 (VIOLATED)
_787909_/A1                           320.00  365.81  -45.81 (VIOLATED)
_764178_/A                            320.00  365.81  -45.81 (VIOLATED)
m_1h[12]$_DFFE_PN0P_/QN               320.00  365.80  -45.80 (VIOLATED)
_746528_/B                            320.00  365.80  -45.80 (VIOLATED)
place64510/A                          320.00  365.78  -45.78 (VIOLATED)
_787908_/A                            320.00  365.72  -45.72 (VIOLATED)
_745643_/B                            320.00  365.71  -45.71 (VIOLATED)
rdata_q[6828]$_DFFE_PP_/QN            320.00  365.71  -45.71 (VIOLATED)
_764172_/A                            320.00  365.71  -45.71 (VIOLATED)
out_pix_data[119]$_DFFE_PN0P_/RESETN  320.00  365.68  -45.68 (VIOLATED)
_749167_/A                            320.00  365.67  -45.67 (VIOLATED)
_479626_/A                            320.00  365.65  -45.65 (VIOLATED)
_740630_/A                            320.00  365.61  -45.61 (VIOLATED)
oskid_d[1]$_DFFE_PN0P_/RESETN         320.00  365.57  -45.57 (VIOLATED)
oskid_d[4]$_DFFE_PN0P_/RESETN         320.00  365.52  -45.52 (VIOLATED)
hold112499/A                          320.00  365.52  -45.52 (VIOLATED)
_685545_/B                            320.00  365.50  -45.50 (VIOLATED)
in_data_q[29]$_DFFE_PN0P_/QN          320.00  365.47  -45.47 (VIOLATED)
_764718_/B                            320.00  365.45  -45.45 (VIOLATED)
_743299_/A                            320.00  365.42  -45.42 (VIOLATED)
_768839_/A                            320.00  365.40  -45.40 (VIOLATED)
_737936_/A                            320.00  365.37  -45.37 (VIOLATED)
_740364_/B                            320.00  365.36  -45.36 (VIOLATED)
_743476_/A                            320.00  365.29  -45.29 (VIOLATED)
_762182_/A                            320.00  365.29  -45.29 (VIOLATED)
rdata_q[6702]$_DFFE_PP_/QN            320.00  365.28  -45.28 (VIOLATED)
wire18524/A                           320.00  365.27  -45.27 (VIOLATED)
_707472_/B                            320.00  365.24  -45.24 (VIOLATED)
rdata_q[5342]$_DFFE_PP_/QN            320.00  365.19  -45.19 (VIOLATED)
_768365_/A                            320.00  365.10  -45.10 (VIOLATED)
_764179_/A1                           320.00  365.08  -45.08 (VIOLATED)
_742668_/A                            320.00  365.07  -45.07 (VIOLATED)
_656739_/B                            320.00  365.00  -45.00 (VIOLATED)
place78122/A                          320.00  364.98  -44.98 (VIOLATED)
_765509_/C                            320.00  364.93  -44.93 (VIOLATED)
_763426_/A1                           320.00  364.88  -44.88 (VIOLATED)
_787904_/A1                           320.00  364.83  -44.83 (VIOLATED)
_747308_/A                            320.00  364.82  -44.82 (VIOLATED)
_749306_/A                            320.00  364.75  -44.75 (VIOLATED)
_739416_/B                            320.00  364.68  -44.68 (VIOLATED)
_764181_/A1                           320.00  364.68  -44.68 (VIOLATED)
_764180_/A                            320.00  364.67  -44.67 (VIOLATED)
_768343_/Y                            320.00  364.65  -44.65 (VIOLATED)
_765498_/C                            320.00  364.64  -44.64 (VIOLATED)
_738975_/B                            320.00  364.62  -44.62 (VIOLATED)
_763019_/A                            320.00  364.61  -44.61 (VIOLATED)
a_sym[5][0]$_DFFE_PN0P_/QN            320.00  364.59  -44.59 (VIOLATED)
_763014_/A1                           320.00  364.59  -44.59 (VIOLATED)
_763013_/A                            320.00  364.59  -44.59 (VIOLATED)
_626599_/A                            320.00  364.58  -44.58 (VIOLATED)
_743483_/A                            320.00  364.57  -44.57 (VIOLATED)
_763976_/A1                           320.00  364.56  -44.56 (VIOLATED)
oskid_d[3]$_DFFE_PN0P_/RESETN         320.00  364.56  -44.56 (VIOLATED)
part_q[75][6]$_DFFE_PP_/QN            320.00  364.52  -44.52 (VIOLATED)
_744427_/B                            320.00  364.52  -44.52 (VIOLATED)
_787903_/A                            320.00  364.50  -44.50 (VIOLATED)
_838803_/A                            320.00  364.49  -44.49 (VIOLATED)
part_q[28][3]$_DFFE_PP_/QN            320.00  364.49  -44.49 (VIOLATED)
_743976_/A                            320.00  364.47  -44.47 (VIOLATED)
_745431_/A                            320.00  364.44  -44.44 (VIOLATED)
_763975_/A                            320.00  364.42  -44.42 (VIOLATED)
_743484_/A                            320.00  364.42  -44.42 (VIOLATED)
_763021_/A1                           320.00  364.41  -44.41 (VIOLATED)
_743749_/A                            320.00  364.38  -44.38 (VIOLATED)
_696537_/B                            320.00  364.34  -44.34 (VIOLATED)
_745544_/B                            320.00  364.31  -44.31 (VIOLATED)
_742670_/A                            320.00  364.30  -44.30 (VIOLATED)
_743967_/A                            320.00  364.30  -44.30 (VIOLATED)
place78568/A                          320.00  364.28  -44.28 (VIOLATED)
_768831_/A                            320.00  364.28  -44.28 (VIOLATED)
rdata_q[6405]$_DFFE_PP_/QN            320.00  364.28  -44.28 (VIOLATED)
_738726_/B                            320.00  364.26  -44.26 (VIOLATED)
_747294_/A                            320.00  364.21  -44.21 (VIOLATED)
place76881/A                          320.00  364.19  -44.19 (VIOLATED)
in_data_q[72]$_DFFE_PN0P_/RESETN      320.00  364.17  -44.17 (VIOLATED)
place84063/A                          320.00  364.16  -44.16 (VIOLATED)
_745396_/A                            320.00  364.16  -44.16 (VIOLATED)
_743315_/A                            320.00  364.13  -44.13 (VIOLATED)
rdata_q[6402]$_DFFE_PP_/QN            320.00  364.10  -44.10 (VIOLATED)
_747549_/A                            320.00  364.09  -44.09 (VIOLATED)
_743480_/A                            320.00  364.08  -44.08 (VIOLATED)
_743911_/A                            320.00  364.07  -44.07 (VIOLATED)
_713512_/B                            320.00  364.06  -44.06 (VIOLATED)
out_pix_data[40]$_DFFE_PN0P_/RESETN   320.00  364.01  -44.01 (VIOLATED)
_806122_/CI                           320.00  364.00  -44.00 (VIOLATED)
_743815_/A                            320.00  364.00  -44.00 (VIOLATED)
_743887_/A                            320.00  363.97  -43.97 (VIOLATED)
_820058_/CI                           320.00  363.95  -43.95 (VIOLATED)
_740069_/A                            320.00  363.90  -43.90 (VIOLATED)
_768497_/Y                            320.00  363.88  -43.88 (VIOLATED)
_743912_/A                            320.00  363.87  -43.87 (VIOLATED)
_739862_/B                            320.00  363.87  -43.87 (VIOLATED)
_745532_/B                            320.00  363.84  -43.84 (VIOLATED)
_763423_/A1                           320.00  363.78  -43.78 (VIOLATED)
_743969_/A                            320.00  363.77  -43.77 (VIOLATED)
_743867_/A                            320.00  363.77  -43.77 (VIOLATED)
_741693_/A                            320.00  363.76  -43.76 (VIOLATED)
_744400_/A                            320.00  363.76  -43.76 (VIOLATED)
place79460/A                          320.00  363.70  -43.70 (VIOLATED)
rdata_q[6777]$_DFFE_PP_/QN            320.00  363.69  -43.69 (VIOLATED)
_748356_/B                            320.00  363.67  -43.67 (VIOLATED)
_763422_/A                            320.00  363.66  -43.66 (VIOLATED)
_743868_/A                            320.00  363.59  -43.59 (VIOLATED)
_743830_/A                            320.00  363.56  -43.56 (VIOLATED)
out_pix_data[41]$_DFFE_PN0P_/RESETN   320.00  363.56  -43.56 (VIOLATED)
_762192_/A                            320.00  363.51  -43.51 (VIOLATED)
_479533_/A                            320.00  363.50  -43.50 (VIOLATED)
place87924/A                          320.00  363.50  -43.50 (VIOLATED)
_744320_/A                            320.00  363.45  -43.45 (VIOLATED)
_754427_/A                            320.00  363.43  -43.43 (VIOLATED)
_763722_/C                            320.00  363.42  -43.42 (VIOLATED)
_749236_/A                            320.00  363.42  -43.42 (VIOLATED)
_739535_/B                            320.00  363.41  -43.41 (VIOLATED)
_749163_/A                            320.00  363.34  -43.34 (VIOLATED)
_743481_/A                            320.00  363.34  -43.34 (VIOLATED)
_745721_/B                            320.00  363.33  -43.33 (VIOLATED)
_762204_/B                            320.00  363.30  -43.30 (VIOLATED)
_740388_/A                            320.00  363.25  -43.25 (VIOLATED)
_741687_/A                            320.00  363.24  -43.24 (VIOLATED)
_749276_/A                            320.00  363.21  -43.21 (VIOLATED)
_748371_/A                            320.00  363.21  -43.21 (VIOLATED)
_748384_/A                            320.00  363.20  -43.20 (VIOLATED)
_743977_/A                            320.00  363.18  -43.18 (VIOLATED)
oskid_d[2]$_DFFE_PN0P_/RESETN         320.00  363.18  -43.18 (VIOLATED)
_743871_/A                            320.00  363.15  -43.15 (VIOLATED)
_745568_/B                            320.00  363.12  -43.12 (VIOLATED)
_742666_/A                            320.00  363.11  -43.11 (VIOLATED)
_740508_/A                            320.00  363.11  -43.11 (VIOLATED)
_638049_/B                            320.00  363.10  -43.10 (VIOLATED)
_739777_/A                            320.00  363.06  -43.06 (VIOLATED)
_508819_/A                            320.00  363.04  -43.04 (VIOLATED)
_747490_/A                            320.00  363.01  -43.01 (VIOLATED)
_741266_/B                            320.00  363.01  -43.01 (VIOLATED)
_486022_/A                            320.00  363.00  -43.00 (VIOLATED)
place79327/A                          320.00  362.99  -42.99 (VIOLATED)
_741695_/A                            320.00  362.97  -42.97 (VIOLATED)
_744259_/A                            320.00  362.96  -42.96 (VIOLATED)
_739778_/A                            320.00  362.96  -42.96 (VIOLATED)
in_data_q[12]$_DFFE_PN0P_/QN          320.00  362.95  -42.95 (VIOLATED)
_739780_/A                            320.00  362.95  -42.95 (VIOLATED)
_765495_/A1                           320.00  362.92  -42.92 (VIOLATED)
_743901_/A                            320.00  362.92  -42.92 (VIOLATED)
_763807_/C                            320.00  362.90  -42.90 (VIOLATED)
_666131_/B                            320.00  362.89  -42.89 (VIOLATED)
_742744_/A                            320.00  362.86  -42.86 (VIOLATED)
_763323_/C                            320.00  362.84  -42.84 (VIOLATED)
_764151_/C                            320.00  362.79  -42.79 (VIOLATED)
_739779_/A                            320.00  362.77  -42.77 (VIOLATED)
place78452/A                          320.00  362.67  -42.67 (VIOLATED)
hold125425/A                          320.00  362.66  -42.66 (VIOLATED)
_765454_/A1                           320.00  362.64  -42.64 (VIOLATED)
out_pix_data[110]$_DFFE_PN0P_/RESETN  320.00  362.63  -42.63 (VIOLATED)
_766373_/C                            320.00  362.62  -42.62 (VIOLATED)
in_data_q[54]$_DFFE_PN0P_/QN          320.00  362.61  -42.61 (VIOLATED)
_671559_/A                            320.00  362.56  -42.56 (VIOLATED)
_763340_/C                            320.00  362.56  -42.56 (VIOLATED)
part_q[0][0]$_DFFE_PP_/D              320.00  362.54  -42.54 (VIOLATED)
_742616_/A                            320.00  362.50  -42.50 (VIOLATED)
_788010_/A                            320.00  362.46  -42.46 (VIOLATED)
place78174/A                          320.00  362.45  -42.45 (VIOLATED)
_742665_/A                            320.00  362.44  -42.44 (VIOLATED)
_763794_/C                            320.00  362.44  -42.44 (VIOLATED)
out_pix_data[10]$_DFFE_PN0P_/RESETN   320.00  362.42  -42.42 (VIOLATED)
_762205_/B                            320.00  362.41  -42.41 (VIOLATED)
_750077_/A                            320.00  362.40  -42.40 (VIOLATED)
_742612_/A                            320.00  362.38  -42.38 (VIOLATED)
_739358_/B                            320.00  362.36  -42.36 (VIOLATED)
_742613_/A                            320.00  362.36  -42.36 (VIOLATED)
_739775_/A                            320.00  362.36  -42.36 (VIOLATED)
_747316_/A                            320.00  362.32  -42.32 (VIOLATED)
_806117_/CI                           320.00  362.27  -42.27 (VIOLATED)
_741696_/A                            320.00  362.27  -42.27 (VIOLATED)
_741348_/A                            320.00  362.26  -42.26 (VIOLATED)
_738903_/B                            320.00  362.26  -42.26 (VIOLATED)
_671558_/A                            320.00  362.24  -42.24 (VIOLATED)
_645676_/B                            320.00  362.20  -42.20 (VIOLATED)
out_pix_data[111]$_DFFE_PN0P_/RESETN  320.00  362.15  -42.15 (VIOLATED)
_645697_/B                            320.00  362.15  -42.15 (VIOLATED)
_738766_/B                            320.00  362.13  -42.13 (VIOLATED)
_764162_/C                            320.00  362.08  -42.08 (VIOLATED)
_765395_/D                            320.00  362.08  -42.08 (VIOLATED)
_765995_/D                            320.00  362.08  -42.08 (VIOLATED)
_787884_/D                            320.00  362.06  -42.06 (VIOLATED)
_787744_/D                            320.00  362.04  -42.04 (VIOLATED)
a_sym[10][2]$_DFFE_PN0P_/QN           320.00  362.02  -42.02 (VIOLATED)
place84068/A                          320.00  362.02  -42.02 (VIOLATED)
_747251_/A                            320.00  362.00  -42.00 (VIOLATED)
_745709_/B                            320.00  361.99  -41.99 (VIOLATED)
_765977_/D                            320.00  361.98  -41.98 (VIOLATED)
_764631_/B                            320.00  361.98  -41.98 (VIOLATED)
oskid_d[7]$_DFFE_PN0P_/RESETN         320.00  361.98  -41.98 (VIOLATED)
_747607_/A                            320.00  361.97  -41.97 (VIOLATED)
_764776_/A2                           320.00  361.97  -41.97 (VIOLATED)
_649086_/B                            320.00  361.95  -41.95 (VIOLATED)
_764671_/A                            320.00  361.95  -41.95 (VIOLATED)
_765359_/D                            320.00  361.95  -41.95 (VIOLATED)
out_pix_data[9]$_DFFE_PN0P_/RESETN    320.00  361.94  -41.94 (VIOLATED)
_745434_/A                            320.00  361.94  -41.94 (VIOLATED)
place79044/A                          320.00  361.92  -41.92 (VIOLATED)
_764824_/B2                           320.00  361.91  -41.91 (VIOLATED)
_765371_/D                            320.00  361.90  -41.90 (VIOLATED)
_765983_/D                            320.00  361.89  -41.89 (VIOLATED)
_765989_/D                            320.00  361.89  -41.89 (VIOLATED)
_765383_/D                            320.00  361.88  -41.88 (VIOLATED)
_764765_/A1                           320.00  361.87  -41.87 (VIOLATED)
_743898_/A                            320.00  361.87  -41.87 (VIOLATED)
_762206_/B                            320.00  361.84  -41.84 (VIOLATED)
oskid_d[9]$_DFFE_PN0P_/RESETN         320.00  361.83  -41.83 (VIOLATED)
_764759_/A1                           320.00  361.82  -41.82 (VIOLATED)
_764768_/B2                           320.00  361.81  -41.81 (VIOLATED)
_748628_/A                            320.00  361.81  -41.81 (VIOLATED)
_751491_/A                            320.00  361.81  -41.81 (VIOLATED)
_765736_/B                            320.00  361.80  -41.80 (VIOLATED)
_742664_/A                            320.00  361.78  -41.78 (VIOLATED)
out_pix_data[22]$_DFFE_PN0P_/RESETN   320.00  361.78  -41.78 (VIOLATED)
out_pix_data[24]$_DFFE_PN0P_/RESETN   320.00  361.78  -41.78 (VIOLATED)
_765739_/B                            320.00  361.75  -41.75 (VIOLATED)
_742615_/A                            320.00  361.75  -41.75 (VIOLATED)
in_data_q[22]$_DFFE_PN0P_/RESETN      320.00  361.74  -41.74 (VIOLATED)
rdata_q[6625]$_DFFE_PP_/QN            320.00  361.74  -41.74 (VIOLATED)
_764159_/C                            320.00  361.73  -41.73 (VIOLATED)
_747315_/Y                            320.00  361.73  -41.73 (VIOLATED)
_765742_/B                            320.00  361.72  -41.72 (VIOLATED)
_764657_/A                            320.00  361.71  -41.71 (VIOLATED)
part_q[30][11]$_DFFE_PP_/QN           320.00  361.66  -41.66 (VIOLATED)
_671557_/A                            320.00  361.65  -41.65 (VIOLATED)
_787826_/B                            320.00  361.65  -41.65 (VIOLATED)
a_sym[10][7]$_DFFE_PN0P_/QN           320.00  361.64  -41.64 (VIOLATED)
output10034/A                         320.00  361.62  -41.62 (VIOLATED)
part_q[28][9]$_DFFE_PP_/QN            320.00  361.62  -41.62 (VIOLATED)
oskid_d[6]$_DFFE_PN0P_/RESETN         320.00  361.62  -41.62 (VIOLATED)
_743748_/A                            320.00  361.61  -41.61 (VIOLATED)
_747599_/C                            320.00  361.60  -41.60 (VIOLATED)
_766454_/D                            320.00  361.58  -41.58 (VIOLATED)
_713647_/B                            320.00  361.58  -41.58 (VIOLATED)
_743902_/A                            320.00  361.57  -41.57 (VIOLATED)
oskid_d[5]$_DFFE_PN0P_/RESETN         320.00  361.57  -41.57 (VIOLATED)
out_pix_data[113]$_DFFE_PN0P_/RESETN  320.00  361.56  -41.56 (VIOLATED)
out_pix_data[17]$_DFFE_PN0P_/RESETN   320.00  361.56  -41.56 (VIOLATED)
oskid_d[114]$_DFFE_PN0P_/RESETN       320.00  361.54  -41.54 (VIOLATED)
out_pix_data[112]$_DFFE_PN0P_/RESETN  320.00  361.53  -41.53 (VIOLATED)
oskid_d[113]$_DFFE_PN0P_/RESETN       320.00  361.53  -41.53 (VIOLATED)
_744147_/B                            320.00  361.52  -41.52 (VIOLATED)
out_pix_data[115]$_DFFE_PN0P_/RESETN  320.00  361.48  -41.48 (VIOLATED)
out_pix_data[118]$_DFFE_PN0P_/RESETN  320.00  361.48  -41.48 (VIOLATED)
out_pix_data[11]$_DFFE_PN0P_/RESETN   320.00  361.47  -41.47 (VIOLATED)
_740511_/A                            320.00  361.45  -41.45 (VIOLATED)
place77061/A                          320.00  361.44  -41.44 (VIOLATED)
out_pix_data[114]$_DFFE_PN0P_/RESETN  320.00  361.42  -41.42 (VIOLATED)
_745745_/B                            320.00  361.42  -41.42 (VIOLATED)
rdata_q[6442]$_DFFE_PP_/QN            320.00  361.41  -41.41 (VIOLATED)
_737937_/A                            320.00  361.40  -41.40 (VIOLATED)
_763788_/C                            320.00  361.37  -41.37 (VIOLATED)
_743319_/A                            320.00  361.34  -41.34 (VIOLATED)
out_pix_data[117]$_DFFE_PN0P_/RESETN  320.00  361.33  -41.33 (VIOLATED)
_764619_/A                            320.00  361.33  -41.33 (VIOLATED)
_764616_/C                            320.00  361.32  -41.32 (VIOLATED)
_787961_/C                            320.00  361.30  -41.30 (VIOLATED)
place87837/A                          320.00  361.29  -41.29 (VIOLATED)
rdata_q[6774]$_DFFE_PP_/QN            320.00  361.29  -41.29 (VIOLATED)
_748332_/A                            320.00  361.27  -41.27 (VIOLATED)
_748405_/A                            320.00  361.26  -41.26 (VIOLATED)
_764814_/C                            320.00  361.26  -41.26 (VIOLATED)
part_q[28][7]$_DFFE_PP_/QN            320.00  361.26  -41.26 (VIOLATED)
_787959_/C                            320.00  361.26  -41.26 (VIOLATED)
_764612_/A                            320.00  361.25  -41.25 (VIOLATED)
_764597_/C                            320.00  361.24  -41.24 (VIOLATED)
_743193_/B                            320.00  361.23  -41.23 (VIOLATED)
_765730_/B                            320.00  361.23  -41.23 (VIOLATED)
_766102_/C                            320.00  361.23  -41.23 (VIOLATED)
_765832_/A1                           320.00  361.22  -41.22 (VIOLATED)
_764595_/C                            320.00  361.19  -41.19 (VIOLATED)
_753978_/A                            320.00  361.18  -41.18 (VIOLATED)
_764609_/C                            320.00  361.18  -41.18 (VIOLATED)
_764602_/C                            320.00  361.18  -41.18 (VIOLATED)
_764604_/C                            320.00  361.17  -41.17 (VIOLATED)
_763431_/B                            320.00  361.17  -41.17 (VIOLATED)
place78242/A                          320.00  361.16  -41.16 (VIOLATED)
place87923/A                          320.00  361.15  -41.15 (VIOLATED)
_769492_/Y                            320.00  361.14  -41.14 (VIOLATED)
place87962/Y                          320.00  361.14  -41.14 (VIOLATED)
place77584/A                          320.00  361.12  -41.12 (VIOLATED)
_765988_/A1                           320.00  361.10  -41.10 (VIOLATED)
_765984_/A1                           320.00  361.10  -41.10 (VIOLATED)
_763348_/C                            320.00  361.09  -41.09 (VIOLATED)
_765990_/A1                           320.00  361.09  -41.09 (VIOLATED)
_765982_/A1                           320.00  361.09  -41.09 (VIOLATED)
_671556_/A                            320.00  361.08  -41.08 (VIOLATED)
_765965_/D                            320.00  361.08  -41.08 (VIOLATED)
_764862_/B                            320.00  361.08  -41.08 (VIOLATED)
_736460_/A                            320.00  361.07  -41.07 (VIOLATED)
_745356_/A                            320.00  361.05  -41.05 (VIOLATED)
_764726_/B2                           320.00  361.03  -41.03 (VIOLATED)
_765975_/A                            320.00  361.02  -41.02 (VIOLATED)
_764722_/B2                           320.00  361.02  -41.02 (VIOLATED)
_764743_/B2                           320.00  360.99  -40.99 (VIOLATED)
_597443_/B                            320.00  360.99  -40.99 (VIOLATED)
_764747_/B2                           320.00  360.98  -40.98 (VIOLATED)
_765978_/A1                           320.00  360.98  -40.98 (VIOLATED)
_765334_/D                            320.00  360.97  -40.97 (VIOLATED)
_766458_/D                            320.00  360.95  -40.95 (VIOLATED)
_766444_/D                            320.00  360.94  -40.94 (VIOLATED)
_763257_/B                            320.00  360.94  -40.94 (VIOLATED)
_763494_/B                            320.00  360.94  -40.94 (VIOLATED)
_765745_/B                            320.00  360.94  -40.94 (VIOLATED)
_765733_/B                            320.00  360.93  -40.93 (VIOLATED)
_765724_/B                            320.00  360.92  -40.92 (VIOLATED)
_765316_/D                            320.00  360.92  -40.92 (VIOLATED)
_787741_/A1                           320.00  360.91  -40.91 (VIOLATED)
_765346_/D                            320.00  360.90  -40.90 (VIOLATED)
_765950_/D                            320.00  360.87  -40.87 (VIOLATED)
_787745_/A1                           320.00  360.86  -40.86 (VIOLATED)
_764630_/Y                            320.00  360.86  -40.86 (VIOLATED)
_764591_/A                            320.00  360.85  -40.85 (VIOLATED)
_764588_/C                            320.00  360.85  -40.85 (VIOLATED)
_764572_/C                            320.00  360.85  -40.85 (VIOLATED)
_764566_/C                            320.00  360.84  -40.84 (VIOLATED)
_764581_/C                            320.00  360.84  -40.84 (VIOLATED)
_764583_/C                            320.00  360.83  -40.83 (VIOLATED)
_765994_/A1                           320.00  360.83  -40.83 (VIOLATED)
_765996_/A1                           320.00  360.83  -40.83 (VIOLATED)
_765970_/A1                           320.00  360.82  -40.82 (VIOLATED)
_765972_/A1                           320.00  360.82  -40.82 (VIOLATED)
_765951_/A1                           320.00  360.82  -40.82 (VIOLATED)
_765971_/D                            320.00  360.82  -40.82 (VIOLATED)
_765946_/A                            320.00  360.81  -40.81 (VIOLATED)
_765966_/A1                           320.00  360.80  -40.80 (VIOLATED)
_766390_/A                            320.00  360.80  -40.80 (VIOLATED)
_765963_/A                            320.00  360.80  -40.80 (VIOLATED)
_764564_/Y                            320.00  360.77  -40.77 (VIOLATED)
_744257_/A                            320.00  360.74  -40.74 (VIOLATED)
_765548_/A1                           320.00  360.73  -40.73 (VIOLATED)
_766391_/A1                           320.00  360.72  -40.72 (VIOLATED)
place71348/A                          320.00  360.71  -40.71 (VIOLATED)
place77181/A                          320.00  360.68  -40.68 (VIOLATED)
_764508_/A1                           320.00  360.68  -40.68 (VIOLATED)
_743860_/A                            320.00  360.66  -40.66 (VIOLATED)
_766166_/C                            320.00  360.63  -40.63 (VIOLATED)
place78064/A                          320.00  360.60  -40.60 (VIOLATED)
_765543_/A1                           320.00  360.59  -40.59 (VIOLATED)
_766156_/C                            320.00  360.59  -40.59 (VIOLATED)
rdata_q[2887]$_DFFE_PP_/QN            320.00  360.51  -40.51 (VIOLATED)
_666743_/B                            320.00  360.46  -40.46 (VIOLATED)
_744461_/A                            320.00  360.45  -40.45 (VIOLATED)
part_q[51][10]$_DFFE_PP_/QN           320.00  360.45  -40.45 (VIOLATED)
_739892_/A                            320.00  360.45  -40.45 (VIOLATED)
a_sym[17][3]$_DFFE_PN0P_/QN           320.00  360.44  -40.44 (VIOLATED)
_764503_/A1                           320.00  360.43  -40.43 (VIOLATED)
_766397_/A                            320.00  360.42  -40.42 (VIOLATED)
_741177_/B                            320.00  360.39  -40.39 (VIOLATED)
_744511_/A                            320.00  360.38  -40.38 (VIOLATED)
_766398_/A1                           320.00  360.38  -40.38 (VIOLATED)
_765441_/C                            320.00  360.37  -40.37 (VIOLATED)
_748037_/A                            320.00  360.36  -40.36 (VIOLATED)
_748085_/A                            320.00  360.24  -40.24 (VIOLATED)
_744466_/A                            320.00  360.22  -40.22 (VIOLATED)
_737846_/A                            320.00  360.22  -40.22 (VIOLATED)
_786086_/A                            320.00  360.21  -40.21 (VIOLATED)
_743981_/A                            320.00  360.19  -40.19 (VIOLATED)
_744296_/A                            320.00  360.17  -40.17 (VIOLATED)
_768367_/A                            320.00  360.17  -40.17 (VIOLATED)
_744303_/A                            320.00  360.15  -40.15 (VIOLATED)
_764732_/A1                           320.00  360.10  -40.10 (VIOLATED)
_744294_/A                            320.00  360.09  -40.09 (VIOLATED)
_739458_/B                            320.00  360.09  -40.09 (VIOLATED)
_686623_/B                            320.00  360.08  -40.08 (VIOLATED)
_744488_/A                            320.00  360.06  -40.06 (VIOLATED)
_744258_/A                            320.00  360.06  -40.06 (VIOLATED)
_764734_/C                            320.00  360.04  -40.04 (VIOLATED)
rdata_q[6707]$_DFFE_PP_/QN            320.00  360.04  -40.04 (VIOLATED)
_671555_/A                            320.00  360.02  -40.02 (VIOLATED)
_745953_/B                            320.00  359.97  -39.97 (VIOLATED)
part_q[5][6]$_DFFE_PP_/QN             320.00  359.91  -39.91 (VIOLATED)
_765444_/C                            320.00  359.90  -39.90 (VIOLATED)
_748164_/A                            320.00  359.88  -39.88 (VIOLATED)
in_data_q[69]$_DFFE_PN0P_/RESETN      320.00  359.87  -39.87 (VIOLATED)
_744485_/A                            320.00  359.85  -39.85 (VIOLATED)
_744289_/A                            320.00  359.84  -39.84 (VIOLATED)
_736871_/B                            320.00  359.73  -39.73 (VIOLATED)
rdata_q[703]$_DFFE_PP_/QN             320.00  359.73  -39.73 (VIOLATED)
_762203_/B                            320.00  359.65  -39.65 (VIOLATED)
_744484_/A                            320.00  359.64  -39.64 (VIOLATED)
_766091_/C                            320.00  359.64  -39.64 (VIOLATED)
_766087_/A1                           320.00  359.63  -39.63 (VIOLATED)
_765835_/A                            320.00  359.63  -39.63 (VIOLATED)
oskid_d[129]$_DFFE_PN0P_/RESETN       320.00  359.62  -39.62 (VIOLATED)
_766018_/C                            320.00  359.62  -39.62 (VIOLATED)
_749560_/A                            320.00  359.61  -39.61 (VIOLATED)
out_pix_data[5]$_DFFE_PN0P_/RESETN    320.00  359.60  -39.60 (VIOLATED)
out_pix_data[7]$_DFFE_PN0P_/RESETN    320.00  359.60  -39.60 (VIOLATED)
_766078_/A1                           320.00  359.60  -39.60 (VIOLATED)
_766082_/A1                           320.00  359.58  -39.58 (VIOLATED)
_749664_/A                            320.00  359.58  -39.58 (VIOLATED)
out_pix_data[6]$_DFFE_PN0P_/RESETN    320.00  359.57  -39.57 (VIOLATED)
place78486/A                          320.00  359.56  -39.56 (VIOLATED)
_768173_/A                            320.00  359.54  -39.54 (VIOLATED)
_766081_/A                            320.00  359.53  -39.53 (VIOLATED)
_765836_/A1                           320.00  359.52  -39.52 (VIOLATED)
_745911_/B                            320.00  359.48  -39.48 (VIOLATED)
_766012_/A1                           320.00  359.46  -39.46 (VIOLATED)
_744302_/A                            320.00  359.43  -39.43 (VIOLATED)
_743897_/A                            320.00  359.40  -39.40 (VIOLATED)
_766077_/C                            320.00  359.38  -39.38 (VIOLATED)
_744364_/A                            320.00  359.34  -39.34 (VIOLATED)
place78808/A                          320.00  359.32  -39.32 (VIOLATED)
_748824_/A                            320.00  359.32  -39.32 (VIOLATED)
_737844_/A                            320.00  359.27  -39.27 (VIOLATED)
_743952_/B                            320.00  359.26  -39.26 (VIOLATED)
out_pix_data[45]$_DFFE_PN0P_/RESETN   320.00  359.25  -39.25 (VIOLATED)
a_sym[10][3]$_DFFE_PN0P_/QN           320.00  359.24  -39.24 (VIOLATED)
_744483_/A                            320.00  359.22  -39.22 (VIOLATED)
place87952/Y                          320.00  359.20  -39.20 (VIOLATED)
_765413_/A1                           320.00  359.15  -39.15 (VIOLATED)
_765488_/C                            320.00  359.14  -39.14 (VIOLATED)
_766370_/A1                           320.00  359.14  -39.14 (VIOLATED)
_744317_/A                            320.00  359.13  -39.13 (VIOLATED)
_751856_/A                            320.00  359.13  -39.13 (VIOLATED)
_765477_/C                            320.00  359.10  -39.10 (VIOLATED)
_765825_/A1                           320.00  359.10  -39.10 (VIOLATED)
place78974/A                          320.00  359.03  -39.03 (VIOLATED)
_748854_/A                            320.00  359.00  -39.00 (VIOLATED)
_744299_/A                            320.00  359.00  -39.00 (VIOLATED)
oskid_d[128]$_DFFE_PN0P_/RESETN       320.00  358.99  -38.99 (VIOLATED)
_744301_/A                            320.00  358.99  -38.99 (VIOLATED)
_765827_/A1                           320.00  358.99  -38.99 (VIOLATED)
_744491_/A                            320.00  358.97  -38.97 (VIOLATED)
_744264_/A                            320.00  358.96  -38.96 (VIOLATED)
_765826_/A                            320.00  358.94  -38.94 (VIOLATED)
_765479_/A1                           320.00  358.92  -38.92 (VIOLATED)
_744265_/A                            320.00  358.90  -38.90 (VIOLATED)
_740753_/B                            320.00  358.89  -38.89 (VIOLATED)
_764712_/A                            320.00  358.87  -38.87 (VIOLATED)
_722480_/B                            320.00  358.87  -38.87 (VIOLATED)
_766063_/C                            320.00  358.85  -38.85 (VIOLATED)
_766054_/C                            320.00  358.84  -38.84 (VIOLATED)
_744298_/A                            320.00  358.83  -38.83 (VIOLATED)
_744323_/A                            320.00  358.83  -38.83 (VIOLATED)
place79076/A                          320.00  358.83  -38.83 (VIOLATED)
in_data_q[39]$_DFFE_PN0P_/RESETN      320.00  358.81  -38.81 (VIOLATED)
place78063/A                          320.00  358.78  -38.78 (VIOLATED)
a_sym[22][2]$_DFFE_PN0P_/QN           320.00  358.78  -38.78 (VIOLATED)
part_q[38][10]$_DFFE_PP_/QN           320.00  358.76  -38.76 (VIOLATED)
_765454_/C                            320.00  358.75  -38.75 (VIOLATED)
_744336_/A                            320.00  358.74  -38.74 (VIOLATED)
_749608_/A                            320.00  358.72  -38.72 (VIOLATED)
_762207_/B                            320.00  358.72  -38.72 (VIOLATED)
_765416_/C                            320.00  358.68  -38.68 (VIOLATED)
_740584_/A                            320.00  358.66  -38.66 (VIOLATED)
_764750_/A1                           320.00  358.66  -38.66 (VIOLATED)
_748948_/A                            320.00  358.65  -38.65 (VIOLATED)
_743714_/B                            320.00  358.65  -38.65 (VIOLATED)
_744367_/A                            320.00  358.64  -38.64 (VIOLATED)
_872169_/A                            320.00  358.62  -38.62 (VIOLATED)
_740381_/A                            320.00  358.60  -38.60 (VIOLATED)
_740574_/A                            320.00  358.59  -38.59 (VIOLATED)
_740631_/A                            320.00  358.58  -38.58 (VIOLATED)
_765445_/C                            320.00  358.58  -38.58 (VIOLATED)
place84062/A                          320.00  358.51  -38.51 (VIOLATED)
_764806_/C                            320.00  358.49  -38.49 (VIOLATED)
_740024_/A                            320.00  358.47  -38.47 (VIOLATED)
_766100_/A1                           320.00  358.47  -38.47 (VIOLATED)
_765425_/A                            320.00  358.46  -38.46 (VIOLATED)
_744297_/A                            320.00  358.46  -38.46 (VIOLATED)
_748983_/A                            320.00  358.44  -38.44 (VIOLATED)
_766136_/A1                           320.00  358.44  -38.44 (VIOLATED)
_744306_/A                            320.00  358.44  -38.44 (VIOLATED)
_671554_/A                            320.00  358.44  -38.44 (VIOLATED)
_744328_/A                            320.00  358.43  -38.43 (VIOLATED)
_766192_/C                            320.00  358.40  -38.40 (VIOLATED)
_766189_/C                            320.00  358.40  -38.40 (VIOLATED)
_744332_/A                            320.00  358.39  -38.39 (VIOLATED)
_744307_/A                            320.00  358.39  -38.39 (VIOLATED)
_744333_/A                            320.00  358.38  -38.38 (VIOLATED)
_764268_/A                            320.00  358.36  -38.36 (VIOLATED)
_744330_/A                            320.00  358.35  -38.35 (VIOLATED)
_744482_/A                            320.00  358.35  -38.35 (VIOLATED)
_766200_/A1                           320.00  358.34  -38.34 (VIOLATED)
_656730_/B                            320.00  358.32  -38.32 (VIOLATED)
_766202_/C                            320.00  358.28  -38.28 (VIOLATED)
place79285/A                          320.00  358.26  -38.26 (VIOLATED)
_797424_/B                            320.00  358.25  -38.25 (VIOLATED)
place78798/A                          320.00  358.23  -38.23 (VIOLATED)
_739139_/B                            320.00  358.22  -38.22 (VIOLATED)
_744366_/A                            320.00  358.22  -38.22 (VIOLATED)
_764854_/A                            320.00  358.22  -38.22 (VIOLATED)
_740539_/B                            320.00  358.21  -38.21 (VIOLATED)
_764475_/A1                           320.00  358.20  -38.20 (VIOLATED)
place78291/A                          320.00  358.18  -38.18 (VIOLATED)
_673383_/B                            320.00  358.16  -38.16 (VIOLATED)
_764480_/A1                           320.00  358.15  -38.15 (VIOLATED)
_737216_/A                            320.00  358.15  -38.15 (VIOLATED)
_763298_/A                            320.00  358.12  -38.12 (VIOLATED)
in_data_q[14]$_DFFE_PN0P_/QN          320.00  358.11  -38.11 (VIOLATED)
_745422_/A                            320.00  358.11  -38.11 (VIOLATED)
_737825_/B                            320.00  358.10  -38.10 (VIOLATED)
_696384_/B                            320.00  358.06  -38.06 (VIOLATED)
_768091_/Y                            320.00  358.05  -38.05 (VIOLATED)
_787694_/A1                           320.00  358.05  -38.05 (VIOLATED)
_851989_/A                            320.00  358.01  -38.01 (VIOLATED)
_744270_/A                            320.00  358.00  -38.00 (VIOLATED)
_787696_/A1                           320.00  357.99  -37.99 (VIOLATED)
_766386_/C                            320.00  357.99  -37.99 (VIOLATED)
_764855_/A1                           320.00  357.98  -37.98 (VIOLATED)
_765533_/B                            320.00  357.97  -37.97 (VIOLATED)
_765530_/B                            320.00  357.96  -37.96 (VIOLATED)
_490053_/A                            320.00  357.96  -37.96 (VIOLATED)
_745394_/A                            320.00  357.92  -37.92 (VIOLATED)
rdata_q[7093]$_DFFE_PP_/QN            320.00  357.88  -37.88 (VIOLATED)
_614357_/B                            320.00  357.88  -37.88 (VIOLATED)
_743746_/A                            320.00  357.88  -37.88 (VIOLATED)
_743747_/A                            320.00  357.86  -37.86 (VIOLATED)
_745296_/A                            320.00  357.85  -37.85 (VIOLATED)
out_pix_data[2]$_DFFE_PN0P_/RESETN    320.00  357.84  -37.84 (VIOLATED)
_766105_/B2                           320.00  357.81  -37.81 (VIOLATED)
_766043_/B2                           320.00  357.81  -37.81 (VIOLATED)
_765549_/C                            320.00  357.79  -37.79 (VIOLATED)
_764661_/A2                           320.00  357.77  -37.77 (VIOLATED)
_741697_/A                            320.00  357.75  -37.75 (VIOLATED)
_765546_/A                            320.00  357.74  -37.74 (VIOLATED)
in_data_q[43]$_DFFE_PN0P_/RESETN      320.00  357.73  -37.73 (VIOLATED)
_765601_/C                            320.00  357.73  -37.73 (VIOLATED)
_763299_/A1                           320.00  357.69  -37.69 (VIOLATED)
_744305_/A                            320.00  357.66  -37.66 (VIOLATED)
_764859_/A                            320.00  357.66  -37.66 (VIOLATED)
_739261_/B                            320.00  357.65  -37.65 (VIOLATED)
_743745_/A                            320.00  357.60  -37.60 (VIOLATED)
_744335_/A                            320.00  357.59  -37.59 (VIOLATED)
_787863_/A1                           320.00  357.53  -37.53 (VIOLATED)
place77536/A                          320.00  357.51  -37.51 (VIOLATED)
_835854_/CI                           320.00  357.47  -37.47 (VIOLATED)
_745237_/A                            320.00  357.46  -37.46 (VIOLATED)
in_data_q[61]$_DFFE_PN0P_/RESETN      320.00  357.44  -37.44 (VIOLATED)
in_data_q[63]$_DFFE_PN0P_/RESETN      320.00  357.43  -37.43 (VIOLATED)
_818289_/CI                           320.00  357.42  -37.42 (VIOLATED)
_696387_/B                            320.00  357.37  -37.37 (VIOLATED)
_787693_/A                            320.00  357.37  -37.37 (VIOLATED)
in_data_q[64]$_DFFE_PN0P_/RESETN      320.00  357.36  -37.36 (VIOLATED)
_765605_/C                            320.00  357.36  -37.36 (VIOLATED)
in_data_q[140]$_DFFE_PN0P_/RESETN     320.00  357.36  -37.36 (VIOLATED)
_626598_/A                            320.00  357.35  -37.35 (VIOLATED)
_742235_/A                            320.00  357.35  -37.35 (VIOLATED)
rdata_q[7091]$_DFFE_PP_/QN            320.00  357.34  -37.34 (VIOLATED)
_787713_/B2                           320.00  357.33  -37.33 (VIOLATED)
in_data_q[29]$_DFFE_PN0P_/RESETN      320.00  357.32  -37.32 (VIOLATED)
_744329_/A                            320.00  357.32  -37.32 (VIOLATED)
in_data_q[49]$_DFFE_PN0P_/RESETN      320.00  357.30  -37.30 (VIOLATED)
_743290_/A                            320.00  357.27  -37.27 (VIOLATED)
in_data_q[66]$_DFFE_PN0P_/RESETN      320.00  357.25  -37.25 (VIOLATED)
_744261_/A                            320.00  357.22  -37.22 (VIOLATED)
_671553_/A                            320.00  357.20  -37.20 (VIOLATED)
_744267_/A                            320.00  357.19  -37.19 (VIOLATED)
in_data_q[48]$_DFFE_PN0P_/RESETN      320.00  357.18  -37.18 (VIOLATED)
in_data_q[38]$_DFFE_PN0P_/RESETN      320.00  357.17  -37.17 (VIOLATED)
in_data_q[46]$_DFFE_PN0P_/RESETN      320.00  357.17  -37.17 (VIOLATED)
_737675_/B                            320.00  357.16  -37.16 (VIOLATED)
in_data_q[41]$_DFFE_PN0P_/RESETN      320.00  357.15  -37.15 (VIOLATED)
in_data_q[67]$_DFFE_PN0P_/RESETN      320.00  357.13  -37.13 (VIOLATED)
rdata_q[7644]$_DFFE_PP_/QN            320.00  357.07  -37.07 (VIOLATED)
_764695_/A1                           320.00  357.06  -37.06 (VIOLATED)
_744266_/A                            320.00  357.04  -37.04 (VIOLATED)
place79672/A                          320.00  357.01  -37.01 (VIOLATED)
_746937_/A                            320.00  357.00  -37.00 (VIOLATED)
_746858_/A                            320.00  356.97  -36.97 (VIOLATED)
_740062_/A                            320.00  356.97  -36.97 (VIOLATED)
_597595_/B                            320.00  356.96  -36.96 (VIOLATED)
in_data_q[26]$_DFFE_PN0P_/RESETN      320.00  356.94  -36.94 (VIOLATED)
part_q[36][15]$_DFFE_PP_/QN           320.00  356.94  -36.94 (VIOLATED)
_741682_/A                            320.00  356.92  -36.92 (VIOLATED)
_744269_/A                            320.00  356.86  -36.86 (VIOLATED)
_739604_/B                            320.00  356.85  -36.85 (VIOLATED)
_787695_/A                            320.00  356.84  -36.84 (VIOLATED)
_764849_/C                            320.00  356.83  -36.83 (VIOLATED)
_745922_/B                            320.00  356.80  -36.80 (VIOLATED)
_744268_/A                            320.00  356.77  -36.77 (VIOLATED)
place77845/A                          320.00  356.74  -36.74 (VIOLATED)
_745299_/A                            320.00  356.72  -36.72 (VIOLATED)
rdata_q[6568]$_DFFE_PP_/QN            320.00  356.71  -36.71 (VIOLATED)
_736209_/B                            320.00  356.68  -36.68 (VIOLATED)
place78359/A                          320.00  356.68  -36.68 (VIOLATED)
_737892_/A                            320.00  356.67  -36.67 (VIOLATED)
place76391/A                          320.00  356.63  -36.63 (VIOLATED)
in_data_q[68]$_DFFE_PN0P_/RESETN      320.00  356.59  -36.59 (VIOLATED)
_740626_/A                            320.00  356.57  -36.57 (VIOLATED)
_835356_/CI                           320.00  356.52  -36.52 (VIOLATED)
rdata_q[865]$_DFFE_PP_/QN             320.00  356.40  -36.40 (VIOLATED)
_766074_/B2                           320.00  356.39  -36.39 (VIOLATED)
_768337_/Y                            320.00  356.38  -36.38 (VIOLATED)
out_pix_data[3]$_DFFE_PN0P_/RESETN    320.00  356.38  -36.38 (VIOLATED)
_744262_/A                            320.00  356.36  -36.36 (VIOLATED)
_741407_/B                            320.00  356.34  -36.34 (VIOLATED)
in_data_q[23]$_DFFE_PN0P_/RESETN      320.00  356.33  -36.33 (VIOLATED)
place77220/A                          320.00  356.31  -36.31 (VIOLATED)
_738828_/B                            320.00  356.29  -36.29 (VIOLATED)
place78053/A                          320.00  356.27  -36.27 (VIOLATED)
_743496_/A                            320.00  356.26  -36.26 (VIOLATED)
_769028_/A                            320.00  356.25  -36.25 (VIOLATED)
place87944/Y                          320.00  356.25  -36.25 (VIOLATED)
_744331_/A                            320.00  356.21  -36.21 (VIOLATED)
_737426_/B                            320.00  356.11  -36.11 (VIOLATED)
place79149/A                          320.00  356.04  -36.04 (VIOLATED)
_746756_/A                            320.00  356.04  -36.04 (VIOLATED)
_612072_/B                            320.00  356.03  -36.03 (VIOLATED)
_737954_/A                            320.00  356.02  -36.02 (VIOLATED)
out_pix_data[4]$_DFFE_PN0P_/RESETN    320.00  356.01  -36.01 (VIOLATED)
_744327_/A                            320.00  356.01  -36.01 (VIOLATED)
place79721/A                          320.00  356.00  -36.00 (VIOLATED)
_737277_/A                            320.00  355.87  -35.87 (VIOLATED)
_766331_/A1                           320.00  355.86  -35.86 (VIOLATED)
_740348_/A                            320.00  355.85  -35.85 (VIOLATED)
_766330_/A                            320.00  355.83  -35.83 (VIOLATED)
_740367_/B                            320.00  355.83  -35.83 (VIOLATED)
_739562_/B                            320.00  355.80  -35.80 (VIOLATED)
_766327_/A                            320.00  355.78  -35.78 (VIOLATED)
_743845_/A                            320.00  355.76  -35.76 (VIOLATED)
out_pix_data[8]$_DFFE_PN0P_/RESETN    320.00  355.75  -35.75 (VIOLATED)
place78161/A                          320.00  355.75  -35.75 (VIOLATED)
place77860/A                          320.00  355.75  -35.75 (VIOLATED)
in_data_q[98]$_DFFE_PN0P_/QN          320.00  355.73  -35.73 (VIOLATED)
_744325_/A                            320.00  355.67  -35.67 (VIOLATED)
_597431_/B                            320.00  355.66  -35.66 (VIOLATED)
a_sym[19][4]$_DFFE_PN0P_/QN           320.00  355.61  -35.61 (VIOLATED)
_741690_/A                            320.00  355.59  -35.59 (VIOLATED)
_745423_/A                            320.00  355.59  -35.59 (VIOLATED)
oskid_d[8]$_DFFE_PN0P_/RESETN         320.00  355.57  -35.57 (VIOLATED)
_763689_/C                            320.00  355.56  -35.56 (VIOLATED)
oskid_d[0]$_DFFE_PN0P_/RESETN         320.00  355.52  -35.52 (VIOLATED)
out_pix_data[0]$_DFFE_PN0P_/RESETN    320.00  355.52  -35.52 (VIOLATED)
place87955/Y                          320.00  355.51  -35.51 (VIOLATED)
_766366_/A1                           320.00  355.48  -35.48 (VIOLATED)
_740346_/A                            320.00  355.43  -35.43 (VIOLATED)
_742669_/A                            320.00  355.37  -35.37 (VIOLATED)
_742610_/A                            320.00  355.36  -35.36 (VIOLATED)
rdata_q[6944]$_DFFE_PP_/QN            320.00  355.35  -35.35 (VIOLATED)
_764391_/A                            320.00  355.35  -35.35 (VIOLATED)
place78052/A                          320.00  355.35  -35.35 (VIOLATED)
_745555_/B                            320.00  355.33  -35.33 (VIOLATED)
_740342_/A                            320.00  355.33  -35.33 (VIOLATED)
_738765_/B                            320.00  355.32  -35.32 (VIOLATED)
_742611_/A                            320.00  355.32  -35.32 (VIOLATED)
in_data_q[83]$_DFFE_PN0P_/QN          320.00  355.30  -35.30 (VIOLATED)
out_pix_data[128]$_DFFE_PN0P_/RESETN  320.00  355.28  -35.28 (VIOLATED)
_740717_/B                            320.00  355.22  -35.22 (VIOLATED)
_764392_/A1                           320.00  355.20  -35.20 (VIOLATED)
_738977_/B                            320.00  355.19  -35.19 (VIOLATED)
_744300_/A                            320.00  355.18  -35.18 (VIOLATED)
_671552_/A                            320.00  355.17  -35.17 (VIOLATED)
_744369_/A                            320.00  355.16  -35.16 (VIOLATED)
_747850_/A                            320.00  355.09  -35.09 (VIOLATED)
_787551_/A                            320.00  355.07  -35.07 (VIOLATED)
_737498_/B                            320.00  355.06  -35.06 (VIOLATED)
_787555_/A1                           320.00  355.06  -35.06 (VIOLATED)
_740586_/A                            320.00  355.05  -35.05 (VIOLATED)
_738372_/B                            320.00  355.04  -35.04 (VIOLATED)
_838802_/CI                           320.00  355.02  -35.02 (VIOLATED)
_787552_/A1                           320.00  355.02  -35.02 (VIOLATED)
_696531_/B                            320.00  355.01  -35.01 (VIOLATED)
_744285_/A                            320.00  354.98  -34.98 (VIOLATED)
place77707/A                          320.00  354.96  -34.96 (VIOLATED)
_739790_/B                            320.00  354.95  -34.95 (VIOLATED)
_744308_/A                            320.00  354.92  -34.92 (VIOLATED)
_741632_/A                            320.00  354.88  -34.88 (VIOLATED)
_744867_/B                            320.00  354.85  -34.85 (VIOLATED)
_744292_/A                            320.00  354.74  -34.74 (VIOLATED)
_787554_/A                            320.00  354.72  -34.72 (VIOLATED)
_746840_/A                            320.00  354.69  -34.69 (VIOLATED)
_768371_/A                            320.00  354.67  -34.67 (VIOLATED)
part_q[30][17]$_DFFE_PP_/QN           320.00  354.67  -34.67 (VIOLATED)
pair_q[397][0]$_DFFE_PP_/QN           320.00  354.67  -34.67 (VIOLATED)
part_q[45][6]$_DFFE_PP_/QN            320.00  354.66  -34.66 (VIOLATED)
_681547_/B                            320.00  354.64  -34.64 (VIOLATED)
_744322_/A                            320.00  354.62  -34.62 (VIOLATED)
_740389_/A                            320.00  354.62  -34.62 (VIOLATED)
_740338_/A                            320.00  354.59  -34.59 (VIOLATED)
_738829_/B                            320.00  354.58  -34.58 (VIOLATED)
_673395_/B                            320.00  354.56  -34.56 (VIOLATED)
_769370_/A                            320.00  354.53  -34.53 (VIOLATED)
_771296_/A                            320.00  354.53  -34.53 (VIOLATED)
_806120_/CI                           320.00  354.47  -34.47 (VIOLATED)
place82961/A                          320.00  354.45  -34.45 (VIOLATED)
_746725_/A                            320.00  354.31  -34.31 (VIOLATED)
place77423/A                          320.00  354.30  -34.30 (VIOLATED)
_738016_/A                            320.00  354.30  -34.30 (VIOLATED)
rdata_q[6536]$_DFFE_PP_/QN            320.00  354.29  -34.29 (VIOLATED)
_742240_/A                            320.00  354.28  -34.28 (VIOLATED)
_813043_/A                            320.00  354.26  -34.26 (VIOLATED)
_744314_/A                            320.00  354.25  -34.25 (VIOLATED)
_762274_/A1                           320.00  354.20  -34.20 (VIOLATED)
_740345_/A                            320.00  354.20  -34.20 (VIOLATED)
_740350_/A                            320.00  354.15  -34.15 (VIOLATED)
place78990/A                          320.00  354.13  -34.13 (VIOLATED)
_745615_/B                            320.00  354.13  -34.13 (VIOLATED)
out_pix_data[129]$_DFFE_PN0P_/RESETN  320.00  354.10  -34.10 (VIOLATED)
rdata_q[6441]$_DFFE_PP_/QN            320.00  354.10  -34.10 (VIOLATED)
_742703_/A                            320.00  354.09  -34.09 (VIOLATED)
_606663_/B                            320.00  354.06  -34.06 (VIOLATED)
rdata_q[6943]$_DFFE_PP_/QN            320.00  354.05  -34.05 (VIOLATED)
_742698_/A                            320.00  354.02  -34.02 (VIOLATED)
_762190_/B                            320.00  354.00  -34.00 (VIOLATED)
_744368_/A                            320.00  353.97  -33.97 (VIOLATED)
_597416_/B                            320.00  353.95  -33.95 (VIOLATED)
_742706_/A                            320.00  353.87  -33.87 (VIOLATED)
output10055/A                         320.00  353.86  -33.86 (VIOLATED)
_638043_/B                            320.00  353.85  -33.85 (VIOLATED)
_747867_/A                            320.00  353.85  -33.85 (VIOLATED)
_772157_/A                            320.00  353.84  -33.84 (VIOLATED)
_743195_/B                            320.00  353.81  -33.81 (VIOLATED)
place78772/A                          320.00  353.77  -33.77 (VIOLATED)
_741345_/A                            320.00  353.75  -33.75 (VIOLATED)
place77064/A                          320.00  353.69  -33.69 (VIOLATED)
_765760_/A                            320.00  353.55  -33.55 (VIOLATED)
_743469_/A                            320.00  353.54  -33.54 (VIOLATED)
_744334_/A                            320.00  353.49  -33.49 (VIOLATED)
_744318_/A                            320.00  353.47  -33.47 (VIOLATED)
_741683_/A                            320.00  353.45  -33.45 (VIOLATED)
_728970_/B                            320.00  353.42  -33.42 (VIOLATED)
_745349_/A                            320.00  353.37  -33.37 (VIOLATED)
_745933_/B                            320.00  353.33  -33.33 (VIOLATED)
_741633_/A                            320.00  353.33  -33.33 (VIOLATED)
_744321_/A                            320.00  353.31  -33.31 (VIOLATED)
rdata_q[6521]$_DFFE_PP_/QN            320.00  353.29  -33.29 (VIOLATED)
_605106_/B                            320.00  353.25  -33.25 (VIOLATED)
_740352_/A                            320.00  353.22  -33.22 (VIOLATED)
_745732_/B                            320.00  353.19  -33.19 (VIOLATED)
_744324_/A                            320.00  353.18  -33.18 (VIOLATED)
_744311_/A                            320.00  353.17  -33.17 (VIOLATED)
part_q[1][15]$_DFFE_PP_/QN            320.00  353.15  -33.15 (VIOLATED)
_744313_/A                            320.00  353.14  -33.14 (VIOLATED)
place78905/A                          320.00  353.13  -33.13 (VIOLATED)
_750393_/A                            320.00  353.09  -33.09 (VIOLATED)
_748003_/A                            320.00  353.05  -33.05 (VIOLATED)
place77825/A                          320.00  353.03  -33.03 (VIOLATED)
_741681_/A                            320.00  352.98  -32.98 (VIOLATED)
_748687_/A                            320.00  352.97  -32.97 (VIOLATED)
hold111292/A                          320.00  352.96  -32.96 (VIOLATED)
_744310_/A                            320.00  352.93  -32.93 (VIOLATED)
rdata_q[1813]$_DFFE_PP_/QN            320.00  352.92  -32.92 (VIOLATED)
in_data_q[28]$_DFFE_PN0P_/QN          320.00  352.92  -32.92 (VIOLATED)
_744312_/A                            320.00  352.90  -32.90 (VIOLATED)
_743821_/A                            320.00  352.89  -32.89 (VIOLATED)
place78999/A                          320.00  352.85  -32.85 (VIOLATED)
_743982_/A                            320.00  352.85  -32.85 (VIOLATED)
_788033_/B                            320.00  352.83  -32.83 (VIOLATED)
_740357_/A                            320.00  352.82  -32.82 (VIOLATED)
_745653_/B                            320.00  352.82  -32.82 (VIOLATED)
_763302_/A1                           320.00  352.78  -32.78 (VIOLATED)
_743421_/A                            320.00  352.75  -32.75 (VIOLATED)
_737963_/A                            320.00  352.73  -32.73 (VIOLATED)
_765545_/A                            320.00  352.71  -32.71 (VIOLATED)
_740504_/A                            320.00  352.70  -32.70 (VIOLATED)
_740091_/B                            320.00  352.62  -32.62 (VIOLATED)
part_q[5][12]$_DFFE_PP_/QN            320.00  352.54  -32.54 (VIOLATED)
_648010_/B                            320.00  352.54  -32.54 (VIOLATED)
place87786/A                          320.00  352.48  -32.48 (VIOLATED)
a_sym[21][6]$_DFFE_PN0P_/QN           320.00  352.46  -32.46 (VIOLATED)
_740653_/A                            320.00  352.40  -32.40 (VIOLATED)
_737960_/A                            320.00  352.36  -32.36 (VIOLATED)
_841546_/CI                           320.00  352.32  -32.32 (VIOLATED)
_754534_/A                            320.00  352.32  -32.32 (VIOLATED)
_626597_/A                            320.00  352.30  -32.30 (VIOLATED)
_480771_/A                            320.00  352.30  -32.30 (VIOLATED)
_671551_/A                            320.00  352.27  -32.27 (VIOLATED)
_482574_/A                            320.00  352.26  -32.26 (VIOLATED)
_751870_/A                            320.00  352.23  -32.23 (VIOLATED)
_487888_/A                            320.00  352.22  -32.22 (VIOLATED)
rdata_q[7351]$_DFFE_PP_/QN            320.00  352.19  -32.19 (VIOLATED)
_744309_/A                            320.00  352.08  -32.08 (VIOLATED)
out_pix_data[63]$_DFFE_PN0P_/RESETN   320.00  352.06  -32.06 (VIOLATED)
_742137_/B                            320.00  352.03  -32.03 (VIOLATED)
_743831_/A                            320.00  352.00  -32.00 (VIOLATED)
rdata_q[5343]$_DFFE_PP_/QN            320.00  352.00  -32.00 (VIOLATED)
output10033/A                         320.00  351.94  -31.94 (VIOLATED)
_743903_/A                            320.00  351.90  -31.90 (VIOLATED)
_743973_/A                            320.00  351.87  -31.87 (VIOLATED)
_737962_/A                            320.00  351.86  -31.86 (VIOLATED)
_748681_/A                            320.00  351.86  -31.86 (VIOLATED)
place78259/A                          320.00  351.85  -31.85 (VIOLATED)
rdata_q[2325]$_DFFE_PP_/QN            320.00  351.85  -31.85 (VIOLATED)
a_sym[19][1]$_DFFE_PN0P_/QN           320.00  351.83  -31.83 (VIOLATED)
_743819_/A                            320.00  351.83  -31.83 (VIOLATED)
_744319_/A                            320.00  351.81  -31.81 (VIOLATED)
_626590_/A                            320.00  351.80  -31.81 (VIOLATED)
_746524_/B                            320.00  351.74  -31.74 (VIOLATED)
rdata_q[7089]$_DFFE_PP_/QN            320.00  351.68  -31.68 (VIOLATED)
_743913_/A                            320.00  351.67  -31.67 (VIOLATED)
_740190_/B                            320.00  351.67  -31.67 (VIOLATED)
_742398_/B                            320.00  351.65  -31.65 (VIOLATED)
_806124_/A                            320.00  351.62  -31.62 (VIOLATED)
place77587/A                          320.00  351.62  -31.62 (VIOLATED)
_742233_/A                            320.00  351.61  -31.61 (VIOLATED)
rdata_q[6537]$_DFFE_PP_/QN            320.00  351.60  -31.60 (VIOLATED)
_626591_/A                            320.00  351.58  -31.58 (VIOLATED)
_743900_/A                            320.00  351.57  -31.57 (VIOLATED)
_762225_/B                            320.00  351.56  -31.56 (VIOLATED)
place71729/A                          320.00  351.55  -31.55 (VIOLATED)
_671550_/A                            320.00  351.52  -31.52 (VIOLATED)
_806121_/A                            320.00  351.51  -31.51 (VIOLATED)
_741340_/A                            320.00  351.51  -31.51 (VIOLATED)
_764091_/A1                           320.00  351.48  -31.48 (VIOLATED)
_764094_/A1                           320.00  351.47  -31.47 (VIOLATED)
rdata_q[905]$_DFFE_PP_/QN             320.00  351.46  -31.46 (VIOLATED)
_764093_/A                            320.00  351.46  -31.46 (VIOLATED)
_764090_/A                            320.00  351.43  -31.43 (VIOLATED)
_743850_/A                            320.00  351.41  -31.41 (VIOLATED)
_744316_/A                            320.00  351.36  -31.36 (VIOLATED)
part_q[40][2]$_DFFE_PP_/D             320.00  351.34  -31.34 (VIOLATED)
_745639_/B                            320.00  351.32  -31.32 (VIOLATED)
_739145_/B                            320.00  351.31  -31.31 (VIOLATED)
_737879_/A                            320.00  351.27  -31.27 (VIOLATED)
_649249_/B                            320.00  351.24  -31.24 (VIOLATED)
_737966_/A                            320.00  351.24  -31.24 (VIOLATED)
place79152/A                          320.00  351.22  -31.22 (VIOLATED)
_738768_/B                            320.00  351.20  -31.20 (VIOLATED)
_787622_/A1                           320.00  351.17  -31.17 (VIOLATED)
rdata_q[6460]$_DFFE_PP_/QN            320.00  351.16  -31.16 (VIOLATED)
_737998_/A                            320.00  351.16  -31.16 (VIOLATED)
_745223_/B                            320.00  351.15  -31.15 (VIOLATED)
_737880_/A                            320.00  351.14  -31.14 (VIOLATED)
_745418_/A                            320.00  351.09  -31.09 (VIOLATED)
_743857_/A                            320.00  351.06  -31.06 (VIOLATED)
_787767_/A1                           320.00  351.05  -31.05 (VIOLATED)
_762231_/B                            320.00  351.02  -31.02 (VIOLATED)
rdata_q[6607]$_DFFE_PP_/QN            320.00  351.02  -31.02 (VIOLATED)
_737888_/A                            320.00  351.02  -31.02 (VIOLATED)
_744287_/A                            320.00  351.01  -31.01 (VIOLATED)
_737648_/B                            320.00  350.98  -30.98 (VIOLATED)
_737961_/A                            320.00  350.97  -30.97 (VIOLATED)
_737857_/A                            320.00  350.95  -30.95 (VIOLATED)
_743896_/A                            320.00  350.95  -30.95 (VIOLATED)
_626592_/A                            320.00  350.94  -30.94 (VIOLATED)
_741341_/A                            320.00  350.94  -30.94 (VIOLATED)
_606820_/B                            320.00  350.93  -30.93 (VIOLATED)
_839911_/B                            320.00  350.92  -30.92 (VIOLATED)
_738014_/A                            320.00  350.91  -30.91 (VIOLATED)
_762229_/B                            320.00  350.91  -30.91 (VIOLATED)
_745297_/B                            320.00  350.89  -30.89 (VIOLATED)
place87798/A                          320.00  350.89  -30.89 (VIOLATED)
_737856_/A                            320.00  350.88  -30.88 (VIOLATED)
part_q[38][8]$_DFFE_PP_/QN            320.00  350.88  -30.88 (VIOLATED)
_768374_/Y                            320.00  350.85  -30.85 (VIOLATED)
_762188_/B                            320.00  350.85  -30.85 (VIOLATED)
_786071_/Y                            320.00  350.84  -30.84 (VIOLATED)
_750287_/A                            320.00  350.81  -30.81 (VIOLATED)
_743904_/A                            320.00  350.77  -30.77 (VIOLATED)
_751607_/A                            320.00  350.76  -30.76 (VIOLATED)
_742314_/B                            320.00  350.75  -30.75 (VIOLATED)
_762228_/B                            320.00  350.70  -30.70 (VIOLATED)
_841516_/CI                           320.00  350.65  -30.65 (VIOLATED)
_741699_/A                            320.00  350.65  -30.65 (VIOLATED)
place78559/A                          320.00  350.56  -30.56 (VIOLATED)
_762267_/A2                           320.00  350.56  -30.56 (VIOLATED)
_744283_/A                            320.00  350.52  -30.52 (VIOLATED)
_747935_/A                            320.00  350.52  -30.52 (VIOLATED)
_737995_/A                            320.00  350.52  -30.52 (VIOLATED)
_756488_/A                            320.00  350.48  -30.48 (VIOLATED)
_743828_/A                            320.00  350.47  -30.47 (VIOLATED)
_737884_/A                            320.00  350.47  -30.47 (VIOLATED)
_820286_/CI                           320.00  350.44  -30.44 (VIOLATED)
_745656_/A                            320.00  350.39  -30.39 (VIOLATED)
_707460_/B                            320.00  350.36  -30.36 (VIOLATED)
_765761_/A1                           320.00  350.33  -30.33 (VIOLATED)
_651808_/B                            320.00  350.33  -30.33 (VIOLATED)
_743827_/A                            320.00  350.33  -30.33 (VIOLATED)
_745627_/A                            320.00  350.32  -30.32 (VIOLATED)
_486263_/A                            320.00  350.29  -30.29 (VIOLATED)
_741694_/A                            320.00  350.28  -30.28 (VIOLATED)
_482315_/A                            320.00  350.28  -30.28 (VIOLATED)
_745649_/A                            320.00  350.27  -30.27 (VIOLATED)
_745652_/A                            320.00  350.22  -30.22 (VIOLATED)
_763037_/A1                           320.00  350.22  -30.22 (VIOLATED)
_737970_/A                            320.00  350.21  -30.21 (VIOLATED)
_480170_/A                            320.00  350.17  -30.17 (VIOLATED)
place77426/A                          320.00  350.15  -30.15 (VIOLATED)
_482287_/A                            320.00  350.11  -30.11 (VIOLATED)
m_1h[9]$_DFFE_PN0P_/QN                320.00  350.11  -30.11 (VIOLATED)
_626593_/A                            320.00  350.10  -30.10 (VIOLATED)
_764449_/A1                           320.00  350.08  -30.08 (VIOLATED)
_739781_/B                            320.00  350.06  -30.06 (VIOLATED)
_787769_/A                            320.00  350.04  -30.04 (VIOLATED)
place77004/A                          320.00  350.02  -30.02 (VIOLATED)
_745622_/A                            320.00  350.01  -30.01 (VIOLATED)
rdata_q[6490]$_DFFE_PP_/QN            320.00  349.97  -29.97 (VIOLATED)
_745654_/A                            320.00  349.96  -29.96 (VIOLATED)
_768694_/A                            320.00  349.94  -29.94 (VIOLATED)
rdata_q[6406]$_DFFE_PP_/QN            320.00  349.88  -29.88 (VIOLATED)
_747957_/A                            320.00  349.85  -29.85 (VIOLATED)
_787796_/A1                           320.00  349.82  -29.82 (VIOLATED)
_787795_/A                            320.00  349.80  -29.80 (VIOLATED)
_787797_/A                            320.00  349.76  -29.76 (VIOLATED)
_745619_/A                            320.00  349.69  -29.69 (VIOLATED)
_738297_/B                            320.00  349.68  -29.68 (VIOLATED)
place79075/A                          320.00  349.64  -29.64 (VIOLATED)
_738475_/B                            320.00  349.64  -29.64 (VIOLATED)
_787798_/A1                           320.00  349.62  -29.62 (VIOLATED)
_741339_/A                            320.00  349.61  -29.61 (VIOLATED)
coef_q[5]$_DFFE_PN0P_/RESETN          320.00  349.60  -29.60 (VIOLATED)
_745623_/A                            320.00  349.54  -29.54 (VIOLATED)
_696381_/B                            320.00  349.54  -29.54 (VIOLATED)
_571430_/A                            320.00  349.52  -29.52 (VIOLATED)
_787808_/A1                           320.00  349.50  -29.50 (VIOLATED)
_787807_/A                            320.00  349.48  -29.48 (VIOLATED)
_744288_/A                            320.00  349.46  -29.46 (VIOLATED)
_745474_/B                            320.00  349.46  -29.46 (VIOLATED)
_742234_/A                            320.00  349.43  -29.43 (VIOLATED)
_763036_/A                            320.00  349.42  -29.42 (VIOLATED)
_591321_/A                            320.00  349.39  -29.39 (VIOLATED)
place78249/A                          320.00  349.37  -29.37 (VIOLATED)
_745615_/A                            320.00  349.34  -29.34 (VIOLATED)
_745324_/A                            320.00  349.29  -29.29 (VIOLATED)
_745219_/A                            320.00  349.28  -29.28 (VIOLATED)
_765780_/C                            320.00  349.27  -29.27 (VIOLATED)
rdata_q[6787]$_DFFE_PP_/QN            320.00  349.27  -29.27 (VIOLATED)
_745616_/A                            320.00  349.25  -29.25 (VIOLATED)
_737955_/A                            320.00  349.24  -29.24 (VIOLATED)
place79666/A                          320.00  349.24  -29.24 (VIOLATED)
place76695/A                          320.00  349.23  -29.23 (VIOLATED)
_591320_/A                            320.00  349.22  -29.22 (VIOLATED)
_745351_/A                            320.00  349.21  -29.21 (VIOLATED)
rdata_q[7117]$_DFFE_PP_/QN            320.00  349.17  -29.17 (VIOLATED)
part_q[5][11]$_DFFE_PP_/QN            320.00  349.16  -29.16 (VIOLATED)
_719363_/B                            320.00  349.15  -29.15 (VIOLATED)
place70463/A                          320.00  349.14  -29.14 (VIOLATED)
_745620_/A                            320.00  349.13  -29.13 (VIOLATED)
place79051/A                          320.00  349.07  -29.07 (VIOLATED)
place87866/A                          320.00  349.07  -29.07 (VIOLATED)
_698917_/A                            320.00  349.05  -29.05 (VIOLATED)
_743347_/A                            320.00  349.00  -29.00 (VIOLATED)
_742238_/A                            320.00  348.98  -28.98 (VIOLATED)
_833060_/CI                           320.00  348.98  -28.98 (VIOLATED)
_743297_/A                            320.00  348.95  -28.95 (VIOLATED)
_787939_/A                            320.00  348.93  -28.93 (VIOLATED)
_764667_/A1                           320.00  348.92  -28.92 (VIOLATED)
_763301_/A                            320.00  348.91  -28.91 (VIOLATED)
_806129_/A                            320.00  348.89  -28.89 (VIOLATED)
_738474_/B                            320.00  348.88  -28.88 (VIOLATED)
_597607_/B                            320.00  348.88  -28.88 (VIOLATED)
_739176_/B                            320.00  348.86  -28.86 (VIOLATED)
_797318_/CI                           320.00  348.84  -28.84 (VIOLATED)
_591319_/A                            320.00  348.84  -28.84 (VIOLATED)
_745618_/A                            320.00  348.83  -28.83 (VIOLATED)
_763115_/C                            320.00  348.81  -28.81 (VIOLATED)
_763646_/A1                           320.00  348.78  -28.78 (VIOLATED)
place77229/A                          320.00  348.74  -28.74 (VIOLATED)
_745531_/B                            320.00  348.73  -28.73 (VIOLATED)
_763636_/A1                           320.00  348.72  -28.72 (VIOLATED)
part_q[30][10]$_DFFE_PP_/QN           320.00  348.71  -28.71 (VIOLATED)
_741684_/A                            320.00  348.71  -28.71 (VIOLATED)
_787757_/A1                           320.00  348.70  -28.70 (VIOLATED)
_763128_/C                            320.00  348.70  -28.70 (VIOLATED)
_480154_/Y                            320.00  348.69  -28.69 (VIOLATED)
place76134/A                          320.00  348.65  -28.65 (VIOLATED)
_738981_/B                            320.00  348.64  -28.64 (VIOLATED)
_741343_/A                            320.00  348.63  -28.63 (VIOLATED)
place77178/A                          320.00  348.63  -28.63 (VIOLATED)
_626594_/A                            320.00  348.63  -28.63 (VIOLATED)
_718269_/B                            320.00  348.59  -28.59 (VIOLATED)
_744286_/A                            320.00  348.57  -28.57 (VIOLATED)
_787866_/A1                           320.00  348.52  -28.52 (VIOLATED)
a_sym[5][1]$_DFFE_PN0P_/QN            320.00  348.52  -28.52 (VIOLATED)
_787874_/A1                           320.00  348.51  -28.51 (VIOLATED)
_764017_/C                            320.00  348.50  -28.50 (VIOLATED)
_764666_/A                            320.00  348.48  -28.48 (VIOLATED)
_763666_/A1                           320.00  348.47  -28.47 (VIOLATED)
_763804_/C                            320.00  348.46  -28.46 (VIOLATED)
place76669/A                          320.00  348.45  -28.45 (VIOLATED)
_591318_/A                            320.00  348.43  -28.43 (VIOLATED)
_764700_/A1                           320.00  348.42  -28.42 (VIOLATED)
_764148_/C                            320.00  348.41  -28.41 (VIOLATED)
_764697_/A1                           320.00  348.40  -28.40 (VIOLATED)
_769118_/A                            320.00  348.37  -28.37 (VIOLATED)
_742392_/B                            320.00  348.37  -28.37 (VIOLATED)
place79157/A                          320.00  348.36  -28.36 (VIOLATED)
_747907_/A                            320.00  348.34  -28.34 (VIOLATED)
_787726_/C                            320.00  348.34  -28.34 (VIOLATED)
_787760_/A1                           320.00  348.32  -28.32 (VIOLATED)
oskid_d[122]$_DFFE_PN0P_/RESETN       320.00  348.32  -28.32 (VIOLATED)
_746610_/B                            320.00  348.30  -28.30 (VIOLATED)
_787761_/A1                           320.00  348.29  -28.29 (VIOLATED)
_747932_/A                            320.00  348.28  -28.28 (VIOLATED)
_750276_/A                            320.00  348.28  -28.28 (VIOLATED)
_743485_/A                            320.00  348.25  -28.25 (VIOLATED)
place82063/A                          320.00  348.25  -28.25 (VIOLATED)
place79279/A                          320.00  348.24  -28.24 (VIOLATED)
_763042_/A1                           320.00  348.23  -28.23 (VIOLATED)
_745648_/A                            320.00  348.23  -28.23 (VIOLATED)
_787947_/A1                           320.00  348.22  -28.22 (VIOLATED)
_745548_/B                            320.00  348.21  -28.21 (VIOLATED)
_677281_/B                            320.00  348.20  -28.20 (VIOLATED)
_765430_/C                            320.00  348.18  -28.18 (VIOLATED)
_753791_/A                            320.00  348.16  -28.16 (VIOLATED)
_746699_/A                            320.00  348.16  -28.16 (VIOLATED)
_763648_/A1                           320.00  348.16  -28.16 (VIOLATED)
_787572_/C                            320.00  348.15  -28.15 (VIOLATED)
_763330_/C                            320.00  348.14  -28.14 (VIOLATED)
_686611_/B                            320.00  348.13  -28.13 (VIOLATED)
_766037_/C                            320.00  348.13  -28.13 (VIOLATED)
_763599_/A1                           320.00  348.10  -28.10 (VIOLATED)
_787683_/C                            320.00  348.09  -28.09 (VIOLATED)
_763598_/A                            320.00  348.09  -28.09 (VIOLATED)
_763188_/C                            320.00  348.08  -28.08 (VIOLATED)
_763703_/A1                           320.00  348.07  -28.07 (VIOLATED)
_763602_/A1                           320.00  348.06  -28.06 (VIOLATED)
place78383/A                          320.00  348.04  -28.04 (VIOLATED)
_763600_/A                            320.00  348.04  -28.04 (VIOLATED)
_740155_/B                            320.00  348.01  -28.01 (VIOLATED)
_787717_/C                            320.00  348.00  -28.00 (VIOLATED)
_763140_/C                            320.00  347.99  -27.99 (VIOLATED)
_741344_/A                            320.00  347.97  -27.97 (VIOLATED)
_591317_/A                            320.00  347.96  -27.96 (VIOLATED)
_745708_/B                            320.00  347.91  -27.91 (VIOLATED)
_749739_/A                            320.00  347.91  -27.91 (VIOLATED)
_787906_/C                            320.00  347.91  -27.91 (VIOLATED)
_745678_/A                            320.00  347.90  -27.90 (VIOLATED)
_763982_/A                            320.00  347.89  -27.89 (VIOLATED)
_745354_/A                            320.00  347.88  -27.88 (VIOLATED)
_763983_/A1                           320.00  347.86  -27.86 (VIOLATED)
_764021_/C                            320.00  347.84  -27.84 (VIOLATED)
a_sym[1][2]$_DFFE_PN0P_/QN            320.00  347.84  -27.84 (VIOLATED)
part_q[63][10]$_DFFE_PP_/QN           320.00  347.83  -27.83 (VIOLATED)
rdata_q[6937]$_DFFE_PP_/QN            320.00  347.79  -27.79 (VIOLATED)
_764032_/A1                           320.00  347.78  -27.78 (VIOLATED)
_797511_/A                            320.00  347.76  -27.76 (VIOLATED)
a_sym[0][6]$_DFFE_PN0P_/QN            320.00  347.74  -27.74 (VIOLATED)
_820141_/CI                           320.00  347.74  -27.74 (VIOLATED)
_738298_/B                            320.00  347.71  -27.71 (VIOLATED)
_638199_/B                            320.00  347.71  -27.71 (VIOLATED)
part_q[13][19]$_DFFE_PP_/QN           320.00  347.71  -27.71 (VIOLATED)
_741698_/A                            320.00  347.69  -27.69 (VIOLATED)
rdata_q[6539]$_DFFE_PP_/QN            320.00  347.68  -27.68 (VIOLATED)
place79210/A                          320.00  347.67  -27.67 (VIOLATED)
_745653_/A                            320.00  347.65  -27.65 (VIOLATED)
_762248_/Y                            320.00  347.64  -27.64 (VIOLATED)
_745677_/A                            320.00  347.64  -27.64 (VIOLATED)
_768335_/Y                            320.00  347.63  -27.63 (VIOLATED)
_745639_/A                            320.00  347.61  -27.61 (VIOLATED)
_743373_/A                            320.00  347.58  -27.58 (VIOLATED)
wire18492/A                           320.00  347.57  -27.57 (VIOLATED)
_745676_/A                            320.00  347.57  -27.57 (VIOLATED)
hold127183/A                          320.00  347.54  -27.54 (VIOLATED)
_745231_/A                            320.00  347.52  -27.52 (VIOLATED)
rdata_q[7104]$_DFFE_PP_/QN            320.00  347.52  -27.52 (VIOLATED)
_740363_/B                            320.00  347.50  -27.50 (VIOLATED)
in_data_q[143]$_DFFE_PN0P_/QN         320.00  347.49  -27.49 (VIOLATED)
_764708_/A1                           320.00  347.49  -27.49 (VIOLATED)
_768721_/A                            320.00  347.47  -27.47 (VIOLATED)
_740187_/B                            320.00  347.47  -27.47 (VIOLATED)
_763040_/A                            320.00  347.36  -27.36 (VIOLATED)
_737957_/A                            320.00  347.28  -27.28 (VIOLATED)
_745640_/A                            320.00  347.27  -27.27 (VIOLATED)
_764628_/B                            320.00  347.20  -27.20 (VIOLATED)
_764889_/B                            320.00  347.19  -27.19 (VIOLATED)
_765011_/B                            320.00  347.19  -27.19 (VIOLATED)
_740532_/A                            320.00  347.19  -27.19 (VIOLATED)
_740541_/A                            320.00  347.18  -27.18 (VIOLATED)
_764557_/B                            320.00  347.18  -27.18 (VIOLATED)
_763543_/B                            320.00  347.16  -27.16 (VIOLATED)
_763931_/A                            320.00  347.16  -27.16 (VIOLATED)
_740533_/A                            320.00  347.14  -27.14 (VIOLATED)
_764325_/A                            320.00  347.14  -27.14 (VIOLATED)
_763433_/C                            320.00  347.13  -27.13 (VIOLATED)
oskid_d[125]$_DFFE_PN0P_/RESETN       320.00  347.12  -27.12 (VIOLATED)
_762983_/A                            320.00  347.11  -27.11 (VIOLATED)
oskid_d[120]$_DFFE_PN0P_/RESETN       320.00  347.11  -27.11 (VIOLATED)
_742332_/B                            320.00  347.11  -27.11 (VIOLATED)
_759034_/A                            320.00  347.11  -27.11 (VIOLATED)
_763496_/C                            320.00  347.11  -27.11 (VIOLATED)
_740538_/A                            320.00  347.10  -27.10 (VIOLATED)
_763260_/C                            320.00  347.10  -27.10 (VIOLATED)
oskid_d[127]$_DFFE_PN0P_/RESETN       320.00  347.08  -27.08 (VIOLATED)
_745643_/A                            320.00  347.08  -27.08 (VIOLATED)
_858128_/A                            320.00  347.04  -27.04 (VIOLATED)
_740583_/A                            320.00  347.03  -27.03 (VIOLATED)
_745424_/A                            320.00  347.01  -27.01 (VIOLATED)
oskid_d[126]$_DFFE_PN0P_/RESETN       320.00  347.00  -27.00 (VIOLATED)
_740539_/A                            320.00  346.98  -26.98 (VIOLATED)
_591316_/A                            320.00  346.97  -26.97 (VIOLATED)
rdata_q[6628]$_DFFE_PP_/QN            320.00  346.96  -26.96 (VIOLATED)
_740652_/A                            320.00  346.95  -26.95 (VIOLATED)
_745439_/A                            320.00  346.94  -26.94 (VIOLATED)
_740641_/A                            320.00  346.92  -26.92 (VIOLATED)
_787909_/C                            320.00  346.89  -26.89 (VIOLATED)
_744365_/A                            320.00  346.89  -26.89 (VIOLATED)
_764819_/C                            320.00  346.84  -26.84 (VIOLATED)
_765759_/A1                           320.00  346.83  -26.83 (VIOLATED)
_626595_/A                            320.00  346.83  -26.83 (VIOLATED)
_745621_/A                            320.00  346.82  -26.82 (VIOLATED)
_762226_/B                            320.00  346.80  -26.80 (VIOLATED)
_739503_/B                            320.00  346.79  -26.79 (VIOLATED)
_764831_/C                            320.00  346.76  -26.76 (VIOLATED)
_742236_/A                            320.00  346.75  -26.75 (VIOLATED)
_744291_/A                            320.00  346.72  -26.72 (VIOLATED)
place78615/A                          320.00  346.72  -26.72 (VIOLATED)
coef_q[6]$_DFFE_PN0P_/RESETN          320.00  346.68  -26.68 (VIOLATED)
_763862_/A1                           320.00  346.67  -26.67 (VIOLATED)
in_data_q[42]$_DFFE_PN0P_/QN          320.00  346.67  -26.67 (VIOLATED)
_638190_/B                            320.00  346.62  -26.62 (VIOLATED)
_696546_/B                            320.00  346.61  -26.61 (VIOLATED)
_787876_/C                            320.00  346.61  -26.61 (VIOLATED)
_746545_/B                            320.00  346.59  -26.59 (VIOLATED)
_763875_/A                            320.00  346.53  -26.53 (VIOLATED)
_740496_/A                            320.00  346.52  -26.52 (VIOLATED)
place82942/A                          320.00  346.49  -26.49 (VIOLATED)
_745226_/A                            320.00  346.47  -26.47 (VIOLATED)
_740530_/A                            320.00  346.46  -26.46 (VIOLATED)
_745617_/A                            320.00  346.42  -26.42 (VIOLATED)
_741338_/A                            320.00  346.39  -26.39 (VIOLATED)
_723021_/B                            320.00  346.37  -26.37 (VIOLATED)
_745921_/B                            320.00  346.37  -26.37 (VIOLATED)
_740529_/A                            320.00  346.34  -26.34 (VIOLATED)
_763868_/B                            320.00  346.32  -26.32 (VIOLATED)
place78257/A                          320.00  346.31  -26.31 (VIOLATED)
_740537_/A                            320.00  346.28  -26.28 (VIOLATED)
_736586_/B                            320.00  346.28  -26.28 (VIOLATED)
_591315_/A                            320.00  346.28  -26.28 (VIOLATED)
_737958_/A                            320.00  346.25  -26.25 (VIOLATED)
_640506_/A                            320.00  346.25  -26.25 (VIOLATED)
_764706_/A1                           320.00  346.24  -26.24 (VIOLATED)
_763866_/A2                           320.00  346.21  -26.21 (VIOLATED)
rdata_q[7128]$_DFFE_PP_/QN            320.00  346.18  -26.18 (VIOLATED)
_737959_/A                            320.00  346.16  -26.16 (VIOLATED)
place78680/A                          320.00  346.16  -26.16 (VIOLATED)
_623763_/A                            320.00  346.14  -26.14 (VIOLATED)
_737956_/A                            320.00  346.12  -26.12 (VIOLATED)
_496863_/B3                           320.00  346.11  -26.11 (VIOLATED)
place76720/A                          320.00  346.11  -26.11 (VIOLATED)
_745482_/B                            320.00  346.11  -26.11 (VIOLATED)
_763671_/A1                           320.00  346.10  -26.10 (VIOLATED)
_740531_/A                            320.00  346.10  -26.10 (VIOLATED)
place77921/A                          320.00  346.08  -26.08 (VIOLATED)
_480051_/A                            320.00  346.08  -26.08 (VIOLATED)
_763669_/C                            320.00  346.06  -26.06 (VIOLATED)
_763160_/B                            320.00  346.06  -26.06 (VIOLATED)
rdata_q[6786]$_DFFE_PP_/QN            320.00  346.02  -26.02 (VIOLATED)
_764001_/B                            320.00  346.00  -26.00 (VIOLATED)
_769123_/A                            320.00  346.00  -26.00 (VIOLATED)
_597613_/B                            320.00  346.00  -26.00 (VIOLATED)
_740609_/A                            320.00  345.96  -25.96 (VIOLATED)
_633461_/A                            320.00  345.95  -25.95 (VIOLATED)
_765567_/A                            320.00  345.95  -25.95 (VIOLATED)
_746529_/B                            320.00  345.92  -25.92 (VIOLATED)
_765581_/A                            320.00  345.88  -25.88 (VIOLATED)
oskid_d[121]$_DFFE_PN0P_/RESETN       320.00  345.88  -25.88 (VIOLATED)
_765459_/B2                           320.00  345.88  -25.88 (VIOLATED)
rdata_q[3198]$_DFFE_PP_/QN            320.00  345.87  -25.87 (VIOLATED)
place79228/A                          320.00  345.84  -25.84 (VIOLATED)
_764239_/A                            320.00  345.82  -25.82 (VIOLATED)
_765801_/B                            320.00  345.82  -25.82 (VIOLATED)
_633462_/A                            320.00  345.77  -25.77 (VIOLATED)
_820105_/CI                           320.00  345.76  -25.76 (VIOLATED)
place79134/A                          320.00  345.74  -25.74 (VIOLATED)
_623762_/A                            320.00  345.72  -25.72 (VIOLATED)
_764240_/A1                           320.00  345.71  -25.71 (VIOLATED)
_763436_/A                            320.00  345.71  -25.71 (VIOLATED)
_835858_/CI                           320.00  345.70  -25.70 (VIOLATED)
_742237_/A                            320.00  345.69  -25.69 (VIOLATED)
_737979_/A                            320.00  345.68  -25.68 (VIOLATED)
_742058_/B                            320.00  345.68  -25.68 (VIOLATED)
place79011/A                          320.00  345.68  -25.68 (VIOLATED)
_763437_/A1                           320.00  345.67  -25.67 (VIOLATED)
_766275_/B2                           320.00  345.66  -25.66 (VIOLATED)
_677305_/B                            320.00  345.63  -25.63 (VIOLATED)
_764238_/A1                           320.00  345.63  -25.63 (VIOLATED)
_745398_/B                            320.00  345.61  -25.61 (VIOLATED)
place78117/A                          320.00  345.59  -25.59 (VIOLATED)
_763151_/C                            320.00  345.57  -25.57 (VIOLATED)
rdata_q[6945]$_DFFE_PP_/QN            320.00  345.56  -25.56 (VIOLATED)
place78721/A                          320.00  345.55  -25.55 (VIOLATED)
_743874_/A                            320.00  345.52  -25.52 (VIOLATED)
_737978_/A                            320.00  345.48  -25.48 (VIOLATED)
_765577_/A1                           320.00  345.46  -25.46 (VIOLATED)
_737977_/A                            320.00  345.44  -25.44 (VIOLATED)
_764237_/A                            320.00  345.44  -25.44 (VIOLATED)
a_sym[4][1]$_DFFE_PN0P_/QN            320.00  345.43  -25.43 (VIOLATED)
_745626_/A                            320.00  345.41  -25.41 (VIOLATED)
rdata_q[2329]$_DFFE_PP_/QN            320.00  345.40  -25.40 (VIOLATED)
place78663/A                          320.00  345.40  -25.40 (VIOLATED)
_766067_/B2                           320.00  345.38  -25.38 (VIOLATED)
_743437_/A                            320.00  345.37  -25.37 (VIOLATED)
place83454/A                          320.00  345.35  -25.35 (VIOLATED)
_738123_/B                            320.00  345.35  -25.35 (VIOLATED)
_763612_/A2                           320.00  345.33  -25.33 (VIOLATED)
_745529_/A                            320.00  345.31  -25.31 (VIOLATED)
_740650_/A                            320.00  345.30  -25.30 (VIOLATED)
_737913_/A                            320.00  345.28  -25.28 (VIOLATED)
_740642_/A                            320.00  345.28  -25.28 (VIOLATED)
_745532_/A                            320.00  345.27  -25.27 (VIOLATED)
_762227_/B                            320.00  345.26  -25.26 (VIOLATED)
_623761_/A                            320.00  345.24  -25.24 (VIOLATED)
_633463_/A                            320.00  345.21  -25.21 (VIOLATED)
_745725_/B                            320.00  345.19  -25.19 (VIOLATED)
_763819_/C                            320.00  345.15  -25.15 (VIOLATED)
_764134_/C                            320.00  345.15  -25.15 (VIOLATED)
_763651_/C                            320.00  345.14  -25.14 (VIOLATED)
_740542_/A                            320.00  345.14  -25.14 (VIOLATED)
rdata_q[6464]$_DFFE_PP_/QN            320.00  345.13  -25.13 (VIOLATED)
_745535_/A                            320.00  345.13  -25.13 (VIOLATED)
_765572_/A1                           320.00  345.13  -25.13 (VIOLATED)
_763363_/A1                           320.00  345.12  -25.12 (VIOLATED)
_745530_/A                            320.00  345.12  -25.12 (VIOLATED)
_762225_/A                            320.00  345.11  -25.11 (VIOLATED)
_741680_/A                            320.00  345.08  -25.08 (VIOLATED)
part_q[41][14]$_DFFE_PP_/QN           320.00  345.08  -25.08 (VIOLATED)
_744290_/A                            320.00  345.07  -25.07 (VIOLATED)
_744295_/A                            320.00  345.04  -25.04 (VIOLATED)
_626596_/A                            320.00  345.04  -25.04 (VIOLATED)
_737981_/A                            320.00  345.02  -25.02 (VIOLATED)
_769521_/A                            320.00  345.01  -25.00 (VIOLATED)
_788012_/A                            320.00  345.00  -25.00 (VIOLATED)
_764458_/A1                           320.00  345.00  -25.00 (VIOLATED)
_764456_/A1                           320.00  344.99  -24.99 (VIOLATED)
place77847/A                          320.00  344.98  -24.98 (VIOLATED)
_766040_/C                            320.00  344.91  -24.91 (VIOLATED)
place79037/A                          320.00  344.91  -24.91 (VIOLATED)
_744344_/B                            320.00  344.90  -24.90 (VIOLATED)
_740010_/B                            320.00  344.84  -24.84 (VIOLATED)
_787868_/C                            320.00  344.83  -24.83 (VIOLATED)
_763467_/A1                           320.00  344.81  -24.81 (VIOLATED)
place77192/A                          320.00  344.81  -24.81 (VIOLATED)
_766170_/A1                           320.00  344.79  -24.79 (VIOLATED)
_642836_/A                            320.00  344.79  -24.79 (VIOLATED)
_764035_/C                            320.00  344.78  -24.78 (VIOLATED)
_623760_/A                            320.00  344.78  -24.78 (VIOLATED)
_763306_/A1                           320.00  344.78  -24.78 (VIOLATED)
_727462_/B                            320.00  344.78  -24.78 (VIOLATED)
_738003_/A                            320.00  344.75  -24.75 (VIOLATED)
_612045_/B                            320.00  344.75  -24.75 (VIOLATED)
_737983_/A                            320.00  344.75  -24.75 (VIOLATED)
_614351_/B                            320.00  344.70  -24.70 (VIOLATED)
_853782_/A                            320.00  344.69  -24.69 (VIOLATED)
place72672/A                          320.00  344.68  -24.68 (VIOLATED)
_737980_/A                            320.00  344.65  -24.65 (VIOLATED)
rdata_q[2727]$_DFFE_PP_/QN            320.00  344.61  -24.61 (VIOLATED)
_764688_/A1                           320.00  344.61  -24.61 (VIOLATED)
output10041/A                         320.00  344.60  -24.60 (VIOLATED)
_763986_/A1                           320.00  344.59  -24.59 (VIOLATED)
_741342_/A                            320.00  344.59  -24.59 (VIOLATED)
part_q[51][14]$_DFFE_PP_/QN           320.00  344.56  -24.56 (VIOLATED)
_633464_/A                            320.00  344.53  -24.53 (VIOLATED)
in_data_q[69]$_DFFE_PN0P_/QN          320.00  344.50  -24.50 (VIOLATED)
_787679_/C                            320.00  344.46  -24.46 (VIOLATED)
_642837_/A                            320.00  344.45  -24.45 (VIOLATED)
_739168_/B                            320.00  344.44  -24.44 (VIOLATED)
place78319/A                          320.00  344.44  -24.44 (VIOLATED)
_787690_/A                            320.00  344.40  -24.40 (VIOLATED)
_763824_/C                            320.00  344.39  -24.39 (VIOLATED)
_745553_/A                            320.00  344.37  -24.37 (VIOLATED)
part_q[48][3]$_DFFE_PP_/QN            320.00  344.37  -24.37 (VIOLATED)
part_q[30][5]$_DFFE_PP_/QN            320.00  344.36  -24.36 (VIOLATED)
_787691_/A1                           320.00  344.35  -24.35 (VIOLATED)
_737976_/A                            320.00  344.34  -24.34 (VIOLATED)
_764064_/A1                           320.00  344.34  -24.34 (VIOLATED)
_766160_/A1                           320.00  344.34  -24.34 (VIOLATED)
part_q[28][19]$_DFFE_PP_/QN           320.00  344.25  -24.25 (VIOLATED)
_810313_/CI                           320.00  344.24  -24.24 (VIOLATED)
_764251_/A1                           320.00  344.23  -24.23 (VIOLATED)
_764461_/A1                           320.00  344.23  -24.23 (VIOLATED)
_764463_/A1                           320.00  344.21  -24.21 (VIOLATED)
_623759_/A                            320.00  344.20  -24.20 (VIOLATED)
_763860_/B                            320.00  344.20  -24.20 (VIOLATED)
_787558_/A                            320.00  344.19  -24.19 (VIOLATED)
_765765_/A                            320.00  344.18  -24.18 (VIOLATED)
_763985_/A                            320.00  344.18  -24.18 (VIOLATED)
_744395_/A                            320.00  344.16  -24.16 (VIOLATED)
_764250_/A                            320.00  344.16  -24.16 (VIOLATED)
_738412_/B                            320.00  344.15  -24.15 (VIOLATED)
_765766_/A1                           320.00  344.15  -24.15 (VIOLATED)
_763369_/C                            320.00  344.13  -24.13 (VIOLATED)
_744403_/A                            320.00  344.13  -24.13 (VIOLATED)
_763854_/B                            320.00  344.13  -24.13 (VIOLATED)
_787559_/A1                           320.00  344.11  -24.11 (VIOLATED)
_649237_/B                            320.00  344.11  -24.11 (VIOLATED)
out_pix_data[122]$_DFFE_PN0P_/RESETN  320.00  344.05  -24.05 (VIOLATED)
_768330_/Y                            320.00  344.02  -24.02 (VIOLATED)
_763305_/A                            320.00  344.01  -24.01 (VIOLATED)
_739615_/B                            320.00  344.00  -24.00 (VIOLATED)
_764137_/C                            320.00  343.97  -23.97 (VIOLATED)
_737868_/A                            320.00  343.91  -23.91 (VIOLATED)
_768833_/Y                            320.00  343.89  -23.89 (VIOLATED)
coef_q[0]$_DFFE_PN0P_/RESETN          320.00  343.89  -23.89 (VIOLATED)
_787561_/A                            320.00  343.86  -23.86 (VIOLATED)
_740644_/A                            320.00  343.86  -23.86 (VIOLATED)
_740544_/A                            320.00  343.84  -23.84 (VIOLATED)
rdata_q[7274]$_DFFE_PP_/QN            320.00  343.84  -23.84 (VIOLATED)
rdata_q[2622]$_DFFE_PP_/QN            320.00  343.81  -23.81 (VIOLATED)
_623758_/A                            320.00  343.80  -23.80 (VIOLATED)
_763855_/A2                           320.00  343.80  -23.80 (VIOLATED)
_591314_/A                            320.00  343.79  -23.79 (VIOLATED)
_642838_/A                            320.00  343.76  -23.76 (VIOLATED)
_787562_/A1                           320.00  343.73  -23.73 (VIOLATED)
_740647_/A                            320.00  343.72  -23.72 (VIOLATED)
_745686_/A                            320.00  343.70  -23.70 (VIOLATED)
_787688_/A                            320.00  343.67  -23.67 (VIOLATED)
_787689_/A1                           320.00  343.65  -23.65 (VIOLATED)
_745435_/A                            320.00  343.63  -23.63 (VIOLATED)
_480299_/A                            320.00  343.60  -23.60 (VIOLATED)
_764248_/A                            320.00  343.56  -23.56 (VIOLATED)
_740527_/A                            320.00  343.54  -23.54 (VIOLATED)
place77610/A                          320.00  343.54  -23.54 (VIOLATED)
_764249_/A1                           320.00  343.53  -23.53 (VIOLATED)
oskid_d[124]$_DFFE_PN0P_/RESETN       320.00  343.52  -23.52 (VIOLATED)
out_pix_data[121]$_DFFE_PN0P_/RESETN  320.00  343.51  -23.51 (VIOLATED)
_762490_/A                            320.00  343.48  -23.48 (VIOLATED)
_745554_/A                            320.00  343.48  -23.48 (VIOLATED)
_763852_/A2                           320.00  343.47  -23.47 (VIOLATED)
_740591_/A                            320.00  343.47  -23.47 (VIOLATED)
_762851_/A                            320.00  343.46  -23.46 (VIOLATED)
place77839/A                          320.00  343.44  -23.44 (VIOLATED)
_739603_/B                            320.00  343.44  -23.44 (VIOLATED)
_740222_/B                            320.00  343.43  -23.43 (VIOLATED)
_764275_/C                            320.00  343.40  -23.40 (VIOLATED)
_745551_/A                            320.00  343.35  -23.35 (VIOLATED)
_696522_/B                            320.00  343.34  -23.34 (VIOLATED)
_591313_/A                            320.00  343.34  -23.34 (VIOLATED)
_741795_/B                            320.00  343.33  -23.33 (VIOLATED)
_745552_/A                            320.00  343.32  -23.32 (VIOLATED)
_766261_/A                            320.00  343.27  -23.27 (VIOLATED)
oskid_d[123]$_DFFE_PN0P_/RESETN       320.00  343.27  -23.27 (VIOLATED)
_762866_/A                            320.00  343.25  -23.25 (VIOLATED)
_764529_/A1                           320.00  343.25  -23.25 (VIOLATED)
_762852_/A1                           320.00  343.24  -23.24 (VIOLATED)
_740506_/A                            320.00  343.23  -23.23 (VIOLATED)
_835857_/CI                           320.00  343.22  -23.22 (VIOLATED)
_745549_/A                            320.00  343.22  -23.22 (VIOLATED)
_745531_/A                            320.00  343.21  -23.21 (VIOLATED)
_763713_/A1                           320.00  343.20  -23.20 (VIOLATED)
_762825_/A                            320.00  343.18  -23.18 (VIOLATED)
_677152_/B                            320.00  343.17  -23.17 (VIOLATED)
_762182_/B                            320.00  343.17  -23.17 (VIOLATED)
in_data_q[99]$_DFFE_PN0P_/QN          320.00  343.16  -23.16 (VIOLATED)
_738700_/A                            320.00  343.15  -23.15 (VIOLATED)
_763466_/A                            320.00  343.13  -23.13 (VIOLATED)
_487365_/A                            320.00  343.11  -23.11 (VIOLATED)
_738702_/A                            320.00  343.10  -23.10 (VIOLATED)
_642839_/A                            320.00  343.03  -23.03 (VIOLATED)
_768093_/Y                            320.00  343.03  -23.03 (VIOLATED)
_768690_/A                            320.00  343.03  -23.03 (VIOLATED)
_479612_/A                            320.00  343.02  -23.02 (VIOLATED)
_745534_/A                            320.00  343.00  -23.00 (VIOLATED)
_738701_/A                            320.00  342.98  -22.98 (VIOLATED)
_745353_/A                            320.00  342.97  -22.97 (VIOLATED)
_736998_/A                            320.00  342.95  -22.95 (VIOLATED)
_741972_/B                            320.00  342.93  -22.93 (VIOLATED)
_738697_/A                            320.00  342.93  -22.93 (VIOLATED)
_745228_/A                            320.00  342.93  -22.93 (VIOLATED)
place78741/A                          320.00  342.90  -22.90 (VIOLATED)
_786936_/B                            320.00  342.87  -22.87 (VIOLATED)
_745533_/A                            320.00  342.87  -22.87 (VIOLATED)
rdata_q[7824]$_DFFE_PP_/QN            320.00  342.85  -22.85 (VIOLATED)
_677125_/B                            320.00  342.80  -22.80 (VIOLATED)
_745556_/A                            320.00  342.80  -22.80 (VIOLATED)
_844712_/A                            320.00  342.79  -22.79 (VIOLATED)
_739162_/B                            320.00  342.78  -22.78 (VIOLATED)
_623757_/A                            320.00  342.77  -22.77 (VIOLATED)
_764283_/C                            320.00  342.76  -22.76 (VIOLATED)
_480868_/B                            320.00  342.75  -22.75 (VIOLATED)
_762339_/A                            320.00  342.75  -22.75 (VIOLATED)
_738678_/A                            320.00  342.73  -22.73 (VIOLATED)
_766264_/A                            320.00  342.70  -22.70 (VIOLATED)
_766262_/A1                           320.00  342.70  -22.70 (VIOLATED)
_765764_/A1                           320.00  342.69  -22.69 (VIOLATED)
m_addr[6]$_DFFE_PN0P_/RESETN          320.00  342.69  -22.69 (VIOLATED)
_745526_/A                            320.00  342.68  -22.68 (VIOLATED)
place78013/A                          320.00  342.67  -22.67 (VIOLATED)
_592513_/A                            320.00  342.66  -22.66 (VIOLATED)
_742313_/B                            320.00  342.66  -22.66 (VIOLATED)
wire18480/A                           320.00  342.63  -22.63 (VIOLATED)
place84069/A                          320.00  342.63  -22.63 (VIOLATED)
out_pix_data[120]$_DFFE_PN0P_/RESETN  320.00  342.61  -22.61 (VIOLATED)
m_addr[7]$_DFFE_PN0P_/RESETN          320.00  342.61  -22.61 (VIOLATED)
_764244_/A1                           320.00  342.59  -22.59 (VIOLATED)
out_pix_data[123]$_DFFE_PN0P_/RESETN  320.00  342.56  -22.56 (VIOLATED)
_687281_/A                            320.00  342.56  -22.56 (VIOLATED)
_738682_/A                            320.00  342.53  -22.53 (VIOLATED)
out_pix_data[124]$_DFFE_PN0P_/RESETN  320.00  342.53  -22.53 (VIOLATED)
_763991_/A1                           320.00  342.50  -22.50 (VIOLATED)
_743493_/A                            320.00  342.49  -22.49 (VIOLATED)
_592512_/A                            320.00  342.49  -22.49 (VIOLATED)
_738704_/A                            320.00  342.48  -22.48 (VIOLATED)
_763990_/A                            320.00  342.48  -22.48 (VIOLATED)
_763045_/A                            320.00  342.47  -22.47 (VIOLATED)
m_addr[8]$_DFFE_PN0P_/RESETN          320.00  342.46  -22.46 (VIOLATED)
place77008/A                          320.00  342.46  -22.46 (VIOLATED)
_763046_/A1                           320.00  342.44  -22.44 (VIOLATED)
_762841_/A1                           320.00  342.43  -22.43 (VIOLATED)
m_addr[2]$_DFFE_PN0P_/RESETN          320.00  342.42  -22.42 (VIOLATED)
_741626_/A                            320.00  342.42  -22.42 (VIOLATED)
_591312_/A                            320.00  342.42  -22.42 (VIOLATED)
_633465_/A                            320.00  342.42  -22.42 (VIOLATED)
_738642_/A                            320.00  342.39  -22.39 (VIOLATED)
_743380_/A                            320.00  342.35  -22.35 (VIOLATED)
rdata_q[7270]$_DFFE_PP_/QN            320.00  342.35  -22.35 (VIOLATED)
_766255_/C                            320.00  342.35  -22.35 (VIOLATED)
_738578_/A                            320.00  342.34  -22.34 (VIOLATED)
_742650_/A                            320.00  342.34  -22.34 (VIOLATED)
place87961/Y                          320.00  342.34  -22.34 (VIOLATED)
_768227_/A                            320.00  342.34  -22.34 (VIOLATED)
_740637_/A                            320.00  342.33  -22.33 (VIOLATED)
_741679_/A                            320.00  342.31  -22.31 (VIOLATED)
_764527_/A1                           320.00  342.27  -22.27 (VIOLATED)
place76394/A                          320.00  342.26  -22.26 (VIOLATED)
_740588_/A                            320.00  342.23  -22.23 (VIOLATED)
_738654_/A                            320.00  342.22  -22.22 (VIOLATED)
_738568_/A                            320.00  342.21  -22.21 (VIOLATED)
_768217_/A                            320.00  342.20  -22.20 (VIOLATED)
_764245_/A                            320.00  342.18  -22.18 (VIOLATED)
place77704/Y                          320.00  342.17  -22.17 (VIOLATED)
_764246_/A1                           320.00  342.16  -22.16 (VIOLATED)
c_cnt[8]$_DFFE_PN0P_/RESETN           320.00  342.15  -22.15 (VIOLATED)
_623756_/A                            320.00  342.14  -22.14 (VIOLATED)
_738575_/A                            320.00  342.14  -22.14 (VIOLATED)
c_cnt[7]$_DFFE_PN0P_/RESETN           320.00  342.14  -22.14 (VIOLATED)
_642840_/A                            320.00  342.14  -22.14 (VIOLATED)
_745432_/A                            320.00  342.14  -22.14 (VIOLATED)
_737944_/B                            320.00  342.13  -22.13 (VIOLATED)
_742239_/A                            320.00  342.13  -22.13 (VIOLATED)
_762840_/A                            320.00  342.11  -22.11 (VIOLATED)
_645348_/B                            320.00  342.07  -22.07 (VIOLATED)
_763463_/A1                           320.00  342.06  -22.06 (VIOLATED)
part_q[41][13]$_DFFE_PP_/QN           320.00  342.05  -22.05 (VIOLATED)
_764243_/A                            320.00  342.05  -22.05 (VIOLATED)
_766289_/C                            320.00  342.04  -22.04 (VIOLATED)
_738695_/A                            320.00  342.02  -22.02 (VIOLATED)
_766293_/C                            320.00  341.98  -21.98 (VIOLATED)
place79250/A                          320.00  341.96  -21.96 (VIOLATED)
_762758_/A                            320.00  341.95  -21.95 (VIOLATED)
_737943_/B                            320.00  341.95  -21.95 (VIOLATED)
_741625_/A                            320.00  341.94  -21.94 (VIOLATED)
_745689_/A                            320.00  341.93  -21.93 (VIOLATED)
_763460_/A                            320.00  341.93  -21.93 (VIOLATED)
rdata_q[6543]$_DFFE_PP_/QN            320.00  341.92  -21.92 (VIOLATED)
_762817_/A1                           320.00  341.92  -21.92 (VIOLATED)
place79437/A                          320.00  341.90  -21.90 (VIOLATED)
_766296_/C                            320.00  341.88  -21.88 (VIOLATED)
_738563_/A                            320.00  341.86  -21.86 (VIOLATED)
_741628_/A                            320.00  341.84  -21.84 (VIOLATED)
_722851_/B                            320.00  341.84  -21.84 (VIOLATED)
place78872/A                          320.00  341.84  -21.84 (VIOLATED)
_745646_/A                            320.00  341.83  -21.83 (VIOLATED)
_633466_/A                            320.00  341.82  -21.82 (VIOLATED)
_740607_/A                            320.00  341.80  -21.80 (VIOLATED)
_787662_/A1                           320.00  341.80  -21.80 (VIOLATED)
_740654_/A                            320.00  341.80  -21.80 (VIOLATED)
_740543_/A                            320.00  341.80  -21.80 (VIOLATED)
_768084_/Y                            320.00  341.79  -21.79 (VIOLATED)
place77362/A                          320.00  341.79  -21.79 (VIOLATED)
_787589_/A1                           320.00  341.76  -21.76 (VIOLATED)
place78659/A                          320.00  341.75  -21.75 (VIOLATED)
place78153/A                          320.00  341.75  -21.75 (VIOLATED)
_787588_/A                            320.00  341.73  -21.73 (VIOLATED)
_764725_/C                            320.00  341.72  -21.72 (VIOLATED)
rdata_q[6469]$_DFFE_PP_/QN            320.00  341.72  -21.72 (VIOLATED)
part_q[1][14]$_DFFE_PP_/QN            320.00  341.70  -21.70 (VIOLATED)
place72673/A                          320.00  341.69  -21.69 (VIOLATED)
in_data_q[76]$_DFFE_PN0P_/QN          320.00  341.69  -21.69 (VIOLATED)
_744402_/A                            320.00  341.68  -21.68 (VIOLATED)
_764295_/A                            320.00  341.68  -21.68 (VIOLATED)
_737930_/A                            320.00  341.66  -21.66 (VIOLATED)
m_addr[4]$_DFFE_PN0P_/RESETN          320.00  341.64  -21.64 (VIOLATED)
_743880_/B                            320.00  341.64  -21.64 (VIOLATED)
_745550_/A                            320.00  341.62  -21.62 (VIOLATED)
_762759_/A1                           320.00  341.61  -21.61 (VIOLATED)
_740610_/A                            320.00  341.60  -21.60 (VIOLATED)
_745839_/B                            320.00  341.60  -21.60 (VIOLATED)
_788040_/A                            320.00  341.60  -21.60 (VIOLATED)
_738698_/A                            320.00  341.59  -21.59 (VIOLATED)
place77870/A                          320.00  341.57  -21.57 (VIOLATED)
_740536_/A                            320.00  341.56  -21.56 (VIOLATED)
_743889_/A                            320.00  341.54  -21.54 (VIOLATED)
_738723_/A                            320.00  341.54  -21.54 (VIOLATED)
_762826_/A1                           320.00  341.53  -21.53 (VIOLATED)
_739149_/B                            320.00  341.51  -21.51 (VIOLATED)
_768339_/Y                            320.00  341.50  -21.50 (VIOLATED)
rdata_q[708]$_DFFE_PP_/QN             320.00  341.47  -21.47 (VIOLATED)
place87473/A                          320.00  341.47  -21.47 (VIOLATED)
_592511_/A                            320.00  341.43  -21.43 (VIOLATED)
_738676_/A                            320.00  341.42  -21.42 (VIOLATED)
_740486_/B                            320.00  341.42  -21.42 (VIOLATED)
_652104_/A                            320.00  341.42  -21.42 (VIOLATED)
place79036/A                          320.00  341.36  -21.36 (VIOLATED)
_737870_/A                            320.00  341.35  -21.35 (VIOLATED)
_763711_/A1                           320.00  341.32  -21.32 (VIOLATED)
_740576_/A                            320.00  341.30  -21.30 (VIOLATED)
_764076_/C                            320.00  341.30  -21.30 (VIOLATED)
_743365_/A                            320.00  341.29  -21.29 (VIOLATED)
rdata_q[7558]$_DFFE_PP_/QN            320.00  341.25  -21.25 (VIOLATED)
c_cnt[2]$_DFFE_PN0P_/RESETN           320.00  341.24  -21.24 (VIOLATED)
place79471/A                          320.00  341.23  -21.23 (VIOLATED)
m_addr[3]$_DFFE_PN0P_/RESETN          320.00  341.23  -21.23 (VIOLATED)
_738717_/A                            320.00  341.22  -21.22 (VIOLATED)
_766191_/A                            320.00  341.21  -21.21 (VIOLATED)
_741339_/B                            320.00  341.20  -21.20 (VIOLATED)
_841528_/CI                           320.00  341.19  -21.19 (VIOLATED)
_841362_/A                            320.00  341.17  -21.17 (VIOLATED)
_763718_/A1                           320.00  341.16  -21.16 (VIOLATED)
place78331/A                          320.00  341.15  -21.15 (VIOLATED)
_764985_/C                            320.00  341.14  -21.14 (VIOLATED)
place79127/A                          320.00  341.13  -21.13 (VIOLATED)
place78700/A                          320.00  341.13  -21.13 (VIOLATED)
_763707_/C                            320.00  341.12  -21.12 (VIOLATED)
_737917_/A                            320.00  341.08  -21.08 (VIOLATED)
_740571_/A                            320.00  341.05  -21.05 (VIOLATED)
_737914_/A                            320.00  341.05  -21.05 (VIOLATED)
_623755_/A                            320.00  341.05  -21.05 (VIOLATED)
hold127213/A                          320.00  341.02  -21.02 (VIOLATED)
_738632_/A                            320.00  341.01  -21.01 (VIOLATED)
_737918_/A                            320.00  341.01  -21.01 (VIOLATED)
_741688_/A                            320.00  341.01  -21.01 (VIOLATED)
_739798_/B                            320.00  341.01  -21.01 (VIOLATED)
_737867_/A                            320.00  340.96  -20.96 (VIOLATED)
_743314_/A                            320.00  340.90  -20.90 (VIOLATED)
_764520_/A1                           320.00  340.89  -20.89 (VIOLATED)
_738635_/A                            320.00  340.85  -20.85 (VIOLATED)
in_data_q[145]$_DFFE_PN0P_/QN         320.00  340.81  -20.81 (VIOLATED)
_763694_/A                            320.00  340.80  -20.80 (VIOLATED)
_745548_/A                            320.00  340.77  -20.77 (VIOLATED)
_743295_/A                            320.00  340.75  -20.75 (VIOLATED)
_740540_/A                            320.00  340.74  -20.74 (VIOLATED)
rdata_q[6598]$_DFFE_PP_/QN            320.00  340.72  -20.72 (VIOLATED)
_741807_/B                            320.00  340.71  -20.71 (VIOLATED)
_479227_/A                            320.00  340.70  -20.70 (VIOLATED)
_743369_/A                            320.00  340.70  -20.70 (VIOLATED)
_765819_/B2                           320.00  340.70  -20.70 (VIOLATED)
_787581_/A1                           320.00  340.70  -20.70 (VIOLATED)
_787592_/A1                           320.00  340.70  -20.70 (VIOLATED)
_763720_/A1                           320.00  340.69  -20.69 (VIOLATED)
_638052_/B                            320.00  340.68  -20.68 (VIOLATED)
_787591_/A                            320.00  340.68  -20.68 (VIOLATED)
_787661_/A                            320.00  340.67  -20.67 (VIOLATED)
_743289_/A                            320.00  340.66  -20.66 (VIOLATED)
_745420_/A                            320.00  340.64  -20.64 (VIOLATED)
_750713_/A                            320.00  340.62  -20.62 (VIOLATED)
_756953_/A                            320.00  340.61  -20.61 (VIOLATED)
_739792_/B                            320.00  340.59  -20.59 (VIOLATED)
place71654/A                          320.00  340.57  -20.57 (VIOLATED)
_738029_/B                            320.00  340.56  -20.56 (VIOLATED)
_762898_/A                            320.00  340.56  -20.56 (VIOLATED)
_638055_/B                            320.00  340.56  -20.56 (VIOLATED)
coef_q[1]$_DFFE_PN0P_/RESETN          320.00  340.56  -20.56 (VIOLATED)
coef_q[2]$_DFFE_PN0P_/RESETN          320.00  340.55  -20.55 (VIOLATED)
_762899_/A1                           320.00  340.55  -20.55 (VIOLATED)
_711322_/B                            320.00  340.55  -20.55 (VIOLATED)
part_q[30][13]$_DFFE_PP_/QN           320.00  340.45  -20.45 (VIOLATED)
_743301_/A                            320.00  340.38  -20.38 (VIOLATED)
_745429_/A                            320.00  340.38  -20.38 (VIOLATED)
_658114_/A                            320.00  340.38  -20.38 (VIOLATED)
_658115_/A                            320.00  340.38  -20.38 (VIOLATED)
_743650_/A                            320.00  340.34  -20.34 (VIOLATED)
_743313_/A                            320.00  340.33  -20.33 (VIOLATED)
hold139942/A                          320.00  340.32  -20.32 (VIOLATED)
_743668_/A                            320.00  340.32  -20.32 (VIOLATED)
in_data_q[153]$_DFFE_PN0P_/QN         320.00  340.30  -20.30 (VIOLATED)
_768331_/Y                            320.00  340.27  -20.27 (VIOLATED)
_765026_/C                            320.00  340.26  -20.26 (VIOLATED)
place78445/A                          320.00  340.25  -20.25 (VIOLATED)
_743643_/A                            320.00  340.23  -20.23 (VIOLATED)
_762186_/B                            320.00  340.21  -20.21 (VIOLATED)
_745524_/A                            320.00  340.21  -20.21 (VIOLATED)
_768366_/A                            320.00  340.20  -20.20 (VIOLATED)
_764359_/A                            320.00  340.20  -20.20 (VIOLATED)
_745672_/A                            320.00  340.20  -20.20 (VIOLATED)
rdata_q[6788]$_DFFE_PP_/QN            320.00  340.19  -20.19 (VIOLATED)
_745540_/A                            320.00  340.19  -20.19 (VIOLATED)
_764522_/A1                           320.00  340.19  -20.19 (VIOLATED)
_745681_/A                            320.00  340.19  -20.19 (VIOLATED)
_764353_/C                            320.00  340.18  -20.18 (VIOLATED)
rdata_q[6569]$_DFFE_PP_/QN            320.00  340.17  -20.17 (VIOLATED)
_745517_/A                            320.00  340.15  -20.15 (VIOLATED)
_688249_/A                            320.00  340.15  -20.15 (VIOLATED)
_744397_/A                            320.00  340.15  -20.15 (VIOLATED)
rdata_q[7555]$_DFFE_PP_/QN            320.00  340.15  -20.15 (VIOLATED)
_764534_/A1                           320.00  340.14  -20.14 (VIOLATED)
_719372_/B                            320.00  340.13  -20.13 (VIOLATED)
_841521_/CI                           320.00  340.13  -20.13 (VIOLATED)
_743288_/A                            320.00  340.13  -20.13 (VIOLATED)
_743721_/A                            320.00  340.11  -20.11 (VIOLATED)
_764532_/A1                           320.00  340.06  -20.06 (VIOLATED)
_745537_/A                            320.00  340.06  -20.06 (VIOLATED)
place78279/A                          320.00  340.05  -20.05 (VIOLATED)
_743324_/A                            320.00  340.04  -20.04 (VIOLATED)
_768377_/Y                            320.00  340.04  -20.04 (VIOLATED)
_658116_/A                            320.00  340.03  -20.03 (VIOLATED)
_743714_/A                            320.00  340.01  -20.01 (VIOLATED)
_743664_/A                            320.00  340.01  -20.01 (VIOLATED)
_764099_/A1                           320.00  340.00  -20.00 (VIOLATED)
place79432/A                          320.00  339.99  -19.99 (VIOLATED)
_765434_/C                            320.00  339.98  -19.98 (VIOLATED)
_745557_/A                            320.00  339.98  -19.98 (VIOLATED)
_743677_/A                            320.00  339.92  -19.92 (VIOLATED)
_661924_/B                            320.00  339.92  -19.92 (VIOLATED)
_737982_/A                            320.00  339.91  -19.91 (VIOLATED)
_743716_/A                            320.00  339.91  -19.91 (VIOLATED)
place78973/A                          320.00  339.91  -19.91 (VIOLATED)
_745523_/A                            320.00  339.87  -19.87 (VIOLATED)
_642841_/A                            320.00  339.86  -19.86 (VIOLATED)
rdata_q[5986]$_DFFE_PP_/QN            320.00  339.86  -19.86 (VIOLATED)
rdata_q[6545]$_DFFE_PP_/QN            320.00  339.82  -19.82 (VIOLATED)
_748095_/A                            320.00  339.81  -19.81 (VIOLATED)
_677308_/B                            320.00  339.81  -19.81 (VIOLATED)
_745528_/A                            320.00  339.80  -19.80 (VIOLATED)
_764355_/A1                           320.00  339.79  -19.79 (VIOLATED)
_745555_/A                            320.00  339.76  -19.76 (VIOLATED)
_745376_/A                            320.00  339.75  -19.75 (VIOLATED)
_743672_/A                            320.00  339.71  -19.71 (VIOLATED)
_740528_/A                            320.00  339.70  -19.70 (VIOLATED)
_743362_/A                            320.00  339.70  -19.70 (VIOLATED)
_739469_/B                            320.00  339.66  -19.66 (VIOLATED)
_753402_/A                            320.00  339.65  -19.65 (VIOLATED)
_743647_/A                            320.00  339.63  -19.63 (VIOLATED)
_743723_/A                            320.00  339.62  -19.62 (VIOLATED)
place83384/A                          320.00  339.61  -19.61 (VIOLATED)
_738576_/A                            320.00  339.61  -19.61 (VIOLATED)
_738414_/B                            320.00  339.59  -19.59 (VIOLATED)
_743379_/A                            320.00  339.59  -19.59 (VIOLATED)
coef_q[4]$_DFFE_PN0P_/RESETN          320.00  339.59  -19.59 (VIOLATED)
m_addr[0]$_DFFE_PN0P_/RESETN          320.00  339.57  -19.57 (VIOLATED)
_743712_/A                            320.00  339.56  -19.56 (VIOLATED)
_658117_/A                            320.00  339.56  -19.56 (VIOLATED)
_745543_/A                            320.00  339.52  -19.52 (VIOLATED)
_633467_/A                            320.00  339.51  -19.51 (VIOLATED)
_743658_/A                            320.00  339.49  -19.49 (VIOLATED)
hold127166/A                          320.00  339.48  -19.48 (VIOLATED)
_738813_/B                            320.00  339.47  -19.47 (VIOLATED)
m_ce[16]$_DFFE_PN0P_/QN               320.00  339.46  -19.46 (VIOLATED)
m_addr[1]$_DFFE_PN0P_/RESETN          320.00  339.45  -19.45 (VIOLATED)
place82948/A                          320.00  339.39  -19.39 (VIOLATED)
_743312_/A                            320.00  339.38  -19.38 (VIOLATED)
place78450/A                          320.00  339.38  -19.38 (VIOLATED)
_743294_/A                            320.00  339.37  -19.37 (VIOLATED)
_745539_/A                            320.00  339.36  -19.36 (VIOLATED)
_766257_/B1                           320.00  339.35  -19.35 (VIOLATED)
_766256_/B1                           320.00  339.35  -19.35 (VIOLATED)
_737872_/A                            320.00  339.33  -19.33 (VIOLATED)
_743705_/A                            320.00  339.33  -19.33 (VIOLATED)
_766288_/B1                           320.00  339.32  -19.32 (VIOLATED)
_769386_/A                            320.00  339.31  -19.31 (VIOLATED)
_737871_/A                            320.00  339.31  -19.31 (VIOLATED)
_745297_/A                            320.00  339.30  -19.30 (VIOLATED)
_857661_/A                            320.00  339.28  -19.28 (VIOLATED)
_763210_/C                            320.00  339.27  -19.27 (VIOLATED)
_766284_/B1                           320.00  339.23  -19.23 (VIOLATED)
_623754_/A                            320.00  339.22  -19.22 (VIOLATED)
_766283_/B1                           320.00  339.20  -19.20 (VIOLATED)
_740488_/A                            320.00  339.18  -19.18 (VIOLATED)
rdata_q[5517]$_DFFE_PP_/QN            320.00  339.18  -19.18 (VIOLATED)
_741186_/A                            320.00  339.17  -19.17 (VIOLATED)
_763441_/C                            320.00  339.16  -19.16 (VIOLATED)
_741189_/A                            320.00  339.15  -19.15 (VIOLATED)
output10018/A                         320.00  339.14  -19.14 (VIOLATED)
_764238_/C                            320.00  339.14  -19.14 (VIOLATED)
_479576_/A                            320.00  339.13  -19.13 (VIOLATED)
_745544_/A                            320.00  339.11  -19.11 (VIOLATED)
_745546_/A                            320.00  339.11  -19.11 (VIOLATED)
_480112_/A                            320.00  339.11  -19.11 (VIOLATED)
_638031_/B                            320.00  339.10  -19.10 (VIOLATED)
_745635_/A                            320.00  339.09  -19.09 (VIOLATED)
_738715_/A                            320.00  339.09  -19.09 (VIOLATED)
_658118_/A                            320.00  339.08  -19.08 (VIOLATED)
place87769/A                          320.00  339.07  -19.07 (VIOLATED)
_741200_/A                            320.00  339.06  -19.06 (VIOLATED)
_748504_/B                            320.00  339.05  -19.05 (VIOLATED)
_749353_/A                            320.00  339.05  -19.05 (VIOLATED)
_766312_/B1                           320.00  339.04  -19.04 (VIOLATED)
_480425_/A                            320.00  339.04  -19.04 (VIOLATED)
_482408_/A                            320.00  339.03  -19.03 (VIOLATED)
_765806_/A                            320.00  339.02  -19.02 (VIOLATED)
_746797_/A                            320.00  339.01  -19.01 (VIOLATED)
place76672/A                          320.00  339.00  -19.00 (VIOLATED)
_765807_/A1                           320.00  339.00  -19.00 (VIOLATED)
_764246_/C                            320.00  338.98  -18.98 (VIOLATED)
_741213_/A                            320.00  338.97  -18.97 (VIOLATED)
_763914_/C                            320.00  338.97  -18.97 (VIOLATED)
_743822_/A                            320.00  338.97  -18.97 (VIOLATED)
_766309_/B1                           320.00  338.96  -18.96 (VIOLATED)
_746787_/A                            320.00  338.95  -18.95 (VIOLATED)
_742241_/A                            320.00  338.94  -18.94 (VIOLATED)
_486235_/A                            320.00  338.94  -18.94 (VIOLATED)
_766071_/C                            320.00  338.94  -18.94 (VIOLATED)
_738018_/B                            320.00  338.92  -18.92 (VIOLATED)
place79203/A                          320.00  338.90  -18.90 (VIOLATED)
_765805_/A1                           320.00  338.89  -18.89 (VIOLATED)
_751186_/A                            320.00  338.88  -18.88 (VIOLATED)
_766295_/B1                           320.00  338.87  -18.87 (VIOLATED)
_745526_/B                            320.00  338.87  -18.87 (VIOLATED)
_741215_/A                            320.00  338.87  -18.87 (VIOLATED)
_766292_/B1                           320.00  338.86  -18.86 (VIOLATED)
_766317_/B1                           320.00  338.84  -18.84 (VIOLATED)
_742478_/B                            320.00  338.81  -18.81 (VIOLATED)
_763470_/C                            320.00  338.78  -18.78 (VIOLATED)
_746786_/Y                            320.00  338.77  -18.77 (VIOLATED)
_743659_/A                            320.00  338.76  -18.76 (VIOLATED)
_764096_/A                            320.00  338.74  -18.74 (VIOLATED)
_764097_/A1                           320.00  338.74  -18.74 (VIOLATED)
_744145_/B                            320.00  338.73  -18.73 (VIOLATED)
_765464_/C                            320.00  338.70  -18.70 (VIOLATED)
place79453/A                          320.00  338.67  -18.67 (VIOLATED)
_741182_/A                            320.00  338.67  -18.67 (VIOLATED)
_745538_/A                            320.00  338.66  -18.66 (VIOLATED)
in_data_q[11]$_DFFE_PN0P_/QN          320.00  338.65  -18.65 (VIOLATED)
_482748_/A                            320.00  338.64  -18.64 (VIOLATED)
part_q[21][14]$_DFFE_PP_/QN           320.00  338.64  -18.64 (VIOLATED)
rdata_q[6624]$_DFFE_PP_/QN            320.00  338.64  -18.64 (VIOLATED)
_644985_/A                            320.00  338.63  -18.63 (VIOLATED)
_765030_/A                            320.00  338.63  -18.63 (VIOLATED)
place77060/A                          320.00  338.62  -18.62 (VIOLATED)
_642842_/A                            320.00  338.62  -18.62 (VIOLATED)
place82950/A                          320.00  338.62  -18.62 (VIOLATED)
_741184_/A                            320.00  338.60  -18.60 (VIOLATED)
_741174_/A                            320.00  338.59  -18.59 (VIOLATED)
_658119_/A                            320.00  338.58  -18.58 (VIOLATED)
_841363_/CI                           320.00  338.58  -18.58 (VIOLATED)
_764249_/C                            320.00  338.57  -18.57 (VIOLATED)
place79458/A                          320.00  338.55  -18.55 (VIOLATED)
_635124_/B                            320.00  338.55  -18.55 (VIOLATED)
rdata_q[900]$_DFFE_PP_/QN             320.00  338.53  -18.53 (VIOLATED)
_744396_/A                            320.00  338.52  -18.52 (VIOLATED)
rdata_q[4868]$_DFFE_PP_/QN            320.00  338.51  -18.51 (VIOLATED)
_644984_/A                            320.00  338.51  -18.51 (VIOLATED)
_762890_/A1                           320.00  338.50  -18.50 (VIOLATED)
_743339_/A                            320.00  338.49  -18.49 (VIOLATED)
_741183_/A                            320.00  338.47  -18.47 (VIOLATED)
_743349_/B                            320.00  338.46  -18.46 (VIOLATED)
_766304_/B1                           320.00  338.45  -18.45 (VIOLATED)
_764232_/A                            320.00  338.42  -18.42 (VIOLATED)
_762183_/B                            320.00  338.42  -18.42 (VIOLATED)
_745542_/A                            320.00  338.41  -18.41 (VIOLATED)
_764233_/A1                           320.00  338.40  -18.40 (VIOLATED)
_737866_/A                            320.00  338.39  -18.39 (VIOLATED)
_740585_/A                            320.00  338.39  -18.39 (VIOLATED)
_763451_/A1                           320.00  338.39  -18.39 (VIOLATED)
_763449_/A                            320.00  338.39  -18.39 (VIOLATED)
_768336_/Y                            320.00  338.38  -18.38 (VIOLATED)
_750476_/A                            320.00  338.37  -18.37 (VIOLATED)
_763447_/A1                           320.00  338.37  -18.37 (VIOLATED)
_738830_/A                            320.00  338.35  -18.35 (VIOLATED)
_769495_/Y                            320.00  338.34  -18.34 (VIOLATED)
_745521_/A                            320.00  338.32  -18.32 (VIOLATED)
_482512_/A                            320.00  338.28  -18.28 (VIOLATED)
_741685_/A                            320.00  338.27  -18.27 (VIOLATED)
rdata_q[6622]$_DFFE_PP_/QN            320.00  338.26  -18.26 (VIOLATED)
_644983_/A                            320.00  338.26  -18.26 (VIOLATED)
place87820/A                          320.00  338.24  -18.24 (VIOLATED)
_741185_/A                            320.00  338.24  -18.24 (VIOLATED)
_787644_/A                            320.00  338.22  -18.22 (VIOLATED)
_787639_/C                            320.00  338.22  -18.22 (VIOLATED)
_738831_/A                            320.00  338.22  -18.22 (VIOLATED)
_766237_/B                            320.00  338.22  -18.22 (VIOLATED)
_858124_/A                            320.00  338.21  -18.21 (VIOLATED)
_641370_/A                            320.00  338.21  -18.21 (VIOLATED)
_787650_/A1                           320.00  338.21  -18.21 (VIOLATED)
_764098_/A                            320.00  338.19  -18.19 (VIOLATED)
place78878/A                          320.00  338.19  -18.19 (VIOLATED)
_766269_/B                            320.00  338.18  -18.18 (VIOLATED)
_787669_/A1                           320.00  338.17  -18.17 (VIOLATED)
_787596_/A1                           320.00  338.16  -18.16 (VIOLATED)
_662976_/A                            320.00  338.15  -18.15 (VIOLATED)
_738810_/A                            320.00  338.13  -18.13 (VIOLATED)
_787599_/A1                           320.00  338.12  -18.12 (VIOLATED)
_763464_/A1                           320.00  338.12  -18.12 (VIOLATED)
place77177/A                          320.00  338.11  -18.11 (VIOLATED)
_738732_/A                            320.00  338.09  -18.09 (VIOLATED)
_658120_/A                            320.00  338.06  -18.06 (VIOLATED)
_766275_/B1                           320.00  338.06  -18.06 (VIOLATED)
_745668_/A                            320.00  338.05  -18.05 (VIOLATED)
_727648_/B                            320.00  338.05  -18.05 (VIOLATED)
_739357_/B                            320.00  338.04  -18.04 (VIOLATED)
_763721_/A                            320.00  338.01  -18.01 (VIOLATED)
_763716_/A1                           320.00  338.00  -18.00 (VIOLATED)
_745630_/A                            320.00  338.00  -18.00 (VIOLATED)
rdata_q[6561]$_DFFE_PP_/QN            320.00  337.99  -17.99 (VIOLATED)
_745631_/A                            320.00  337.97  -17.97 (VIOLATED)
_743958_/B                            320.00  337.97  -17.97 (VIOLATED)
_764739_/A1                           320.00  337.96  -17.96 (VIOLATED)
_745692_/A                            320.00  337.96  -17.96 (VIOLATED)
_745697_/A                            320.00  337.95  -17.95 (VIOLATED)
_762889_/A                            320.00  337.95  -17.95 (VIOLATED)
_745628_/A                            320.00  337.95  -17.95 (VIOLATED)
_769516_/A                            320.00  337.95  -17.95 (VIOLATED)
_766149_/B                            320.00  337.94  -17.94 (VIOLATED)
_745645_/A                            320.00  337.93  -17.93 (VIOLATED)
_787598_/A                            320.00  337.91  -17.91 (VIOLATED)
place83450/A                          320.00  337.90  -17.90 (VIOLATED)
_649104_/B                            320.00  337.89  -17.89 (VIOLATED)
place78167/A                          320.00  337.89  -17.89 (VIOLATED)
_741194_/A                            320.00  337.89  -17.89 (VIOLATED)
_745667_/A                            320.00  337.89  -17.89 (VIOLATED)
_745683_/A                            320.00  337.86  -17.86 (VIOLATED)
_745516_/A                            320.00  337.85  -17.85 (VIOLATED)
_745541_/A                            320.00  337.80  -17.80 (VIOLATED)
_765489_/A                            320.00  337.78  -17.78 (VIOLATED)
part_q[40][4]$_DFFE_PP_/QN            320.00  337.78  -17.78 (VIOLATED)
_738599_/A                            320.00  337.78  -17.78 (VIOLATED)
_766158_/C                            320.00  337.77  -17.77 (VIOLATED)
_745530_/B                            320.00  337.76  -17.76 (VIOLATED)
place76397/A                          320.00  337.74  -17.74 (VIOLATED)
rdata_q[7086]$_DFFE_PP_/QN            320.00  337.73  -17.73 (VIOLATED)
_765820_/C                            320.00  337.73  -17.73 (VIOLATED)
_741405_/B                            320.00  337.73  -17.73 (VIOLATED)
_738829_/A                            320.00  337.72  -17.72 (VIOLATED)
_745695_/A                            320.00  337.72  -17.72 (VIOLATED)
_743361_/A                            320.00  337.71  -17.71 (VIOLATED)
_738814_/A                            320.00  337.70  -17.70 (VIOLATED)
_738754_/A                            320.00  337.68  -17.68 (VIOLATED)
_745629_/A                            320.00  337.68  -17.68 (VIOLATED)
_764699_/C                            320.00  337.67  -17.67 (VIOLATED)
_766153_/C                            320.00  337.67  -17.67 (VIOLATED)
place78218/A                          320.00  337.65  -17.65 (VIOLATED)
_743688_/A                            320.00  337.64  -17.64 (VIOLATED)
_740624_/A                            320.00  337.63  -17.63 (VIOLATED)
_738800_/A                            320.00  337.63  -17.63 (VIOLATED)
_745703_/B                            320.00  337.63  -17.63 (VIOLATED)
_737869_/A                            320.00  337.59  -17.59 (VIOLATED)
_745522_/A                            320.00  337.59  -17.59 (VIOLATED)
_644982_/A                            320.00  337.59  -17.59 (VIOLATED)
_486037_/A                            320.00  337.58  -17.58 (VIOLATED)
_787668_/A                            320.00  337.58  -17.58 (VIOLATED)
_738859_/A                            320.00  337.57  -17.57 (VIOLATED)
_766163_/C                            320.00  337.56  -17.56 (VIOLATED)
nbm1_q[8]$_DFFE_PN0P_/RESETN          320.00  337.55  -17.55 (VIOLATED)
_737874_/A                            320.00  337.55  -17.55 (VIOLATED)
_696390_/B                            320.00  337.54  -17.54 (VIOLATED)
part_q[48][11]$_DFFE_PP_/QN           320.00  337.53  -17.53 (VIOLATED)
_479270_/A                            320.00  337.53  -17.53 (VIOLATED)
_742509_/B                            320.00  337.53  -17.53 (VIOLATED)
part_q[30][9]$_DFFE_PP_/QN            320.00  337.50  -17.50 (VIOLATED)
_762184_/B                            320.00  337.48  -17.48 (VIOLATED)
_738779_/B                            320.00  337.47  -17.47 (VIOLATED)
_738856_/A                            320.00  337.47  -17.47 (VIOLATED)
_766168_/C                            320.00  337.47  -17.47 (VIOLATED)
_743502_/A                            320.00  337.47  -17.47 (VIOLATED)
_740553_/A                            320.00  337.46  -17.46 (VIOLATED)
_738867_/A                            320.00  337.45  -17.45 (VIOLATED)
_745696_/A                            320.00  337.44  -17.44 (VIOLATED)
_787595_/A                            320.00  337.44  -17.44 (VIOLATED)
_740629_/A                            320.00  337.42  -17.42 (VIOLATED)
_765794_/A2                           320.00  337.42  -17.42 (VIOLATED)
_740632_/A                            320.00  337.41  -17.41 (VIOLATED)
_743708_/A                            320.00  337.41  -17.41 (VIOLATED)
_738899_/A                            320.00  337.41  -17.41 (VIOLATED)
_738869_/A                            320.00  337.39  -17.39 (VIOLATED)
_764726_/C                            320.00  337.38  -17.38 (VIOLATED)
_858062_/A                            320.00  337.36  -17.36 (VIOLATED)
c_cnt[1]$_DFFE_PN0P_/RESETN           320.00  337.35  -17.35 (VIOLATED)
_741237_/A                            320.00  337.33  -17.33 (VIOLATED)
_766083_/A1                           320.00  337.31  -17.31 (VIOLATED)
_738782_/A                            320.00  337.25  -17.25 (VIOLATED)
_738720_/A                            320.00  337.24  -17.24 (VIOLATED)
_642843_/A                            320.00  337.24  -17.24 (VIOLATED)
_766095_/A1                           320.00  337.20  -17.20 (VIOLATED)
place77257/A                          320.00  337.18  -17.18 (VIOLATED)
_738778_/A                            320.00  337.18  -17.18 (VIOLATED)
_764709_/C                            320.00  337.17  -17.17 (VIOLATED)
_633469_/A                            320.00  337.16  -17.16 (VIOLATED)
place79116/A                          320.00  337.16  -17.16 (VIOLATED)
_765788_/A2                           320.00  337.16  -17.16 (VIOLATED)
_599768_/B                            320.00  337.15  -17.15 (VIOLATED)
_787266_/B                            320.00  337.10  -17.10 (VIOLATED)
_743338_/A                            320.00  337.10  -17.10 (VIOLATED)
_677131_/B                            320.00  337.09  -17.09 (VIOLATED)
_479261_/Y                            320.00  337.07  -17.07 (VIOLATED)
_745662_/A                            320.00  337.07  -17.07 (VIOLATED)
_743304_/A                            320.00  337.07  -17.07 (VIOLATED)
_644981_/A                            320.00  337.05  -17.05 (VIOLATED)
_743429_/A                            320.00  337.05  -17.05 (VIOLATED)
_745220_/B                            320.00  337.03  -17.03 (VIOLATED)
place87927/A                          320.00  336.91  -16.91 (VIOLATED)
_743327_/A                            320.00  336.89  -16.89 (VIOLATED)
_761893_/B1                           320.00  336.89  -16.89 (VIOLATED)
_761887_/B1                           320.00  336.89  -16.89 (VIOLATED)
_761883_/B1                           320.00  336.89  -16.89 (VIOLATED)
_719357_/B                            320.00  336.89  -16.89 (VIOLATED)
_736143_/A                            320.00  336.88  -16.88 (VIOLATED)
_761889_/B1                           320.00  336.87  -16.87 (VIOLATED)
_736136_/A                            320.00  336.87  -16.87 (VIOLATED)
_766314_/A1                           320.00  336.85  -16.85 (VIOLATED)
coef_q[3]$_DFFE_PN0P_/RESETN          320.00  336.85  -16.85 (VIOLATED)
_736138_/A                            320.00  336.85  -16.85 (VIOLATED)
_761885_/B1                           320.00  336.85  -16.85 (VIOLATED)
_736132_/A                            320.00  336.83  -16.83 (VIOLATED)
_745682_/A                            320.00  336.83  -16.83 (VIOLATED)
_764383_/A                            320.00  336.82  -16.82 (VIOLATED)
_736145_/A                            320.00  336.81  -16.81 (VIOLATED)
_736129_/A                            320.00  336.80  -16.80 (VIOLATED)
_761896_/B1                           320.00  336.80  -16.80 (VIOLATED)
_766311_/A1                           320.00  336.80  -16.80 (VIOLATED)
_762883_/A                            320.00  336.80  -16.80 (VIOLATED)
_765789_/B                            320.00  336.79  -16.79 (VIOLATED)
_765054_/C                            320.00  336.78  -16.78 (VIOLATED)
_761891_/B1                           320.00  336.78  -16.78 (VIOLATED)
_768515_/Y                            320.00  336.77  -16.77 (VIOLATED)
_738900_/A                            320.00  336.76  -16.76 (VIOLATED)
_741178_/A                            320.00  336.75  -16.75 (VIOLATED)
_736140_/A                            320.00  336.75  -16.75 (VIOLATED)
_738891_/A                            320.00  336.73  -16.73 (VIOLATED)
_736127_/B                            320.00  336.73  -16.73 (VIOLATED)
_761881_/B1                           320.00  336.72  -16.72 (VIOLATED)
_743376_/A                            320.00  336.71  -16.71 (VIOLATED)
_738784_/A                            320.00  336.70  -16.70 (VIOLATED)
_761879_/B1                           320.00  336.70  -16.70 (VIOLATED)
_761877_/B1                           320.00  336.70  -16.70 (VIOLATED)
_761873_/A                            320.00  336.69  -16.69 (VIOLATED)
_765583_/A1                           320.00  336.69  -16.69 (VIOLATED)
_766321_/C                            320.00  336.69  -16.69 (VIOLATED)
_763223_/C                            320.00  336.68  -16.68 (VIOLATED)
_736123_/A                            320.00  336.68  -16.68 (VIOLATED)
_738809_/A                            320.00  336.68  -16.68 (VIOLATED)
_662977_/A                            320.00  336.67  -16.67 (VIOLATED)
_764379_/C                            320.00  336.66  -16.66 (VIOLATED)
_737873_/A                            320.00  336.65  -16.65 (VIOLATED)
_738002_/A                            320.00  336.65  -16.65 (VIOLATED)
place87767/A                          320.00  336.63  -16.63 (VIOLATED)
_765049_/C                            320.00  336.62  -16.62 (VIOLATED)
_738862_/A                            320.00  336.61  -16.61 (VIOLATED)
_765790_/A2                           320.00  336.60  -16.60 (VIOLATED)
_766302_/C                            320.00  336.60  -16.60 (VIOLATED)
_688248_/A                            320.00  336.58  -16.58 (VIOLATED)
_743334_/A                            320.00  336.57  -16.57 (VIOLATED)
_749084_/A                            320.00  336.56  -16.56 (VIOLATED)
_749062_/A                            320.00  336.56  -16.56 (VIOLATED)
_743356_/A                            320.00  336.56  -16.56 (VIOLATED)
_727474_/B                            320.00  336.51  -16.51 (VIOLATED)
_738818_/A                            320.00  336.50  -16.50 (VIOLATED)
rdata_q[6926]$_DFFE_PP_/QN            320.00  336.47  -16.47 (VIOLATED)
place82926/A                          320.00  336.46  -16.46 (VIOLATED)
_787642_/A1                           320.00  336.46  -16.46 (VIOLATED)
_743737_/A                            320.00  336.46  -16.46 (VIOLATED)
_766306_/A1                           320.00  336.44  -16.44 (VIOLATED)
_743442_/A                            320.00  336.44  -16.44 (VIOLATED)
_743669_/A                            320.00  336.43  -16.43 (VIOLATED)
_645688_/B                            320.00  336.39  -16.39 (VIOLATED)
_751009_/A                            320.00  336.38  -16.38 (VIOLATED)
_765795_/B                            320.00  336.37  -16.37 (VIOLATED)
place76765/A                          320.00  336.35  -16.35 (VIOLATED)
_765568_/C                            320.00  336.35  -16.35 (VIOLATED)
rdata_q[7108]$_DFFE_PP_/QN            320.00  336.34  -16.34 (VIOLATED)
_747472_/A                            320.00  336.33  -16.33 (VIOLATED)
_765796_/A2                           320.00  336.33  -16.33 (VIOLATED)
hold108814/A                          320.00  336.31  -16.31 (VIOLATED)
in_data_q[134]$_DFFE_PN0P_/QN         320.00  336.30  -16.30 (VIOLATED)
_644980_/A                            320.00  336.29  -16.29 (VIOLATED)
_747534_/A                            320.00  336.26  -16.26 (VIOLATED)
_764370_/C                            320.00  336.24  -16.24 (VIOLATED)
_741264_/B                            320.00  336.23  -16.23 (VIOLATED)
_741239_/A                            320.00  336.23  -16.23 (VIOLATED)
_787862_/C                            320.00  336.23  -16.23 (VIOLATED)
_743700_/A                            320.00  336.22  -16.22 (VIOLATED)
_765041_/C                            320.00  336.20  -16.20 (VIOLATED)
_764080_/C                            320.00  336.20  -16.20 (VIOLATED)
_743355_/A                            320.00  336.19  -16.19 (VIOLATED)
_787638_/A1                           320.00  336.16  -16.16 (VIOLATED)
_752461_/A                            320.00  336.12  -16.12 (VIOLATED)
_763907_/C                            320.00  336.12  -16.12 (VIOLATED)
_745707_/B                            320.00  336.10  -16.10 (VIOLATED)
_743697_/A                            320.00  336.08  -16.08 (VIOLATED)
_741195_/A                            320.00  336.08  -16.08 (VIOLATED)
_768087_/Y                            320.00  336.07  -16.07 (VIOLATED)
_750136_/A                            320.00  336.05  -16.05 (VIOLATED)
_742659_/B                            320.00  336.05  -16.05 (VIOLATED)
_743673_/A                            320.00  336.05  -16.05 (VIOLATED)
_741246_/A                            320.00  336.04  -16.04 (VIOLATED)
_591841_/A                            320.00  336.03  -16.03 (VIOLATED)
_787878_/A1                           320.00  336.03  -16.03 (VIOLATED)
_764839_/A1                           320.00  336.02  -16.02 (VIOLATED)
_764720_/C                            320.00  336.01  -16.01 (VIOLATED)
part_q[5][5]$_DFFE_PP_/QN             320.00  336.00  -16.00 (VIOLATED)
_591840_/A                            320.00  335.99  -15.99 (VIOLATED)
_739143_/B                            320.00  335.99  -15.99 (VIOLATED)
_737875_/A                            320.00  335.97  -15.97 (VIOLATED)
_787870_/A1                           320.00  335.97  -15.97 (VIOLATED)
coef_q[104]$_DFFE_PN0P_/RESETN        320.00  335.96  -15.96 (VIOLATED)
_723018_/B                            320.00  335.93  -15.93 (VIOLATED)
_787726_/A1                           320.00  335.92  -15.92 (VIOLATED)
c_cnt[6]$_DFFE_PN0P_/RESETN           320.00  335.90  -15.90 (VIOLATED)
_739817_/A                            320.00  335.90  -15.90 (VIOLATED)
place77188/A                          320.00  335.90  -15.90 (VIOLATED)
_739819_/A                            320.00  335.88  -15.88 (VIOLATED)
_743715_/A                            320.00  335.87  -15.87 (VIOLATED)
_739848_/A                            320.00  335.85  -15.85 (VIOLATED)
_745663_/A                            320.00  335.85  -15.85 (VIOLATED)
c_cnt[4]$_DFFE_PN0P_/RESETN           320.00  335.84  -15.84 (VIOLATED)
_787717_/A1                           320.00  335.83  -15.83 (VIOLATED)
_591839_/A                            320.00  335.81  -15.81 (VIOLATED)
_737984_/A                            320.00  335.80  -15.80 (VIOLATED)
_737985_/A                            320.00  335.79  -15.79 (VIOLATED)
_737105_/A                            320.00  335.79  -15.79 (VIOLATED)
_739810_/A                            320.00  335.73  -15.73 (VIOLATED)
_759649_/A                            320.00  335.73  -15.73 (VIOLATED)
_739815_/A                            320.00  335.73  -15.73 (VIOLATED)
place79122/A                          320.00  335.73  -15.73 (VIOLATED)
place79208/A                          320.00  335.71  -15.71 (VIOLATED)
_749379_/A                            320.00  335.70  -15.70 (VIOLATED)
hold126765/A                          320.00  335.70  -15.70 (VIOLATED)
_745433_/A                            320.00  335.70  -15.70 (VIOLATED)
_743311_/A                            320.00  335.69  -15.69 (VIOLATED)
_762747_/A                            320.00  335.69  -15.69 (VIOLATED)
_747090_/A                            320.00  335.68  -15.68 (VIOLATED)
_762748_/A1                           320.00  335.67  -15.67 (VIOLATED)
in_data_q[13]$_DFFE_PN0P_/QN          320.00  335.67  -15.67 (VIOLATED)
in_data_q[146]$_DFFE_PN0P_/QN         320.00  335.66  -15.66 (VIOLATED)
_787721_/C                            320.00  335.65  -15.65 (VIOLATED)
_743690_/A                            320.00  335.65  -15.65 (VIOLATED)
a_sym[6][3]$_DFFE_PN0P_/QN            320.00  335.64  -15.64 (VIOLATED)
place82949/A                          320.00  335.60  -15.60 (VIOLATED)
c_cnt[3]$_DFFE_PN0P_/RESETN           320.00  335.60  -15.60 (VIOLATED)
place77341/A                          320.00  335.59  -15.59 (VIOLATED)
_836828_/A                            320.00  335.56  -15.56 (VIOLATED)
place77120/A                          320.00  335.55  -15.55 (VIOLATED)
_662978_/A                            320.00  335.51  -15.51 (VIOLATED)
rdata_q[907]$_DFFE_PP_/QN             320.00  335.51  -15.51 (VIOLATED)
_743293_/A                            320.00  335.49  -15.49 (VIOLATED)
_743692_/A                            320.00  335.48  -15.48 (VIOLATED)
_743717_/A                            320.00  335.47  -15.47 (VIOLATED)
_738806_/A                            320.00  335.46  -15.46 (VIOLATED)
_739839_/A                            320.00  335.40  -15.40 (VIOLATED)
_658121_/A                            320.00  335.39  -15.39 (VIOLATED)
_763446_/A                            320.00  335.39  -15.39 (VIOLATED)
_749459_/A                            320.00  335.37  -15.37 (VIOLATED)
_762280_/Y                            320.00  335.37  -15.37 (VIOLATED)
c_cnt[5]$_DFFE_PN0P_/RESETN           320.00  335.36  -15.36 (VIOLATED)
rdata_q[3199]$_DFFE_PP_/QN            320.00  335.35  -15.35 (VIOLATED)
_764830_/A                            320.00  335.35  -15.35 (VIOLATED)
rdata_q[6948]$_DFFE_PP_/QN            320.00  335.33  -15.33 (VIOLATED)
_591838_/A                            320.00  335.33  -15.33 (VIOLATED)
place78937/A                          320.00  335.33  -15.33 (VIOLATED)
place76416/A                          320.00  335.32  -15.32 (VIOLATED)
_763537_/C                            320.00  335.28  -15.28 (VIOLATED)
_664885_/A                            320.00  335.27  -15.27 (VIOLATED)
_738776_/A                            320.00  335.26  -15.26 (VIOLATED)
_767949_/Y                            320.00  335.26  -15.26 (VIOLATED)
_763539_/A1                           320.00  335.23  -15.23 (VIOLATED)
_677149_/B                            320.00  335.23  -15.23 (VIOLATED)
_740399_/B                            320.00  335.20  -15.20 (VIOLATED)
_745527_/A                            320.00  335.19  -15.19 (VIOLATED)
place76996/A                          320.00  335.19  -15.19 (VIOLATED)
_740186_/B                            320.00  335.16  -15.16 (VIOLATED)
_737209_/B                            320.00  335.15  -15.15 (VIOLATED)
_739851_/A                            320.00  335.14  -15.14 (VIOLATED)
_739717_/B                            320.00  335.13  -15.13 (VIOLATED)
_762884_/A1                           320.00  335.13  -15.13 (VIOLATED)
_745518_/A                            320.00  335.10  -15.10 (VIOLATED)
_739854_/A                            320.00  335.10  -15.10 (VIOLATED)
coef_q[149]$_DFFE_PN0P_/QN            320.00  335.08  -15.08 (VIOLATED)
_767944_/Y                            320.00  335.07  -15.07 (VIOLATED)
_745665_/A                            320.00  335.07  -15.07 (VIOLATED)
place78795/A                          320.00  335.06  -15.06 (VIOLATED)
_786879_/Y                            320.00  335.06  -15.06 (VIOLATED)
_603696_/A                            320.00  335.04  -15.04 (VIOLATED)
_763967_/A                            320.00  335.04  -15.04 (VIOLATED)
_644979_/A                            320.00  335.04  -15.04 (VIOLATED)
_768234_/A                            320.00  335.02  -15.02 (VIOLATED)
_738673_/A                            320.00  335.02  -15.02 (VIOLATED)
place78430/A                          320.00  335.02  -15.02 (VIOLATED)
_748559_/B                            320.00  335.01  -15.01 (VIOLATED)
_603695_/A                            320.00  335.01  -15.01 (VIOLATED)
_787730_/C                            320.00  335.01  -15.01 (VIOLATED)
_741441_/B                            320.00  334.99  -14.99 (VIOLATED)
place78793/A                          320.00  334.98  -14.98 (VIOLATED)
_743422_/A                            320.00  334.98  -14.98 (VIOLATED)
_766064_/A                            320.00  334.97  -14.97 (VIOLATED)
_765974_/A1                           320.00  334.97  -14.97 (VIOLATED)
_765972_/C                            320.00  334.97  -14.97 (VIOLATED)
_765951_/C                            320.00  334.97  -14.97 (VIOLATED)
_765968_/A1                           320.00  334.97  -14.97 (VIOLATED)
_765962_/A1                           320.00  334.97  -14.97 (VIOLATED)
_765966_/C                            320.00  334.96  -14.96 (VIOLATED)
_764585_/B                            320.00  334.95  -14.95 (VIOLATED)
_764577_/B                            320.00  334.94  -14.94 (VIOLATED)
rdata_q[3182]$_DFFE_PP_/QN            320.00  334.94  -14.94 (VIOLATED)
_764568_/A                            320.00  334.93  -14.93 (VIOLATED)
_764592_/C                            320.00  334.93  -14.93 (VIOLATED)
place77215/A                          320.00  334.93  -14.93 (VIOLATED)
wire87998/A                           320.00  334.93  -14.93 (VIOLATED)
_745268_/A                            320.00  334.92  -14.92 (VIOLATED)
_766246_/C                            320.00  334.91  -14.91 (VIOLATED)
_745143_/B                            320.00  334.91  -14.91 (VIOLATED)
_769078_/Y                            320.00  334.88  -14.88 (VIOLATED)
_745515_/A                            320.00  334.86  -14.86 (VIOLATED)
rdata_q[6940]$_DFFE_PP_/QN            320.00  334.85  -14.85 (VIOLATED)
place77647/A                          320.00  334.82  -14.82 (VIOLATED)
_737205_/B                            320.00  334.82  -14.82 (VIOLATED)
_743693_/A                            320.00  334.81  -14.81 (VIOLATED)
_747112_/A                            320.00  334.81  -14.81 (VIOLATED)
_633468_/A                            320.00  334.79  -14.79 (VIOLATED)
place77879/A                          320.00  334.79  -14.79 (VIOLATED)
_745589_/B                            320.00  334.76  -14.76 (VIOLATED)
_644334_/A                            320.00  334.76  -14.76 (VIOLATED)
_603698_/A                            320.00  334.74  -14.74 (VIOLATED)
_739809_/A                            320.00  334.72  -14.72 (VIOLATED)
_591837_/A                            320.00  334.62  -14.62 (VIOLATED)
_738282_/A                            320.00  334.61  -14.61 (VIOLATED)
_738326_/A                            320.00  334.60  -14.60 (VIOLATED)
_603697_/A                            320.00  334.59  -14.59 (VIOLATED)
place78514/A                          320.00  334.59  -14.59 (VIOLATED)
_738286_/A                            320.00  334.58  -14.58 (VIOLATED)
_738368_/A                            320.00  334.58  -14.58 (VIOLATED)
_739802_/A                            320.00  334.57  -14.57 (VIOLATED)
rdata_q[6409]$_DFFE_PP_/QN            320.00  334.57  -14.57 (VIOLATED)
_818477_/CI                           320.00  334.55  -14.55 (VIOLATED)
_738327_/A                            320.00  334.53  -14.53 (VIOLATED)
_743425_/A                            320.00  334.53  -14.53 (VIOLATED)
_604956_/A                            320.00  334.53  -14.53 (VIOLATED)
_762275_/Y                            320.00  334.53  -14.53 (VIOLATED)
_738328_/A                            320.00  334.52  -14.52 (VIOLATED)
_745243_/A                            320.00  334.52  -14.52 (VIOLATED)
_743836_/A                            320.00  334.51  -14.51 (VIOLATED)
_743330_/A                            320.00  334.51  -14.51 (VIOLATED)
_767993_/A                            320.00  334.51  -14.51 (VIOLATED)
part_q[55][18]$_DFFE_PP_/QN           320.00  334.51  -14.51 (VIOLATED)
_604975_/A                            320.00  334.51  -14.51 (VIOLATED)
_604990_/A                            320.00  334.50  -14.50 (VIOLATED)
_739792_/A                            320.00  334.49  -14.49 (VIOLATED)
place77613/A                          320.00  334.49  -14.49 (VIOLATED)
_743340_/A                            320.00  334.48  -14.48 (VIOLATED)
_743642_/A                            320.00  334.48  -14.48 (VIOLATED)
_745664_/A                            320.00  334.45  -14.45 (VIOLATED)
_737389_/A                            320.00  334.44  -14.44 (VIOLATED)
_738383_/B                            320.00  334.44  -14.44 (VIOLATED)
_743318_/A                            320.00  334.43  -14.43 (VIOLATED)
m_1h[32]$_DFFE_PN0P_/QN               320.00  334.43  -14.43 (VIOLATED)
_739789_/A                            320.00  334.42  -14.42 (VIOLATED)
_737397_/A                            320.00  334.42  -14.42 (VIOLATED)
place76734/A                          320.00  334.41  -14.41 (VIOLATED)
_738372_/A                            320.00  334.41  -14.41 (VIOLATED)
_745693_/A                            320.00  334.40  -14.40 (VIOLATED)
_797352_/A                            320.00  334.39  -14.39 (VIOLATED)
_658123_/A                            320.00  334.39  -14.39 (VIOLATED)
_605005_/A                            320.00  334.36  -14.36 (VIOLATED)
_658122_/A                            320.00  334.35  -14.35 (VIOLATED)
_737213_/A                            320.00  334.31  -14.31 (VIOLATED)
_741176_/B                            320.00  334.29  -14.29 (VIOLATED)
_738319_/A                            320.00  334.29  -14.29 (VIOLATED)
out_pix_data[69]$_DFFE_PN0P_/RESETN   320.00  334.29  -14.29 (VIOLATED)
_739840_/A                            320.00  334.29  -14.29 (VIOLATED)
_744407_/A                            320.00  334.28  -14.28 (VIOLATED)
_744412_/A                            320.00  334.27  -14.27 (VIOLATED)
part_q[38][5]$_DFFE_PP_/QN            320.00  334.27  -14.27 (VIOLATED)
_737921_/A                            320.00  334.25  -14.25 (VIOLATED)
_739787_/A                            320.00  334.23  -14.23 (VIOLATED)
_736913_/A                            320.00  334.22  -14.22 (VIOLATED)
_740573_/A                            320.00  334.22  -14.22 (VIOLATED)
_745520_/A                            320.00  334.20  -14.20 (VIOLATED)
_741202_/A                            320.00  334.19  -14.19 (VIOLATED)
_633470_/A                            320.00  334.17  -14.17 (VIOLATED)
_744399_/A                            320.00  334.17  -14.17 (VIOLATED)
_738798_/A                            320.00  334.16  -14.16 (VIOLATED)
_745519_/A                            320.00  334.15  -14.15 (VIOLATED)
_764784_/A1                           320.00  334.15  -14.15 (VIOLATED)
_737895_/A                            320.00  334.12  -14.12 (VIOLATED)
_737891_/A                            320.00  334.12  -14.12 (VIOLATED)
rdata_q[7545]$_DFFE_PP_/QN            320.00  334.10  -14.10 (VIOLATED)
_737996_/A                            320.00  334.10  -14.10 (VIOLATED)
_736909_/A                            320.00  334.09  -14.09 (VIOLATED)
_764316_/C                            320.00  334.08  -14.08 (VIOLATED)
_741228_/A                            320.00  334.08  -14.08 (VIOLATED)
_739875_/A                            320.00  334.06  -14.06 (VIOLATED)
_737999_/A                            320.00  334.06  -14.06 (VIOLATED)
_740009_/B                            320.00  334.04  -14.04 (VIOLATED)
_745607_/B                            320.00  334.03  -14.03 (VIOLATED)
_645685_/B                            320.00  334.03  -14.03 (VIOLATED)
_737938_/A                            320.00  334.03  -14.03 (VIOLATED)
_603699_/A                            320.00  334.02  -14.02 (VIOLATED)
_738000_/A                            320.00  334.01  -14.01 (VIOLATED)
_739797_/A                            320.00  334.00  -14.00 (VIOLATED)
_616910_/B                            320.00  334.00  -14.00 (VIOLATED)
_763902_/C                            320.00  334.00  -14.00 (VIOLATED)
_737919_/A                            320.00  333.99  -13.99 (VIOLATED)
place77696/A                          320.00  333.98  -13.98 (VIOLATED)
_739908_/A                            320.00  333.97  -13.97 (VIOLATED)
_736966_/A                            320.00  333.97  -13.97 (VIOLATED)
_738282_/B                            320.00  333.96  -13.96 (VIOLATED)
_739776_/A                            320.00  333.95  -13.95 (VIOLATED)
_738299_/A                            320.00  333.91  -13.91 (VIOLATED)
_738363_/A                            320.00  333.89  -13.89 (VIOLATED)
_739857_/A                            320.00  333.89  -13.89 (VIOLATED)
_737229_/A                            320.00  333.87  -13.87 (VIOLATED)
_738280_/A                            320.00  333.87  -13.87 (VIOLATED)
place87746/A                          320.00  333.86  -13.86 (VIOLATED)
_743466_/A                            320.00  333.85  -13.85 (VIOLATED)
_739889_/B                            320.00  333.79  -13.79 (VIOLATED)
_737377_/A                            320.00  333.79  -13.79 (VIOLATED)
_480827_/A                            320.00  333.77  -13.77 (VIOLATED)
_482564_/A                            320.00  333.77  -13.77 (VIOLATED)
_738303_/A                            320.00  333.77  -13.77 (VIOLATED)
_762187_/B                            320.00  333.76  -13.76 (VIOLATED)
_739796_/A                            320.00  333.74  -13.74 (VIOLATED)
_614226_/B                            320.00  333.73  -13.73 (VIOLATED)
_765002_/C                            320.00  333.72  -13.72 (VIOLATED)
hold111867/A                          320.00  333.72  -13.72 (VIOLATED)
_480838_/B                            320.00  333.71  -13.71 (VIOLATED)
_763197_/C                            320.00  333.71  -13.71 (VIOLATED)
_688247_/A                            320.00  333.71  -13.71 (VIOLATED)
_764066_/C                            320.00  333.71  -13.71 (VIOLATED)
_745666_/A                            320.00  333.70  -13.70 (VIOLATED)
_745632_/A                            320.00  333.69  -13.69 (VIOLATED)
place64463/A                          320.00  333.67  -13.67 (VIOLATED)
_738295_/A                            320.00  333.65  -13.65 (VIOLATED)
place79109/A                          320.00  333.65  -13.65 (VIOLATED)
_744414_/B                            320.00  333.64  -13.64 (VIOLATED)
in_data_q[22]$_DFFE_PN0P_/QN          320.00  333.61  -13.61 (VIOLATED)
_764746_/C                            320.00  333.60  -13.60 (VIOLATED)
_663197_/B                            320.00  333.57  -13.57 (VIOLATED)
_739774_/A                            320.00  333.57  -13.57 (VIOLATED)
_748128_/A                            320.00  333.54  -13.54 (VIOLATED)
_743336_/A                            320.00  333.50  -13.50 (VIOLATED)
_763677_/A1                           320.00  333.49  -13.49 (VIOLATED)
part_q[51][5]$_DFFE_PP_/QN            320.00  333.38  -13.38 (VIOLATED)
a_sym[12][7]$_DFFE_PN0P_/QN           320.00  333.38  -13.38 (VIOLATED)
place87780/A                          320.00  333.38  -13.38 (VIOLATED)
_745619_/B                            320.00  333.38  -13.38 (VIOLATED)
_603700_/A                            320.00  333.37  -13.37 (VIOLATED)
_747580_/A                            320.00  333.34  -13.34 (VIOLATED)
_662979_/A                            320.00  333.32  -13.32 (VIOLATED)
rdata_q[7830]$_DFFE_PP_/QN            320.00  333.32  -13.32 (VIOLATED)
_737418_/A                            320.00  333.31  -13.31 (VIOLATED)
_762249_/Y                            320.00  333.29  -13.29 (VIOLATED)
_614214_/B                            320.00  333.28  -13.28 (VIOLATED)
_737438_/A                            320.00  333.26  -13.26 (VIOLATED)
a_sym[6][5]$_DFFE_PN0P_/QN            320.00  333.25  -13.25 (VIOLATED)
_766249_/C                            320.00  333.24  -13.24 (VIOLATED)
_818309_/CI                           320.00  333.22  -13.22 (VIOLATED)
_630563_/A                            320.00  333.21  -13.21 (VIOLATED)
_739828_/A                            320.00  333.20  -13.20 (VIOLATED)
_750089_/A                            320.00  333.19  -13.19 (VIOLATED)
_768328_/Y                            320.00  333.19  -13.19 (VIOLATED)
_748457_/B                            320.00  333.17  -13.17 (VIOLATED)
_765004_/A1                           320.00  333.15  -13.15 (VIOLATED)
_763248_/C                            320.00  333.14  -13.14 (VIOLATED)
_738294_/A                            320.00  333.14  -13.14 (VIOLATED)
_493062_/A                            320.00  333.13  -13.13 (VIOLATED)
place78523/A                          320.00  333.12  -13.12 (VIOLATED)
_736877_/A                            320.00  333.11  -13.11 (VIOLATED)
_742479_/B                            320.00  333.10  -13.10 (VIOLATED)
part_q[55][16]$_DFFE_PP_/QN           320.00  333.09  -13.09 (VIOLATED)
_788047_/A                            320.00  333.07  -13.07 (VIOLATED)
_739837_/A                            320.00  333.05  -13.05 (VIOLATED)
_745651_/B                            320.00  333.05  -13.05 (VIOLATED)
_644978_/A                            320.00  333.05  -13.05 (VIOLATED)
_765455_/A                            320.00  333.04  -13.04 (VIOLATED)
_766119_/C                            320.00  333.03  -13.03 (VIOLATED)
_642844_/A                            320.00  333.01  -13.01 (VIOLATED)
_630564_/A                            320.00  332.99  -12.99 (VIOLATED)
_736885_/A                            320.00  332.98  -12.98 (VIOLATED)
_764052_/C                            320.00  332.97  -12.97 (VIOLATED)
_762498_/A                            320.00  332.96  -12.96 (VIOLATED)
_748218_/A                            320.00  332.96  -12.96 (VIOLATED)
_736905_/A                            320.00  332.95  -12.95 (VIOLATED)
_748166_/A                            320.00  332.95  -12.95 (VIOLATED)
place77486/Y                          320.00  332.93  -12.93 (VIOLATED)
_737241_/A                            320.00  332.91  -12.91 (VIOLATED)
part_q[51][8]$_DFFE_PP_/QN            320.00  332.91  -12.91 (VIOLATED)
_787265_/Y                            320.00  332.91  -12.91 (VIOLATED)
_743883_/B                            320.00  332.91  -12.91 (VIOLATED)
_736881_/A                            320.00  332.90  -12.90 (VIOLATED)
_644335_/A                            320.00  332.90  -12.90 (VIOLATED)
_737057_/A                            320.00  332.90  -12.90 (VIOLATED)
_737434_/A                            320.00  332.90  -12.90 (VIOLATED)
_737041_/A                            320.00  332.89  -12.89 (VIOLATED)
place83449/A                          320.00  332.87  -12.87 (VIOLATED)
_737479_/A                            320.00  332.84  -12.84 (VIOLATED)
place78490/A                          320.00  332.84  -12.84 (VIOLATED)
_740526_/A                            320.00  332.83  -12.83 (VIOLATED)
part_q[5][10]$_DFFE_PP_/QN            320.00  332.82  -12.82 (VIOLATED)
_763968_/A1                           320.00  332.78  -12.78 (VIOLATED)
_737196_/A                            320.00  332.76  -12.76 (VIOLATED)
_743662_/A                            320.00  332.74  -12.74 (VIOLATED)
rdata_q[6709]$_DFFE_PP_/QN            320.00  332.74  -12.74 (VIOLATED)
_741199_/A                            320.00  332.74  -12.74 (VIOLATED)
a_sym[24][3]$_DFFE_PN0P_/QN           320.00  332.74  -12.74 (VIOLATED)
_750508_/A                            320.00  332.70  -12.70 (VIOLATED)
_663346_/B                            320.00  332.70  -12.70 (VIOLATED)
_738369_/A                            320.00  332.70  -12.70 (VIOLATED)
_738360_/A                            320.00  332.70  -12.70 (VIOLATED)
_748512_/A                            320.00  332.69  -12.69 (VIOLATED)
_737098_/A                            320.00  332.69  -12.69 (VIOLATED)
_754221_/A                            320.00  332.68  -12.68 (VIOLATED)
_737487_/A                            320.00  332.68  -12.68 (VIOLATED)
_738350_/A                            320.00  332.67  -12.67 (VIOLATED)
_729118_/B                            320.00  332.67  -12.67 (VIOLATED)
_764048_/C                            320.00  332.66  -12.66 (VIOLATED)
_591842_/A                            320.00  332.66  -12.66 (VIOLATED)
_749403_/A                            320.00  332.64  -12.64 (VIOLATED)
_738310_/A                            320.00  332.62  -12.62 (VIOLATED)
rdata_q[7652]$_DFFE_PP_/QN            320.00  332.61  -12.61 (VIOLATED)
_592529_/A                            320.00  332.58  -12.58 (VIOLATED)
_763920_/A1                           320.00  332.47  -12.47 (VIOLATED)
_738858_/A                            320.00  332.46  -12.46 (VIOLATED)
c_cnt[0]$_DFFE_PN0P_/RESETN           320.00  332.45  -12.45 (VIOLATED)
_736950_/A                            320.00  332.45  -12.45 (VIOLATED)
_737142_/A                            320.00  332.44  -12.44 (VIOLATED)
_737467_/A                            320.00  332.44  -12.44 (VIOLATED)
_743894_/A                            320.00  332.43  -12.43 (VIOLATED)
_736991_/A                            320.00  332.42  -12.42 (VIOLATED)
place72807/A                          320.00  332.40  -12.40 (VIOLATED)
_737441_/A                            320.00  332.36  -12.36 (VIOLATED)
_764742_/C                            320.00  332.36  -12.36 (VIOLATED)
_738343_/A                            320.00  332.34  -12.34 (VIOLATED)
_737471_/A                            320.00  332.34  -12.34 (VIOLATED)
_603701_/A                            320.00  332.33  -12.33 (VIOLATED)
_738572_/A                            320.00  332.32  -12.32 (VIOLATED)
_745685_/A                            320.00  332.30  -12.30 (VIOLATED)
_737036_/A                            320.00  332.29  -12.29 (VIOLATED)
_810327_/CI                           320.00  332.28  -12.28 (VIOLATED)
place76939/A                          320.00  332.27  -12.27 (VIOLATED)
_630565_/A                            320.00  332.27  -12.27 (VIOLATED)
_738342_/A                            320.00  332.27  -12.27 (VIOLATED)
_635100_/B                            320.00  332.26  -12.26 (VIOLATED)
_738301_/A                            320.00  332.25  -12.25 (VIOLATED)
_737188_/A                            320.00  332.25  -12.25 (VIOLATED)
_738339_/A                            320.00  332.24  -12.24 (VIOLATED)
_738459_/B                            320.00  332.24  -12.24 (VIOLATED)
_743354_/A                            320.00  332.23  -12.23 (VIOLATED)
_766279_/C                            320.00  332.23  -12.23 (VIOLATED)
_738819_/A                            320.00  332.22  -12.22 (VIOLATED)
_745428_/A                            320.00  332.21  -12.21 (VIOLATED)
_738278_/A                            320.00  332.20  -12.20 (VIOLATED)
_736926_/A                            320.00  332.17  -12.17 (VIOLATED)
_738311_/A                            320.00  332.17  -12.17 (VIOLATED)
_741177_/A                            320.00  332.15  -12.15 (VIOLATED)
_762185_/B                            320.00  332.14  -12.14 (VIOLATED)
place72767/A                          320.00  332.13  -12.13 (VIOLATED)
_745410_/A                            320.00  332.12  -12.12 (VIOLATED)
_738358_/A                            320.00  332.12  -12.12 (VIOLATED)
_737016_/A                            320.00  332.11  -12.11 (VIOLATED)
_847984_/B                            320.00  332.11  -12.11 (VIOLATED)
_745684_/A                            320.00  332.10  -12.10 (VIOLATED)
_630566_/A                            320.00  332.09  -12.09 (VIOLATED)
_738359_/A                            320.00  332.07  -12.07 (VIOLATED)
_755054_/B3                           320.00  332.07  -12.07 (VIOLATED)
_737094_/A                            320.00  332.05  -12.05 (VIOLATED)
place78033/A                          320.00  332.05  -12.05 (VIOLATED)
_738348_/A                            320.00  332.05  -12.05 (VIOLATED)
_644977_/A                            320.00  332.05  -12.05 (VIOLATED)
_749219_/A                            320.00  332.03  -12.03 (VIOLATED)
_739799_/A                            320.00  332.01  -12.01 (VIOLATED)
_737369_/A                            320.00  332.01  -12.01 (VIOLATED)
_755057_/A1                           320.00  331.98  -11.98 (VIOLATED)
_841348_/CI                           320.00  331.97  -11.97 (VIOLATED)
_744911_/B                            320.00  331.97  -11.97 (VIOLATED)
_737155_/A                            320.00  331.96  -11.96 (VIOLATED)
_737381_/A                            320.00  331.94  -11.94 (VIOLATED)
_763238_/C                            320.00  331.88  -11.88 (VIOLATED)
coef_q[109]$_DFFE_PN0P_/RESETN        320.00  331.87  -11.87 (VIOLATED)
_764640_/B                            320.00  331.85  -11.85 (VIOLATED)
_745401_/A                            320.00  331.84  -11.84 (VIOLATED)
_740715_/B                            320.00  331.84  -11.84 (VIOLATED)
_738336_/A                            320.00  331.83  -11.83 (VIOLATED)
_737852_/B                            320.00  331.80  -11.80 (VIOLATED)
_748985_/A                            320.00  331.79  -11.79 (VIOLATED)
_743341_/A                            320.00  331.78  -11.78 (VIOLATED)
_592528_/A                            320.00  331.76  -11.76 (VIOLATED)
_738298_/A                            320.00  331.76  -11.76 (VIOLATED)
_747231_/A                            320.00  331.75  -11.75 (VIOLATED)
_787803_/C                            320.00  331.74  -11.74 (VIOLATED)
_750791_/A                            320.00  331.71  -11.71 (VIOLATED)
_745403_/A                            320.00  331.71  -11.71 (VIOLATED)
_737061_/A                            320.00  331.70  -11.70 (VIOLATED)
_765514_/C                            320.00  331.67  -11.67 (VIOLATED)
r_cnt[10]$_DFFE_PN0P_/RESETN          320.00  331.66  -11.66 (VIOLATED)
rdata_q[5983]$_DFFE_PP_/QN            320.00  331.65  -11.65 (VIOLATED)
wire18604/A                           320.00  331.65  -11.65 (VIOLATED)
_737455_/A                            320.00  331.64  -11.64 (VIOLATED)
_737463_/A                            320.00  331.61  -11.61 (VIOLATED)
_737049_/A                            320.00  331.60  -11.60 (VIOLATED)
place79364/A                          320.00  331.60  -11.60 (VIOLATED)
r_cnt[7]$_DFFE_PN0P_/RESETN           320.00  331.57  -11.57 (VIOLATED)
r_cnt[9]$_DFFE_PN0P_/RESETN           320.00  331.57  -11.57 (VIOLATED)
r_cnt[8]$_DFFE_PN0P_/RESETN           320.00  331.56  -11.56 (VIOLATED)
_738345_/A                            320.00  331.54  -11.54 (VIOLATED)
place76943/A                          320.00  331.54  -11.54 (VIOLATED)
_747685_/A                            320.00  331.54  -11.54 (VIOLATED)
_762499_/A1                           320.00  331.52  -11.52 (VIOLATED)
_747137_/A                            320.00  331.52  -11.52 (VIOLATED)
_738317_/A                            320.00  331.49  -11.49 (VIOLATED)
r_cnt[2]$_DFFE_PN0P_/RESETN           320.00  331.48  -11.48 (VIOLATED)
r_cnt[5]$_DFFE_PN0P_/RESETN           320.00  331.48  -11.48 (VIOLATED)
r_cnt[6]$_DFFE_PN0P_/RESETN           320.00  331.47  -11.47 (VIOLATED)
r_cnt[11]$_DFFE_PN0P_/RESETN          320.00  331.47  -11.47 (VIOLATED)
h_m1_q[2]$_DFFE_PN0P_/RESETN          320.00  331.47  -11.47 (VIOLATED)
place77922/A                          320.00  331.47  -11.47 (VIOLATED)
h_m1_q[3]$_DFFE_PN0P_/RESETN          320.00  331.47  -11.47 (VIOLATED)
h_m1_q[4]$_DFFE_PN0P_/RESETN          320.00  331.45  -11.45 (VIOLATED)
_644976_/A                            320.00  331.44  -11.44 (VIOLATED)
_743172_/B                            320.00  331.44  -11.44 (VIOLATED)
h_m1_q[5]$_DFFE_PN0P_/RESETN          320.00  331.43  -11.43 (VIOLATED)
h_m1_q[6]$_DFFE_PN0P_/RESETN          320.00  331.42  -11.42 (VIOLATED)
h_m1_q[7]$_DFFE_PN0P_/RESETN          320.00  331.41  -11.41 (VIOLATED)
rdata_q[7353]$_DFFE_PP_/QN            320.00  331.41  -11.41 (VIOLATED)
coef_q[40]$_DFFE_PN0P_/RESETN         320.00  331.40  -11.40 (VIOLATED)
_741409_/B                            320.00  331.40  -11.40 (VIOLATED)
_737410_/A                            320.00  331.40  -11.40 (VIOLATED)
place87947/Y                          320.00  331.40  -11.40 (VIOLATED)
_737373_/A                            320.00  331.38  -11.38 (VIOLATED)
_745661_/A                            320.00  331.33  -11.33 (VIOLATED)
_745675_/A                            320.00  331.33  -11.33 (VIOLATED)
_737135_/A                            320.00  331.33  -11.33 (VIOLATED)
_662980_/A                            320.00  331.32  -11.32 (VIOLATED)
_737008_/A                            320.00  331.32  -11.32 (VIOLATED)
_737221_/A                            320.00  331.28  -11.28 (VIOLATED)
_749012_/A                            320.00  331.27  -11.27 (VIOLATED)
place78121/A                          320.00  331.26  -11.26 (VIOLATED)
_737405_/A                            320.00  331.25  -11.25 (VIOLATED)
_723027_/B                            320.00  331.21  -11.21 (VIOLATED)
_738361_/A                            320.00  331.21  -11.21 (VIOLATED)
_737881_/B                            320.00  331.21  -11.21 (VIOLATED)
part_q[51][12]$_DFFE_PP_/QN           320.00  331.20  -11.20 (VIOLATED)
_748944_/A                            320.00  331.18  -11.18 (VIOLATED)
rdata_q[1744]$_DFFE_PP_/QN            320.00  331.14  -11.14 (VIOLATED)
_649095_/B                            320.00  331.13  -11.13 (VIOLATED)
_678411_/B                            320.00  331.12  -11.12 (VIOLATED)
_656733_/B                            320.00  331.12  -11.12 (VIOLATED)
_743348_/A                            320.00  331.11  -11.11 (VIOLATED)
_763687_/A1                           320.00  331.10  -11.10 (VIOLATED)
_743316_/A                            320.00  331.10  -11.10 (VIOLATED)
_743333_/A                            320.00  331.06  -11.06 (VIOLATED)
_745698_/A                            320.00  331.06  -11.06 (VIOLATED)
_591843_/A                            320.00  331.00  -11.00 (VIOLATED)
_740719_/B                            320.00  330.97  -10.97 (VIOLATED)
_744394_/A                            320.00  330.95  -10.95 (VIOLATED)
place78708/A                          320.00  330.95  -10.95 (VIOLATED)
coef_q[154]$_DFFE_PN0P_/RESETN        320.00  330.94  -10.94 (VIOLATED)
_763452_/A1                           320.00  330.91  -10.91 (VIOLATED)
_765531_/B                            320.00  330.90  -10.90 (VIOLATED)
_765534_/B                            320.00  330.88  -10.88 (VIOLATED)
_743310_/A                            320.00  330.87  -10.87 (VIOLATED)
_738808_/A                            320.00  330.85  -10.85 (VIOLATED)
_752047_/A                            320.00  330.84  -10.84 (VIOLATED)
_738366_/A                            320.00  330.81  -10.81 (VIOLATED)
_738332_/A                            320.00  330.81  -10.81 (VIOLATED)
_737225_/A                            320.00  330.79  -10.79 (VIOLATED)
_738364_/A                            320.00  330.78  -10.78 (VIOLATED)
_743702_/A                            320.00  330.78  -10.78 (VIOLATED)
_688246_/A                            320.00  330.77  -10.77 (VIOLATED)
_739901_/A                            320.00  330.77  -10.77 (VIOLATED)
_740545_/A                            320.00  330.76  -10.76 (VIOLATED)
_748312_/A                            320.00  330.75  -10.75 (VIOLATED)
_738283_/A                            320.00  330.75  -10.75 (VIOLATED)
_737020_/A                            320.00  330.75  -10.75 (VIOLATED)
_745673_/A                            320.00  330.72  -10.72 (VIOLATED)
coef_q[186]$_DFFE_PN0P_/RESETN        320.00  330.69  -10.69 (VIOLATED)
coef_q[60]$_DFFE_PN0P_/RESETN         320.00  330.68  -10.68 (VIOLATED)
_738325_/A                            320.00  330.68  -10.68 (VIOLATED)
_736104_/B                            320.00  330.67  -10.67 (VIOLATED)
_766277_/A1                           320.00  330.66  -10.66 (VIOLATED)
_738611_/A                            320.00  330.66  -10.66 (VIOLATED)
_737209_/A                            320.00  330.65  -10.65 (VIOLATED)
_749299_/A                            320.00  330.64  -10.64 (VIOLATED)
_630567_/A                            320.00  330.64  -10.64 (VIOLATED)
_696405_/B                            320.00  330.64  -10.64 (VIOLATED)
place77336/A                          320.00  330.61  -10.61 (VIOLATED)
_738352_/A                            320.00  330.59  -10.59 (VIOLATED)
_747669_/A                            320.00  330.58  -10.58 (VIOLATED)
_736959_/A                            320.00  330.57  -10.57 (VIOLATED)
_745649_/B                            320.00  330.54  -10.54 (VIOLATED)
_765461_/A1                           320.00  330.54  -10.54 (VIOLATED)
_738289_/A                            320.00  330.51  -10.51 (VIOLATED)
_746581_/B                            320.00  330.50  -10.50 (VIOLATED)
place79131/A                          320.00  330.49  -10.49 (VIOLATED)
_765470_/A1                           320.00  330.48  -10.48 (VIOLATED)
_496853_/B3                           320.00  330.48  -10.48 (VIOLATED)
place83381/A                          320.00  330.47  -10.47 (VIOLATED)
_686617_/B                            320.00  330.44  -10.44 (VIOLATED)
part_q[2][19]$_DFFE_PP_/QN            320.00  330.43  -10.43 (VIOLATED)
_745648_/B                            320.00  330.42  -10.42 (VIOLATED)
_737175_/A                            320.00  330.41  -10.41 (VIOLATED)
_750977_/A                            320.00  330.40  -10.40 (VIOLATED)
_741530_/A                            320.00  330.39  -10.39 (VIOLATED)
_745529_/B                            320.00  330.39  -10.39 (VIOLATED)
_747136_/Y                            320.00  330.39  -10.39 (VIOLATED)
_736889_/A                            320.00  330.37  -10.37 (VIOLATED)
_738331_/A                            320.00  330.37  -10.37 (VIOLATED)
_741231_/A                            320.00  330.36  -10.36 (VIOLATED)
_820137_/CI                           320.00  330.35  -10.35 (VIOLATED)
_764235_/C                            320.00  330.31  -10.31 (VIOLATED)
_832837_/A                            320.00  330.29  -10.29 (VIOLATED)
_502984_/B3                           320.00  330.29  -10.29 (VIOLATED)
rdata_q[2327]$_DFFE_PP_/QN            320.00  330.28  -10.28 (VIOLATED)
_744463_/A                            320.00  330.27  -10.27 (VIOLATED)
_768807_/A                            320.00  330.27  -10.27 (VIOLATED)
_738291_/A                            320.00  330.26  -10.26 (VIOLATED)
_745659_/A                            320.00  330.24  -10.24 (VIOLATED)
_745660_/A                            320.00  330.24  -10.24 (VIOLATED)
place77449/Y                          320.00  330.22  -10.22 (VIOLATED)
_738322_/A                            320.00  330.21  -10.21 (VIOLATED)
_743423_/A                            320.00  330.21  -10.21 (VIOLATED)
_762908_/A1                           320.00  330.20  -10.20 (VIOLATED)
_741197_/A                            320.00  330.20  -10.20 (VIOLATED)
_762753_/A1                           320.00  330.19  -10.19 (VIOLATED)
_739847_/A                            320.00  330.18  -10.18 (VIOLATED)
_749798_/A                            320.00  330.16  -10.16 (VIOLATED)
_762752_/A                            320.00  330.15  -10.15 (VIOLATED)
_738337_/A                            320.00  330.15  -10.15 (VIOLATED)
_737065_/A                            320.00  330.15  -10.15 (VIOLATED)
_746996_/A                            320.00  330.14  -10.14 (VIOLATED)
rdata_q[6400]$_DFFE_PP_/QN            320.00  330.13  -10.13 (VIOLATED)
_749190_/Y                            320.00  330.12  -10.12 (VIOLATED)
_742423_/B                            320.00  330.11  -10.11 (VIOLATED)
_743890_/A                            320.00  330.07  -10.07 (VIOLATED)
_493098_/A                            320.00  330.07  -10.07 (VIOLATED)
_738566_/A                            320.00  330.06  -10.06 (VIOLATED)
place87807/A                          320.00  330.05  -10.05 (VIOLATED)
_758978_/A                            320.00  330.05  -10.05 (VIOLATED)
_737847_/A                            320.00  330.04  -10.04 (VIOLATED)
_756761_/A                            320.00  330.04  -10.04 (VIOLATED)
clone_1__788069_/ENA                  320.00  330.01  -10.01 (VIOLATED)
coef_q[184]$_DFFE_PN0P_/RESETN        320.00  329.98   -9.98 (VIOLATED)
_763662_/A1                           320.00  329.95   -9.95 (VIOLATED)
part_q[36][16]$_DFFE_PP_/QN           320.00  329.94   -9.94 (VIOLATED)
_741222_/A                            320.00  329.92   -9.92 (VIOLATED)
_738841_/A                            320.00  329.92   -9.92 (VIOLATED)
_768885_/Y                            320.00  329.92   -9.92 (VIOLATED)
place77956/A                          320.00  329.91   -9.91 (VIOLATED)
_738277_/A                            320.00  329.89   -9.89 (VIOLATED)
place78614/A                          320.00  329.89   -9.89 (VIOLATED)
_737000_/A                            320.00  329.86   -9.86 (VIOLATED)
_737106_/A                            320.00  329.85   -9.85 (VIOLATED)
_740751_/B                            320.00  329.85   -9.85 (VIOLATED)
_747119_/A                            320.00  329.83   -9.83 (VIOLATED)
_742902_/B                            320.00  329.81   -9.81 (VIOLATED)
_738365_/A                            320.00  329.79   -9.79 (VIOLATED)
_762901_/A                            320.00  329.78   -9.78 (VIOLATED)
_737114_/A                            320.00  329.77   -9.77 (VIOLATED)
_762902_/A1                           320.00  329.77   -9.77 (VIOLATED)
_739788_/B                            320.00  329.76   -9.76 (VIOLATED)
_762720_/A                            320.00  329.74   -9.74 (VIOLATED)
coef_q[29]$_DFFE_PN0P_/RESETN         320.00  329.70   -9.70 (VIOLATED)
coef_q[130]$_DFFE_PN0P_/RESETN        320.00  329.68   -9.68 (VIOLATED)
_737102_/A                            320.00  329.68   -9.68 (VIOLATED)
_645673_/B                            320.00  329.66   -9.66 (VIOLATED)
_741242_/A                            320.00  329.65   -9.65 (VIOLATED)
m_addr[5]$_DFFE_PN0P_/RESETN          320.00  329.59   -9.59 (VIOLATED)
_762721_/A1                           320.00  329.58   -9.58 (VIOLATED)
rdata_q[6785]$_DFFE_PP_/QN            320.00  329.57   -9.57 (VIOLATED)
_611719_/B                            320.00  329.56   -9.56 (VIOLATED)
_754469_/A1                           320.00  329.56   -9.56 (VIOLATED)
_591844_/A                            320.00  329.56   -9.56 (VIOLATED)
_599759_/B                            320.00  329.53   -9.53 (VIOLATED)
_737426_/A                            320.00  329.53   -9.53 (VIOLATED)
_766002_/A                            320.00  329.53   -9.53 (VIOLATED)
_748343_/B                            320.00  329.51   -9.51 (VIOLATED)
coef_q[99]$_DFFE_PN0P_/RESETN         320.00  329.49   -9.49 (VIOLATED)
_738288_/A                            320.00  329.47   -9.47 (VIOLATED)
_737422_/A                            320.00  329.46   -9.46 (VIOLATED)
coef_q[11]$_DFFE_PN0P_/RESETN         320.00  329.46   -9.46 (VIOLATED)
_648007_/B                            320.00  329.45   -9.45 (VIOLATED)
_646500_/A                            320.00  329.44   -9.44 (VIOLATED)
place78416/A                          320.00  329.40   -9.40 (VIOLATED)
_741171_/A                            320.00  329.40   -9.40 (VIOLATED)
_737176_/A                            320.00  329.39   -9.39 (VIOLATED)
_747032_/A                            320.00  329.39   -9.39 (VIOLATED)
c_d2[341]$_DFFE_PP_/QN                320.00  329.39   -9.39 (VIOLATED)
place78220/A                          320.00  329.38   -9.38 (VIOLATED)
_738293_/A                            320.00  329.37   -9.37 (VIOLATED)
_742416_/B                            320.00  329.37   -9.37 (VIOLATED)
place77204/A                          320.00  329.32   -9.32 (VIOLATED)
_762742_/A1                           320.00  329.31   -9.31 (VIOLATED)
rdata_q[6706]$_DFFE_PP_/QN            320.00  329.28   -9.28 (VIOLATED)
part_q[51][16]$_DFFE_PP_/QN           320.00  329.26   -9.26 (VIOLATED)
_739803_/A                            320.00  329.26   -9.26 (VIOLATED)
_736930_/A                            320.00  329.26   -9.26 (VIOLATED)
_602898_/B                            320.00  329.20   -9.20 (VIOLATED)
_746927_/A                            320.00  329.20   -9.20 (VIOLATED)
_749895_/A                            320.00  329.20   -9.20 (VIOLATED)
place78203/A                          320.00  329.18   -9.18 (VIOLATED)
_646499_/A                            320.00  329.18   -9.18 (VIOLATED)
_737205_/A                            320.00  329.16   -9.16 (VIOLATED)
_763000_/A1                           320.00  329.15   -9.15 (VIOLATED)
_737086_/A                            320.00  329.14   -9.14 (VIOLATED)
place79735/A                          320.00  329.12   -9.12 (VIOLATED)
_737233_/A                            320.00  329.12   -9.12 (VIOLATED)
_746926_/Y                            320.00  329.11   -9.11 (VIOLATED)
_737237_/A                            320.00  329.10   -9.10 (VIOLATED)
_764693_/A1                           320.00  329.10   -9.10 (VIOLATED)
_764689_/A1                           320.00  329.05   -9.05 (VIOLATED)
_662981_/A                            320.00  329.05   -9.05 (VIOLATED)
nbm1_q[5]$_DFFE_PN0P_/RESETN          320.00  329.04   -9.04 (VIOLATED)
_765017_/C                            320.00  329.01   -9.01 (VIOLATED)
_630568_/A                            320.00  329.00   -9.00 (VIOLATED)
_740013_/B                            320.00  328.99   -8.99 (VIOLATED)
_738877_/A                            320.00  328.98   -8.98 (VIOLATED)
_621571_/A                            320.00  328.98   -8.98 (VIOLATED)
_621572_/A                            320.00  328.97   -8.97 (VIOLATED)
_762741_/A                            320.00  328.95   -8.95 (VIOLATED)
_737414_/A                            320.00  328.94   -8.94 (VIOLATED)
_739363_/B                            320.00  328.93   -8.93 (VIOLATED)
_737459_/A                            320.00  328.93   -8.93 (VIOLATED)
_737393_/A                            320.00  328.89   -8.89 (VIOLATED)
_765497_/A1                           320.00  328.89   -8.89 (VIOLATED)
rdata_q[7399]$_DFFE_PP_/QN            320.00  328.89   -8.89 (VIOLATED)
place78882/A                          320.00  328.88   -8.88 (VIOLATED)
_621573_/A                            320.00  328.82   -8.82 (VIOLATED)
_646498_/A                            320.00  328.81   -8.81 (VIOLATED)
_638214_/B                            320.00  328.81   -8.81 (VIOLATED)
_745706_/B                            320.00  328.79   -8.79 (VIOLATED)
_738807_/A                            320.00  328.75   -8.75 (VIOLATED)
_743653_/A                            320.00  328.73   -8.73 (VIOLATED)
_738785_/A                            320.00  328.71   -8.71 (VIOLATED)
_630569_/A                            320.00  328.71   -8.71 (VIOLATED)
place76701/A                          320.00  328.67   -8.67 (VIOLATED)
_797400_/B                            320.00  328.67   -8.67 (VIOLATED)
_607684_/A                            320.00  328.62   -8.62 (VIOLATED)
rdata_q[7437]$_DFFE_PP_/QN            320.00  328.60   -8.60 (VIOLATED)
_737151_/A                            320.00  328.60   -8.60 (VIOLATED)
place78557/A                          320.00  328.59   -8.59 (VIOLATED)
_738206_/B                            320.00  328.55   -8.55 (VIOLATED)
_722860_/B                            320.00  328.55   -8.55 (VIOLATED)
place82880/A                          320.00  328.50   -8.50 (VIOLATED)
place77462/A                          320.00  328.47   -8.47 (VIOLATED)
_745314_/A                            320.00  328.46   -8.46 (VIOLATED)
_745373_/A                            320.00  328.46   -8.46 (VIOLATED)
place78889/A                          320.00  328.45   -8.45 (VIOLATED)
_763729_/A                            320.00  328.44   -8.44 (VIOLATED)
_763730_/A1                           320.00  328.44   -8.44 (VIOLATED)
place77680/A                          320.00  328.43   -8.43 (VIOLATED)
_486208_/A1                           320.00  328.39   -8.39 (VIOLATED)
place78807/A                          320.00  328.36   -8.36 (VIOLATED)
_646491_/A                            320.00  328.32   -8.32 (VIOLATED)
_741693_/B                            320.00  328.30   -8.30 (VIOLATED)
_663618_/A                            320.00  328.29   -8.29 (VIOLATED)
place77006/A                          320.00  328.28   -8.28 (VIOLATED)
_763303_/A1                           320.00  328.28   -8.28 (VIOLATED)
_742490_/B                            320.00  328.27   -8.27 (VIOLATED)
_646497_/A                            320.00  328.27   -8.27 (VIOLATED)
_751325_/A                            320.00  328.26   -8.26 (VIOLATED)
_646492_/A                            320.00  328.24   -8.24 (VIOLATED)
_663619_/A                            320.00  328.21   -8.21 (VIOLATED)
place79736/A                          320.00  328.21   -8.21 (VIOLATED)
_741229_/A                            320.00  328.20   -8.20 (VIOLATED)
_768496_/Y                            320.00  328.19   -8.19 (VIOLATED)
_738582_/A                            320.00  328.15   -8.15 (VIOLATED)
_480373_/A1                           320.00  328.15   -8.15 (VIOLATED)
_663620_/A                            320.00  328.14   -8.14 (VIOLATED)
_749263_/A                            320.00  328.13   -8.13 (VIOLATED)
_764517_/A1                           320.00  328.12   -8.12 (VIOLATED)
place79716/A                          320.00  328.11   -8.11 (VIOLATED)
rdata_q[6560]$_DFFE_PP_/QN            320.00  328.11   -8.11 (VIOLATED)
_741529_/A                            320.00  328.07   -8.07 (VIOLATED)
in_data_q[0]$_DFFE_PN0P_/QN           320.00  328.07   -8.07 (VIOLATED)
_612411_/A                            320.00  328.06   -8.06 (VIOLATED)
_739431_/B                            320.00  328.06   -8.06 (VIOLATED)
_766329_/B2                           320.00  328.04   -8.04 (VIOLATED)
_764515_/A1                           320.00  328.03   -8.03 (VIOLATED)
_739867_/A                            320.00  328.02   -8.02 (VIOLATED)
_612414_/A                            320.00  328.02   -8.02 (VIOLATED)
_591845_/A                            320.00  328.00   -8.00 (VIOLATED)
_646493_/A                            320.00  328.00   -8.00 (VIOLATED)
_765802_/A1                           320.00  327.98   -7.98 (VIOLATED)
_738371_/A                            320.00  327.95   -7.95 (VIOLATED)
_745358_/A                            320.00  327.94   -7.94 (VIOLATED)
part_q[63][7]$_DFFE_PP_/QN            320.00  327.92   -7.92 (VIOLATED)
_765503_/A1                           320.00  327.91   -7.91 (VIOLATED)
_503003_/A1                           320.00  327.89   -7.89 (VIOLATED)
_646494_/A                            320.00  327.88   -7.88 (VIOLATED)
_745650_/B                            320.00  327.87   -7.87 (VIOLATED)
_616004_/B                            320.00  327.86   -7.86 (VIOLATED)
_621574_/A                            320.00  327.84   -7.84 (VIOLATED)
a_sym[5][4]$_DFFE_PN0P_/QN            320.00  327.84   -7.84 (VIOLATED)
_755297_/A                            320.00  327.84   -7.84 (VIOLATED)
_740541_/B                            320.00  327.83   -7.83 (VIOLATED)
_762199_/A                            320.00  327.82   -7.82 (VIOLATED)
_749165_/A                            320.00  327.75   -7.75 (VIOLATED)
_739155_/B                            320.00  327.74   -7.74 (VIOLATED)
_644336_/A                            320.00  327.74   -7.74 (VIOLATED)
_736901_/A                            320.00  327.72   -7.72 (VIOLATED)
_663621_/A                            320.00  327.71   -7.71 (VIOLATED)
place79216/A                          320.00  327.68   -7.68 (VIOLATED)
place78901/A                          320.00  327.64   -7.64 (VIOLATED)
part_q[66][5]$_DFFE_PP_/QN            320.00  327.63   -7.63 (VIOLATED)
_745507_/B                            320.00  327.62   -7.62 (VIOLATED)
_612417_/A                            320.00  327.61   -7.61 (VIOLATED)
_747519_/A                            320.00  327.58   -7.58 (VIOLATED)
_806129_/CI                           320.00  327.56   -7.56 (VIOLATED)
_763706_/A                            320.00  327.52   -7.52 (VIOLATED)
place83462/A                          320.00  327.52   -7.52 (VIOLATED)
_722486_/B                            320.00  327.49   -7.49 (VIOLATED)
place76571/A                          320.00  327.49   -7.49 (VIOLATED)
_741230_/A                            320.00  327.46   -7.46 (VIOLATED)
_752485_/A                            320.00  327.46   -7.46 (VIOLATED)
place77975/A                          320.00  327.46   -7.46 (VIOLATED)
_663622_/A                            320.00  327.46   -7.46 (VIOLATED)
_646495_/A                            320.00  327.43   -7.43 (VIOLATED)
_766266_/A1                           320.00  327.42   -7.42 (VIOLATED)
part_q[47][19]$_DFFE_PP_/QN           320.00  327.42   -7.42 (VIOLATED)
_737069_/A                            320.00  327.39   -7.39 (VIOLATED)
coef_q[7]$_DFFE_PN0P_/RESETN          320.00  327.37   -7.37 (VIOLATED)
_763043_/A1                           320.00  327.36   -7.36 (VIOLATED)
_763594_/A1                           320.00  327.34   -7.34 (VIOLATED)
place82927/A                          320.00  327.34   -7.34 (VIOLATED)
_748451_/A                            320.00  327.33   -7.33 (VIOLATED)
_745125_/B                            320.00  327.30   -7.30 (VIOLATED)
rdata_q[6407]$_DFFE_PP_/QN            320.00  327.29   -7.29 (VIOLATED)
a_sym[0][3]$_DFFE_PN0P_/QN            320.00  327.29   -7.29 (VIOLATED)
_763740_/A1                           320.00  327.28   -7.28 (VIOLATED)
_765550_/A1                           320.00  327.25   -7.25 (VIOLATED)
_744026_/B                            320.00  327.25   -7.25 (VIOLATED)
_767966_/Y                            320.00  327.23   -7.23 (VIOLATED)
_742166_/B                            320.00  327.23   -7.23 (VIOLATED)
_612420_/A                            320.00  327.22   -7.22 (VIOLATED)
_736963_/A                            320.00  327.19   -7.19 (VIOLATED)
part_q[55][6]$_DFFE_PP_/QN            320.00  327.16   -7.16 (VIOLATED)
_743927_/A                            320.00  327.16   -7.16 (VIOLATED)
_666350_/A                            320.00  327.15   -7.15 (VIOLATED)
place72709/A                          320.00  327.13   -7.13 (VIOLATED)
_765547_/A1                           320.00  327.12   -7.12 (VIOLATED)
_745264_/A                            320.00  327.11   -7.11 (VIOLATED)
_591846_/A                            320.00  327.10   -7.10 (VIOLATED)
_739795_/B                            320.00  327.09   -7.09 (VIOLATED)
_762260_/A1                           320.00  327.07   -7.07 (VIOLATED)
_787676_/A                            320.00  327.07   -7.07 (VIOLATED)
_737767_/B                            320.00  327.06   -7.06 (VIOLATED)
_666353_/A                            320.00  327.04   -7.04 (VIOLATED)
_656745_/B                            320.00  327.03   -7.03 (VIOLATED)
_765800_/A1                           320.00  327.03   -7.03 (VIOLATED)
_765799_/A                            320.00  327.01   -7.01 (VIOLATED)
place78898/A                          320.00  327.01   -7.01 (VIOLATED)
m_1h[22]$_DFFE_PN0P_/QN               320.00  327.01   -7.01 (VIOLATED)
rdata_q[6541]$_DFFE_PP_/QN            320.00  326.98   -6.98 (VIOLATED)
_662982_/A                            320.00  326.97   -6.97 (VIOLATED)
_707463_/B                            320.00  326.96   -6.96 (VIOLATED)
place78065/A                          320.00  326.93   -6.93 (VIOLATED)
_741087_/B                            320.00  326.91   -6.91 (VIOLATED)
_765801_/A                            320.00  326.90   -6.90 (VIOLATED)
place77183/A                          320.00  326.90   -6.90 (VIOLATED)
_646496_/A                            320.00  326.89   -6.89 (VIOLATED)
_743352_/B                            320.00  326.89   -6.89 (VIOLATED)
_710833_/A                            320.00  326.89   -6.89 (VIOLATED)
_738850_/B                            320.00  326.87   -6.87 (VIOLATED)
_764637_/B                            320.00  326.86   -6.86 (VIOLATED)
_746556_/B                            320.00  326.84   -6.84 (VIOLATED)
_743656_/A                            320.00  326.83   -6.83 (VIOLATED)
_765771_/A                            320.00  326.81   -6.81 (VIOLATED)
_768372_/Y                            320.00  326.81   -6.81 (VIOLATED)
_736954_/A                            320.00  326.75   -6.75 (VIOLATED)
_739834_/A                            320.00  326.75   -6.75 (VIOLATED)
_738774_/A                            320.00  326.73   -6.73 (VIOLATED)
_738861_/A                            320.00  326.73   -6.73 (VIOLATED)
_663623_/A                            320.00  326.72   -6.72 (VIOLATED)
_745302_/B                            320.00  326.71   -6.71 (VIOLATED)
_743849_/A                            320.00  326.66   -6.66 (VIOLATED)
_621575_/A                            320.00  326.66   -6.66 (VIOLATED)
_737571_/B                            320.00  326.66   -6.66 (VIOLATED)
_768334_/Y                            320.00  326.65   -6.65 (VIOLATED)
nbm1_q[1]$_DFFE_PN0P_/RESETN          320.00  326.65   -6.65 (VIOLATED)
_615035_/A                            320.00  326.64   -6.64 (VIOLATED)
_763685_/A1                           320.00  326.58   -6.58 (VIOLATED)
byp_d2[74]$_DFFE_PP_/QN               320.00  326.58   -6.58 (VIOLATED)
rdata_q[6366]$_DFFE_PP_/QN            320.00  326.54   -6.54 (VIOLATED)
rdata_q[546]$_DFFE_PP_/QN             320.00  326.49   -6.49 (VIOLATED)
_762252_/A1                           320.00  326.49   -6.49 (VIOLATED)
_688942_/B                            320.00  326.47   -6.47 (VIOLATED)
_769073_/Y                            320.00  326.46   -6.46 (VIOLATED)
_740500_/A                            320.00  326.41   -6.41 (VIOLATED)
_768655_/Y                            320.00  326.41   -6.41 (VIOLATED)
_739347_/B                            320.00  326.36   -6.36 (VIOLATED)
_747310_/A                            320.00  326.35   -6.35 (VIOLATED)
place78565/A                          320.00  326.34   -6.34 (VIOLATED)
_762266_/A2                           320.00  326.34   -6.34 (VIOLATED)
_768120_/A                            320.00  326.33   -6.33 (VIOLATED)
_666356_/A                            320.00  326.33   -6.33 (VIOLATED)
place77869/A                          320.00  326.31   -6.31 (VIOLATED)
rdata_q[863]$_DFFE_PP_/QN             320.00  326.31   -6.31 (VIOLATED)
part_q[38][9]$_DFFE_PP_/QN            320.00  326.29   -6.29 (VIOLATED)
_762263_/Y                            320.00  326.28   -6.28 (VIOLATED)
m_1h[29]$_DFFE_PN0P_/QN               320.00  326.27   -6.27 (VIOLATED)
_739836_/A                            320.00  326.27   -6.27 (VIOLATED)
_740923_/A                            320.00  326.26   -6.26 (VIOLATED)
_599774_/B                            320.00  326.25   -6.25 (VIOLATED)
_740933_/A                            320.00  326.25   -6.25 (VIOLATED)
_738652_/A                            320.00  326.22   -6.22 (VIOLATED)
_480333_/Y                            320.00  326.20   -6.20 (VIOLATED)
_741168_/A                            320.00  326.19   -6.19 (VIOLATED)
a_sym[9][0]$_DFFE_PN0P_/QN            320.00  326.17   -6.17 (VIOLATED)
_743349_/A                            320.00  326.16   -6.16 (VIOLATED)
_673542_/A                            320.00  326.15   -6.15 (VIOLATED)
a_sym[2][7]$_DFFE_PN0P_/QN            320.00  326.14   -6.14 (VIOLATED)
_741028_/A                            320.00  326.13   -6.13 (VIOLATED)
_738300_/A                            320.00  326.12   -6.12 (VIOLATED)
place71653/A                          320.00  326.12   -6.12 (VIOLATED)
_738878_/A                            320.00  326.11   -6.11 (VIOLATED)
_738896_/A                            320.00  326.10   -6.10 (VIOLATED)
rdata_q[1817]$_DFFE_PP_/QN            320.00  326.10   -6.10 (VIOLATED)
_738346_/A                            320.00  326.09   -6.09 (VIOLATED)
_742715_/B                            320.00  326.08   -6.08 (VIOLATED)
place77535/A                          320.00  326.07   -6.07 (VIOLATED)
place76364/A                          320.00  326.02   -6.02 (VIOLATED)
_738743_/A                            320.00  326.01   -6.01 (VIOLATED)
_738347_/A                            320.00  326.00   -6.00 (VIOLATED)
_764338_/C                            320.00  325.98   -5.98 (VIOLATED)
_740982_/A                            320.00  325.97   -5.97 (VIOLATED)
a_sym[0][5]$_DFFE_PN0P_/QN            320.00  325.95   -5.95 (VIOLATED)
_738799_/A                            320.00  325.94   -5.94 (VIOLATED)
_748070_/A                            320.00  325.94   -5.94 (VIOLATED)
_737032_/A                            320.00  325.93   -5.93 (VIOLATED)
_768228_/A                            320.00  325.93   -5.93 (VIOLATED)
_820120_/CI                           320.00  325.92   -5.92 (VIOLATED)
_750358_/A                            320.00  325.92   -5.92 (VIOLATED)
_762907_/A                            320.00  325.91   -5.91 (VIOLATED)
_749308_/A                            320.00  325.90   -5.90 (VIOLATED)
_736942_/A                            320.00  325.88   -5.88 (VIOLATED)
_742487_/B                            320.00  325.88   -5.88 (VIOLATED)
_740986_/A                            320.00  325.88   -5.88 (VIOLATED)
_787793_/C                            320.00  325.83   -5.83 (VIOLATED)
_763987_/A1                           320.00  325.82   -5.82 (VIOLATED)
_743907_/A                            320.00  325.81   -5.81 (VIOLATED)
_741245_/A                            320.00  325.81   -5.81 (VIOLATED)
_738767_/A                            320.00  325.81   -5.81 (VIOLATED)
_480780_/A                            320.00  325.80   -5.80 (VIOLATED)
_482534_/A                            320.00  325.79   -5.79 (VIOLATED)
_743891_/A                            320.00  325.78   -5.78 (VIOLATED)
_612423_/A                            320.00  325.78   -5.78 (VIOLATED)
_642845_/A                            320.00  325.77   -5.77 (VIOLATED)
_738880_/A                            320.00  325.71   -5.71 (VIOLATED)
_743876_/A                            320.00  325.71   -5.71 (VIOLATED)
_635121_/B                            320.00  325.71   -5.71 (VIOLATED)
_743923_/A                            320.00  325.70   -5.70 (VIOLATED)
place77218/A                          320.00  325.70   -5.70 (VIOLATED)
_742169_/B                            320.00  325.70   -5.70 (VIOLATED)
coef_q[167]$_DFFE_PN0P_/RESETN        320.00  325.69   -5.69 (VIOLATED)
_761785_/A1                           320.00  325.69   -5.69 (VIOLATED)
_738889_/A                            320.00  325.69   -5.69 (VIOLATED)
_743886_/A                            320.00  325.66   -5.66 (VIOLATED)
_738741_/B                            320.00  325.66   -5.66 (VIOLATED)
_743963_/A                            320.00  325.64   -5.64 (VIOLATED)
_743823_/A                            320.00  325.64   -5.64 (VIOLATED)
_745679_/B                            320.00  325.63   -5.63 (VIOLATED)
place76387/A                          320.00  325.62   -5.62 (VIOLATED)
_635103_/B                            320.00  325.62   -5.62 (VIOLATED)
_666359_/A                            320.00  325.62   -5.62 (VIOLATED)
_738854_/A                            320.00  325.61   -5.61 (VIOLATED)
_736938_/A                            320.00  325.61   -5.61 (VIOLATED)
_763581_/A                            320.00  325.59   -5.59 (VIOLATED)
_769503_/Y                            320.00  325.58   -5.58 (VIOLATED)
_734747_/A                            320.00  325.56   -5.56 (VIOLATED)
_730709_/B                            320.00  325.55   -5.55 (VIOLATED)
_750002_/A                            320.00  325.52   -5.52 (VIOLATED)
place79030/A                          320.00  325.48   -5.48 (VIOLATED)
rdata_q[6927]$_DFFE_PP_/QN            320.00  325.48   -5.48 (VIOLATED)
_761781_/A1                           320.00  325.48   -5.48 (VIOLATED)
_743879_/A                            320.00  325.44   -5.44 (VIOLATED)
_748029_/B                            320.00  325.44   -5.44 (VIOLATED)
_745374_/A                            320.00  325.44   -5.44 (VIOLATED)
_744166_/B                            320.00  325.43   -5.43 (VIOLATED)
place77117/A                          320.00  325.43   -5.43 (VIOLATED)
rdata_q[7409]$_DFFE_PP_/QN            320.00  325.43   -5.43 (VIOLATED)
_761783_/A1                           320.00  325.41   -5.41 (VIOLATED)
_745312_/A                            320.00  325.41   -5.41 (VIOLATED)
_743839_/A                            320.00  325.39   -5.39 (VIOLATED)
_763579_/A                            320.00  325.39   -5.39 (VIOLATED)
_805788_/CI                           320.00  325.38   -5.38 (VIOLATED)
_743727_/A                            320.00  325.38   -5.38 (VIOLATED)
_739793_/A                            320.00  325.38   -5.38 (VIOLATED)
_743843_/A                            320.00  325.37   -5.37 (VIOLATED)
_743878_/A                            320.00  325.37   -5.37 (VIOLATED)
_663624_/A                            320.00  325.35   -5.35 (VIOLATED)
_747278_/A                            320.00  325.35   -5.35 (VIOLATED)
_762779_/A                            320.00  325.34   -5.34 (VIOLATED)
_666362_/A                            320.00  325.33   -5.33 (VIOLATED)
_737385_/A                            320.00  325.33   -5.33 (VIOLATED)
place77020/A                          320.00  325.33   -5.33 (VIOLATED)
_743875_/A                            320.00  325.30   -5.30 (VIOLATED)
_747433_/A                            320.00  325.30   -5.30 (VIOLATED)
place78144/A                          320.00  325.29   -5.29 (VIOLATED)
_741528_/A                            320.00  325.29   -5.29 (VIOLATED)
_723030_/B                            320.00  325.27   -5.27 (VIOLATED)
_737841_/B                            320.00  325.25   -5.25 (VIOLATED)
_737110_/A                            320.00  325.24   -5.24 (VIOLATED)
_743855_/A                            320.00  325.23   -5.23 (VIOLATED)
_747562_/A                            320.00  325.22   -5.22 (VIOLATED)
_787577_/A1                           320.00  325.22   -5.22 (VIOLATED)
_761789_/A1                           320.00  325.21   -5.21 (VIOLATED)
_743980_/A                            320.00  325.21   -5.21 (VIOLATED)
_743979_/A                            320.00  325.20   -5.20 (VIOLATED)
_740937_/A                            320.00  325.18   -5.18 (VIOLATED)
_739900_/A                            320.00  325.17   -5.17 (VIOLATED)
_738585_/A                            320.00  325.15   -5.15 (VIOLATED)
_741218_/A                            320.00  325.14   -5.14 (VIOLATED)
_743974_/A                            320.00  325.14   -5.14 (VIOLATED)
_748760_/A                            320.00  325.13   -5.13 (VIOLATED)
_743825_/A                            320.00  325.13   -5.13 (VIOLATED)
_741131_/A                            320.00  325.13   -5.13 (VIOLATED)
_748873_/A                            320.00  325.11   -5.11 (VIOLATED)
_761793_/A1                           320.00  325.08   -5.08 (VIOLATED)
_630570_/A                            320.00  325.06   -5.06 (VIOLATED)
_605271_/B                            320.00  325.06   -5.06 (VIOLATED)
_750677_/A                            320.00  325.05   -5.05 (VIOLATED)
place71652/A                          320.00  325.04   -5.04 (VIOLATED)
rdata_q[6205]$_DFFE_PP_/QN            320.00  325.04   -5.04 (VIOLATED)
_743883_/A                            320.00  325.03   -5.03 (VIOLATED)
_768088_/Y                            320.00  325.03   -5.03 (VIOLATED)
_748055_/A                            320.00  325.02   -5.02 (VIOLATED)
_750101_/A                            320.00  325.01   -5.01 (VIOLATED)
coef_q[180]$_DFFE_PN0P_/RESETN        320.00  325.00   -5.00 (VIOLATED)
_666365_/A                            320.00  325.00   -5.00 (VIOLATED)
_747561_/Y                            320.00  324.97   -4.97 (VIOLATED)
_748733_/A                            320.00  324.95   -4.95 (VIOLATED)
_750363_/A                            320.00  324.94   -4.94 (VIOLATED)
_621576_/A                            320.00  324.92   -4.92 (VIOLATED)
rdata_q[5818]$_DFFE_PP_/QN            320.00  324.92   -4.92 (VIOLATED)
_738837_/A                            320.00  324.91   -4.91 (VIOLATED)
_763580_/A1                           320.00  324.90   -4.90 (VIOLATED)
_743910_/A                            320.00  324.89   -4.89 (VIOLATED)
part_q[1][1]$_DFFE_PP_/QN             320.00  324.88   -4.88 (VIOLATED)
_743882_/A                            320.00  324.88   -4.88 (VIOLATED)
_738306_/A                            320.00  324.87   -4.87 (VIOLATED)
a_sym[9][2]$_DFFE_PN0P_/QN            320.00  324.87   -4.87 (VIOLATED)
_762181_/B                            320.00  324.87   -4.87 (VIOLATED)
_736897_/A                            320.00  324.87   -4.87 (VIOLATED)
_743880_/A                            320.00  324.86   -4.86 (VIOLATED)
_736918_/A                            320.00  324.85   -4.85 (VIOLATED)
_744370_/A                            320.00  324.85   -4.85 (VIOLATED)
_621577_/A                            320.00  324.83   -4.83 (VIOLATED)
_738425_/B                            320.00  324.80   -4.80 (VIOLATED)
_739737_/A                            320.00  324.80   -4.80 (VIOLATED)
_738297_/A                            320.00  324.80   -4.80 (VIOLATED)
_768503_/Y                            320.00  324.77   -4.77 (VIOLATED)
part_q[55][12]$_DFFE_PP_/QN           320.00  324.76   -4.76 (VIOLATED)
_761787_/A1                           320.00  324.74   -4.74 (VIOLATED)
_739744_/A                            320.00  324.74   -4.74 (VIOLATED)
rdata_q[5970]$_DFFE_PP_/QN            320.00  324.71   -4.71 (VIOLATED)
rdata_q[6542]$_DFFE_PP_/QN            320.00  324.71   -4.71 (VIOLATED)
_739924_/B                            320.00  324.70   -4.70 (VIOLATED)
_597437_/B                            320.00  324.70   -4.70 (VIOLATED)
_762999_/A                            320.00  324.68   -4.68 (VIOLATED)
rdata_q[5977]$_DFFE_PP_/QN            320.00  324.66   -4.66 (VIOLATED)
_621578_/A                            320.00  324.66   -4.66 (VIOLATED)
place77393/A                          320.00  324.65   -4.65 (VIOLATED)
_739732_/A                            320.00  324.62   -4.62 (VIOLATED)
_745563_/B                            320.00  324.59   -4.59 (VIOLATED)
_763164_/C                            320.00  324.57   -4.57 (VIOLATED)
_764003_/A1                           320.00  324.56   -4.56 (VIOLATED)
_740984_/A                            320.00  324.56   -4.56 (VIOLATED)
_765458_/A1                           320.00  324.54   -4.54 (VIOLATED)
_765803_/B2                           320.00  324.54   -4.54 (VIOLATED)
_663625_/A                            320.00  324.53   -4.53 (VIOLATED)
_662953_/A                            320.00  324.53   -4.53 (VIOLATED)
place79256/A                          320.00  324.49   -4.49 (VIOLATED)
_743893_/A                            320.00  324.47   -4.47 (VIOLATED)
_739746_/A                            320.00  324.47   -4.47 (VIOLATED)
_748832_/A                            320.00  324.47   -4.47 (VIOLATED)
_686629_/B                            320.00  324.45   -4.45 (VIOLATED)
_761795_/A1                           320.00  324.45   -4.45 (VIOLATED)
_745479_/B                            320.00  324.44   -4.44 (VIOLATED)
_740990_/A                            320.00  324.42   -4.42 (VIOLATED)
rdata_q[6549]$_DFFE_PP_/QN            320.00  324.41   -4.41 (VIOLATED)
rdata_q[2488]$_DFFE_PP_/QN            320.00  324.41   -4.41 (VIOLATED)
_696525_/B                            320.00  324.39   -4.39 (VIOLATED)
_765463_/A1                           320.00  324.39   -4.39 (VIOLATED)
_736987_/A                            320.00  324.39   -4.39 (VIOLATED)
place79597/A                          320.00  324.39   -4.39 (VIOLATED)
_738577_/A                            320.00  324.32   -4.32 (VIOLATED)
_737023_/A                            320.00  324.32   -4.32 (VIOLATED)
_835361_/CI                           320.00  324.31   -4.31 (VIOLATED)
_482415_/A                            320.00  324.29   -4.29 (VIOLATED)
_766240_/C                            320.00  324.29   -4.29 (VIOLATED)
_743899_/A                            320.00  324.28   -4.28 (VIOLATED)
_743847_/A                            320.00  324.28   -4.28 (VIOLATED)
place78465/A                          320.00  324.27   -4.27 (VIOLATED)
_740361_/B                            320.00  324.27   -4.27 (VIOLATED)
_662952_/A                            320.00  324.27   -4.27 (VIOLATED)
_745462_/A                            320.00  324.26   -4.26 (VIOLATED)
_479200_/A                            320.00  324.25   -4.25 (VIOLATED)
coef_q[168]$_DFFE_PN0P_/RESETN        320.00  324.25   -4.25 (VIOLATED)
_765808_/B2                           320.00  324.24   -4.24 (VIOLATED)
_621579_/A                            320.00  324.24   -4.24 (VIOLATED)
place79609/A                          320.00  324.24   -4.24 (VIOLATED)
_743832_/A                            320.00  324.24   -4.24 (VIOLATED)
_739734_/A                            320.00  324.24   -4.24 (VIOLATED)
_762780_/A1                           320.00  324.21   -4.21 (VIOLATED)
_787576_/A                            320.00  324.21   -4.21 (VIOLATED)
rdata_q[7552]$_DFFE_PP_/QN            320.00  324.19   -4.19 (VIOLATED)
_743846_/A                            320.00  324.18   -4.18 (VIOLATED)
_479158_/Y                            320.00  324.17   -4.17 (VIOLATED)
_743908_/A                            320.00  324.14   -4.14 (VIOLATED)
_765492_/A1                           320.00  324.11   -4.11 (VIOLATED)
_738367_/A                            320.00  324.10   -4.10 (VIOLATED)
_743872_/A                            320.00  324.08   -4.08 (VIOLATED)
place76730/A                          320.00  324.08   -4.08 (VIOLATED)
part_q[63][17]$_DFFE_PP_/QN           320.00  324.07   -4.07 (VIOLATED)
part_q[48][9]$_DFFE_PP_/QN            320.00  324.07   -4.07 (VIOLATED)
_743861_/A                            320.00  324.06   -4.06 (VIOLATED)
_764791_/C                            320.00  324.04   -4.04 (VIOLATED)
_742411_/B                            320.00  324.04   -4.04 (VIOLATED)
_764797_/B                            320.00  324.02   -4.02 (VIOLATED)
_605268_/B                            320.00  324.02   -4.02 (VIOLATED)
_662951_/A                            320.00  323.99   -3.99 (VIOLATED)
_738594_/A                            320.00  323.98   -3.98 (VIOLATED)
_612435_/A                            320.00  323.98   -3.98 (VIOLATED)
_745377_/A                            320.00  323.98   -3.98 (VIOLATED)
_644337_/A                            320.00  323.97   -3.97 (VIOLATED)
_746764_/A                            320.00  323.97   -3.97 (VIOLATED)
coef_q[19]$_DFFE_PN0P_/RESETN         320.00  323.95   -3.95 (VIOLATED)
_764801_/A3                           320.00  323.93   -3.93 (VIOLATED)
_763956_/A                            320.00  323.91   -3.91 (VIOLATED)
rdata_q[6538]$_DFFE_PP_/QN            320.00  323.91   -3.91 (VIOLATED)
_746520_/B                            320.00  323.89   -3.89 (VIOLATED)
_768158_/Y                            320.00  323.89   -3.89 (VIOLATED)
_748123_/A                            320.00  323.88   -3.88 (VIOLATED)
place87863/A                          320.00  323.86   -3.86 (VIOLATED)
place76874/A                          320.00  323.86   -3.86 (VIOLATED)
_743870_/A                            320.00  323.83   -3.83 (VIOLATED)
_741198_/A                            320.00  323.81   -3.81 (VIOLATED)
_768529_/Y                            320.00  323.79   -3.79 (VIOLATED)
_662950_/A                            320.00  323.78   -3.78 (VIOLATED)
_744541_/B                            320.00  323.78   -3.78 (VIOLATED)
_787580_/A1                           320.00  323.77   -3.77 (VIOLATED)
_762822_/A                            320.00  323.77   -3.77 (VIOLATED)
place79253/A                          320.00  323.76   -3.76 (VIOLATED)
_734748_/A                            320.00  323.74   -3.74 (VIOLATED)
_768138_/Y                            320.00  323.73   -3.73 (VIOLATED)
_762823_/A1                           320.00  323.71   -3.71 (VIOLATED)
_739733_/A                            320.00  323.71   -3.71 (VIOLATED)
_662983_/A                            320.00  323.69   -3.69 (VIOLATED)
_740365_/B                            320.00  323.69   -3.69 (VIOLATED)
_738655_/A                            320.00  323.68   -3.68 (VIOLATED)
_657365_/A                            320.00  323.67   -3.67 (VIOLATED)
nbm1_q[2]$_DFFE_PN0P_/RESETN          320.00  323.67   -3.67 (VIOLATED)
part_q[1][11]$_DFFE_PP_/D             320.00  323.66   -3.66 (VIOLATED)
_745408_/B                            320.00  323.62   -3.62 (VIOLATED)
_739739_/A                            320.00  323.58   -3.58 (VIOLATED)
_739835_/A                            320.00  323.57   -3.57 (VIOLATED)
_743359_/A                            320.00  323.57   -3.57 (VIOLATED)
_746639_/A                            320.00  323.56   -3.56 (VIOLATED)
_741386_/A                            320.00  323.55   -3.55 (VIOLATED)
_657366_/A                            320.00  323.54   -3.54 (VIOLATED)
_763172_/C                            320.00  323.54   -3.54 (VIOLATED)
_745231_/B                            320.00  323.54   -3.54 (VIOLATED)
coef_q[141]$_DFFE_PN0P_/RESETN        320.00  323.53   -3.53 (VIOLATED)
_741389_/A                            320.00  323.50   -3.50 (VIOLATED)
_763073_/C                            320.00  323.50   -3.50 (VIOLATED)
part_q[51][9]$_DFFE_PP_/QN            320.00  323.50   -3.50 (VIOLATED)
_763943_/C                            320.00  323.49   -3.49 (VIOLATED)
_763948_/C                            320.00  323.46   -3.46 (VIOLATED)
_741428_/A                            320.00  323.45   -3.45 (VIOLATED)
_741531_/A                            320.00  323.45   -3.45 (VIOLATED)
rdata_q[6766]$_DFFE_PP_/QN            320.00  323.41   -3.41 (VIOLATED)
_764005_/C                            320.00  323.41   -3.41 (VIOLATED)
_741440_/A                            320.00  323.41   -3.41 (VIOLATED)
_740992_/A                            320.00  323.39   -3.39 (VIOLATED)
_741425_/A                            320.00  323.36   -3.36 (VIOLATED)
_749009_/A                            320.00  323.35   -3.35 (VIOLATED)
_745740_/B                            320.00  323.35   -3.35 (VIOLATED)
_741429_/A                            320.00  323.34   -3.34 (VIOLATED)
_612438_/A                            320.00  323.33   -3.33 (VIOLATED)
_663627_/A                            320.00  323.33   -3.33 (VIOLATED)
place76945/A                          320.00  323.32   -3.32 (VIOLATED)
_743854_/A                            320.00  323.32   -3.32 (VIOLATED)
_739747_/A                            320.00  323.28   -3.28 (VIOLATED)
_763088_/C                            320.00  323.27   -3.27 (VIOLATED)
_737011_/A                            320.00  323.25   -3.25 (VIOLATED)
_621580_/A                            320.00  323.24   -3.24 (VIOLATED)
_738341_/A                            320.00  323.24   -3.24 (VIOLATED)
_657367_/A                            320.00  323.23   -3.23 (VIOLATED)
_741191_/A                            320.00  323.22   -3.22 (VIOLATED)
_739745_/A                            320.00  323.21   -3.21 (VIOLATED)
_765762_/B2                           320.00  323.20   -3.20 (VIOLATED)
_736995_/A                            320.00  323.20   -3.20 (VIOLATED)
part_q[63][0]$_DFFE_PP_/QN            320.00  323.20   -3.20 (VIOLATED)
_739714_/A                            320.00  323.16   -3.16 (VIOLATED)
_765767_/B2                           320.00  323.15   -3.15 (VIOLATED)
_653060_/A                            320.00  323.15   -3.15 (VIOLATED)
_739712_/A                            320.00  323.14   -3.14 (VIOLATED)
_768329_/Y                            320.00  323.13   -3.13 (VIOLATED)
part_q[1][18]$_DFFE_PP_/QN            320.00  323.12   -3.12 (VIOLATED)
_738812_/A                            320.00  323.11   -3.11 (VIOLATED)
_737413_/A                            320.00  323.10   -3.10 (VIOLATED)
_763051_/A1                           320.00  323.09   -3.09 (VIOLATED)
rdata_q[7808]$_DFFE_PP_/QN            320.00  323.08   -3.08 (VIOLATED)
place78481/A                          320.00  323.08   -3.08 (VIOLATED)
_743837_/A                            320.00  323.07   -3.07 (VIOLATED)
_741397_/A                            320.00  323.07   -3.07 (VIOLATED)
_726952_/B                            320.00  323.07   -3.07 (VIOLATED)
place87945/Y                          320.00  323.06   -3.06 (VIOLATED)
_750166_/A                            320.00  323.06   -3.06 (VIOLATED)
_738411_/B                            320.00  323.05   -3.05 (VIOLATED)
place83380/A                          320.00  323.05   -3.05 (VIOLATED)
_764240_/C                            320.00  323.04   -3.04 (VIOLATED)
_766069_/A1                           320.00  323.04   -3.04 (VIOLATED)
_763991_/C                            320.00  323.03   -3.03 (VIOLATED)
_766135_/A                            320.00  322.98   -2.98 (VIOLATED)
_763442_/A1                           320.00  322.97   -2.97 (VIOLATED)
_738281_/A                            320.00  322.96   -2.96 (VIOLATED)
_761779_/A1                           320.00  322.96   -2.96 (VIOLATED)
_740547_/A                            320.00  322.94   -2.94 (VIOLATED)
_658373_/B                            320.00  322.94   -2.94 (VIOLATED)
_741238_/A                            320.00  322.94   -2.94 (VIOLATED)
_739735_/A                            320.00  322.93   -2.93 (VIOLATED)
_741206_/A                            320.00  322.93   -2.93 (VIOLATED)
_480595_/A                            320.00  322.92   -2.92 (VIOLATED)
_764810_/C1                           320.00  322.90   -2.90 (VIOLATED)
rdata_q[7395]$_DFFE_PP_/QN            320.00  322.90   -2.90 (VIOLATED)
_487174_/A                            320.00  322.90   -2.90 (VIOLATED)
_761777_/A1                           320.00  322.89   -2.89 (VIOLATED)
_743724_/A                            320.00  322.89   -2.89 (VIOLATED)
_657368_/A                            320.00  322.88   -2.88 (VIOLATED)
_822753_/CI                           320.00  322.86   -2.86 (VIOLATED)
_749057_/A                            320.00  322.86   -2.86 (VIOLATED)
place87472/A                          320.00  322.85   -2.85 (VIOLATED)
_741414_/A                            320.00  322.85   -2.85 (VIOLATED)
_743499_/A                            320.00  322.84   -2.84 (VIOLATED)
_768732_/A                            320.00  322.84   -2.84 (VIOLATED)
_644414_/B                            320.00  322.84   -2.84 (VIOLATED)
_739844_/A                            320.00  322.84   -2.84 (VIOLATED)
_736934_/A                            320.00  322.83   -2.83 (VIOLATED)
_762283_/B                            320.00  322.83   -2.83 (VIOLATED)
_739826_/A                            320.00  322.82   -2.82 (VIOLATED)
_480469_/A                            320.00  322.81   -2.81 (VIOLATED)
_774104_/Y                            320.00  322.80   -2.80 (VIOLATED)
_739822_/A                            320.00  322.79   -2.79 (VIOLATED)
_763471_/A1                           320.00  322.77   -2.77 (VIOLATED)
_738813_/A                            320.00  322.76   -2.76 (VIOLATED)
_648751_/A                            320.00  322.73   -2.73 (VIOLATED)
place82053/A                          320.00  322.71   -2.71 (VIOLATED)
_739841_/A                            320.00  322.71   -2.71 (VIOLATED)
_741387_/A                            320.00  322.70   -2.70 (VIOLATED)
_764251_/C                            320.00  322.67   -2.67 (VIOLATED)
_740599_/B                            320.00  322.67   -2.67 (VIOLATED)
_746664_/A                            320.00  322.65   -2.65 (VIOLATED)
_650549_/B                            320.00  322.65   -2.65 (VIOLATED)
_740998_/A                            320.00  322.64   -2.64 (VIOLATED)
rdata_q[867]$_DFFE_PP_/QN             320.00  322.62   -2.62 (VIOLATED)
place78865/A                          320.00  322.61   -2.61 (VIOLATED)
_739896_/A                            320.00  322.61   -2.61 (VIOLATED)
_663626_/A                            320.00  322.60   -2.60 (VIOLATED)
_743885_/A                            320.00  322.60   -2.60 (VIOLATED)
_605115_/B                            320.00  322.57   -2.57 (VIOLATED)
_764222_/A1                           320.00  322.55   -2.55 (VIOLATED)
_654978_/A                            320.00  322.55   -2.55 (VIOLATED)
_746813_/A                            320.00  322.55   -2.55 (VIOLATED)
_612432_/A                            320.00  322.55   -2.55 (VIOLATED)
_743726_/A                            320.00  322.54   -2.54 (VIOLATED)
_736967_/A                            320.00  322.53   -2.53 (VIOLATED)
_763481_/C                            320.00  322.52   -2.52 (VIOLATED)
_748817_/C                            320.00  322.50   -2.50 (VIOLATED)
_738929_/B                            320.00  322.49   -2.49 (VIOLATED)
_737483_/A                            320.00  322.49   -2.49 (VIOLATED)
place79509/A                          320.00  322.44   -2.44 (VIOLATED)
_763891_/C                            320.00  322.44   -2.44 (VIOLATED)
_754988_/A                            320.00  322.43   -2.43 (VIOLATED)
rdata_q[5988]$_DFFE_PP_/QN            320.00  322.42   -2.42 (VIOLATED)
_768090_/Y                            320.00  322.41   -2.41 (VIOLATED)
_768233_/A                            320.00  322.41   -2.41 (VIOLATED)
_762279_/A1                           320.00  322.40   -2.40 (VIOLATED)
_764225_/C                            320.00  322.38   -2.38 (VIOLATED)
_696399_/B                            320.00  322.37   -2.37 (VIOLATED)
_741443_/A                            320.00  322.36   -2.36 (VIOLATED)
_719375_/B                            320.00  322.36   -2.36 (VIOLATED)
_741398_/A                            320.00  322.35   -2.35 (VIOLATED)
_763463_/C                            320.00  322.35   -2.35 (VIOLATED)
c_d2[342]$_DFFE_PP_/QN                320.00  322.32   -2.32 (VIOLATED)
_740615_/A                            320.00  322.29   -2.29 (VIOLATED)
_743881_/A                            320.00  322.27   -2.27 (VIOLATED)
_743834_/A                            320.00  322.26   -2.26 (VIOLATED)
_740627_/A                            320.00  322.26   -2.26 (VIOLATED)
_749766_/A                            320.00  322.25   -2.25 (VIOLATED)
_743526_/B                            320.00  322.22   -2.22 (VIOLATED)
_746814_/A                            320.00  322.20   -2.20 (VIOLATED)
hold124387/A                          320.00  322.19   -2.19 (VIOLATED)
_763489_/C                            320.00  322.18   -2.18 (VIOLATED)
_657369_/A                            320.00  322.18   -2.18 (VIOLATED)
_755870_/A                            320.00  322.18   -2.18 (VIOLATED)
_631787_/A                            320.00  322.17   -2.17 (VIOLATED)
_769089_/Y                            320.00  322.16   -2.16 (VIOLATED)
_762869_/A                            320.00  322.15   -2.15 (VIOLATED)
place78743/A                          320.00  322.14   -2.14 (VIOLATED)
_762870_/A1                           320.00  322.14   -2.14 (VIOLATED)
_737848_/A                            320.00  322.12   -2.12 (VIOLATED)
_764236_/A1                           320.00  322.12   -2.12 (VIOLATED)
m_1h[4]$_DFFE_PN0P_/QN                320.00  322.12   -2.12 (VIOLATED)
_743865_/A                            320.00  322.12   -2.12 (VIOLATED)
rdata_q[7196]$_DFFE_PP_/QN            320.00  322.11   -2.11 (VIOLATED)
_763451_/C                            320.00  322.11   -2.11 (VIOLATED)
_736851_/B                            320.00  322.11   -2.11 (VIOLATED)
_738567_/A                            320.00  322.09   -2.09 (VIOLATED)
a_sym[14][6]$_DFFE_PN0P_/QN           320.00  322.09   -2.09 (VIOLATED)
_738703_/A                            320.00  322.06   -2.06 (VIOLATED)
_749759_/A                            320.00  322.05   -2.05 (VIOLATED)
place79247/A                          320.00  322.05   -2.05 (VIOLATED)
_738712_/A                            320.00  322.05   -2.05 (VIOLATED)
_631788_/A                            320.00  322.04   -2.04 (VIOLATED)
_654981_/A                            320.00  322.04   -2.04 (VIOLATED)
in_data_q[136]$_DFFE_PN0P_/QN         320.00  322.03   -2.03 (VIOLATED)
_738706_/A                            320.00  322.03   -2.03 (VIOLATED)
_746159_/B                            320.00  322.02   -2.02 (VIOLATED)
rdata_q[7192]$_DFFE_PP_/QN            320.00  322.01   -2.01 (VIOLATED)
rdata_q[6924]$_DFFE_PP_/QN            320.00  321.98   -1.98 (VIOLATED)
_741390_/A                            320.00  321.97   -1.97 (VIOLATED)
_763919_/C                            320.00  321.95   -1.95 (VIOLATED)
_738583_/A                            320.00  321.95   -1.95 (VIOLATED)
rdata_q[6769]$_DFFE_PP_/QN            320.00  321.93   -1.93 (VIOLATED)
_740577_/A                            320.00  321.93   -1.93 (VIOLATED)
_764247_/A1                           320.00  321.92   -1.92 (VIOLATED)
_746677_/A                            320.00  321.92   -1.92 (VIOLATED)
_631789_/A                            320.00  321.91   -1.91 (VIOLATED)
_763974_/C                            320.00  321.89   -1.89 (VIOLATED)
_740589_/A                            320.00  321.89   -1.89 (VIOLATED)
_763021_/C                            320.00  321.89   -1.89 (VIOLATED)
_764521_/A                            320.00  321.88   -1.88 (VIOLATED)
part_q[20][5]$_DFFE_PP_/QN            320.00  321.87   -1.87 (VIOLATED)
_739715_/A                            320.00  321.85   -1.85 (VIOLATED)
_739719_/A                            320.00  321.83   -1.83 (VIOLATED)
_738654_/B                            320.00  321.81   -1.81 (VIOLATED)
_765433_/A1                           320.00  321.79   -1.79 (VIOLATED)
place76417/A                          320.00  321.79   -1.79 (VIOLATED)
a_sym[8][6]$_DFFE_PN0P_/QN            320.00  321.78   -1.78 (VIOLATED)
_667183_/A                            320.00  321.76   -1.76 (VIOLATED)
place79407/A                          320.00  321.75   -1.75 (VIOLATED)
_736711_/B                            320.00  321.71   -1.71 (VIOLATED)
_742470_/B                            320.00  321.69   -1.69 (VIOLATED)
_663343_/B                            320.00  321.67   -1.67 (VIOLATED)
part_q[50][1]$_DFFE_PP_/QN            320.00  321.67   -1.67 (VIOLATED)
place79663/A                          320.00  321.64   -1.64 (VIOLATED)
_748104_/A                            320.00  321.64   -1.64 (VIOLATED)
_751182_/A                            320.00  321.63   -1.63 (VIOLATED)
place77624/A                          320.00  321.61   -1.61 (VIOLATED)
_743859_/A                            320.00  321.61   -1.61 (VIOLATED)
place77452/A                          320.00  321.58   -1.58 (VIOLATED)
_737180_/A                            320.00  321.57   -1.57 (VIOLATED)
output17905/A                         320.00  321.56   -1.56 (VIOLATED)
_763908_/A1                           320.00  321.56   -1.56 (VIOLATED)
_737118_/A                            320.00  321.55   -1.55 (VIOLATED)
_766262_/C                            320.00  321.55   -1.55 (VIOLATED)
_737077_/A                            320.00  321.53   -1.53 (VIOLATED)
_831953_/CI                           320.00  321.51   -1.51 (VIOLATED)
rdata_q[7839]$_DFFE_PP_/QN            320.00  321.50   -1.50 (VIOLATED)
_630571_/A                            320.00  321.50   -1.50 (VIOLATED)
_614348_/B                            320.00  321.49   -1.49 (VIOLATED)
place77023/A                          320.00  321.48   -1.48 (VIOLATED)
_743703_/B                            320.00  321.48   -1.48 (VIOLATED)
_739812_/A                            320.00  321.47   -1.47 (VIOLATED)
_765529_/A1                           320.00  321.47   -1.47 (VIOLATED)
_746813_/Y                            320.00  321.45   -1.45 (VIOLATED)
place78910/A                          320.00  321.44   -1.44 (VIOLATED)
place78912/A                          320.00  321.43   -1.43 (VIOLATED)
_630572_/A                            320.00  321.42   -1.42 (VIOLATED)
part_q[17][19]$_DFFE_PP_/QN           320.00  321.39   -1.39 (VIOLATED)
a_sym[11][3]$_DFFE_PN0P_/QN           320.00  321.38   -1.38 (VIOLATED)
_740348_/B                            320.00  321.37   -1.37 (VIOLATED)
_741000_/A                            320.00  321.37   -1.37 (VIOLATED)
_737090_/A                            320.00  321.37   -1.37 (VIOLATED)
_858094_/A                            320.00  321.37   -1.37 (VIOLATED)
rdata_q[5183]$_DFFE_PP_/QN            320.00  321.37   -1.37 (VIOLATED)
place78563/A                          320.00  321.35   -1.35 (VIOLATED)
rdata_q[6780]$_DFFE_PP_/QN            320.00  321.34   -1.34 (VIOLATED)
_762488_/A1                           320.00  321.34   -1.34 (VIOLATED)
_741444_/A                            320.00  321.32   -1.32 (VIOLATED)
_743701_/A                            320.00  321.29   -1.29 (VIOLATED)
_765429_/A1                           320.00  321.27   -1.27 (VIOLATED)
_741967_/B                            320.00  321.25   -1.25 (VIOLATED)
_631790_/A                            320.00  321.21   -1.21 (VIOLATED)
_654972_/A                            320.00  321.21   -1.21 (VIOLATED)
_763970_/A1                           320.00  321.20   -1.20 (VIOLATED)
_654975_/A                            320.00  321.18   -1.18 (VIOLATED)
in_data_q[46]$_DFFE_PN0P_/QN          320.00  321.13   -1.13 (VIOLATED)
_747040_/A                            320.00  321.12   -1.12 (VIOLATED)
_749817_/A                            320.00  321.12   -1.12 (VIOLATED)
_739723_/A                            320.00  321.11   -1.11 (VIOLATED)
_738284_/A                            320.00  321.10   -1.10 (VIOLATED)
_762188_/A                            320.00  321.10   -1.10 (VIOLATED)
_739174_/B                            320.00  321.10   -1.10 (VIOLATED)
_788051_/A1                           320.00  321.09   -1.09 (VIOLATED)
_741790_/B                            320.00  321.09   -1.09 (VIOLATED)
_797425_/A                            320.00  321.07   -1.07 (VIOLATED)
_612429_/A                            320.00  321.05   -1.05 (VIOLATED)
_747002_/A                            320.00  321.05   -1.05 (VIOLATED)
_758976_/A                            320.00  321.03   -1.03 (VIOLATED)
_740996_/A                            320.00  321.03   -1.03 (VIOLATED)
_756748_/A                            320.00  321.02   -1.02 (VIOLATED)
place79503/A                          320.00  321.02   -1.02 (VIOLATED)
rdata_q[6401]$_DFFE_PP_/QN            320.00  321.02   -1.02 (VIOLATED)
_745594_/B                            320.00  321.00   -1.00 (VIOLATED)
_767940_/Y                            320.00  321.00   -1.00 (VIOLATED)
_564740_/A                            320.00  320.98   -0.98 (VIOLATED)
_806121_/CI                           320.00  320.97   -0.97 (VIOLATED)
rdata_q[2889]$_DFFE_PP_/QN            320.00  320.94   -0.94 (VIOLATED)
_745486_/A                            320.00  320.94   -0.94 (VIOLATED)
_740220_/B                            320.00  320.93   -0.93 (VIOLATED)
_745488_/A                            320.00  320.93   -0.93 (VIOLATED)
_741400_/A                            320.00  320.92   -0.92 (VIOLATED)
_747083_/A                            320.00  320.91   -0.91 (VIOLATED)
_762179_/B                            320.00  320.91   -0.91 (VIOLATED)
_741426_/A                            320.00  320.89   -0.89 (VIOLATED)
_741496_/A                            320.00  320.87   -0.87 (VIOLATED)
_738721_/A                            320.00  320.87   -0.87 (VIOLATED)
_787818_/C                            320.00  320.86   -0.86 (VIOLATED)
_762281_/B                            320.00  320.85   -0.85 (VIOLATED)
_657370_/A                            320.00  320.84   -0.84 (VIOLATED)
a_sym[1][4]$_DFFE_PN0P_/QN            320.00  320.84   -0.84 (VIOLATED)
_766190_/A1                           320.00  320.83   -0.83 (VIOLATED)
_751755_/A                            320.00  320.82   -0.82 (VIOLATED)
_613833_/B                            320.00  320.79   -0.79 (VIOLATED)
_763603_/A1                           320.00  320.79   -0.79 (VIOLATED)
_748492_/A                            320.00  320.77   -0.77 (VIOLATED)
_739728_/A                            320.00  320.77   -0.77 (VIOLATED)
_741491_/A                            320.00  320.76   -0.76 (VIOLATED)
_653059_/A                            320.00  320.75   -0.75 (VIOLATED)
_553832_/A                            320.00  320.75   -0.75 (VIOLATED)
_764632_/A                            320.00  320.75   -0.75 (VIOLATED)
_750564_/A                            320.00  320.74   -0.74 (VIOLATED)
_664393_/A                            320.00  320.72   -0.72 (VIOLATED)
_843069_/CI                           320.00  320.72   -0.72 (VIOLATED)
_754226_/A                            320.00  320.71   -0.71 (VIOLATED)
_737164_/A                            320.00  320.71   -0.71 (VIOLATED)
place79415/A                          320.00  320.70   -0.70 (VIOLATED)
place79408/A                          320.00  320.70   -0.70 (VIOLATED)
_664394_/A                            320.00  320.70   -0.70 (VIOLATED)
_741475_/A                            320.00  320.69   -0.69 (VIOLATED)
_746340_/B                            320.00  320.67   -0.67 (VIOLATED)
_744340_/A                            320.00  320.66   -0.66 (VIOLATED)
_667184_/A                            320.00  320.66   -0.66 (VIOLATED)
rdata_q[7820]$_DFFE_PP_/QN            320.00  320.62   -0.62 (VIOLATED)
_719221_/B                            320.00  320.61   -0.61 (VIOLATED)
_762189_/B                            320.00  320.58   -0.58 (VIOLATED)
place77384/A                          320.00  320.58   -0.58 (VIOLATED)
_787677_/A1                           320.00  320.57   -0.57 (VIOLATED)
_768802_/A                            320.00  320.57   -0.57 (VIOLATED)
in_data_q[123]$_DFFE_PN0P_/QN         320.00  320.56   -0.56 (VIOLATED)
_644338_/A                            320.00  320.53   -0.53 (VIOLATED)
_734749_/A                            320.00  320.52   -0.52 (VIOLATED)
_748505_/A                            320.00  320.52   -0.52 (VIOLATED)
_768159_/Y                            320.00  320.51   -0.51 (VIOLATED)
_654969_/A                            320.00  320.51   -0.51 (VIOLATED)
_741791_/B                            320.00  320.46   -0.46 (VIOLATED)
_738305_/A                            320.00  320.46   -0.46 (VIOLATED)
_745325_/A                            320.00  320.45   -0.45 (VIOLATED)
_741190_/A                            320.00  320.44   -0.44 (VIOLATED)
_741459_/A                            320.00  320.43   -0.43 (VIOLATED)
nbm1_q[0]$_DFFE_PN0P_/RESETN          320.00  320.40   -0.40 (VIOLATED)
_738835_/A                            320.00  320.36   -0.36 (VIOLATED)
_739729_/A                            320.00  320.35   -0.35 (VIOLATED)
_658355_/B                            320.00  320.32   -0.32 (VIOLATED)
_741385_/A                            320.00  320.29   -0.29 (VIOLATED)
_764272_/A1                           320.00  320.28   -0.28 (VIOLATED)
_741445_/A                            320.00  320.26   -0.26 (VIOLATED)
_739736_/A                            320.00  320.26   -0.26 (VIOLATED)
_667185_/A                            320.00  320.25   -0.25 (VIOLATED)
_738708_/A                            320.00  320.25   -0.25 (VIOLATED)
_749355_/A                            320.00  320.25   -0.25 (VIOLATED)
_664395_/A                            320.00  320.22   -0.22 (VIOLATED)
_768869_/A                            320.00  320.20   -0.20 (VIOLATED)
_707481_/B                            320.00  320.19   -0.19 (VIOLATED)
place76448/A                          320.00  320.18   -0.18 (VIOLATED)
_766194_/C                            320.00  320.17   -0.17 (VIOLATED)
_743188_/B                            320.00  320.15   -0.15 (VIOLATED)
part_q[71][6]$_DFFE_PP_/QN            320.00  320.15   -0.15 (VIOLATED)
_631791_/A                            320.00  320.15   -0.15 (VIOLATED)
_737590_/B                            320.00  320.13   -0.13 (VIOLATED)
_764275_/A1                           320.00  320.13   -0.13 (VIOLATED)
_741187_/A                            320.00  320.11   -0.11 (VIOLATED)
_738833_/A                            320.00  320.11   -0.11 (VIOLATED)
_737670_/B                            320.00  320.11   -0.11 (VIOLATED)
_738865_/A                            320.00  320.10   -0.10 (VIOLATED)
_739419_/B                            320.00  320.09   -0.09 (VIOLATED)
place78995/A                          320.00  320.04   -0.04 (VIOLATED)
_738892_/A                            320.00  320.03   -0.03 (VIOLATED)
_746180_/B                            320.00  320.03   -0.03 (VIOLATED)

max capacitance

Pin                                    Limit     Cap   Slack
------------------------------------------------------------
_762246_/Y                             23.04   25.18   -2.14 (VIOLATED)

==== unconstrained ====
max_delay/setup group core_clock

                                     Required  Actual
Endpoint                               Delay   Delay   Slack
------------------------------------------------------------
c_fut[39]$_DFF_P_/D (DFFHQNx1_ASAP7_75t_R) 1730.37 2727.94 -997.57 (VIOLATED)
c_fut[103]$_DFF_P_/D (DFFHQNx1_ASAP7_75t_R) 1728.27 2725.22 -996.95 (VIOLATED)
c_fut[55]$_DFF_P_/D (DFFHQNx1_ASAP7_75t_R) 1732.96 2727.42 -994.46 (VIOLATED)

max_delay/setup group vclk_core_clock

                                     Required  Actual
Endpoint                               Delay   Delay   Slack
------------------------------------------------------------
out_pix_rdy (output)                 1600.00 1427.79  172.21 (MET)
out_pix_data[144] (output)           1600.00 1427.31  172.69 (MET)
out_pix_data[156] (output)           1600.00 1423.79  176.21 (MET)

max_delay/setup group vclk_mem

                                     Required  Actual
Endpoint                               Delay   Delay   Slack
------------------------------------------------------------
mem_wdata[909] (output)              1700.00 2353.46 -653.46 (VIOLATED)
mem_wdata[885] (output)              1700.00 2316.98 -616.98 (VIOLATED)
mem_wdata[889] (output)              1700.00 2315.25 -615.25 (VIOLATED)

==== ct_unconstrained ====
tool_rc=124 (informational only)
