
==========================================================================
finish report_tns
--------------------------------------------------------------------------
tns max -117.37

==========================================================================
finish report_wns
--------------------------------------------------------------------------
wns max -15.69

==========================================================================
finish report_worst_slack
--------------------------------------------------------------------------
worst slack max -15.69

==========================================================================
finish report_clock_min_period
--------------------------------------------------------------------------
core_clock period_min = 1015.69 fmax = 984.55
vclk_core_clock period_min = 0.00 fmax = inf
vclk_mem period_min = 0.00 fmax = inf

==========================================================================
finish report_clock_skew
--------------------------------------------------------------------------
Clock core_clock
 554.94 source latency icnt[0]$_DFF_PN0_/CLK ^
-216.43 target latency _792304_/CLK ^
 150.00 clock uncertainty
  -1.31 CRPR
--------------
 487.19 setup skew

Clock vclk_core_clock
No launch/capture paths found.

Clock vclk_mem
No launch/capture paths found.


==========================================================================
finish report_checks -path_delay min
--------------------------------------------------------------------------
Startpoint: ymod_f[4]$_DFFE_PN0P_
            (rising edge-triggered flip-flop clocked by core_clock)
Endpoint: shi1_q[2]$_DFF_P_
          (rising edge-triggered flip-flop clocked by core_clock)
Path Group: core_clock
Path Type: min

Fanout     Cap    Slew   Delay    Time   Description
-----------------------------------------------------------------------------
                          0.00    0.00   clock core_clock (rise edge)
                          0.00    0.00   clock source latency
     1   17.22    0.00    0.00    0.00 ^ clk (in)
                                         clk (net)
                 40.80   12.87   12.87 ^ wire77954/A (BUFx16f_ASAP7_75t_R)
     2   16.98   10.42   22.58   35.45 ^ wire77954/Y (BUFx16f_ASAP7_75t_R)
                                         net77521 (net)
                 44.14   13.53   48.97 ^ wire77953/A (BUFx10_ASAP7_75t_R)
     1   12.60   14.25   24.94   73.91 ^ wire77953/Y (BUFx10_ASAP7_75t_R)
                                         net77520 (net)
                 32.82    9.43   83.34 ^ clkbuf_0_clk/A (BUFx24_ASAP7_75t_R)
     2    8.07    9.64   24.45  107.79 ^ clkbuf_0_clk/Y (BUFx24_ASAP7_75t_R)
                                         clknet_0_clk (net)
                  9.97    0.91  108.70 ^ delaybuf_86_core_clock/A (BUFx24_ASAP7_75t_R)
     1    2.49    6.92   17.48  126.18 ^ delaybuf_86_core_clock/Y (BUFx24_ASAP7_75t_R)
                                         delaynet_86_core_clock (net)
                  6.95    0.49  126.67 ^ delaybuf_87_core_clock/A (BUFx24_ASAP7_75t_R)
     1    2.51    6.91   16.54  143.21 ^ delaybuf_87_core_clock/Y (BUFx24_ASAP7_75t_R)
                                         delaynet_87_core_clock (net)
                  6.95    0.50  143.71 ^ delaybuf_88_core_clock/A (BUFx24_ASAP7_75t_R)
     1    2.49    6.90   16.54  160.25 ^ delaybuf_88_core_clock/Y (BUFx24_ASAP7_75t_R)
                                         delaynet_88_core_clock (net)
                  6.94    0.49  160.74 ^ delaybuf_89_core_clock/A (BUFx24_ASAP7_75t_R)
     1    2.48    6.90   16.53  177.27 ^ delaybuf_89_core_clock/Y (BUFx24_ASAP7_75t_R)
                                         delaynet_89_core_clock (net)
                  6.94    0.49  177.76 ^ delaybuf_90_core_clock/A (BUFx24_ASAP7_75t_R)
     1    2.57    6.94   16.55  194.31 ^ delaybuf_90_core_clock/Y (BUFx24_ASAP7_75t_R)
                                         delaynet_90_core_clock (net)
                  6.98    0.51  194.81 ^ delaybuf_91_core_clock/A (BUFx24_ASAP7_75t_R)
     1    2.47    6.89   16.54  211.36 ^ delaybuf_91_core_clock/Y (BUFx24_ASAP7_75t_R)
                                         delaynet_91_core_clock (net)
                  6.93    0.48  211.84 ^ delaybuf_92_core_clock/A (BUFx24_ASAP7_75t_R)
     1    2.58    6.94   16.55  228.38 ^ delaybuf_92_core_clock/Y (BUFx24_ASAP7_75t_R)
                                         delaynet_92_core_clock (net)
                  6.99    0.52  228.91 ^ delaybuf_93_core_clock/A (BUFx24_ASAP7_75t_R)
     1    2.63    6.96   16.57  245.48 ^ delaybuf_93_core_clock/Y (BUFx24_ASAP7_75t_R)
                                         delaynet_93_core_clock (net)
                  7.01    0.53  246.01 ^ clkbuf_1_0_0_clk/A (BUFx24_ASAP7_75t_R)
     1    6.73    8.31   17.04  263.05 ^ clkbuf_1_0_0_clk/Y (BUFx24_ASAP7_75t_R)
                                         clknet_1_0_0_clk (net)
                 11.94    2.99  266.04 ^ clkbuf_1_0_1_clk/A (BUFx24_ASAP7_75t_R)
     2    8.27    8.96   18.82  284.86 ^ clkbuf_1_0_1_clk/Y (BUFx24_ASAP7_75t_R)
                                         clknet_1_0_1_clk (net)
                 12.11    2.78  287.64 ^ clkbuf_2_1_0_clk/A (BUFx24_ASAP7_75t_R)
     2    8.95    9.06   18.88  306.52 ^ clkbuf_2_1_0_clk/Y (BUFx24_ASAP7_75t_R)
                                         clknet_2_1_0_clk (net)
                 11.03    1.97  308.49 ^ delaybuf_65_core_clock/A (BUFx24_ASAP7_75t_R)
     1    2.61    6.98   17.81  326.31 ^ delaybuf_65_core_clock/Y (BUFx24_ASAP7_75t_R)
                                         delaynet_65_core_clock (net)
                  7.03    0.55  326.86 ^ delaybuf_66_core_clock/A (BUFx24_ASAP7_75t_R)
     1    2.76    7.02   16.60  343.46 ^ delaybuf_66_core_clock/Y (BUFx24_ASAP7_75t_R)
                                         delaynet_66_core_clock (net)
                  7.08    0.60  344.06 ^ delaybuf_67_core_clock/A (BUFx24_ASAP7_75t_R)
     1    2.72    7.00   16.61  360.67 ^ delaybuf_67_core_clock/Y (BUFx24_ASAP7_75t_R)
                                         delaynet_67_core_clock (net)
                  7.09    0.68  361.35 ^ delaybuf_68_core_clock/A (BUFx24_ASAP7_75t_R)
     1    2.71    7.00   16.61  377.97 ^ delaybuf_68_core_clock/Y (BUFx24_ASAP7_75t_R)
                                         delaynet_68_core_clock (net)
                  7.06    0.62  378.59 ^ delaybuf_69_core_clock/A (BUFx24_ASAP7_75t_R)
     1    2.64    6.97   16.60  395.18 ^ delaybuf_69_core_clock/Y (BUFx24_ASAP7_75t_R)
                                         delaynet_69_core_clock (net)
                  7.02    0.57  395.76 ^ delaybuf_70_core_clock/A (BUFx24_ASAP7_75t_R)
     1    2.93    7.09   16.63  412.38 ^ delaybuf_70_core_clock/Y (BUFx24_ASAP7_75t_R)
                                         delaynet_70_core_clock (net)
                  7.21    0.75  413.13 ^ clkbuf_3_2_0_clk/A (BUFx24_ASAP7_75t_R)
     2   10.07    9.09   17.37  430.50 ^ clkbuf_3_2_0_clk/Y (BUFx24_ASAP7_75t_R)
                                         clknet_3_2_0_clk (net)
                 16.11    4.27  434.77 ^ clkbuf_leaf_2_clk/A (BUFx24_ASAP7_75t_R)
     2    4.81    7.92   19.70  454.47 ^ clkbuf_leaf_2_clk/Y (BUFx24_ASAP7_75t_R)
                                         clknet_leaf_2_clk (net)
                  8.02    0.67  455.13 ^ _792320_/CLK (ICGx1_ASAP7_75t_R)
     1    2.26   16.33   14.51  469.65 ^ _792320_/GCLK (ICGx1_ASAP7_75t_R)
                                         _476593_ (net)
                 16.35    0.38  470.03 ^ clkbuf_0__476593_/A (BUFx24_ASAP7_75t_R)
     2    5.82    8.31   19.92  489.94 ^ clkbuf_0__476593_/Y (BUFx24_ASAP7_75t_R)
                                         clknet_0__476593_ (net)
                  8.61    0.91  490.86 ^ clkbuf_1_1__f__476593_/A (BUFx24_ASAP7_75t_R)
    12    7.60    8.87   17.86  508.72 ^ clkbuf_1_1__f__476593_/Y (BUFx24_ASAP7_75t_R)
                                         clknet_1_1__leaf__476593_ (net)
                  9.44    1.11  509.82 ^ ymod_f[4]$_DFFE_PN0P_/CLK (DFFASRHQNx1_ASAP7_75t_R)
     8    5.87   45.38   57.41  567.24 ^ ymod_f[4]$_DFFE_PN0P_/QN (DFFASRHQNx1_ASAP7_75t_R)
                                         _371876_ (net)
                 45.38    0.44  567.68 ^ hold83474/A (BUFx2_ASAP7_75t_R)
     2    1.91   10.06   22.19  589.87 ^ hold83474/Y (BUFx2_ASAP7_75t_R)
                                         net83042 (net)
                 10.07    0.13  590.00 ^ _792219_/A1 (OAI22x1_ASAP7_75t_R)
     1    0.75    6.01    6.86  596.86 v _792219_/Y (OAI22x1_ASAP7_75t_R)
                                         s1_c[5] (net)
                  6.01    0.08  596.94 v shi1_q[2]$_DFF_P_/D (DFFHQNx3_ASAP7_75t_R)
                                596.94   data arrival time

                          0.00    0.00   clock core_clock (rise edge)
                          0.00    0.00   clock source latency
     1   17.88    0.00    0.00    0.00 ^ clk (in)
                                         clk (net)
                 43.36   13.68   13.68 ^ wire77954/A (BUFx16f_ASAP7_75t_R)
     2   17.88   10.88   23.08   36.76 ^ wire77954/Y (BUFx16f_ASAP7_75t_R)
                                         net77521 (net)
                 11.04    0.49   37.25 ^ delaybuf_94_core_clock/A (BUFx24_ASAP7_75t_R)
     1    2.88    7.09   17.86   55.11 ^ delaybuf_94_core_clock/Y (BUFx24_ASAP7_75t_R)
                                         delaynet_94_core_clock (net)
                  7.14    0.57   55.68 ^ delaybuf_95_core_clock/A (BUFx24_ASAP7_75t_R)
     1    2.62    6.95   16.64   72.31 ^ delaybuf_95_core_clock/Y (BUFx24_ASAP7_75t_R)
                                         delaynet_95_core_clock (net)
                  6.95    0.19   72.50 ^ delaybuf_96_core_clock/A (BUFx24_ASAP7_75t_R)
     1    2.68    6.97   16.59   89.09 ^ delaybuf_96_core_clock/Y (BUFx24_ASAP7_75t_R)
                                         delaynet_96_core_clock (net)
                  6.98    0.24   89.33 ^ delaybuf_97_core_clock/A (BUFx24_ASAP7_75t_R)
     1    2.63    6.95   16.59  105.91 ^ delaybuf_97_core_clock/Y (BUFx24_ASAP7_75t_R)
                                         delaynet_97_core_clock (net)
                  6.95    0.19  106.11 ^ delaybuf_98_core_clock/A (BUFx24_ASAP7_75t_R)
     1    2.79    7.02   16.60  122.71 ^ delaybuf_98_core_clock/Y (BUFx24_ASAP7_75t_R)
                                         delaynet_98_core_clock (net)
                  7.03    0.32  123.03 ^ delaybuf_99_core_clock/A (BUFx24_ASAP7_75t_R)
     1    2.71    6.98   16.61  139.64 ^ delaybuf_99_core_clock/Y (BUFx24_ASAP7_75t_R)
                                         delaynet_99_core_clock (net)
                  6.99    0.25  139.90 ^ delaybuf_100_core_clock/A (BUFx24_ASAP7_75t_R)
     1    2.69    6.98   16.60  156.50 ^ delaybuf_100_core_clock/Y (BUFx24_ASAP7_75t_R)
                                         delaynet_100_core_clock (net)
                  6.98    0.24  156.74 ^ delaybuf_101_core_clock/A (BUFx24_ASAP7_75t_R)
     1    2.77    7.01   16.61  173.34 ^ delaybuf_101_core_clock/Y (BUFx24_ASAP7_75t_R)
                                         delaynet_101_core_clock (net)
                  7.02    0.30  173.64 ^ delaybuf_102_core_clock/A (BUFx24_ASAP7_75t_R)
     1    2.88    7.06   16.63  190.27 ^ delaybuf_102_core_clock/Y (BUFx24_ASAP7_75t_R)
                                         delaynet_102_core_clock (net)
                  7.09    0.43  190.70 ^ delaybuf_103_core_clock/A (BUFx24_ASAP7_75t_R)
     1    2.77    7.01   16.64  207.34 ^ delaybuf_103_core_clock/Y (BUFx24_ASAP7_75t_R)
                                         delaynet_103_core_clock (net)
                  7.03    0.36  207.70 ^ delaybuf_104_core_clock/A (BUFx24_ASAP7_75t_R)
     1    2.77    7.02   16.62  224.31 ^ delaybuf_104_core_clock/Y (BUFx24_ASAP7_75t_R)
                                         delaynet_104_core_clock (net)
                  7.04    0.42  224.73 ^ delaybuf_105_core_clock/A (BUFx24_ASAP7_75t_R)
     1    2.90    7.07   16.63  241.37 ^ delaybuf_105_core_clock/Y (BUFx24_ASAP7_75t_R)
                                         delaynet_105_core_clock (net)
                  7.13    0.57  241.93 ^ delaybuf_106_core_clock/A (BUFx24_ASAP7_75t_R)
     1    2.76    7.01   16.65  258.58 ^ delaybuf_106_core_clock/Y (BUFx24_ASAP7_75t_R)
                                         delaynet_106_core_clock (net)
                  7.03    0.36  258.94 ^ delaybuf_107_core_clock/A (BUFx24_ASAP7_75t_R)
     1    2.82    7.03   16.63  275.57 ^ delaybuf_107_core_clock/Y (BUFx24_ASAP7_75t_R)
                                         delaynet_107_core_clock (net)
                  7.05    0.33  275.90 ^ delaybuf_108_core_clock/A (BUFx24_ASAP7_75t_R)
     1    2.80    7.03   16.63  292.52 ^ delaybuf_108_core_clock/Y (BUFx24_ASAP7_75t_R)
                                         delaynet_108_core_clock (net)
                  7.05    0.42  292.94 ^ delaybuf_109_core_clock/A (BUFx24_ASAP7_75t_R)
     1    2.64    6.95   16.61  309.56 ^ delaybuf_109_core_clock/Y (BUFx24_ASAP7_75t_R)
                                         delaynet_109_core_clock (net)
                  6.96    0.20  309.76 ^ delaybuf_110_core_clock/A (BUFx24_ASAP7_75t_R)
     1    2.68    6.97   16.58  326.34 ^ delaybuf_110_core_clock/Y (BUFx24_ASAP7_75t_R)
                                         delaynet_110_core_clock (net)
                  6.99    0.32  326.66 ^ delaybuf_111_core_clock/A (BUFx24_ASAP7_75t_R)
     1    2.73    6.99   16.60  343.27 ^ delaybuf_111_core_clock/Y (BUFx24_ASAP7_75t_R)
                                         delaynet_111_core_clock (net)
                  7.00    0.27  343.54 ^ delaybuf_112_core_clock/A (BUFx24_ASAP7_75t_R)
     1    3.05    7.13   16.64  360.18 ^ delaybuf_112_core_clock/Y (BUFx24_ASAP7_75t_R)
                                         delaynet_112_core_clock (net)
                  7.21    0.65  360.83 ^ delaybuf_113_core_clock/A (BUFx24_ASAP7_75t_R)
     1    2.65    6.96   16.66  377.49 ^ delaybuf_113_core_clock/Y (BUFx24_ASAP7_75t_R)
                                         delaynet_113_core_clock (net)
                  6.97    0.21  377.70 ^ delaybuf_114_core_clock/A (BUFx24_ASAP7_75t_R)
     1    2.81    7.03   16.60  394.31 ^ delaybuf_114_core_clock/Y (BUFx24_ASAP7_75t_R)
                                         delaynet_114_core_clock (net)
                  7.05    0.40  394.71 ^ delaybuf_115_core_clock/A (BUFx24_ASAP7_75t_R)
     1    2.64    6.96   16.61  411.32 ^ delaybuf_115_core_clock/Y (BUFx24_ASAP7_75t_R)
                                         delaynet_115_core_clock (net)
                  6.96    0.20  411.52 ^ delaybuf_116_core_clock/A (BUFx24_ASAP7_75t_R)
     1    2.85    7.05   16.61  428.13 ^ delaybuf_116_core_clock/Y (BUFx24_ASAP7_75t_R)
                                         delaynet_116_core_clock (net)
                  7.08    0.44  428.57 ^ clkbuf_regs_0_core_clock/A (BUFx24_ASAP7_75t_R)
     1    3.08    7.15   16.67  445.24 ^ clkbuf_regs_0_core_clock/Y (BUFx24_ASAP7_75t_R)
                                         clk_regs (net)
                  7.23    0.66  445.90 ^ clkbuf_0_clk_regs/A (BUFx24_ASAP7_75t_R)
     2   12.09   10.69   17.81  463.71 ^ clkbuf_0_clk_regs/Y (BUFx24_ASAP7_75t_R)
                                         clknet_0_clk_regs (net)
                 14.30    3.17  466.88 ^ clkbuf_1_0_0_clk_regs/A (BUFx24_ASAP7_75t_R)
     4   17.05   13.33   20.59  487.47 ^ clkbuf_1_0_0_clk_regs/Y (BUFx24_ASAP7_75t_R)
                                         clknet_1_0_0_clk_regs (net)
                 17.10    3.65  491.11 ^ clkbuf_3_0_0_clk_regs/A (BUFx24_ASAP7_75t_R)
    11   51.71   28.65   25.33  516.44 ^ clkbuf_3_0_0_clk_regs/Y (BUFx24_ASAP7_75t_R)
                                         clknet_3_0_0_clk_regs (net)
                 33.23    5.83  522.27 ^ clkbuf_leaf_88_clk_regs/A (BUFx24_ASAP7_75t_R)
    15   17.62   13.98   26.12  548.39 ^ clkbuf_leaf_88_clk_regs/Y (BUFx24_ASAP7_75t_R)
                                         clknet_leaf_88_clk_regs (net)
                 15.06    1.99  550.37 ^ shi1_q[2]$_DFF_P_/CLK (DFFHQNx3_ASAP7_75t_R)
                         30.00  580.37   clock uncertainty
                         -1.31  579.06   clock reconvergence pessimism
                         13.00  592.06   library hold time
                                592.06   data required time
-----------------------------------------------------------------------------
                                592.06   data required time
                               -596.94   data arrival time
-----------------------------------------------------------------------------
                                  4.88   slack (MET)


Startpoint: out_pix_data[59]$_DFFE_PN0P_
            (rising edge-triggered flip-flop clocked by core_clock)
Endpoint: out_pix_data[59] (output port clocked by vclk_core_clock)
Path Group: vclk_core_clock
Path Type: min

Fanout     Cap    Slew   Delay    Time   Description
-----------------------------------------------------------------------------
                          0.00    0.00   clock core_clock (rise edge)
                          0.00    0.00   clock source latency
     1   17.22    0.00    0.00    0.00 ^ clk (in)
                                         clk (net)
                 40.80   12.87   12.87 ^ wire77954/A (BUFx16f_ASAP7_75t_R)
     2   16.98   10.42   22.58   35.45 ^ wire77954/Y (BUFx16f_ASAP7_75t_R)
                                         net77521 (net)
                 44.14   13.53   48.97 ^ wire77953/A (BUFx10_ASAP7_75t_R)
     1   12.60   14.25   24.94   73.91 ^ wire77953/Y (BUFx10_ASAP7_75t_R)
                                         net77520 (net)
                 32.82    9.43   83.34 ^ clkbuf_0_clk/A (BUFx24_ASAP7_75t_R)
     2    8.07    9.64   24.45  107.79 ^ clkbuf_0_clk/Y (BUFx24_ASAP7_75t_R)
                                         clknet_0_clk (net)
                 11.56    2.32  110.11 ^ clkbuf_1_1_0_clk/A (BUFx24_ASAP7_75t_R)
     1    6.51    8.31   18.43  128.54 ^ clkbuf_1_1_0_clk/Y (BUFx24_ASAP7_75t_R)
                                         clknet_1_1_0_clk (net)
                 11.51    2.82  131.36 ^ clkbuf_1_1_1_clk/A (BUFx24_ASAP7_75t_R)
     2    7.50    8.82   18.66  150.02 ^ clkbuf_1_1_1_clk/Y (BUFx24_ASAP7_75t_R)
                                         clknet_1_1_1_clk (net)
                 10.03    1.65  151.67 ^ delaybuf_50_core_clock/A (BUFx24_ASAP7_75t_R)
     1    3.73    7.42   17.68  169.35 ^ delaybuf_50_core_clock/Y (BUFx24_ASAP7_75t_R)
                                         delaynet_50_core_clock (net)
                  7.80    1.08  170.43 ^ clkbuf_2_3_0_clk/A (BUFx24_ASAP7_75t_R)
     2    8.12    8.84   17.53  187.96 ^ clkbuf_2_3_0_clk/Y (BUFx24_ASAP7_75t_R)
                                         clknet_2_3_0_clk (net)
                 12.61    3.11  191.07 ^ clkbuf_3_6_0_clk/A (BUFx24_ASAP7_75t_R)
     2   11.77    9.72   19.25  210.32 ^ clkbuf_3_6_0_clk/Y (BUFx24_ASAP7_75t_R)
                                         clknet_3_6_0_clk (net)
                 11.05    1.45  211.77 ^ delaybuf_16_core_clock/A (BUFx24_ASAP7_75t_R)
     1    2.38    6.88   17.78  229.55 ^ delaybuf_16_core_clock/Y (BUFx24_ASAP7_75t_R)
                                         delaynet_16_core_clock (net)
                  6.91    0.47  230.02 ^ delaybuf_17_core_clock/A (BUFx24_ASAP7_75t_R)
     1    2.24    6.79   16.49  246.51 ^ delaybuf_17_core_clock/Y (BUFx24_ASAP7_75t_R)
                                         delaynet_17_core_clock (net)
                  6.80    0.28  246.80 ^ delaybuf_18_core_clock/A (BUFx24_ASAP7_75t_R)
     1    2.21    6.78   16.45  263.25 ^ delaybuf_18_core_clock/Y (BUFx24_ASAP7_75t_R)
                                         delaynet_18_core_clock (net)
                  6.79    0.28  263.53 ^ delaybuf_19_core_clock/A (BUFx24_ASAP7_75t_R)
     1    2.23    6.79   16.45  279.98 ^ delaybuf_19_core_clock/Y (BUFx24_ASAP7_75t_R)
                                         delaynet_19_core_clock (net)
                  6.80    0.29  280.27 ^ delaybuf_20_core_clock/A (BUFx24_ASAP7_75t_R)
     1    2.38    6.86   16.47  296.74 ^ delaybuf_20_core_clock/Y (BUFx24_ASAP7_75t_R)
                                         delaynet_20_core_clock (net)
                  6.90    0.48  297.22 ^ delaybuf_21_core_clock/A (BUFx24_ASAP7_75t_R)
     1    2.27    6.80   16.49  313.71 ^ delaybuf_21_core_clock/Y (BUFx24_ASAP7_75t_R)
                                         delaynet_21_core_clock (net)
                  6.81    0.27  313.98 ^ delaybuf_22_core_clock/A (BUFx24_ASAP7_75t_R)
     1    2.53    6.92   16.50  330.48 ^ delaybuf_22_core_clock/Y (BUFx24_ASAP7_75t_R)
                                         delaynet_22_core_clock (net)
                  6.96    0.51  330.99 ^ delaybuf_23_core_clock/A (BUFx24_ASAP7_75t_R)
     1    2.17    6.77   16.49  347.48 ^ delaybuf_23_core_clock/Y (BUFx24_ASAP7_75t_R)
                                         delaynet_23_core_clock (net)
                  6.78    0.33  347.81 ^ delaybuf_24_core_clock/A (BUFx24_ASAP7_75t_R)
     1    2.25    6.80   16.45  364.25 ^ delaybuf_24_core_clock/Y (BUFx24_ASAP7_75t_R)
                                         delaynet_24_core_clock (net)
                  6.82    0.37  364.63 ^ delaybuf_25_core_clock/A (BUFx24_ASAP7_75t_R)
     1    2.32    6.82   16.48  381.10 ^ delaybuf_25_core_clock/Y (BUFx24_ASAP7_75t_R)
                                         delaynet_25_core_clock (net)
                  6.83    0.29  381.39 ^ clkbuf_leaf_8_clk/A (BUFx24_ASAP7_75t_R)
     3    5.55    8.12   17.06  398.46 ^ clkbuf_leaf_8_clk/Y (BUFx24_ASAP7_75t_R)
                                         clknet_leaf_8_clk (net)
                  8.13    0.22  398.67 ^ _792307_/CLK (ICGx1_ASAP7_75t_R)
     1    2.10   15.20   14.16  412.84 ^ _792307_/GCLK (ICGx1_ASAP7_75t_R)
                                         _476580_ (net)
                 15.21    0.25  413.09 ^ clkbuf_0__476580_/A (BUFx24_ASAP7_75t_R)
     2   11.33   10.36   20.25  433.34 ^ clkbuf_0__476580_/Y (BUFx24_ASAP7_75t_R)
                                         clknet_0__476580_ (net)
                 12.75    2.48  435.82 ^ clkbuf_1_1_0__476580_/A (BUFx24_ASAP7_75t_R)
     2    9.52    9.15   19.06  454.89 ^ clkbuf_1_1_0__476580_/Y (BUFx24_ASAP7_75t_R)
                                         clknet_1_1_0__476580_ (net)
                 12.59    2.75  457.64 ^ clkbuf_2_3_0__476580_/A (BUFx24_ASAP7_75t_R)
     4   15.87   12.65   19.99  477.62 ^ clkbuf_2_3_0__476580_/Y (BUFx24_ASAP7_75t_R)
                                         clknet_2_3_0__476580_ (net)
                 15.68    3.14  480.77 ^ clkbuf_4_14_0__476580_/A (BUFx24_ASAP7_75t_R)
    10    8.71    8.98   19.89  500.65 ^ clkbuf_4_14_0__476580_/Y (BUFx24_ASAP7_75t_R)
                                         clknet_4_14_0__476580_ (net)
                 12.66    2.96  503.61 ^ out_pix_data[59]$_DFFE_PN0P_/CLK (DFFASRHQNx1_ASAP7_75t_R)
     1    0.70   12.94   39.06  542.67 ^ out_pix_data[59]$_DFFE_PN0P_/QN (DFFASRHQNx1_ASAP7_75t_R)
                                         _005280_ (net)
                 12.94    0.06  542.74 ^ _773193_/A (INVx1_ASAP7_75t_R)
     1   10.69   62.48   22.33  565.06 v _773193_/Y (INVx1_ASAP7_75t_R)
                                         net17627 (net)
                 79.62   17.34  582.41 v wire18358/A (BUFx6f_ASAP7_75t_R)
     1    9.73   13.71   27.84  610.25 v wire18358/Y (BUFx6f_ASAP7_75t_R)
                                         out_pix_data[59] (net)
                 45.11   13.63  623.88 v out_pix_data[59] (out)
                                623.88   data arrival time

                  0.00    0.00    0.00   clock vclk_core_clock (rise edge)
                        800.00  800.00   clock network delay (ideal)
                          0.00  800.00   clock reconvergence pessimism
                       -500.00  300.00   output external delay
                                300.00   data required time
-----------------------------------------------------------------------------
                                300.00   data required time
                               -623.88   data arrival time
-----------------------------------------------------------------------------
                                323.88   slack (MET)


Startpoint: m_addr[6]$_DFFE_PN0P_
            (rising edge-triggered flip-flop clocked by core_clock)
Endpoint: mem_addr[105] (output port clocked by vclk_mem)
Path Group: vclk_mem
Path Type: min

Fanout     Cap    Slew   Delay    Time   Description
-----------------------------------------------------------------------------
                          0.00    0.00   clock core_clock (rise edge)
                          0.00    0.00   clock source latency
     1   17.22    0.00    0.00    0.00 ^ clk (in)
                                         clk (net)
                 40.80   12.87   12.87 ^ wire77954/A (BUFx16f_ASAP7_75t_R)
     2   16.98   10.42   22.58   35.45 ^ wire77954/Y (BUFx16f_ASAP7_75t_R)
                                         net77521 (net)
                 44.14   13.53   48.97 ^ wire77953/A (BUFx10_ASAP7_75t_R)
     1   12.60   14.25   24.94   73.91 ^ wire77953/Y (BUFx10_ASAP7_75t_R)
                                         net77520 (net)
                 32.82    9.43   83.34 ^ clkbuf_0_clk/A (BUFx24_ASAP7_75t_R)
     2    8.07    9.64   24.45  107.79 ^ clkbuf_0_clk/Y (BUFx24_ASAP7_75t_R)
                                         clknet_0_clk (net)
                 11.56    2.32  110.11 ^ clkbuf_1_1_0_clk/A (BUFx24_ASAP7_75t_R)
     1    6.51    8.31   18.43  128.54 ^ clkbuf_1_1_0_clk/Y (BUFx24_ASAP7_75t_R)
                                         clknet_1_1_0_clk (net)
                 11.51    2.82  131.36 ^ clkbuf_1_1_1_clk/A (BUFx24_ASAP7_75t_R)
     2    7.50    8.82   18.66  150.02 ^ clkbuf_1_1_1_clk/Y (BUFx24_ASAP7_75t_R)
                                         clknet_1_1_1_clk (net)
                 10.27    1.84  151.86 ^ clkbuf_2_2_0_clk/A (BUFx24_ASAP7_75t_R)
     2    7.80    8.81   18.28  170.13 ^ clkbuf_2_2_0_clk/Y (BUFx24_ASAP7_75t_R)
                                         clknet_2_2_0_clk (net)
                 11.71    2.68  172.81 ^ clkbuf_3_5_0_clk/A (BUFx24_ASAP7_75t_R)
     1    7.70    8.52   18.56  191.38 ^ clkbuf_3_5_0_clk/Y (BUFx24_ASAP7_75t_R)
                                         clknet_3_5_0_clk (net)
                 14.25    3.85  195.23 ^ clkbuf_leaf_6_clk/A (BUFx24_ASAP7_75t_R)
     2    6.57    8.52   19.37  214.60 ^ clkbuf_leaf_6_clk/Y (BUFx24_ASAP7_75t_R)
                                         clknet_leaf_6_clk (net)
                  8.68    0.66  215.26 ^ delaybuf_40_core_clock/A (BUFx24_ASAP7_75t_R)
     1    2.32    6.84   17.05  232.31 ^ delaybuf_40_core_clock/Y (BUFx24_ASAP7_75t_R)
                                         delaynet_40_core_clock (net)
                  6.87    0.46  232.77 ^ delaybuf_41_core_clock/A (BUFx24_ASAP7_75t_R)
     2   10.19    9.88   17.62  250.38 ^ delaybuf_41_core_clock/Y (BUFx24_ASAP7_75t_R)
                                         delaynet_41_core_clock (net)
                 11.74    2.14  252.52 ^ delaybuf_38_core_clock/A (BUFx24_ASAP7_75t_R)
     1    4.08    7.57   18.24  270.75 ^ delaybuf_38_core_clock/Y (BUFx24_ASAP7_75t_R)
                                         delaynet_38_core_clock (net)
                  8.18    1.30  272.06 ^ delaybuf_39_core_clock/A (BUFx24_ASAP7_75t_R)
     1    3.82    7.44   17.12  289.17 ^ delaybuf_39_core_clock/Y (BUFx24_ASAP7_75t_R)
                                         delaynet_39_core_clock (net)
                  7.93    1.20  290.37 ^ _792316_/CLK (ICGx1_ASAP7_75t_R)
     1    2.36   16.97   14.73  305.10 ^ _792316_/GCLK (ICGx1_ASAP7_75t_R)
                                         _476589_ (net)
                 17.00    0.46  305.56 ^ clkbuf_0__476589_/A (BUFx24_ASAP7_75t_R)
     2   11.06   10.24   20.74  326.30 ^ clkbuf_0__476589_/Y (BUFx24_ASAP7_75t_R)
                                         clknet_0__476589_ (net)
                 13.09    2.74  329.04 ^ clkbuf_1_0_0__476589_/A (BUFx24_ASAP7_75t_R)
     1    7.62    8.40   18.87  347.90 ^ clkbuf_1_0_0__476589_/Y (BUFx24_ASAP7_75t_R)
                                         clknet_1_0_0__476589_ (net)
                 14.52    3.92  351.82 ^ clkbuf_1_0_1__476589_/A (BUFx24_ASAP7_75t_R)
     2   11.31   10.04   19.74  371.57 ^ clkbuf_1_0_1__476589_/Y (BUFx24_ASAP7_75t_R)
                                         clknet_1_0_1__476589_ (net)
                 15.70    3.91  375.48 ^ clkbuf_2_0_0__476589_/A (BUFx24_ASAP7_75t_R)
     1    7.23    8.56   19.75  395.23 ^ clkbuf_2_0_0__476589_/Y (BUFx24_ASAP7_75t_R)
                                         clknet_2_0_0__476589_ (net)
                 12.44    3.14  398.36 ^ clkbuf_2_0_1__476589_/A (BUFx24_ASAP7_75t_R)
     2   12.61   11.00   19.52  417.89 ^ clkbuf_2_0_1__476589_/Y (BUFx24_ASAP7_75t_R)
                                         clknet_2_0_1__476589_ (net)
                 13.62    2.68  420.57 ^ clkbuf_3_0_0__476589_/A (BUFx24_ASAP7_75t_R)
     2   11.05   10.31   19.76  440.32 ^ clkbuf_3_0_0__476589_/Y (BUFx24_ASAP7_75t_R)
                                         clknet_3_0_0__476589_ (net)
                 12.37    2.30  442.62 ^ clkbuf_4_0_0__476589_/A (BUFx24_ASAP7_75t_R)
     6   26.24   17.54   20.97  463.59 ^ clkbuf_4_0_0__476589_/Y (BUFx24_ASAP7_75t_R)
                                         clknet_4_0_0__476589_ (net)
                 24.96    5.87  469.46 ^ clkbuf_leaf_36__476589_/A (BUFx24_ASAP7_75t_R)
    10    9.79   10.01   22.82  492.28 ^ clkbuf_leaf_36__476589_/Y (BUFx24_ASAP7_75t_R)
                                         clknet_leaf_36__476589_ (net)
                 11.16    1.66  493.94 ^ m_addr[6]$_DFFE_PN0P_/CLK (DFFASRHQNx1_ASAP7_75t_R)
     1    1.38   17.91   41.93  535.87 ^ m_addr[6]$_DFFE_PN0P_/QN (DFFASRHQNx1_ASAP7_75t_R)
                                         _002066_ (net)
                 17.92    0.25  536.12 ^ _770756_/A (INVx1_ASAP7_75t_R)
     4    4.21   25.29   16.44  552.56 v _770756_/Y (INVx1_ASAP7_75t_R)
                                         net9572 (net)
                 25.34    0.68  553.24 v output9573/A (BUFx2_ASAP7_75t_R)
     1    0.30    4.95   17.65  570.89 v output9573/Y (BUFx2_ASAP7_75t_R)
                                         mem_addr[105] (net)
                  4.95    0.02  570.91 v mem_addr[105] (out)
                                570.91   data arrival time

                  0.00    0.00    0.00   clock vclk_mem (rise edge)
                        800.00  800.00   clock network delay (ideal)
                          0.00  800.00   clock reconvergence pessimism
                       -500.00  300.00   output external delay
                                300.00   data required time
-----------------------------------------------------------------------------
                                300.00   data required time
                               -570.91   data arrival time
-----------------------------------------------------------------------------
                                270.91   slack (MET)



==========================================================================
finish report_checks -path_delay max
--------------------------------------------------------------------------
Startpoint: c_d2[212]$_DFFE_PP_
            (rising edge-triggered flip-flop clocked by core_clock)
Endpoint: pair_q[13][18]$_DFFE_PP_
          (rising edge-triggered flip-flop clocked by core_clock)
Path Group: core_clock
Path Type: max

Fanout     Cap    Slew   Delay    Time   Description
-----------------------------------------------------------------------------
                          0.00    0.00   clock core_clock (rise edge)
                          0.00    0.00   clock source latency
     1   17.88    0.00    0.00    0.00 ^ clk (in)
                                         clk (net)
                 43.36   13.68   13.68 ^ wire77954/A (BUFx16f_ASAP7_75t_R)
     2   17.88   10.88   23.08   36.76 ^ wire77954/Y (BUFx16f_ASAP7_75t_R)
                                         net77521 (net)
                 45.87   14.06   50.82 ^ wire77953/A (BUFx10_ASAP7_75t_R)
     1   13.21   14.63   25.22   76.04 ^ wire77953/Y (BUFx10_ASAP7_75t_R)
                                         net77520 (net)
                 35.06   10.15   86.20 ^ clkbuf_0_clk/A (BUFx24_ASAP7_75t_R)
     2    9.27   10.15   25.16  111.35 ^ clkbuf_0_clk/Y (BUFx24_ASAP7_75t_R)
                                         clknet_0_clk (net)
                 12.66    2.67  114.02 ^ clkbuf_1_1_0_clk/A (BUFx24_ASAP7_75t_R)
     1    7.11    8.45   18.80  132.82 ^ clkbuf_1_1_0_clk/Y (BUFx24_ASAP7_75t_R)
                                         clknet_1_1_0_clk (net)
                 12.46    3.16  135.99 ^ clkbuf_1_1_1_clk/A (BUFx24_ASAP7_75t_R)
     2    8.70    9.21   19.08  155.07 ^ clkbuf_1_1_1_clk/Y (BUFx24_ASAP7_75t_R)
                                         clknet_1_1_1_clk (net)
                 11.23    2.16  157.23 ^ clkbuf_2_2_0_clk/A (BUFx24_ASAP7_75t_R)
     2    9.00    9.17   18.69  175.92 ^ clkbuf_2_2_0_clk/Y (BUFx24_ASAP7_75t_R)
                                         clknet_2_2_0_clk (net)
                 12.92    3.08  179.00 ^ clkbuf_3_5_0_clk/A (BUFx24_ASAP7_75t_R)
     1    8.30    8.59   18.95  197.95 ^ clkbuf_3_5_0_clk/Y (BUFx24_ASAP7_75t_R)
                                         clknet_3_5_0_clk (net)
                 15.48    4.25  202.20 ^ clkbuf_leaf_6_clk/A (BUFx24_ASAP7_75t_R)
     2    7.88    9.00   19.91  222.11 ^ clkbuf_leaf_6_clk/Y (BUFx24_ASAP7_75t_R)
                                         clknet_leaf_6_clk (net)
                  9.32    0.80  222.90 ^ delaybuf_40_core_clock/A (BUFx24_ASAP7_75t_R)
     1    2.92    7.09   17.35  240.25 ^ delaybuf_40_core_clock/Y (BUFx24_ASAP7_75t_R)
                                         delaynet_40_core_clock (net)
                  7.15    0.59  240.84 ^ delaybuf_41_core_clock/A (BUFx24_ASAP7_75t_R)
     2   11.50   10.49   17.84  258.68 ^ delaybuf_41_core_clock/Y (BUFx24_ASAP7_75t_R)
                                         delaynet_41_core_clock (net)
                 12.77    2.46  261.14 ^ delaybuf_38_core_clock/A (BUFx24_ASAP7_75t_R)
     1    4.68    7.79   18.62  279.75 ^ delaybuf_38_core_clock/Y (BUFx24_ASAP7_75t_R)
                                         delaynet_38_core_clock (net)
                  8.72    1.55  281.30 ^ delaybuf_39_core_clock/A (BUFx24_ASAP7_75t_R)
     1    4.52    7.70   17.38  298.68 ^ delaybuf_39_core_clock/Y (BUFx24_ASAP7_75t_R)
                                         delaynet_39_core_clock (net)
                  8.55    1.49  300.17 ^ _792316_/CLK (ICGx1_ASAP7_75t_R)
     1    2.97   20.67   16.44  316.61 ^ _792316_/GCLK (ICGx1_ASAP7_75t_R)
                                         _476589_ (net)
                 20.72    0.58  317.20 ^ clkbuf_0__476589_/A (BUFx24_ASAP7_75t_R)
     2   12.26   10.92   21.92  339.12 ^ clkbuf_0__476589_/Y (BUFx24_ASAP7_75t_R)
                                         clknet_0__476589_ (net)
                 13.97    2.93  342.05 ^ clkbuf_1_1_0__476589_/A (BUFx24_ASAP7_75t_R)
     1    7.03    8.40   19.18  361.23 ^ clkbuf_1_1_0__476589_/Y (BUFx24_ASAP7_75t_R)
                                         clknet_1_1_0__476589_ (net)
                 12.80    3.33  364.56 ^ clkbuf_1_1_1__476589_/A (BUFx24_ASAP7_75t_R)
     2   13.25   11.17   19.52  384.08 ^ clkbuf_1_1_1__476589_/Y (BUFx24_ASAP7_75t_R)
                                         clknet_1_1_1__476589_ (net)
                 15.93    3.73  387.82 ^ clkbuf_2_3_0__476589_/A (BUFx24_ASAP7_75t_R)
     1    8.01    8.67   19.85  407.66 ^ clkbuf_2_3_0__476589_/Y (BUFx24_ASAP7_75t_R)
                                         clknet_2_3_0__476589_ (net)
                 13.80    3.61  411.28 ^ clkbuf_2_3_1__476589_/A (BUFx24_ASAP7_75t_R)
     2   12.65   11.08   19.95  431.22 ^ clkbuf_2_3_1__476589_/Y (BUFx24_ASAP7_75t_R)
                                         clknet_2_3_1__476589_ (net)
                 14.09    2.94  434.16 ^ clkbuf_3_7_0__476589_/A (BUFx24_ASAP7_75t_R)
     2   13.29   11.13   20.04  454.20 ^ clkbuf_3_7_0__476589_/Y (BUFx24_ASAP7_75t_R)
                                         clknet_3_7_0__476589_ (net)
                 16.62    4.11  458.31 ^ clkbuf_4_15_0__476589_/A (BUFx24_ASAP7_75t_R)
     5   25.30   17.44   22.34  480.64 ^ clkbuf_4_15_0__476589_/Y (BUFx24_ASAP7_75t_R)
                                         clknet_4_15_0__476589_ (net)
                 22.81    5.03  485.68 ^ clkbuf_leaf_8__476589_/A (BUFx24_ASAP7_75t_R)
    14   13.44   11.75   22.71  508.39 ^ clkbuf_leaf_8__476589_/Y (BUFx24_ASAP7_75t_R)
                                         clknet_leaf_8__476589_ (net)
                 13.26    2.10  510.49 ^ c_d2[212]$_DFFE_PP_/CLK (DFFHQNx3_ASAP7_75t_R)
     2   20.54   64.34   66.71  577.20 v c_d2[212]$_DFFE_PP_/QN (DFFHQNx3_ASAP7_75t_R)
                                         _014017_ (net)
                 65.03    4.02  581.21 v place75217/A (BUFx3_ASAP7_75t_R)
     3   13.48   30.01   30.34  611.55 v place75217/Y (BUFx3_ASAP7_75t_R)
                                         net74784 (net)
                 63.57   18.57  630.12 v place75216/A (BUFx6f_ASAP7_75t_R)
     2   14.11   11.83   25.31  655.43 v place75216/Y (BUFx6f_ASAP7_75t_R)
                                         net74783 (net)
                 74.46   23.32  678.75 v place75215/A (BUFx6f_ASAP7_75t_R)
     5   21.14   15.36   28.68  707.43 v place75215/Y (BUFx6f_ASAP7_75t_R)
                                         net74782 (net)
                106.17   33.26  740.68 v place75210/A (BUFx3_ASAP7_75t_R)
     5    7.98   20.77   36.94  777.62 v place75210/Y (BUFx3_ASAP7_75t_R)
                                         net74777 (net)
                 20.90    0.98  778.60 v place75208/A (BUFx3_ASAP7_75t_R)
     9   15.52   33.98   23.43  802.03 v place75208/Y (BUFx3_ASAP7_75t_R)
                                         net74775 (net)
                 46.94   11.35  813.38 v _672897_/A (NOR2x1_ASAP7_75t_R)
     1    2.11   26.38   17.70  831.08 ^ _672897_/Y (NOR2x1_ASAP7_75t_R)
                                         _238774_ (net)
                 26.38    0.13  831.21 ^ _831868_/A (FAx1_ASAP7_75t_R)
     1    0.74   22.11   31.98  863.20 v _831868_/SN (FAx1_ASAP7_75t_R)
                                         _238778_ (net)
                 22.11    0.03  863.23 v _573004_/A (INVx1_ASAP7_75t_R)
     1    2.28   18.94   14.65  877.88 ^ _573004_/Y (INVx1_ASAP7_75t_R)
                                         _238706_ (net)
                 18.94    0.06  877.94 ^ _831854_/B (FAx1_ASAP7_75t_R)
     1    0.76   20.91   30.47  908.41 v _831854_/SN (FAx1_ASAP7_75t_R)
                                         _238709_ (net)
                 20.91    0.06  908.47 v _562375_/A (INVx1_ASAP7_75t_R)
     1    2.21   18.41   14.09  922.56 ^ _562375_/Y (INVx1_ASAP7_75t_R)
                                         _238489_ (net)
                 18.41    0.20  922.75 ^ _831811_/A (FAx1_ASAP7_75t_R)
     1    0.74   20.70   30.44  953.19 v _831811_/SN (FAx1_ASAP7_75t_R)
                                         _238493_ (net)
                 20.70    0.03  953.22 v _572917_/A (INVx1_ASAP7_75t_R)
     1    2.06   17.46   13.64  966.87 ^ _572917_/Y (INVx1_ASAP7_75t_R)
                                         _238157_ (net)
                 17.46    0.04  966.91 ^ _831745_/A (FAx1_ASAP7_75t_R)
     1    0.75   20.67   30.30  997.22 v _831745_/SN (FAx1_ASAP7_75t_R)
                                         _238161_ (net)
                 20.67    0.06  997.28 v _563848_/A (INVx1_ASAP7_75t_R)
     1    2.27   18.53   14.29 1011.57 ^ _563848_/Y (INVx1_ASAP7_75t_R)
                                         _238071_ (net)
                 18.53    0.05 1011.62 ^ _831728_/B (FAx1_ASAP7_75t_R)
     1    1.58   35.61   40.48 1052.10 v _831728_/SN (FAx1_ASAP7_75t_R)
                                         _238074_ (net)
                 35.62    0.31 1052.41 v _515569_/A (INVx1_ASAP7_75t_R)
     1    2.27   22.47   17.78 1070.20 ^ _515569_/Y (INVx1_ASAP7_75t_R)
                                         _237940_ (net)
                 22.47    0.13 1070.33 ^ _831707_/B (FAx1_ASAP7_75t_R)
     1    0.77   20.99   31.64 1101.97 v _831707_/SN (FAx1_ASAP7_75t_R)
                                         _237943_ (net)
                 20.99    0.06 1102.03 v _512809_/A (INVx1_ASAP7_75t_R)
     1    1.20   12.82   10.72 1112.74 ^ _512809_/Y (INVx1_ASAP7_75t_R)
                                         _237945_ (net)
                 12.83    0.10 1112.85 ^ _874609_/A (HAxp5_ASAP7_75t_R)
     5    5.19   92.48   65.71 1178.55 v _874609_/SN (HAxp5_ASAP7_75t_R)
                                         _399513_ (net)
                 92.56    1.55 1180.11 v _579334_/A (OR2x2_ASAP7_75t_R)
     2    1.51   10.03   29.67 1209.77 v _579334_/Y (OR2x2_ASAP7_75t_R)
                                         _426098_ (net)
                 10.03    0.10 1209.87 v _579335_/A2 (AO21x1_ASAP7_75t_R)
     1    0.74    8.54   14.93 1224.81 v _579335_/Y (AO21x1_ASAP7_75t_R)
                                         _426099_ (net)
                  8.55    0.07 1224.87 v _579336_/B1 (OA31x2_ASAP7_75t_R)
     2    2.30   12.44   21.63 1246.50 v _579336_/Y (OA31x2_ASAP7_75t_R)
                                         _426100_ (net)
                 12.54    0.63 1247.13 v _579339_/B1 (AO221x1_ASAP7_75t_R)
     2    2.28   17.25   25.77 1272.90 v _579339_/Y (AO221x1_ASAP7_75t_R)
                                         _426103_ (net)
                 17.26    0.21 1273.11 v _579340_/A2 (OA21x2_ASAP7_75t_R)
     1    0.93    7.81   19.58 1292.69 v _579340_/Y (OA21x2_ASAP7_75t_R)
                                         _426104_ (net)
                  7.81    0.09 1292.78 v _579341_/A2 (OA21x2_ASAP7_75t_R)
     2    1.89   10.13   18.41 1311.19 v _579341_/Y (OA21x2_ASAP7_75t_R)
                                         _426105_ (net)
                 10.13    0.11 1311.30 v _579342_/A2 (OA21x2_ASAP7_75t_R)
     1    0.71    7.03   17.09 1328.38 v _579342_/Y (OA21x2_ASAP7_75t_R)
                                         _426106_ (net)
                  7.03    0.06 1328.44 v _579343_/A2 (OA21x2_ASAP7_75t_R)
     1    1.00    7.41   16.70 1345.13 v _579343_/Y (OA21x2_ASAP7_75t_R)
                                         _426107_ (net)
                  7.42    0.05 1345.18 v _579344_/B (XNOR2x2_ASAP7_75t_R)
     1    0.71    6.67   19.83 1365.01 ^ _579344_/Y (XNOR2x2_ASAP7_75t_R)
                                         G_LANE[0].G_PAIR[13].pprod[18] (net)
                  6.68    0.06 1365.07 ^ pair_q[13][18]$_DFFE_PP_/D (DFFHQNx1_ASAP7_75t_R)
                               1365.07   data arrival time

                       1000.00 1000.00   clock core_clock (rise edge)
                          0.00 1000.00   clock source latency
     1   17.22    0.00    0.00 1000.00 ^ clk (in)
                                         clk (net)
                 40.80   12.87 1012.87 ^ wire77954/A (BUFx16f_ASAP7_75t_R)
     2   16.98   10.42   22.58 1035.45 ^ wire77954/Y (BUFx16f_ASAP7_75t_R)
                                         net77521 (net)
                 44.14   13.53 1048.97 ^ wire77953/A (BUFx10_ASAP7_75t_R)
     1   12.60   14.25   24.94 1073.91 ^ wire77953/Y (BUFx10_ASAP7_75t_R)
                                         net77520 (net)
                 32.82    9.43 1083.34 ^ clkbuf_0_clk/A (BUFx24_ASAP7_75t_R)
     2    8.07    9.64   24.45 1107.79 ^ clkbuf_0_clk/Y (BUFx24_ASAP7_75t_R)
                                         clknet_0_clk (net)
                 11.56    2.32 1110.11 ^ clkbuf_1_1_0_clk/A (BUFx24_ASAP7_75t_R)
     1    6.51    8.31   18.43 1128.54 ^ clkbuf_1_1_0_clk/Y (BUFx24_ASAP7_75t_R)
                                         clknet_1_1_0_clk (net)
                 11.51    2.82 1131.36 ^ clkbuf_1_1_1_clk/A (BUFx24_ASAP7_75t_R)
     2    7.50    8.82   18.66 1150.02 ^ clkbuf_1_1_1_clk/Y (BUFx24_ASAP7_75t_R)
                                         clknet_1_1_1_clk (net)
                 10.27    1.84 1151.86 ^ clkbuf_2_2_0_clk/A (BUFx24_ASAP7_75t_R)
     2    7.80    8.81   18.28 1170.13 ^ clkbuf_2_2_0_clk/Y (BUFx24_ASAP7_75t_R)
                                         clknet_2_2_0_clk (net)
                 11.71    2.68 1172.81 ^ clkbuf_3_5_0_clk/A (BUFx24_ASAP7_75t_R)
     1    7.70    8.52   18.56 1191.38 ^ clkbuf_3_5_0_clk/Y (BUFx24_ASAP7_75t_R)
                                         clknet_3_5_0_clk (net)
                 14.25    3.85 1195.23 ^ clkbuf_leaf_6_clk/A (BUFx24_ASAP7_75t_R)
     2    6.57    8.52   19.37 1214.60 ^ clkbuf_leaf_6_clk/Y (BUFx24_ASAP7_75t_R)
                                         clknet_leaf_6_clk (net)
                  9.85    1.84 1216.43 ^ _792304_/CLK (ICGx1_ASAP7_75t_R)
     1    2.13   15.39   14.67 1231.11 ^ _792304_/GCLK (ICGx1_ASAP7_75t_R)
                                         _476577_ (net)
                 15.40    0.23 1231.33 ^ clkbuf_0__476577_/A (BUFx24_ASAP7_75t_R)
     2   11.01   10.13   20.31 1251.64 ^ clkbuf_0__476577_/Y (BUFx24_ASAP7_75t_R)
                                         clknet_0__476577_ (net)
                 12.80    2.61 1254.24 ^ clkbuf_1_0_0__476577_/A (BUFx24_ASAP7_75t_R)
     1    6.81    8.41   18.86 1273.10 ^ clkbuf_1_0_0__476577_/Y (BUFx24_ASAP7_75t_R)
                                         clknet_1_0_0__476577_ (net)
                 11.70    2.88 1275.98 ^ clkbuf_1_0_1__476577_/A (BUFx24_ASAP7_75t_R)
     2    8.34    9.00   18.76 1294.74 ^ clkbuf_1_0_1__476577_/Y (BUFx24_ASAP7_75t_R)
                                         clknet_1_0_1__476577_ (net)
                 11.64    2.50 1297.23 ^ clkbuf_2_0_0__476577_/A (BUFx24_ASAP7_75t_R)
     1    7.48    8.41   18.47 1315.70 ^ clkbuf_2_0_0__476577_/Y (BUFx24_ASAP7_75t_R)
                                         clknet_2_0_0__476577_ (net)
                 13.84    3.69 1319.39 ^ clkbuf_2_0_1__476577_/A (BUFx24_ASAP7_75t_R)
     1   10.39    8.89   19.25 1338.64 ^ clkbuf_2_0_1__476577_/Y (BUFx24_ASAP7_75t_R)
                                         clknet_2_0_1__476577_ (net)
                 18.58    5.10 1343.74 ^ clkbuf_2_0_2__476577_/A (BUFx24_ASAP7_75t_R)
     2   11.48   10.55   21.26 1365.00 ^ clkbuf_2_0_2__476577_/Y (BUFx24_ASAP7_75t_R)
                                         clknet_2_0_2__476577_ (net)
                 13.24    2.71 1367.71 ^ clkbuf_3_1_0__476577_/A (BUFx24_ASAP7_75t_R)
     2   11.99   10.25   19.38 1387.08 ^ clkbuf_3_1_0__476577_/Y (BUFx24_ASAP7_75t_R)
                                         clknet_3_1_0__476577_ (net)
                 16.71    4.23 1391.31 ^ clkbuf_4_2_0__476577_/A (BUFx24_ASAP7_75t_R)
     2   10.03    9.19   20.22 1411.53 ^ clkbuf_4_2_0__476577_/Y (BUFx24_ASAP7_75t_R)
                                         clknet_4_2_0__476577_ (net)
                 15.99    4.20 1415.73 ^ clkbuf_5_5_0__476577_/A (BUFx24_ASAP7_75t_R)
     2   13.01   11.02   20.56 1436.29 ^ clkbuf_5_5_0__476577_/Y (BUFx24_ASAP7_75t_R)
                                         clknet_5_5_0__476577_ (net)
                 16.11    3.90 1440.19 ^ clkbuf_6_11_0__476577_/A (BUFx24_ASAP7_75t_R)
    11   36.59   22.55   22.35 1462.54 ^ clkbuf_6_11_0__476577_/Y (BUFx24_ASAP7_75t_R)
                                         clknet_6_11_0__476577_ (net)
                 34.26    8.36 1470.89 ^ clkbuf_leaf_517__476577_/A (BUFx24_ASAP7_75t_R)
    10   11.66   11.12   25.53 1496.42 ^ clkbuf_leaf_517__476577_/Y (BUFx24_ASAP7_75t_R)
                                         clknet_leaf_517__476577_ (net)
                 11.63    1.00 1497.42 ^ pair_q[13][18]$_DFFE_PP_/CLK (DFFHQNx1_ASAP7_75t_R)
                       -150.00 1347.42   clock uncertainty
                          7.51 1354.93   clock reconvergence pessimism
                         -5.55 1349.38   library setup time
                               1349.38   data required time
-----------------------------------------------------------------------------
                               1349.38   data required time
                               -1365.07   data arrival time
-----------------------------------------------------------------------------
                                -15.69   slack (VIOLATED)


Startpoint: out_pix_data[141]$_DFFE_PN0P_
            (rising edge-triggered flip-flop clocked by core_clock)
Endpoint: out_pix_data[141] (output port clocked by vclk_core_clock)
Path Group: vclk_core_clock
Path Type: max

Fanout     Cap    Slew   Delay    Time   Description
-----------------------------------------------------------------------------
                          0.00    0.00   clock core_clock (rise edge)
                          0.00    0.00   clock source latency
     1   17.88    0.00    0.00    0.00 ^ clk (in)
                                         clk (net)
                 43.36   13.68   13.68 ^ wire77954/A (BUFx16f_ASAP7_75t_R)
     2   17.88   10.88   23.08   36.76 ^ wire77954/Y (BUFx16f_ASAP7_75t_R)
                                         net77521 (net)
                 45.87   14.06   50.82 ^ wire77953/A (BUFx10_ASAP7_75t_R)
     1   13.21   14.63   25.22   76.04 ^ wire77953/Y (BUFx10_ASAP7_75t_R)
                                         net77520 (net)
                 35.06   10.15   86.20 ^ clkbuf_0_clk/A (BUFx24_ASAP7_75t_R)
     2    9.27   10.15   25.16  111.35 ^ clkbuf_0_clk/Y (BUFx24_ASAP7_75t_R)
                                         clknet_0_clk (net)
                 12.66    2.67  114.02 ^ clkbuf_1_1_0_clk/A (BUFx24_ASAP7_75t_R)
     1    7.11    8.45   18.80  132.82 ^ clkbuf_1_1_0_clk/Y (BUFx24_ASAP7_75t_R)
                                         clknet_1_1_0_clk (net)
                 12.46    3.16  135.99 ^ clkbuf_1_1_1_clk/A (BUFx24_ASAP7_75t_R)
     2    8.70    9.21   19.08  155.07 ^ clkbuf_1_1_1_clk/Y (BUFx24_ASAP7_75t_R)
                                         clknet_1_1_1_clk (net)
                 10.94    1.95  157.02 ^ delaybuf_50_core_clock/A (BUFx24_ASAP7_75t_R)
     1    4.33    7.65   18.03  175.05 ^ delaybuf_50_core_clock/Y (BUFx24_ASAP7_75t_R)
                                         delaynet_50_core_clock (net)
                  8.27    1.29  176.34 ^ clkbuf_2_3_0_clk/A (BUFx24_ASAP7_75t_R)
     2    9.32    9.19   17.81  194.15 ^ clkbuf_2_3_0_clk/Y (BUFx24_ASAP7_75t_R)
                                         clknet_2_3_0_clk (net)
                 13.90    3.52  197.67 ^ clkbuf_3_6_0_clk/A (BUFx24_ASAP7_75t_R)
     2   12.97   10.08   19.74  217.41 ^ clkbuf_3_6_0_clk/Y (BUFx24_ASAP7_75t_R)
                                         clknet_3_6_0_clk (net)
                 11.72    1.64  219.05 ^ delaybuf_16_core_clock/A (BUFx24_ASAP7_75t_R)
     1    2.98    7.14   18.08  237.13 ^ delaybuf_16_core_clock/Y (BUFx24_ASAP7_75t_R)
                                         delaynet_16_core_clock (net)
                  7.20    0.60  237.73 ^ delaybuf_17_core_clock/A (BUFx24_ASAP7_75t_R)
     1    2.84    7.04   16.68  254.41 ^ delaybuf_17_core_clock/Y (BUFx24_ASAP7_75t_R)
                                         delaynet_17_core_clock (net)
                  7.06    0.36  254.78 ^ delaybuf_18_core_clock/A (BUFx24_ASAP7_75t_R)
     1    2.81    7.03   16.64  271.41 ^ delaybuf_18_core_clock/Y (BUFx24_ASAP7_75t_R)
                                         delaynet_18_core_clock (net)
                  7.05    0.36  271.77 ^ delaybuf_19_core_clock/A (BUFx24_ASAP7_75t_R)
     1    2.83    7.04   16.63  288.41 ^ delaybuf_19_core_clock/Y (BUFx24_ASAP7_75t_R)
                                         delaynet_19_core_clock (net)
                  7.06    0.37  288.78 ^ delaybuf_20_core_clock/A (BUFx24_ASAP7_75t_R)
     1    2.99    7.11   16.65  305.42 ^ delaybuf_20_core_clock/Y (BUFx24_ASAP7_75t_R)
                                         delaynet_20_core_clock (net)
                  7.17    0.61  306.04 ^ delaybuf_21_core_clock/A (BUFx24_ASAP7_75t_R)
     1    2.87    7.05   16.68  322.72 ^ delaybuf_21_core_clock/Y (BUFx24_ASAP7_75t_R)
                                         delaynet_21_core_clock (net)
                  7.07    0.35  323.07 ^ delaybuf_22_core_clock/A (BUFx24_ASAP7_75t_R)
     1    3.13    7.17   16.68  339.74 ^ delaybuf_22_core_clock/Y (BUFx24_ASAP7_75t_R)
                                         delaynet_22_core_clock (net)
                  7.23    0.64  340.38 ^ delaybuf_23_core_clock/A (BUFx24_ASAP7_75t_R)
     1    2.77    7.02   16.68  357.06 ^ delaybuf_23_core_clock/Y (BUFx24_ASAP7_75t_R)
                                         delaynet_23_core_clock (net)
                  7.04    0.43  357.48 ^ delaybuf_24_core_clock/A (BUFx24_ASAP7_75t_R)
     1    2.85    7.05   16.63  374.11 ^ delaybuf_24_core_clock/Y (BUFx24_ASAP7_75t_R)
                                         delaynet_24_core_clock (net)
                  7.09    0.48  374.60 ^ delaybuf_25_core_clock/A (BUFx24_ASAP7_75t_R)
     1    2.92    7.07   16.66  391.26 ^ delaybuf_25_core_clock/Y (BUFx24_ASAP7_75t_R)
                                         delaynet_25_core_clock (net)
                  7.09    0.37  391.63 ^ clkbuf_leaf_8_clk/A (BUFx24_ASAP7_75t_R)
     3    7.62    8.92   17.50  409.13 ^ clkbuf_leaf_8_clk/Y (BUFx24_ASAP7_75t_R)
                                         clknet_leaf_8_clk (net)
                  8.95    0.30  409.43 ^ _792307_/CLK (ICGx1_ASAP7_75t_R)
     1    2.70   18.85   15.96  425.39 ^ _792307_/GCLK (ICGx1_ASAP7_75t_R)
                                         _476580_ (net)
                 18.86    0.33  425.71 ^ clkbuf_0__476580_/A (BUFx24_ASAP7_75t_R)
     2   12.53   10.98   21.45  447.16 ^ clkbuf_0__476580_/Y (BUFx24_ASAP7_75t_R)
                                         clknet_0__476580_ (net)
                 14.40    3.14  450.30 ^ clkbuf_1_0_0__476580_/A (BUFx24_ASAP7_75t_R)
     2   10.91    9.53   19.59  469.90 ^ clkbuf_1_0_0__476580_/Y (BUFx24_ASAP7_75t_R)
                                         clknet_1_0_0__476580_ (net)
                 17.13    4.52  474.41 ^ clkbuf_2_1_0__476580_/A (BUFx24_ASAP7_75t_R)
     4   17.18   12.50   20.67  495.08 ^ clkbuf_2_1_0__476580_/Y (BUFx24_ASAP7_75t_R)
                                         clknet_2_1_0__476580_ (net)
                 24.47    6.59  501.67 ^ clkbuf_4_7_0__476580_/A (BUFx24_ASAP7_75t_R)
    12    9.94    9.80   22.52  524.19 ^ clkbuf_4_7_0__476580_/Y (BUFx24_ASAP7_75t_R)
                                         clknet_4_7_0__476580_ (net)
                 13.10    2.86  527.05 ^ out_pix_data[141]$_DFFE_PN0P_/CLK (DFFASRHQNx1_ASAP7_75t_R)
     1    1.03   15.32   40.78  567.84 ^ out_pix_data[141]$_DFFE_PN0P_/QN (DFFASRHQNx1_ASAP7_75t_R)
                                         _005198_ (net)
                 15.32    0.11  567.95 ^ _773111_/A (INVx1_ASAP7_75t_R)
     1   22.42  131.94   27.04  594.99 v _773111_/Y (INVx1_ASAP7_75t_R)
                                         net17559 (net)
                213.89   60.45  655.44 v place62148/A (BUFx3_ASAP7_75t_R)
     1   26.87   37.90   47.71  703.15 v place62148/Y (BUFx3_ASAP7_75t_R)
                                         net61715 (net)
                240.64   76.21  779.35 v wire18449/A (BUFx12f_ASAP7_75t_R)
     1   17.80   13.34   42.04  821.39 v wire18449/Y (BUFx12f_ASAP7_75t_R)
                                         out_pix_data[141] (net)
                 81.60   25.30  846.69 v out_pix_data[141] (out)
                                846.69   data arrival time

                  0.00 1000.00 1000.00   clock vclk_core_clock (rise edge)
                        800.00 1800.00   clock network delay (ideal)
                          0.00 1800.00   clock reconvergence pessimism
                       -200.00 1600.00   output external delay
                               1600.00   data required time
-----------------------------------------------------------------------------
                               1600.00   data required time
                               -846.69   data arrival time
-----------------------------------------------------------------------------
                                753.31   slack (MET)


Startpoint: m_1h[4]$_DFFE_PN0P_
            (rising edge-triggered flip-flop clocked by core_clock)
Endpoint: mem_wdata[668] (output port clocked by vclk_mem)
Path Group: vclk_mem
Path Type: max

Fanout     Cap    Slew   Delay    Time   Description
-----------------------------------------------------------------------------
                          0.00    0.00   clock core_clock (rise edge)
                          0.00    0.00   clock source latency
     1   17.88    0.00    0.00    0.00 ^ clk (in)
                                         clk (net)
                 43.36   13.68   13.68 ^ wire77954/A (BUFx16f_ASAP7_75t_R)
     2   17.88   10.88   23.08   36.76 ^ wire77954/Y (BUFx16f_ASAP7_75t_R)
                                         net77521 (net)
                 45.87   14.06   50.82 ^ wire77953/A (BUFx10_ASAP7_75t_R)
     1   13.21   14.63   25.22   76.04 ^ wire77953/Y (BUFx10_ASAP7_75t_R)
                                         net77520 (net)
                 35.06   10.15   86.20 ^ clkbuf_0_clk/A (BUFx24_ASAP7_75t_R)
     2    9.27   10.15   25.16  111.35 ^ clkbuf_0_clk/Y (BUFx24_ASAP7_75t_R)
                                         clknet_0_clk (net)
                 12.66    2.67  114.02 ^ clkbuf_1_1_0_clk/A (BUFx24_ASAP7_75t_R)
     1    7.11    8.45   18.80  132.82 ^ clkbuf_1_1_0_clk/Y (BUFx24_ASAP7_75t_R)
                                         clknet_1_1_0_clk (net)
                 12.46    3.16  135.99 ^ clkbuf_1_1_1_clk/A (BUFx24_ASAP7_75t_R)
     2    8.70    9.21   19.08  155.07 ^ clkbuf_1_1_1_clk/Y (BUFx24_ASAP7_75t_R)
                                         clknet_1_1_1_clk (net)
                 11.23    2.16  157.23 ^ clkbuf_2_2_0_clk/A (BUFx24_ASAP7_75t_R)
     2    9.00    9.17   18.69  175.92 ^ clkbuf_2_2_0_clk/Y (BUFx24_ASAP7_75t_R)
                                         clknet_2_2_0_clk (net)
                 12.92    3.08  179.00 ^ clkbuf_3_5_0_clk/A (BUFx24_ASAP7_75t_R)
     1    8.30    8.59   18.95  197.95 ^ clkbuf_3_5_0_clk/Y (BUFx24_ASAP7_75t_R)
                                         clknet_3_5_0_clk (net)
                 15.48    4.25  202.20 ^ clkbuf_leaf_6_clk/A (BUFx24_ASAP7_75t_R)
     2    7.88    9.00   19.91  222.11 ^ clkbuf_leaf_6_clk/Y (BUFx24_ASAP7_75t_R)
                                         clknet_leaf_6_clk (net)
                  9.32    0.80  222.90 ^ delaybuf_40_core_clock/A (BUFx24_ASAP7_75t_R)
     1    2.92    7.09   17.35  240.25 ^ delaybuf_40_core_clock/Y (BUFx24_ASAP7_75t_R)
                                         delaynet_40_core_clock (net)
                  7.15    0.59  240.84 ^ delaybuf_41_core_clock/A (BUFx24_ASAP7_75t_R)
     2   11.50   10.49   17.84  258.68 ^ delaybuf_41_core_clock/Y (BUFx24_ASAP7_75t_R)
                                         delaynet_41_core_clock (net)
                 12.77    2.46  261.14 ^ delaybuf_38_core_clock/A (BUFx24_ASAP7_75t_R)
     1    4.68    7.79   18.62  279.75 ^ delaybuf_38_core_clock/Y (BUFx24_ASAP7_75t_R)
                                         delaynet_38_core_clock (net)
                  8.72    1.55  281.30 ^ delaybuf_39_core_clock/A (BUFx24_ASAP7_75t_R)
     1    4.52    7.70   17.38  298.68 ^ delaybuf_39_core_clock/Y (BUFx24_ASAP7_75t_R)
                                         delaynet_39_core_clock (net)
                  8.55    1.49  300.17 ^ _792316_/CLK (ICGx1_ASAP7_75t_R)
     1    2.97   20.67   16.44  316.61 ^ _792316_/GCLK (ICGx1_ASAP7_75t_R)
                                         _476589_ (net)
                 20.72    0.58  317.20 ^ clkbuf_0__476589_/A (BUFx24_ASAP7_75t_R)
     2   12.26   10.92   21.92  339.12 ^ clkbuf_0__476589_/Y (BUFx24_ASAP7_75t_R)
                                         clknet_0__476589_ (net)
                 14.27    3.10  342.22 ^ clkbuf_1_0_0__476589_/A (BUFx24_ASAP7_75t_R)
     1    8.22    8.51   19.25  361.47 ^ clkbuf_1_0_0__476589_/Y (BUFx24_ASAP7_75t_R)
                                         clknet_1_0_0__476589_ (net)
                 15.62    4.25  365.72 ^ clkbuf_1_0_1__476589_/A (BUFx24_ASAP7_75t_R)
     2   12.51   10.59   20.14  385.86 ^ clkbuf_1_0_1__476589_/Y (BUFx24_ASAP7_75t_R)
                                         clknet_1_0_1__476589_ (net)
                 17.19    4.35  390.21 ^ clkbuf_2_0_0__476589_/A (BUFx24_ASAP7_75t_R)
     1    7.83    8.70   20.23  410.44 ^ clkbuf_2_0_0__476589_/Y (BUFx24_ASAP7_75t_R)
                                         clknet_2_0_0__476589_ (net)
                 13.44    3.48  413.92 ^ clkbuf_2_0_1__476589_/A (BUFx24_ASAP7_75t_R)
     2   13.81   11.59   19.93  433.85 ^ clkbuf_2_0_1__476589_/Y (BUFx24_ASAP7_75t_R)
                                         clknet_2_0_1__476589_ (net)
                 14.69    3.02  436.87 ^ clkbuf_3_0_0__476589_/A (BUFx24_ASAP7_75t_R)
     2   12.25   10.91   20.19  457.06 ^ clkbuf_3_0_0__476589_/Y (BUFx24_ASAP7_75t_R)
                                         clknet_3_0_0__476589_ (net)
                 13.95    2.95  460.02 ^ clkbuf_4_1_0__476589_/A (BUFx24_ASAP7_75t_R)
     6   21.36   15.43   20.93  480.94 ^ clkbuf_4_1_0__476589_/Y (BUFx24_ASAP7_75t_R)
                                         clknet_4_1_0__476589_ (net)
                 18.39    3.42  484.37 ^ clkbuf_leaf_28__476589_/A (BUFx24_ASAP7_75t_R)
    17   14.65   12.15   21.82  506.18 ^ clkbuf_leaf_28__476589_/Y (BUFx24_ASAP7_75t_R)
                                         clknet_leaf_28__476589_ (net)
                 13.37    1.93  508.12 ^ m_1h[4]$_DFFE_PN0P_/CLK (DFFASRHQNx1_ASAP7_75t_R)
     2   18.22  114.46   77.82  585.94 v m_1h[4]$_DFFE_PN0P_/QN (DFFASRHQNx1_ASAP7_75t_R)
                                         _002344_ (net)
                143.20   29.92  615.86 v place67158/A (BUFx6f_ASAP7_75t_R)
     1   10.96   16.74   35.08  650.93 v place67158/Y (BUFx6f_ASAP7_75t_R)
                                         net66725 (net)
                 48.60   14.41  665.34 v place67157/A (BUFx6f_ASAP7_75t_R)
     1   14.78   14.78   22.68  688.02 v place67157/Y (BUFx6f_ASAP7_75t_R)
                                         net66724 (net)
                 70.06   21.91  709.94 v place67156/A (BUFx6f_ASAP7_75t_R)
     1   12.16   14.69   26.41  736.34 v place67156/Y (BUFx6f_ASAP7_75t_R)
                                         net66723 (net)
                 52.11   15.98  752.32 v place67155/A (BUFx6f_ASAP7_75t_R)
     2   12.04   11.23   23.29  775.61 v place67155/Y (BUFx6f_ASAP7_75t_R)
                                         net66722 (net)
                 58.19   18.04  793.66 v place67154/A (BUFx3_ASAP7_75t_R)
     2   21.09   40.35   31.60  825.25 v place67154/Y (BUFx3_ASAP7_75t_R)
                                         net66721 (net)
                120.26   37.18  862.43 v place67153/A (BUFx3_ASAP7_75t_R)
     2   14.96   33.10   37.25  899.68 v place67153/Y (BUFx3_ASAP7_75t_R)
                                         net66720 (net)
                 86.09   26.06  925.74 v place67152/A (BUFx3_ASAP7_75t_R)
    11   27.98   56.52   39.92  965.66 v place67152/Y (BUFx3_ASAP7_75t_R)
                                         net66719 (net)
                128.69   39.22 1004.87 v place67151/A (BUFx3_ASAP7_75t_R)
     5   25.36   30.50   38.76 1043.63 v place67151/Y (BUFx3_ASAP7_75t_R)
                                         net66718 (net)
                236.47   74.83 1118.46 v place67150/A (BUFx3_ASAP7_75t_R)
    23   38.04   78.69   62.48 1180.94 v place67150/Y (BUFx3_ASAP7_75t_R)
                                         net66717 (net)
                127.88   34.89 1215.83 v place67149/A (BUFx3_ASAP7_75t_R)
    26   35.57   75.54   46.81 1262.63 v place67149/Y (BUFx3_ASAP7_75t_R)
                                         net66716 (net)
                104.47   25.78 1288.41 v place67148/A (BUFx3_ASAP7_75t_R)
    34   48.24   99.34   44.55 1332.96 v place67148/Y (BUFx3_ASAP7_75t_R)
                                         net66715 (net)
                180.58   53.59 1386.55 v _750481_/A (NOR2x1_ASAP7_75t_R)
     1    0.62   26.84   16.79 1403.35 ^ _750481_/Y (NOR2x1_ASAP7_75t_R)
                                         net15944 (net)
                 26.84    0.05 1403.39 ^ output16377/A (BUFx2_ASAP7_75t_R)
     1    1.36    7.94   18.19 1421.58 ^ output16377/Y (BUFx2_ASAP7_75t_R)
                                         mem_wdata[668] (net)
                  7.97    0.25 1421.83 ^ mem_wdata[668] (out)
                               1421.83   data arrival time

                  0.00 1000.00 1000.00   clock vclk_mem (rise edge)
                        800.00 1800.00   clock network delay (ideal)
                          0.00 1800.00   clock reconvergence pessimism
                       -100.00 1700.00   output external delay
                               1700.00   data required time
-----------------------------------------------------------------------------
                               1700.00   data required time
                               -1421.83   data arrival time
-----------------------------------------------------------------------------
                                278.17   slack (MET)



==========================================================================
finish report_checks -unconstrained
--------------------------------------------------------------------------
Startpoint: c_d2[212]$_DFFE_PP_
            (rising edge-triggered flip-flop clocked by core_clock)
Endpoint: pair_q[13][18]$_DFFE_PP_
          (rising edge-triggered flip-flop clocked by core_clock)
Path Group: core_clock
Path Type: max

Fanout     Cap    Slew   Delay    Time   Description
-----------------------------------------------------------------------------
                          0.00    0.00   clock core_clock (rise edge)
                          0.00    0.00   clock source latency
     1   17.88    0.00    0.00    0.00 ^ clk (in)
                                         clk (net)
                 43.36   13.68   13.68 ^ wire77954/A (BUFx16f_ASAP7_75t_R)
     2   17.88   10.88   23.08   36.76 ^ wire77954/Y (BUFx16f_ASAP7_75t_R)
                                         net77521 (net)
                 45.87   14.06   50.82 ^ wire77953/A (BUFx10_ASAP7_75t_R)
     1   13.21   14.63   25.22   76.04 ^ wire77953/Y (BUFx10_ASAP7_75t_R)
                                         net77520 (net)
                 35.06   10.15   86.20 ^ clkbuf_0_clk/A (BUFx24_ASAP7_75t_R)
     2    9.27   10.15   25.16  111.35 ^ clkbuf_0_clk/Y (BUFx24_ASAP7_75t_R)
                                         clknet_0_clk (net)
                 12.66    2.67  114.02 ^ clkbuf_1_1_0_clk/A (BUFx24_ASAP7_75t_R)
     1    7.11    8.45   18.80  132.82 ^ clkbuf_1_1_0_clk/Y (BUFx24_ASAP7_75t_R)
                                         clknet_1_1_0_clk (net)
                 12.46    3.16  135.99 ^ clkbuf_1_1_1_clk/A (BUFx24_ASAP7_75t_R)
     2    8.70    9.21   19.08  155.07 ^ clkbuf_1_1_1_clk/Y (BUFx24_ASAP7_75t_R)
                                         clknet_1_1_1_clk (net)
                 11.23    2.16  157.23 ^ clkbuf_2_2_0_clk/A (BUFx24_ASAP7_75t_R)
     2    9.00    9.17   18.69  175.92 ^ clkbuf_2_2_0_clk/Y (BUFx24_ASAP7_75t_R)
                                         clknet_2_2_0_clk (net)
                 12.92    3.08  179.00 ^ clkbuf_3_5_0_clk/A (BUFx24_ASAP7_75t_R)
     1    8.30    8.59   18.95  197.95 ^ clkbuf_3_5_0_clk/Y (BUFx24_ASAP7_75t_R)
                                         clknet_3_5_0_clk (net)
                 15.48    4.25  202.20 ^ clkbuf_leaf_6_clk/A (BUFx24_ASAP7_75t_R)
     2    7.88    9.00   19.91  222.11 ^ clkbuf_leaf_6_clk/Y (BUFx24_ASAP7_75t_R)
                                         clknet_leaf_6_clk (net)
                  9.32    0.80  222.90 ^ delaybuf_40_core_clock/A (BUFx24_ASAP7_75t_R)
     1    2.92    7.09   17.35  240.25 ^ delaybuf_40_core_clock/Y (BUFx24_ASAP7_75t_R)
                                         delaynet_40_core_clock (net)
                  7.15    0.59  240.84 ^ delaybuf_41_core_clock/A (BUFx24_ASAP7_75t_R)
     2   11.50   10.49   17.84  258.68 ^ delaybuf_41_core_clock/Y (BUFx24_ASAP7_75t_R)
                                         delaynet_41_core_clock (net)
                 12.77    2.46  261.14 ^ delaybuf_38_core_clock/A (BUFx24_ASAP7_75t_R)
     1    4.68    7.79   18.62  279.75 ^ delaybuf_38_core_clock/Y (BUFx24_ASAP7_75t_R)
                                         delaynet_38_core_clock (net)
                  8.72    1.55  281.30 ^ delaybuf_39_core_clock/A (BUFx24_ASAP7_75t_R)
     1    4.52    7.70   17.38  298.68 ^ delaybuf_39_core_clock/Y (BUFx24_ASAP7_75t_R)
                                         delaynet_39_core_clock (net)
                  8.55    1.49  300.17 ^ _792316_/CLK (ICGx1_ASAP7_75t_R)
     1    2.97   20.67   16.44  316.61 ^ _792316_/GCLK (ICGx1_ASAP7_75t_R)
                                         _476589_ (net)
                 20.72    0.58  317.20 ^ clkbuf_0__476589_/A (BUFx24_ASAP7_75t_R)
     2   12.26   10.92   21.92  339.12 ^ clkbuf_0__476589_/Y (BUFx24_ASAP7_75t_R)
                                         clknet_0__476589_ (net)
                 13.97    2.93  342.05 ^ clkbuf_1_1_0__476589_/A (BUFx24_ASAP7_75t_R)
     1    7.03    8.40   19.18  361.23 ^ clkbuf_1_1_0__476589_/Y (BUFx24_ASAP7_75t_R)
                                         clknet_1_1_0__476589_ (net)
                 12.80    3.33  364.56 ^ clkbuf_1_1_1__476589_/A (BUFx24_ASAP7_75t_R)
     2   13.25   11.17   19.52  384.08 ^ clkbuf_1_1_1__476589_/Y (BUFx24_ASAP7_75t_R)
                                         clknet_1_1_1__476589_ (net)
                 15.93    3.73  387.82 ^ clkbuf_2_3_0__476589_/A (BUFx24_ASAP7_75t_R)
     1    8.01    8.67   19.85  407.66 ^ clkbuf_2_3_0__476589_/Y (BUFx24_ASAP7_75t_R)
                                         clknet_2_3_0__476589_ (net)
                 13.80    3.61  411.28 ^ clkbuf_2_3_1__476589_/A (BUFx24_ASAP7_75t_R)
     2   12.65   11.08   19.95  431.22 ^ clkbuf_2_3_1__476589_/Y (BUFx24_ASAP7_75t_R)
                                         clknet_2_3_1__476589_ (net)
                 14.09    2.94  434.16 ^ clkbuf_3_7_0__476589_/A (BUFx24_ASAP7_75t_R)
     2   13.29   11.13   20.04  454.20 ^ clkbuf_3_7_0__476589_/Y (BUFx24_ASAP7_75t_R)
                                         clknet_3_7_0__476589_ (net)
                 16.62    4.11  458.31 ^ clkbuf_4_15_0__476589_/A (BUFx24_ASAP7_75t_R)
     5   25.30   17.44   22.34  480.64 ^ clkbuf_4_15_0__476589_/Y (BUFx24_ASAP7_75t_R)
                                         clknet_4_15_0__476589_ (net)
                 22.81    5.03  485.68 ^ clkbuf_leaf_8__476589_/A (BUFx24_ASAP7_75t_R)
    14   13.44   11.75   22.71  508.39 ^ clkbuf_leaf_8__476589_/Y (BUFx24_ASAP7_75t_R)
                                         clknet_leaf_8__476589_ (net)
                 13.26    2.10  510.49 ^ c_d2[212]$_DFFE_PP_/CLK (DFFHQNx3_ASAP7_75t_R)
     2   20.54   64.34   66.71  577.20 v c_d2[212]$_DFFE_PP_/QN (DFFHQNx3_ASAP7_75t_R)
                                         _014017_ (net)
                 65.03    4.02  581.21 v place75217/A (BUFx3_ASAP7_75t_R)
     3   13.48   30.01   30.34  611.55 v place75217/Y (BUFx3_ASAP7_75t_R)
                                         net74784 (net)
                 63.57   18.57  630.12 v place75216/A (BUFx6f_ASAP7_75t_R)
     2   14.11   11.83   25.31  655.43 v place75216/Y (BUFx6f_ASAP7_75t_R)
                                         net74783 (net)
                 74.46   23.32  678.75 v place75215/A (BUFx6f_ASAP7_75t_R)
     5   21.14   15.36   28.68  707.43 v place75215/Y (BUFx6f_ASAP7_75t_R)
                                         net74782 (net)
                106.17   33.26  740.68 v place75210/A (BUFx3_ASAP7_75t_R)
     5    7.98   20.77   36.94  777.62 v place75210/Y (BUFx3_ASAP7_75t_R)
                                         net74777 (net)
                 20.90    0.98  778.60 v place75208/A (BUFx3_ASAP7_75t_R)
     9   15.52   33.98   23.43  802.03 v place75208/Y (BUFx3_ASAP7_75t_R)
                                         net74775 (net)
                 46.94   11.35  813.38 v _672897_/A (NOR2x1_ASAP7_75t_R)
     1    2.11   26.38   17.70  831.08 ^ _672897_/Y (NOR2x1_ASAP7_75t_R)
                                         _238774_ (net)
                 26.38    0.13  831.21 ^ _831868_/A (FAx1_ASAP7_75t_R)
     1    0.74   22.11   31.98  863.20 v _831868_/SN (FAx1_ASAP7_75t_R)
                                         _238778_ (net)
                 22.11    0.03  863.23 v _573004_/A (INVx1_ASAP7_75t_R)
     1    2.28   18.94   14.65  877.88 ^ _573004_/Y (INVx1_ASAP7_75t_R)
                                         _238706_ (net)
                 18.94    0.06  877.94 ^ _831854_/B (FAx1_ASAP7_75t_R)
     1    0.76   20.91   30.47  908.41 v _831854_/SN (FAx1_ASAP7_75t_R)
                                         _238709_ (net)
                 20.91    0.06  908.47 v _562375_/A (INVx1_ASAP7_75t_R)
     1    2.21   18.41   14.09  922.56 ^ _562375_/Y (INVx1_ASAP7_75t_R)
                                         _238489_ (net)
                 18.41    0.20  922.75 ^ _831811_/A (FAx1_ASAP7_75t_R)
     1    0.74   20.70   30.44  953.19 v _831811_/SN (FAx1_ASAP7_75t_R)
                                         _238493_ (net)
                 20.70    0.03  953.22 v _572917_/A (INVx1_ASAP7_75t_R)
     1    2.06   17.46   13.64  966.87 ^ _572917_/Y (INVx1_ASAP7_75t_R)
                                         _238157_ (net)
                 17.46    0.04  966.91 ^ _831745_/A (FAx1_ASAP7_75t_R)
     1    0.75   20.67   30.30  997.22 v _831745_/SN (FAx1_ASAP7_75t_R)
                                         _238161_ (net)
                 20.67    0.06  997.28 v _563848_/A (INVx1_ASAP7_75t_R)
     1    2.27   18.53   14.29 1011.57 ^ _563848_/Y (INVx1_ASAP7_75t_R)
                                         _238071_ (net)
                 18.53    0.05 1011.62 ^ _831728_/B (FAx1_ASAP7_75t_R)
     1    1.58   35.61   40.48 1052.10 v _831728_/SN (FAx1_ASAP7_75t_R)
                                         _238074_ (net)
                 35.62    0.31 1052.41 v _515569_/A (INVx1_ASAP7_75t_R)
     1    2.27   22.47   17.78 1070.20 ^ _515569_/Y (INVx1_ASAP7_75t_R)
                                         _237940_ (net)
                 22.47    0.13 1070.33 ^ _831707_/B (FAx1_ASAP7_75t_R)
     1    0.77   20.99   31.64 1101.97 v _831707_/SN (FAx1_ASAP7_75t_R)
                                         _237943_ (net)
                 20.99    0.06 1102.03 v _512809_/A (INVx1_ASAP7_75t_R)
     1    1.20   12.82   10.72 1112.74 ^ _512809_/Y (INVx1_ASAP7_75t_R)
                                         _237945_ (net)
                 12.83    0.10 1112.85 ^ _874609_/A (HAxp5_ASAP7_75t_R)
     5    5.19   92.48   65.71 1178.55 v _874609_/SN (HAxp5_ASAP7_75t_R)
                                         _399513_ (net)
                 92.56    1.55 1180.11 v _579334_/A (OR2x2_ASAP7_75t_R)
     2    1.51   10.03   29.67 1209.77 v _579334_/Y (OR2x2_ASAP7_75t_R)
                                         _426098_ (net)
                 10.03    0.10 1209.87 v _579335_/A2 (AO21x1_ASAP7_75t_R)
     1    0.74    8.54   14.93 1224.81 v _579335_/Y (AO21x1_ASAP7_75t_R)
                                         _426099_ (net)
                  8.55    0.07 1224.87 v _579336_/B1 (OA31x2_ASAP7_75t_R)
     2    2.30   12.44   21.63 1246.50 v _579336_/Y (OA31x2_ASAP7_75t_R)
                                         _426100_ (net)
                 12.54    0.63 1247.13 v _579339_/B1 (AO221x1_ASAP7_75t_R)
     2    2.28   17.25   25.77 1272.90 v _579339_/Y (AO221x1_ASAP7_75t_R)
                                         _426103_ (net)
                 17.26    0.21 1273.11 v _579340_/A2 (OA21x2_ASAP7_75t_R)
     1    0.93    7.81   19.58 1292.69 v _579340_/Y (OA21x2_ASAP7_75t_R)
                                         _426104_ (net)
                  7.81    0.09 1292.78 v _579341_/A2 (OA21x2_ASAP7_75t_R)
     2    1.89   10.13   18.41 1311.19 v _579341_/Y (OA21x2_ASAP7_75t_R)
                                         _426105_ (net)
                 10.13    0.11 1311.30 v _579342_/A2 (OA21x2_ASAP7_75t_R)
     1    0.71    7.03   17.09 1328.38 v _579342_/Y (OA21x2_ASAP7_75t_R)
                                         _426106_ (net)
                  7.03    0.06 1328.44 v _579343_/A2 (OA21x2_ASAP7_75t_R)
     1    1.00    7.41   16.70 1345.13 v _579343_/Y (OA21x2_ASAP7_75t_R)
                                         _426107_ (net)
                  7.42    0.05 1345.18 v _579344_/B (XNOR2x2_ASAP7_75t_R)
     1    0.71    6.67   19.83 1365.01 ^ _579344_/Y (XNOR2x2_ASAP7_75t_R)
                                         G_LANE[0].G_PAIR[13].pprod[18] (net)
                  6.68    0.06 1365.07 ^ pair_q[13][18]$_DFFE_PP_/D (DFFHQNx1_ASAP7_75t_R)
                               1365.07   data arrival time

                       1000.00 1000.00   clock core_clock (rise edge)
                          0.00 1000.00   clock source latency
     1   17.22    0.00    0.00 1000.00 ^ clk (in)
                                         clk (net)
                 40.80   12.87 1012.87 ^ wire77954/A (BUFx16f_ASAP7_75t_R)
     2   16.98   10.42   22.58 1035.45 ^ wire77954/Y (BUFx16f_ASAP7_75t_R)
                                         net77521 (net)
                 44.14   13.53 1048.97 ^ wire77953/A (BUFx10_ASAP7_75t_R)
     1   12.60   14.25   24.94 1073.91 ^ wire77953/Y (BUFx10_ASAP7_75t_R)
                                         net77520 (net)
                 32.82    9.43 1083.34 ^ clkbuf_0_clk/A (BUFx24_ASAP7_75t_R)
     2    8.07    9.64   24.45 1107.79 ^ clkbuf_0_clk/Y (BUFx24_ASAP7_75t_R)
                                         clknet_0_clk (net)
                 11.56    2.32 1110.11 ^ clkbuf_1_1_0_clk/A (BUFx24_ASAP7_75t_R)
     1    6.51    8.31   18.43 1128.54 ^ clkbuf_1_1_0_clk/Y (BUFx24_ASAP7_75t_R)
                                         clknet_1_1_0_clk (net)
                 11.51    2.82 1131.36 ^ clkbuf_1_1_1_clk/A (BUFx24_ASAP7_75t_R)
     2    7.50    8.82   18.66 1150.02 ^ clkbuf_1_1_1_clk/Y (BUFx24_ASAP7_75t_R)
                                         clknet_1_1_1_clk (net)
                 10.27    1.84 1151.86 ^ clkbuf_2_2_0_clk/A (BUFx24_ASAP7_75t_R)
     2    7.80    8.81   18.28 1170.13 ^ clkbuf_2_2_0_clk/Y (BUFx24_ASAP7_75t_R)
                                         clknet_2_2_0_clk (net)
                 11.71    2.68 1172.81 ^ clkbuf_3_5_0_clk/A (BUFx24_ASAP7_75t_R)
     1    7.70    8.52   18.56 1191.38 ^ clkbuf_3_5_0_clk/Y (BUFx24_ASAP7_75t_R)
                                         clknet_3_5_0_clk (net)
                 14.25    3.85 1195.23 ^ clkbuf_leaf_6_clk/A (BUFx24_ASAP7_75t_R)
     2    6.57    8.52   19.37 1214.60 ^ clkbuf_leaf_6_clk/Y (BUFx24_ASAP7_75t_R)
                                         clknet_leaf_6_clk (net)
                  9.85    1.84 1216.43 ^ _792304_/CLK (ICGx1_ASAP7_75t_R)
     1    2.13   15.39   14.67 1231.11 ^ _792304_/GCLK (ICGx1_ASAP7_75t_R)
                                         _476577_ (net)
                 15.40    0.23 1231.33 ^ clkbuf_0__476577_/A (BUFx24_ASAP7_75t_R)
     2   11.01   10.13   20.31 1251.64 ^ clkbuf_0__476577_/Y (BUFx24_ASAP7_75t_R)
                                         clknet_0__476577_ (net)
                 12.80    2.61 1254.24 ^ clkbuf_1_0_0__476577_/A (BUFx24_ASAP7_75t_R)
     1    6.81    8.41   18.86 1273.10 ^ clkbuf_1_0_0__476577_/Y (BUFx24_ASAP7_75t_R)
                                         clknet_1_0_0__476577_ (net)
                 11.70    2.88 1275.98 ^ clkbuf_1_0_1__476577_/A (BUFx24_ASAP7_75t_R)
     2    8.34    9.00   18.76 1294.74 ^ clkbuf_1_0_1__476577_/Y (BUFx24_ASAP7_75t_R)
                                         clknet_1_0_1__476577_ (net)
                 11.64    2.50 1297.23 ^ clkbuf_2_0_0__476577_/A (BUFx24_ASAP7_75t_R)
     1    7.48    8.41   18.47 1315.70 ^ clkbuf_2_0_0__476577_/Y (BUFx24_ASAP7_75t_R)
                                         clknet_2_0_0__476577_ (net)
                 13.84    3.69 1319.39 ^ clkbuf_2_0_1__476577_/A (BUFx24_ASAP7_75t_R)
     1   10.39    8.89   19.25 1338.64 ^ clkbuf_2_0_1__476577_/Y (BUFx24_ASAP7_75t_R)
                                         clknet_2_0_1__476577_ (net)
                 18.58    5.10 1343.74 ^ clkbuf_2_0_2__476577_/A (BUFx24_ASAP7_75t_R)
     2   11.48   10.55   21.26 1365.00 ^ clkbuf_2_0_2__476577_/Y (BUFx24_ASAP7_75t_R)
                                         clknet_2_0_2__476577_ (net)
                 13.24    2.71 1367.71 ^ clkbuf_3_1_0__476577_/A (BUFx24_ASAP7_75t_R)
     2   11.99   10.25   19.38 1387.08 ^ clkbuf_3_1_0__476577_/Y (BUFx24_ASAP7_75t_R)
                                         clknet_3_1_0__476577_ (net)
                 16.71    4.23 1391.31 ^ clkbuf_4_2_0__476577_/A (BUFx24_ASAP7_75t_R)
     2   10.03    9.19   20.22 1411.53 ^ clkbuf_4_2_0__476577_/Y (BUFx24_ASAP7_75t_R)
                                         clknet_4_2_0__476577_ (net)
                 15.99    4.20 1415.73 ^ clkbuf_5_5_0__476577_/A (BUFx24_ASAP7_75t_R)
     2   13.01   11.02   20.56 1436.29 ^ clkbuf_5_5_0__476577_/Y (BUFx24_ASAP7_75t_R)
                                         clknet_5_5_0__476577_ (net)
                 16.11    3.90 1440.19 ^ clkbuf_6_11_0__476577_/A (BUFx24_ASAP7_75t_R)
    11   36.59   22.55   22.35 1462.54 ^ clkbuf_6_11_0__476577_/Y (BUFx24_ASAP7_75t_R)
                                         clknet_6_11_0__476577_ (net)
                 34.26    8.36 1470.89 ^ clkbuf_leaf_517__476577_/A (BUFx24_ASAP7_75t_R)
    10   11.66   11.12   25.53 1496.42 ^ clkbuf_leaf_517__476577_/Y (BUFx24_ASAP7_75t_R)
                                         clknet_leaf_517__476577_ (net)
                 11.63    1.00 1497.42 ^ pair_q[13][18]$_DFFE_PP_/CLK (DFFHQNx1_ASAP7_75t_R)
                       -150.00 1347.42   clock uncertainty
                          7.51 1354.93   clock reconvergence pessimism
                         -5.55 1349.38   library setup time
                               1349.38   data required time
-----------------------------------------------------------------------------
                               1349.38   data required time
                               -1365.07   data arrival time
-----------------------------------------------------------------------------
                                -15.69   slack (VIOLATED)


Startpoint: out_pix_data[141]$_DFFE_PN0P_
            (rising edge-triggered flip-flop clocked by core_clock)
Endpoint: out_pix_data[141] (output port clocked by vclk_core_clock)
Path Group: vclk_core_clock
Path Type: max

Fanout     Cap    Slew   Delay    Time   Description
-----------------------------------------------------------------------------
                          0.00    0.00   clock core_clock (rise edge)
                          0.00    0.00   clock source latency
     1   17.88    0.00    0.00    0.00 ^ clk (in)
                                         clk (net)
                 43.36   13.68   13.68 ^ wire77954/A (BUFx16f_ASAP7_75t_R)
     2   17.88   10.88   23.08   36.76 ^ wire77954/Y (BUFx16f_ASAP7_75t_R)
                                         net77521 (net)
                 45.87   14.06   50.82 ^ wire77953/A (BUFx10_ASAP7_75t_R)
     1   13.21   14.63   25.22   76.04 ^ wire77953/Y (BUFx10_ASAP7_75t_R)
                                         net77520 (net)
                 35.06   10.15   86.20 ^ clkbuf_0_clk/A (BUFx24_ASAP7_75t_R)
     2    9.27   10.15   25.16  111.35 ^ clkbuf_0_clk/Y (BUFx24_ASAP7_75t_R)
                                         clknet_0_clk (net)
                 12.66    2.67  114.02 ^ clkbuf_1_1_0_clk/A (BUFx24_ASAP7_75t_R)
     1    7.11    8.45   18.80  132.82 ^ clkbuf_1_1_0_clk/Y (BUFx24_ASAP7_75t_R)
                                         clknet_1_1_0_clk (net)
                 12.46    3.16  135.99 ^ clkbuf_1_1_1_clk/A (BUFx24_ASAP7_75t_R)
     2    8.70    9.21   19.08  155.07 ^ clkbuf_1_1_1_clk/Y (BUFx24_ASAP7_75t_R)
                                         clknet_1_1_1_clk (net)
                 10.94    1.95  157.02 ^ delaybuf_50_core_clock/A (BUFx24_ASAP7_75t_R)
     1    4.33    7.65   18.03  175.05 ^ delaybuf_50_core_clock/Y (BUFx24_ASAP7_75t_R)
                                         delaynet_50_core_clock (net)
                  8.27    1.29  176.34 ^ clkbuf_2_3_0_clk/A (BUFx24_ASAP7_75t_R)
     2    9.32    9.19   17.81  194.15 ^ clkbuf_2_3_0_clk/Y (BUFx24_ASAP7_75t_R)
                                         clknet_2_3_0_clk (net)
                 13.90    3.52  197.67 ^ clkbuf_3_6_0_clk/A (BUFx24_ASAP7_75t_R)
     2   12.97   10.08   19.74  217.41 ^ clkbuf_3_6_0_clk/Y (BUFx24_ASAP7_75t_R)
                                         clknet_3_6_0_clk (net)
                 11.72    1.64  219.05 ^ delaybuf_16_core_clock/A (BUFx24_ASAP7_75t_R)
     1    2.98    7.14   18.08  237.13 ^ delaybuf_16_core_clock/Y (BUFx24_ASAP7_75t_R)
                                         delaynet_16_core_clock (net)
                  7.20    0.60  237.73 ^ delaybuf_17_core_clock/A (BUFx24_ASAP7_75t_R)
     1    2.84    7.04   16.68  254.41 ^ delaybuf_17_core_clock/Y (BUFx24_ASAP7_75t_R)
                                         delaynet_17_core_clock (net)
                  7.06    0.36  254.78 ^ delaybuf_18_core_clock/A (BUFx24_ASAP7_75t_R)
     1    2.81    7.03   16.64  271.41 ^ delaybuf_18_core_clock/Y (BUFx24_ASAP7_75t_R)
                                         delaynet_18_core_clock (net)
                  7.05    0.36  271.77 ^ delaybuf_19_core_clock/A (BUFx24_ASAP7_75t_R)
     1    2.83    7.04   16.63  288.41 ^ delaybuf_19_core_clock/Y (BUFx24_ASAP7_75t_R)
                                         delaynet_19_core_clock (net)
                  7.06    0.37  288.78 ^ delaybuf_20_core_clock/A (BUFx24_ASAP7_75t_R)
     1    2.99    7.11   16.65  305.42 ^ delaybuf_20_core_clock/Y (BUFx24_ASAP7_75t_R)
                                         delaynet_20_core_clock (net)
                  7.17    0.61  306.04 ^ delaybuf_21_core_clock/A (BUFx24_ASAP7_75t_R)
     1    2.87    7.05   16.68  322.72 ^ delaybuf_21_core_clock/Y (BUFx24_ASAP7_75t_R)
                                         delaynet_21_core_clock (net)
                  7.07    0.35  323.07 ^ delaybuf_22_core_clock/A (BUFx24_ASAP7_75t_R)
     1    3.13    7.17   16.68  339.74 ^ delaybuf_22_core_clock/Y (BUFx24_ASAP7_75t_R)
                                         delaynet_22_core_clock (net)
                  7.23    0.64  340.38 ^ delaybuf_23_core_clock/A (BUFx24_ASAP7_75t_R)
     1    2.77    7.02   16.68  357.06 ^ delaybuf_23_core_clock/Y (BUFx24_ASAP7_75t_R)
                                         delaynet_23_core_clock (net)
                  7.04    0.43  357.48 ^ delaybuf_24_core_clock/A (BUFx24_ASAP7_75t_R)
     1    2.85    7.05   16.63  374.11 ^ delaybuf_24_core_clock/Y (BUFx24_ASAP7_75t_R)
                                         delaynet_24_core_clock (net)
                  7.09    0.48  374.60 ^ delaybuf_25_core_clock/A (BUFx24_ASAP7_75t_R)
     1    2.92    7.07   16.66  391.26 ^ delaybuf_25_core_clock/Y (BUFx24_ASAP7_75t_R)
                                         delaynet_25_core_clock (net)
                  7.09    0.37  391.63 ^ clkbuf_leaf_8_clk/A (BUFx24_ASAP7_75t_R)
     3    7.62    8.92   17.50  409.13 ^ clkbuf_leaf_8_clk/Y (BUFx24_ASAP7_75t_R)
                                         clknet_leaf_8_clk (net)
                  8.95    0.30  409.43 ^ _792307_/CLK (ICGx1_ASAP7_75t_R)
     1    2.70   18.85   15.96  425.39 ^ _792307_/GCLK (ICGx1_ASAP7_75t_R)
                                         _476580_ (net)
                 18.86    0.33  425.71 ^ clkbuf_0__476580_/A (BUFx24_ASAP7_75t_R)
     2   12.53   10.98   21.45  447.16 ^ clkbuf_0__476580_/Y (BUFx24_ASAP7_75t_R)
                                         clknet_0__476580_ (net)
                 14.40    3.14  450.30 ^ clkbuf_1_0_0__476580_/A (BUFx24_ASAP7_75t_R)
     2   10.91    9.53   19.59  469.90 ^ clkbuf_1_0_0__476580_/Y (BUFx24_ASAP7_75t_R)
                                         clknet_1_0_0__476580_ (net)
                 17.13    4.52  474.41 ^ clkbuf_2_1_0__476580_/A (BUFx24_ASAP7_75t_R)
     4   17.18   12.50   20.67  495.08 ^ clkbuf_2_1_0__476580_/Y (BUFx24_ASAP7_75t_R)
                                         clknet_2_1_0__476580_ (net)
                 24.47    6.59  501.67 ^ clkbuf_4_7_0__476580_/A (BUFx24_ASAP7_75t_R)
    12    9.94    9.80   22.52  524.19 ^ clkbuf_4_7_0__476580_/Y (BUFx24_ASAP7_75t_R)
                                         clknet_4_7_0__476580_ (net)
                 13.10    2.86  527.05 ^ out_pix_data[141]$_DFFE_PN0P_/CLK (DFFASRHQNx1_ASAP7_75t_R)
     1    1.03   15.32   40.78  567.84 ^ out_pix_data[141]$_DFFE_PN0P_/QN (DFFASRHQNx1_ASAP7_75t_R)
                                         _005198_ (net)
                 15.32    0.11  567.95 ^ _773111_/A (INVx1_ASAP7_75t_R)
     1   22.42  131.94   27.04  594.99 v _773111_/Y (INVx1_ASAP7_75t_R)
                                         net17559 (net)
                213.89   60.45  655.44 v place62148/A (BUFx3_ASAP7_75t_R)
     1   26.87   37.90   47.71  703.15 v place62148/Y (BUFx3_ASAP7_75t_R)
                                         net61715 (net)
                240.64   76.21  779.35 v wire18449/A (BUFx12f_ASAP7_75t_R)
     1   17.80   13.34   42.04  821.39 v wire18449/Y (BUFx12f_ASAP7_75t_R)
                                         out_pix_data[141] (net)
                 81.60   25.30  846.69 v out_pix_data[141] (out)
                                846.69   data arrival time

                  0.00 1000.00 1000.00   clock vclk_core_clock (rise edge)
                        800.00 1800.00   clock network delay (ideal)
                          0.00 1800.00   clock reconvergence pessimism
                       -200.00 1600.00   output external delay
                               1600.00   data required time
-----------------------------------------------------------------------------
                               1600.00   data required time
                               -846.69   data arrival time
-----------------------------------------------------------------------------
                                753.31   slack (MET)


Startpoint: m_1h[4]$_DFFE_PN0P_
            (rising edge-triggered flip-flop clocked by core_clock)
Endpoint: mem_wdata[668] (output port clocked by vclk_mem)
Path Group: vclk_mem
Path Type: max

Fanout     Cap    Slew   Delay    Time   Description
-----------------------------------------------------------------------------
                          0.00    0.00   clock core_clock (rise edge)
                          0.00    0.00   clock source latency
     1   17.88    0.00    0.00    0.00 ^ clk (in)
                                         clk (net)
                 43.36   13.68   13.68 ^ wire77954/A (BUFx16f_ASAP7_75t_R)
     2   17.88   10.88   23.08   36.76 ^ wire77954/Y (BUFx16f_ASAP7_75t_R)
                                         net77521 (net)
                 45.87   14.06   50.82 ^ wire77953/A (BUFx10_ASAP7_75t_R)
     1   13.21   14.63   25.22   76.04 ^ wire77953/Y (BUFx10_ASAP7_75t_R)
                                         net77520 (net)
                 35.06   10.15   86.20 ^ clkbuf_0_clk/A (BUFx24_ASAP7_75t_R)
     2    9.27   10.15   25.16  111.35 ^ clkbuf_0_clk/Y (BUFx24_ASAP7_75t_R)
                                         clknet_0_clk (net)
                 12.66    2.67  114.02 ^ clkbuf_1_1_0_clk/A (BUFx24_ASAP7_75t_R)
     1    7.11    8.45   18.80  132.82 ^ clkbuf_1_1_0_clk/Y (BUFx24_ASAP7_75t_R)
                                         clknet_1_1_0_clk (net)
                 12.46    3.16  135.99 ^ clkbuf_1_1_1_clk/A (BUFx24_ASAP7_75t_R)
     2    8.70    9.21   19.08  155.07 ^ clkbuf_1_1_1_clk/Y (BUFx24_ASAP7_75t_R)
                                         clknet_1_1_1_clk (net)
                 11.23    2.16  157.23 ^ clkbuf_2_2_0_clk/A (BUFx24_ASAP7_75t_R)
     2    9.00    9.17   18.69  175.92 ^ clkbuf_2_2_0_clk/Y (BUFx24_ASAP7_75t_R)
                                         clknet_2_2_0_clk (net)
                 12.92    3.08  179.00 ^ clkbuf_3_5_0_clk/A (BUFx24_ASAP7_75t_R)
     1    8.30    8.59   18.95  197.95 ^ clkbuf_3_5_0_clk/Y (BUFx24_ASAP7_75t_R)
                                         clknet_3_5_0_clk (net)
                 15.48    4.25  202.20 ^ clkbuf_leaf_6_clk/A (BUFx24_ASAP7_75t_R)
     2    7.88    9.00   19.91  222.11 ^ clkbuf_leaf_6_clk/Y (BUFx24_ASAP7_75t_R)
                                         clknet_leaf_6_clk (net)
                  9.32    0.80  222.90 ^ delaybuf_40_core_clock/A (BUFx24_ASAP7_75t_R)
     1    2.92    7.09   17.35  240.25 ^ delaybuf_40_core_clock/Y (BUFx24_ASAP7_75t_R)
                                         delaynet_40_core_clock (net)
                  7.15    0.59  240.84 ^ delaybuf_41_core_clock/A (BUFx24_ASAP7_75t_R)
     2   11.50   10.49   17.84  258.68 ^ delaybuf_41_core_clock/Y (BUFx24_ASAP7_75t_R)
                                         delaynet_41_core_clock (net)
                 12.77    2.46  261.14 ^ delaybuf_38_core_clock/A (BUFx24_ASAP7_75t_R)
     1    4.68    7.79   18.62  279.75 ^ delaybuf_38_core_clock/Y (BUFx24_ASAP7_75t_R)
                                         delaynet_38_core_clock (net)
                  8.72    1.55  281.30 ^ delaybuf_39_core_clock/A (BUFx24_ASAP7_75t_R)
     1    4.52    7.70   17.38  298.68 ^ delaybuf_39_core_clock/Y (BUFx24_ASAP7_75t_R)
                                         delaynet_39_core_clock (net)
                  8.55    1.49  300.17 ^ _792316_/CLK (ICGx1_ASAP7_75t_R)
     1    2.97   20.67   16.44  316.61 ^ _792316_/GCLK (ICGx1_ASAP7_75t_R)
                                         _476589_ (net)
                 20.72    0.58  317.20 ^ clkbuf_0__476589_/A (BUFx24_ASAP7_75t_R)
     2   12.26   10.92   21.92  339.12 ^ clkbuf_0__476589_/Y (BUFx24_ASAP7_75t_R)
                                         clknet_0__476589_ (net)
                 14.27    3.10  342.22 ^ clkbuf_1_0_0__476589_/A (BUFx24_ASAP7_75t_R)
     1    8.22    8.51   19.25  361.47 ^ clkbuf_1_0_0__476589_/Y (BUFx24_ASAP7_75t_R)
                                         clknet_1_0_0__476589_ (net)
                 15.62    4.25  365.72 ^ clkbuf_1_0_1__476589_/A (BUFx24_ASAP7_75t_R)
     2   12.51   10.59   20.14  385.86 ^ clkbuf_1_0_1__476589_/Y (BUFx24_ASAP7_75t_R)
                                         clknet_1_0_1__476589_ (net)
                 17.19    4.35  390.21 ^ clkbuf_2_0_0__476589_/A (BUFx24_ASAP7_75t_R)
     1    7.83    8.70   20.23  410.44 ^ clkbuf_2_0_0__476589_/Y (BUFx24_ASAP7_75t_R)
                                         clknet_2_0_0__476589_ (net)
                 13.44    3.48  413.92 ^ clkbuf_2_0_1__476589_/A (BUFx24_ASAP7_75t_R)
     2   13.81   11.59   19.93  433.85 ^ clkbuf_2_0_1__476589_/Y (BUFx24_ASAP7_75t_R)
                                         clknet_2_0_1__476589_ (net)
                 14.69    3.02  436.87 ^ clkbuf_3_0_0__476589_/A (BUFx24_ASAP7_75t_R)
     2   12.25   10.91   20.19  457.06 ^ clkbuf_3_0_0__476589_/Y (BUFx24_ASAP7_75t_R)
                                         clknet_3_0_0__476589_ (net)
                 13.95    2.95  460.02 ^ clkbuf_4_1_0__476589_/A (BUFx24_ASAP7_75t_R)
     6   21.36   15.43   20.93  480.94 ^ clkbuf_4_1_0__476589_/Y (BUFx24_ASAP7_75t_R)
                                         clknet_4_1_0__476589_ (net)
                 18.39    3.42  484.37 ^ clkbuf_leaf_28__476589_/A (BUFx24_ASAP7_75t_R)
    17   14.65   12.15   21.82  506.18 ^ clkbuf_leaf_28__476589_/Y (BUFx24_ASAP7_75t_R)
                                         clknet_leaf_28__476589_ (net)
                 13.37    1.93  508.12 ^ m_1h[4]$_DFFE_PN0P_/CLK (DFFASRHQNx1_ASAP7_75t_R)
     2   18.22  114.46   77.82  585.94 v m_1h[4]$_DFFE_PN0P_/QN (DFFASRHQNx1_ASAP7_75t_R)
                                         _002344_ (net)
                143.20   29.92  615.86 v place67158/A (BUFx6f_ASAP7_75t_R)
     1   10.96   16.74   35.08  650.93 v place67158/Y (BUFx6f_ASAP7_75t_R)
                                         net66725 (net)
                 48.60   14.41  665.34 v place67157/A (BUFx6f_ASAP7_75t_R)
     1   14.78   14.78   22.68  688.02 v place67157/Y (BUFx6f_ASAP7_75t_R)
                                         net66724 (net)
                 70.06   21.91  709.94 v place67156/A (BUFx6f_ASAP7_75t_R)
     1   12.16   14.69   26.41  736.34 v place67156/Y (BUFx6f_ASAP7_75t_R)
                                         net66723 (net)
                 52.11   15.98  752.32 v place67155/A (BUFx6f_ASAP7_75t_R)
     2   12.04   11.23   23.29  775.61 v place67155/Y (BUFx6f_ASAP7_75t_R)
                                         net66722 (net)
                 58.19   18.04  793.66 v place67154/A (BUFx3_ASAP7_75t_R)
     2   21.09   40.35   31.60  825.25 v place67154/Y (BUFx3_ASAP7_75t_R)
                                         net66721 (net)
                120.26   37.18  862.43 v place67153/A (BUFx3_ASAP7_75t_R)
     2   14.96   33.10   37.25  899.68 v place67153/Y (BUFx3_ASAP7_75t_R)
                                         net66720 (net)
                 86.09   26.06  925.74 v place67152/A (BUFx3_ASAP7_75t_R)
    11   27.98   56.52   39.92  965.66 v place67152/Y (BUFx3_ASAP7_75t_R)
                                         net66719 (net)
                128.69   39.22 1004.87 v place67151/A (BUFx3_ASAP7_75t_R)
     5   25.36   30.50   38.76 1043.63 v place67151/Y (BUFx3_ASAP7_75t_R)
                                         net66718 (net)
                236.47   74.83 1118.46 v place67150/A (BUFx3_ASAP7_75t_R)
    23   38.04   78.69   62.48 1180.94 v place67150/Y (BUFx3_ASAP7_75t_R)
                                         net66717 (net)
                127.88   34.89 1215.83 v place67149/A (BUFx3_ASAP7_75t_R)
    26   35.57   75.54   46.81 1262.63 v place67149/Y (BUFx3_ASAP7_75t_R)
                                         net66716 (net)
                104.47   25.78 1288.41 v place67148/A (BUFx3_ASAP7_75t_R)
    34   48.24   99.34   44.55 1332.96 v place67148/Y (BUFx3_ASAP7_75t_R)
                                         net66715 (net)
                180.58   53.59 1386.55 v _750481_/A (NOR2x1_ASAP7_75t_R)
     1    0.62   26.84   16.79 1403.35 ^ _750481_/Y (NOR2x1_ASAP7_75t_R)
                                         net15944 (net)
                 26.84    0.05 1403.39 ^ output16377/A (BUFx2_ASAP7_75t_R)
     1    1.36    7.94   18.19 1421.58 ^ output16377/Y (BUFx2_ASAP7_75t_R)
                                         mem_wdata[668] (net)
                  7.97    0.25 1421.83 ^ mem_wdata[668] (out)
                               1421.83   data arrival time

                  0.00 1000.00 1000.00   clock vclk_mem (rise edge)
                        800.00 1800.00   clock network delay (ideal)
                          0.00 1800.00   clock reconvergence pessimism
                       -100.00 1700.00   output external delay
                               1700.00   data required time
-----------------------------------------------------------------------------
                               1700.00   data required time
                               -1421.83   data arrival time
-----------------------------------------------------------------------------
                                278.17   slack (MET)



==========================================================================
finish report_check_types -max_slew -max_cap -max_fanout -violators
--------------------------------------------------------------------------
max slew

Pin                                    Limit    Slew   Slack
------------------------------------------------------------
place67700/A                          320.00  478.91 -158.91 (VIOLATED)
_747094_/B                            320.00  478.79 -158.79 (VIOLATED)
place67709/A                          320.00  449.31 -129.31 (VIOLATED)
_747095_/B                            320.00  449.20 -129.20 (VIOLATED)
place67878/A                          320.00  442.50 -122.50 (VIOLATED)
_741828_/A                            320.00  442.27 -122.27 (VIOLATED)
place77874/A                          320.00  404.23  -84.23 (VIOLATED)
_746099_/B                            320.00  403.15  -83.15 (VIOLATED)
_746453_/B                            320.00  401.37  -81.37 (VIOLATED)
m_ce[9]$_DFFE_PN0P_/RESETN            320.00  399.84  -79.84 (VIOLATED)
_746630_/B                            320.00  399.74  -79.74 (VIOLATED)
place67472/A                          320.00  398.91  -78.91 (VIOLATED)
_746276_/B                            320.00  397.35  -77.35 (VIOLATED)
m_ce[8]$_DFFE_PN0P_/RESETN            320.00  390.13  -70.13 (VIOLATED)
place67427/A                          320.00  386.80  -66.80 (VIOLATED)
m_ce[2]$_DFFE_PN0P_/RESETN            320.00  382.56  -62.56 (VIOLATED)
_744744_/B                            320.00  382.13  -62.13 (VIOLATED)
place68632/A                          320.00  382.12  -62.12 (VIOLATED)
place68568/A                          320.00  378.91  -58.91 (VIOLATED)
m_ce[3]$_DFFE_PN0P_/RESETN            320.00  378.51  -58.51 (VIOLATED)
_742603_/B                            320.00  378.24  -58.24 (VIOLATED)
_745922_/B                            320.00  377.35  -57.35 (VIOLATED)
place68743/A                          320.00  371.64  -51.64 (VIOLATED)
_744755_/B                            320.00  371.28  -51.28 (VIOLATED)
m_ce[1]$_DFFE_PN0P_/RESETN            320.00  371.08  -51.08 (VIOLATED)
_744699_/B                            320.00  370.74  -50.74 (VIOLATED)
place68388/A                          320.00  370.64  -50.64 (VIOLATED)
place68435/A                          320.00  370.15  -50.15 (VIOLATED)
place68439/A                          320.00  368.45  -48.45 (VIOLATED)
_744350_/B                            320.00  368.11  -48.11 (VIOLATED)
_744553_/B                            320.00  367.34  -47.34 (VIOLATED)
place68520/A                          320.00  367.28  -47.28 (VIOLATED)
place68543/A                          320.00  366.80  -46.80 (VIOLATED)
_744733_/B                            320.00  365.93  -45.93 (VIOLATED)
m_ce[6]$_DFFE_PN0P_/RESETN            320.00  365.92  -45.92 (VIOLATED)
place67123/A                          320.00  364.27  -44.27 (VIOLATED)
_750748_/B                            320.00  362.89  -42.89 (VIOLATED)
_746182_/B                            320.00  362.77  -42.77 (VIOLATED)
place67599/A                          320.00  360.03  -40.03 (VIOLATED)
_741959_/A                            320.00  359.65  -39.65 (VIOLATED)
_750665_/B                            320.00  359.63  -39.63 (VIOLATED)
clone_4__792305_/SE                   320.00  358.27  -38.27 (VIOLATED)
place69026/A                          320.00  357.79  -37.79 (VIOLATED)
_741709_/A                            320.00  357.55  -37.55 (VIOLATED)
place68245/A                          320.00  357.50  -37.50 (VIOLATED)
_744867_/B                            320.00  357.47  -37.47 (VIOLATED)
_744685_/B                            320.00  357.45  -37.45 (VIOLATED)
_746512_/B                            320.00  356.27  -36.27 (VIOLATED)
_746158_/B                            320.00  356.18  -36.18 (VIOLATED)
_745828_/B                            320.00  356.13  -36.13 (VIOLATED)
_746689_/B                            320.00  355.86  -35.86 (VIOLATED)
_746335_/B                            320.00  355.43  -35.43 (VIOLATED)
_744784_/B                            320.00  354.44  -34.44 (VIOLATED)
_557627_/A                            320.00  351.73  -31.73 (VIOLATED)
_557628_/A1                           320.00  351.72  -31.72 (VIOLATED)
_526179_/A1                           320.00  351.39  -31.39 (VIOLATED)
_526178_/A                            320.00  351.38  -31.38 (VIOLATED)
_547373_/A1                           320.00  351.26  -31.26 (VIOLATED)
place67691/A                          320.00  351.20  -31.20 (VIOLATED)
_747093_/B                            320.00  351.09  -31.09 (VIOLATED)
_536352_/A                            320.00  350.33  -30.33 (VIOLATED)
place68890/A                          320.00  350.04  -30.04 (VIOLATED)
place67465/A                          320.00  349.94  -29.94 (VIOLATED)
_536353_/A1                           320.00  349.93  -29.93 (VIOLATED)
_744535_/B                            320.00  349.69  -29.69 (VIOLATED)
place68566/A                          320.00  349.52  -29.52 (VIOLATED)
place67622/A                          320.00  349.36  -29.36 (VIOLATED)
_509058_/A                            320.00  348.94  -28.94 (VIOLATED)
_509059_/A1                           320.00  348.86  -28.86 (VIOLATED)
_745070_/B                            320.00  348.75  -28.75 (VIOLATED)
_498594_/A                            320.00  348.73  -28.73 (VIOLATED)
_498595_/A1                           320.00  348.63  -28.63 (VIOLATED)
_746005_/B                            320.00  346.52  -26.52 (VIOLATED)
_519451_/A                            320.00  346.17  -26.17 (VIOLATED)
_519452_/A1                           320.00  346.14  -26.14 (VIOLATED)
place68483/A                          320.00  345.91  -25.91 (VIOLATED)
m_ce[7]$_DFFE_PN0P_/RESETN            320.00  345.42  -25.42 (VIOLATED)
place68784/A                          320.00  345.21  -25.21 (VIOLATED)
_741812_/A                            320.00  344.12  -24.12 (VIOLATED)
place67840/A                          320.00  344.05  -24.05 (VIOLATED)
_744711_/B                            320.00  343.43  -23.43 (VIOLATED)
place66912/A                          320.00  342.96  -22.96 (VIOLATED)
_760156_/A1                           320.00  342.85  -22.85 (VIOLATED)
_759924_/A1                           320.00  342.78  -22.78 (VIOLATED)
_755688_/A                            320.00  342.76  -22.76 (VIOLATED)
_759985_/A1                           320.00  342.60  -22.60 (VIOLATED)
_759750_/A1                           320.00  342.58  -22.58 (VIOLATED)
place68530/A                          320.00  342.54  -22.54 (VIOLATED)
_745981_/B                            320.00  342.49  -22.49 (VIOLATED)
_760049_/A1                           320.00  342.38  -22.38 (VIOLATED)
_755689_/A1                           320.00  342.38  -22.38 (VIOLATED)
_744554_/B                            320.00  342.37  -22.37 (VIOLATED)
_759925_/A1                           320.00  342.33  -22.33 (VIOLATED)
_759690_/A1                           320.00  342.06  -22.06 (VIOLATED)
_759806_/A1                           320.00  341.83  -21.83 (VIOLATED)
place68551/A                          320.00  341.75  -21.75 (VIOLATED)
_744734_/B                            320.00  341.55  -21.55 (VIOLATED)
place68370/A                          320.00  340.65  -20.65 (VIOLATED)
place68096/A                          320.00  340.24  -20.24 (VIOLATED)
_759757_/A1                           320.00  339.97  -19.97 (VIOLATED)
_759993_/A1                           320.00  339.85  -19.85 (VIOLATED)
_745012_/A                            320.00  339.81  -19.81 (VIOLATED)
place67305/A                          320.00  339.66  -19.66 (VIOLATED)
_745025_/A                            320.00  339.45  -19.45 (VIOLATED)
_745138_/B                            320.00  339.22  -19.22 (VIOLATED)
_750724_/B                            320.00  339.08  -19.08 (VIOLATED)
_744972_/A                            320.00  339.04  -19.04 (VIOLATED)
_759696_/A1                           320.00  338.94  -18.94 (VIOLATED)
_744697_/B                            320.00  338.69  -18.69 (VIOLATED)
_759812_/A1                           320.00  338.56  -18.56 (VIOLATED)
_760056_/A1                           320.00  338.53  -18.53 (VIOLATED)
_744990_/A                            320.00  338.44  -18.44 (VIOLATED)
_760694_/A1                           320.00  338.34  -18.34 (VIOLATED)
_745232_/B                            320.00  338.34  -18.34 (VIOLATED)
_760641_/A1                           320.00  338.28  -18.28 (VIOLATED)
_744976_/A                            320.00  338.18  -18.18 (VIOLATED)
_744933_/A                            320.00  338.15  -18.15 (VIOLATED)
_760516_/A1                           320.00  337.98  -17.98 (VIOLATED)
_757258_/A1                           320.00  337.50  -17.50 (VIOLATED)
_759250_/A1                           320.00  337.48  -17.48 (VIOLATED)
_759505_/A1                           320.00  337.40  -17.40 (VIOLATED)
_760344_/A1                           320.00  337.36  -17.36 (VIOLATED)
_744915_/A                            320.00  336.75  -16.75 (VIOLATED)
_744916_/A                            320.00  336.75  -16.75 (VIOLATED)
_745001_/A                            320.00  336.56  -16.56 (VIOLATED)
_745051_/A                            320.00  336.53  -16.53 (VIOLATED)
_759930_/A1                           320.00  336.50  -16.50 (VIOLATED)
_744988_/A                            320.00  336.47  -16.47 (VIOLATED)
_744930_/A                            320.00  336.44  -16.44 (VIOLATED)
_744994_/A                            320.00  336.36  -16.36 (VIOLATED)
_744993_/A                            320.00  336.25  -16.25 (VIOLATED)
_760163_/A1                           320.00  335.96  -15.96 (VIOLATED)
_760750_/A1                           320.00  335.88  -15.88 (VIOLATED)
_760646_/A1                           320.00  335.85  -15.85 (VIOLATED)
_759113_/A1                           320.00  335.85  -15.85 (VIOLATED)
_760701_/A1                           320.00  335.70  -15.70 (VIOLATED)
_745032_/A                            320.00  335.63  -15.63 (VIOLATED)
_759112_/B                            320.00  335.59  -15.59 (VIOLATED)
_760522_/A1                           320.00  335.25  -15.25 (VIOLATED)
_760466_/A1                           320.00  335.00  -15.00 (VIOLATED)
_755416_/A1                           320.00  334.62  -14.62 (VIOLATED)
_744995_/A                            320.00  334.56  -14.56 (VIOLATED)
_760351_/A1                           320.00  334.39  -14.39 (VIOLATED)
_744997_/A                            320.00  334.23  -14.23 (VIOLATED)
_744923_/A                            320.00  333.96  -13.96 (VIOLATED)
_700063_/A                            320.00  332.93  -12.93 (VIOLATED)
_700066_/A                            320.00  332.79  -12.79 (VIOLATED)
_759388_/A                            320.00  332.53  -12.53 (VIOLATED)
_700069_/A                            320.00  332.17  -12.17 (VIOLATED)
_700072_/A                            320.00  331.97  -11.97 (VIOLATED)
_759512_/A1                           320.00  331.96  -11.96 (VIOLATED)
_759389_/A1                           320.00  331.94  -11.94 (VIOLATED)
_745053_/A                            320.00  331.64  -11.64 (VIOLATED)
place68233/A                          320.00  331.11  -11.11 (VIOLATED)
_700075_/A                            320.00  330.93  -10.93 (VIOLATED)
_744684_/B                            320.00  330.93  -10.93 (VIOLATED)
m_ce[11]$_DFFE_PN0P_/RESETN           320.00  330.84  -10.84 (VIOLATED)
_741947_/A                            320.00  330.68  -10.68 (VIOLATED)
_759257_/A1                           320.00  330.53  -10.53 (VIOLATED)
_745995_/B                            320.00  330.46  -10.46 (VIOLATED)
ce_d1[11]$_DFFE_PN0P_/RESETN          320.00  330.40  -10.40 (VIOLATED)
_744934_/A                            320.00  330.38  -10.38 (VIOLATED)
_750738_/B                            320.00  330.28  -10.28 (VIOLATED)
ce_d1[19]$_DFFE_PN0P_/RESETN          320.00  329.74   -9.74 (VIOLATED)
_744922_/A                            320.00  329.69   -9.69 (VIOLATED)
_759186_/A1                           320.00  329.53   -9.53 (VIOLATED)
_700078_/A                            320.00  329.38   -9.38 (VIOLATED)
place77866/A                          320.00  329.29   -9.29 (VIOLATED)
m_ce[0]$_DFFE_PN0P_/RESETN            320.00  329.08   -9.08 (VIOLATED)
_744864_/B                            320.00  328.94   -8.94 (VIOLATED)
_744938_/A                            320.00  328.92   -8.92 (VIOLATED)
_700081_/A                            320.00  328.92   -8.92 (VIOLATED)
_742390_/B                            320.00  328.90   -8.90 (VIOLATED)
_746349_/B                            320.00  328.83   -8.83 (VIOLATED)
_746526_/B                            320.00  328.81   -8.81 (VIOLATED)
_757171_/A1                           320.00  328.72   -8.72 (VIOLATED)
_746172_/B                            320.00  328.66   -8.66 (VIOLATED)
_747098_/B                            320.00  328.28   -8.28 (VIOLATED)
place67735/A                          320.00  328.28   -8.28 (VIOLATED)
_759120_/A1                           320.00  328.12   -8.12 (VIOLATED)
_744732_/B                            320.00  328.05   -8.05 (VIOLATED)
place68538/A                          320.00  327.98   -7.98 (VIOLATED)
m_ce[48]$_DFFE_PN0P_/RESETN           320.00  327.92   -7.92 (VIOLATED)
m_ce[40]$_DFFE_PN0P_/RESETN           320.00  327.80   -7.80 (VIOLATED)
m_ce[22]$_DFFE_PN0P_/RESETN           320.00  327.49   -7.49 (VIOLATED)
_744878_/B                            320.00  327.37   -7.37 (VIOLATED)
_742567_/B                            320.00  327.33   -7.33 (VIOLATED)
m_ce[24]$_DFFE_PN0P_/RESETN           320.00  327.27   -7.27 (VIOLATED)
_745045_/A                            320.00  326.94   -6.94 (VIOLATED)
_700084_/A                            320.00  326.81   -6.81 (VIOLATED)
m_ce[47]$_DFFE_PN0P_/RESETN           320.00  326.48   -6.48 (VIOLATED)
_744970_/A                            320.00  325.85   -5.85 (VIOLATED)
_743994_/B                            320.00  325.69   -5.69 (VIOLATED)
_744532_/B                            320.00  325.50   -5.50 (VIOLATED)
place69002/A                          320.00  325.41   -5.41 (VIOLATED)
m_ce[23]$_DFFE_PN0P_/RESETN           320.00  325.18   -5.18 (VIOLATED)
_742744_/B                            320.00  325.15   -5.15 (VIOLATED)
_744536_/B                            320.00  325.09   -5.09 (VIOLATED)
_755139_/A1                           320.00  324.96   -4.96 (VIOLATED)
_741824_/A                            320.00  324.40   -4.40 (VIOLATED)
_741857_/A                            320.00  324.21   -4.21 (VIOLATED)
_754135_/B                            320.00  324.06   -4.06 (VIOLATED)
_754136_/A2                           320.00  324.03   -4.03 (VIOLATED)
_751618_/B                            320.00  323.84   -3.84 (VIOLATED)
_751619_/A2                           320.00  323.74   -3.74 (VIOLATED)
_754138_/B                            320.00  323.67   -3.67 (VIOLATED)
_754139_/A2                           320.00  323.64   -3.64 (VIOLATED)
_750489_/B                            320.00  323.54   -3.54 (VIOLATED)
_751623_/A2                           320.00  323.50   -3.50 (VIOLATED)
_700087_/A                            320.00  323.19   -3.19 (VIOLATED)
_751622_/B                            320.00  323.07   -3.07 (VIOLATED)
_754422_/A2                           320.00  322.89   -2.89 (VIOLATED)
_745027_/A                            320.00  322.82   -2.82 (VIOLATED)
_744931_/A                            320.00  322.77   -2.77 (VIOLATED)
_700090_/A                            320.00  322.67   -2.67 (VIOLATED)
place68473/A                          320.00  322.62   -2.62 (VIOLATED)
_744928_/A                            320.00  322.58   -2.58 (VIOLATED)
_743936_/B                            320.00  322.47   -2.47 (VIOLATED)
_754421_/B                            320.00  322.42   -2.42 (VIOLATED)
_744113_/B                            320.00  322.42   -2.42 (VIOLATED)
_743481_/B                            320.00  322.41   -2.41 (VIOLATED)
_751998_/A2                           320.00  322.41   -2.41 (VIOLATED)
_743304_/B                            320.00  322.29   -2.29 (VIOLATED)
_751997_/B                            320.00  322.14   -2.14 (VIOLATED)
_745055_/A                            320.00  322.12   -2.12 (VIOLATED)
_753457_/A1                           320.00  321.50   -1.50 (VIOLATED)
_753124_/A1                           320.00  321.46   -1.46 (VIOLATED)
_752806_/A1                           320.00  321.30   -1.30 (VIOLATED)
_746160_/B                            320.00  321.16   -1.16 (VIOLATED)
_753115_/A1                           320.00  321.06   -1.06 (VIOLATED)
_754414_/A2                           320.00  320.76   -0.76 (VIOLATED)
_751633_/B                            320.00  320.62   -0.62 (VIOLATED)
place67975/A                          320.00  320.61   -0.61 (VIOLATED)
_754413_/B                            320.00  320.49   -0.49 (VIOLATED)
_751634_/A2                           320.00  320.42   -0.42 (VIOLATED)
place67821/A                          320.00  320.38   -0.38 (VIOLATED)
_754143_/B                            320.00  320.35   -0.35 (VIOLATED)
_746703_/B                            320.00  320.32   -0.32 (VIOLATED)
_754144_/A2                           320.00  320.26   -0.26 (VIOLATED)
place68225/A                          320.00  320.24   -0.24 (VIOLATED)
_746514_/B                            320.00  320.14   -0.14 (VIOLATED)
_746691_/B                            320.00  320.13   -0.13 (VIOLATED)
_744683_/B                            320.00  320.04   -0.04 (VIOLATED)


==========================================================================
finish max_slew_check_slack
--------------------------------------------------------------------------
-158.9135284423828

==========================================================================
finish max_slew_check_limit
--------------------------------------------------------------------------
320.0

==========================================================================
finish max_slew_check_slack_limit
--------------------------------------------------------------------------
-0.4966

==========================================================================
finish max_fanout_check_slack
--------------------------------------------------------------------------
1.0000000150474662e+30

==========================================================================
finish max_fanout_check_limit
--------------------------------------------------------------------------
1.0000000150474662e+30

==========================================================================
finish max_capacitance_check_slack
--------------------------------------------------------------------------
5.139534950256348

==========================================================================
finish max_capacitance_check_limit
--------------------------------------------------------------------------
23.040000915527344

==========================================================================
finish max_capacitance_check_slack_limit
--------------------------------------------------------------------------
0.2231

==========================================================================
finish max_slew_violation_count
--------------------------------------------------------------------------
max slew violation count 243

==========================================================================
finish max_fanout_violation_count
--------------------------------------------------------------------------
max fanout violation count 0

==========================================================================
finish max_cap_violation_count
--------------------------------------------------------------------------
max cap violation count 0

==========================================================================
finish setup_violation_count
--------------------------------------------------------------------------
setup violation count 19

==========================================================================
finish hold_violation_count
--------------------------------------------------------------------------
hold violation count 0

==========================================================================
finish report_checks -path_delay max reg to reg
--------------------------------------------------------------------------
Startpoint: c_d2[212]$_DFFE_PP_
            (rising edge-triggered flip-flop clocked by core_clock)
Endpoint: pair_q[13][18]$_DFFE_PP_
          (rising edge-triggered flip-flop clocked by core_clock)
Path Group: core_clock
Path Type: max

  Delay    Time   Description
---------------------------------------------------------
   0.00    0.00   clock core_clock (rise edge)
   0.00    0.00   clock source latency
   0.00    0.00 ^ clk (in)
  36.76   36.76 ^ wire77954/Y (BUFx16f_ASAP7_75t_R)
  39.28   76.04 ^ wire77953/Y (BUFx10_ASAP7_75t_R)
  35.31  111.35 ^ clkbuf_0_clk/Y (BUFx24_ASAP7_75t_R)
  21.47  132.82 ^ clkbuf_1_1_0_clk/Y (BUFx24_ASAP7_75t_R)
  22.25  155.07 ^ clkbuf_1_1_1_clk/Y (BUFx24_ASAP7_75t_R)
  20.85  175.92 ^ clkbuf_2_2_0_clk/Y (BUFx24_ASAP7_75t_R)
  22.03  197.95 ^ clkbuf_3_5_0_clk/Y (BUFx24_ASAP7_75t_R)
  24.16  222.11 ^ clkbuf_leaf_6_clk/Y (BUFx24_ASAP7_75t_R)
  18.15  240.25 ^ delaybuf_40_core_clock/Y (BUFx24_ASAP7_75t_R)
  18.42  258.68 ^ delaybuf_41_core_clock/Y (BUFx24_ASAP7_75t_R)
  21.08  279.75 ^ delaybuf_38_core_clock/Y (BUFx24_ASAP7_75t_R)
  18.93  298.68 ^ delaybuf_39_core_clock/Y (BUFx24_ASAP7_75t_R)
  17.94  316.61 ^ _792316_/GCLK (ICGx1_ASAP7_75t_R)
  22.51  339.12 ^ clkbuf_0__476589_/Y (BUFx24_ASAP7_75t_R)
  22.11  361.23 ^ clkbuf_1_1_0__476589_/Y (BUFx24_ASAP7_75t_R)
  22.86  384.08 ^ clkbuf_1_1_1__476589_/Y (BUFx24_ASAP7_75t_R)
  23.58  407.66 ^ clkbuf_2_3_0__476589_/Y (BUFx24_ASAP7_75t_R)
  23.56  431.22 ^ clkbuf_2_3_1__476589_/Y (BUFx24_ASAP7_75t_R)
  22.98  454.20 ^ clkbuf_3_7_0__476589_/Y (BUFx24_ASAP7_75t_R)
  26.44  480.64 ^ clkbuf_4_15_0__476589_/Y (BUFx24_ASAP7_75t_R)
  27.75  508.39 ^ clkbuf_leaf_8__476589_/Y (BUFx24_ASAP7_75t_R)
   2.10  510.49 ^ c_d2[212]$_DFFE_PP_/CLK (DFFHQNx3_ASAP7_75t_R)
  66.71  577.20 v c_d2[212]$_DFFE_PP_/QN (DFFHQNx3_ASAP7_75t_R)
  34.35  611.55 v place75217/Y (BUFx3_ASAP7_75t_R)
  43.88  655.43 v place75216/Y (BUFx6f_ASAP7_75t_R)
  51.99  707.43 v place75215/Y (BUFx6f_ASAP7_75t_R)
  70.19  777.62 v place75210/Y (BUFx3_ASAP7_75t_R)
  24.41  802.03 v place75208/Y (BUFx3_ASAP7_75t_R)
  29.05  831.08 ^ _672897_/Y (NOR2x1_ASAP7_75t_R)
  32.12  863.20 v _831868_/SN (FAx1_ASAP7_75t_R)
  14.68  877.88 ^ _573004_/Y (INVx1_ASAP7_75t_R)
  30.53  908.41 v _831854_/SN (FAx1_ASAP7_75t_R)
  14.15  922.56 ^ _562375_/Y (INVx1_ASAP7_75t_R)
  30.63  953.19 v _831811_/SN (FAx1_ASAP7_75t_R)
  13.68  966.87 ^ _572917_/Y (INVx1_ASAP7_75t_R)
  30.35  997.22 v _831745_/SN (FAx1_ASAP7_75t_R)
  14.35 1011.57 ^ _563848_/Y (INVx1_ASAP7_75t_R)
  40.54 1052.10 v _831728_/SN (FAx1_ASAP7_75t_R)
  18.10 1070.20 ^ _515569_/Y (INVx1_ASAP7_75t_R)
  31.77 1101.97 v _831707_/SN (FAx1_ASAP7_75t_R)
  10.78 1112.74 ^ _512809_/Y (INVx1_ASAP7_75t_R)
  65.81 1178.55 v _874609_/SN (HAxp5_ASAP7_75t_R)
  31.22 1209.77 v _579334_/Y (OR2x2_ASAP7_75t_R)
  15.03 1224.81 v _579335_/Y (AO21x1_ASAP7_75t_R)
  21.70 1246.50 v _579336_/Y (OA31x2_ASAP7_75t_R)
  26.40 1272.90 v _579339_/Y (AO221x1_ASAP7_75t_R)
  19.79 1292.69 v _579340_/Y (OA21x2_ASAP7_75t_R)
  18.50 1311.19 v _579341_/Y (OA21x2_ASAP7_75t_R)
  17.19 1328.38 v _579342_/Y (OA21x2_ASAP7_75t_R)
  16.75 1345.13 v _579343_/Y (OA21x2_ASAP7_75t_R)
  19.88 1365.01 ^ _579344_/Y (XNOR2x2_ASAP7_75t_R)
   0.06 1365.07 ^ pair_q[13][18]$_DFFE_PP_/D (DFFHQNx1_ASAP7_75t_R)
        1365.07   data arrival time

1000.00 1000.00   clock core_clock (rise edge)
   0.00 1000.00   clock source latency
   0.00 1000.00 ^ clk (in)
  35.45 1035.45 ^ wire77954/Y (BUFx16f_ASAP7_75t_R)
  38.46 1073.91 ^ wire77953/Y (BUFx10_ASAP7_75t_R)
  33.88 1107.79 ^ clkbuf_0_clk/Y (BUFx24_ASAP7_75t_R)
  20.75 1128.54 ^ clkbuf_1_1_0_clk/Y (BUFx24_ASAP7_75t_R)
  21.48 1150.02 ^ clkbuf_1_1_1_clk/Y (BUFx24_ASAP7_75t_R)
  20.11 1170.13 ^ clkbuf_2_2_0_clk/Y (BUFx24_ASAP7_75t_R)
  21.24 1191.38 ^ clkbuf_3_5_0_clk/Y (BUFx24_ASAP7_75t_R)
  23.22 1214.60 ^ clkbuf_leaf_6_clk/Y (BUFx24_ASAP7_75t_R)
  16.51 1231.11 ^ _792304_/GCLK (ICGx1_ASAP7_75t_R)
  20.53 1251.64 ^ clkbuf_0__476577_/Y (BUFx24_ASAP7_75t_R)
  21.46 1273.10 ^ clkbuf_1_0_0__476577_/Y (BUFx24_ASAP7_75t_R)
  21.64 1294.74 ^ clkbuf_1_0_1__476577_/Y (BUFx24_ASAP7_75t_R)
  20.96 1315.70 ^ clkbuf_2_0_0__476577_/Y (BUFx24_ASAP7_75t_R)
  22.94 1338.64 ^ clkbuf_2_0_1__476577_/Y (BUFx24_ASAP7_75t_R)
  26.36 1365.00 ^ clkbuf_2_0_2__476577_/Y (BUFx24_ASAP7_75t_R)
  22.08 1387.08 ^ clkbuf_3_1_0__476577_/Y (BUFx24_ASAP7_75t_R)
  24.45 1411.53 ^ clkbuf_4_2_0__476577_/Y (BUFx24_ASAP7_75t_R)
  24.76 1436.29 ^ clkbuf_5_5_0__476577_/Y (BUFx24_ASAP7_75t_R)
  26.25 1462.54 ^ clkbuf_6_11_0__476577_/Y (BUFx24_ASAP7_75t_R)
  33.88 1496.42 ^ clkbuf_leaf_517__476577_/Y (BUFx24_ASAP7_75t_R)
   1.00 1497.42 ^ pair_q[13][18]$_DFFE_PP_/CLK (DFFHQNx1_ASAP7_75t_R)
-150.00 1347.42   clock uncertainty
   7.51 1354.93   clock reconvergence pessimism
  -5.55 1349.38   library setup time
        1349.38   data required time
---------------------------------------------------------
        1349.38   data required time
        -1365.07   data arrival time
---------------------------------------------------------
         -15.69   slack (VIOLATED)



==========================================================================
finish report_checks -path_delay min reg to reg
--------------------------------------------------------------------------
Startpoint: ymod_f[4]$_DFFE_PN0P_
            (rising edge-triggered flip-flop clocked by core_clock)
Endpoint: shi1_q[2]$_DFF_P_
          (rising edge-triggered flip-flop clocked by core_clock)
Path Group: core_clock
Path Type: min

  Delay    Time   Description
---------------------------------------------------------
   0.00    0.00   clock core_clock (rise edge)
   0.00    0.00   clock source latency
   0.00    0.00 ^ clk (in)
  35.45   35.45 ^ wire77954/Y (BUFx16f_ASAP7_75t_R)
  38.46   73.91 ^ wire77953/Y (BUFx10_ASAP7_75t_R)
  33.88  107.79 ^ clkbuf_0_clk/Y (BUFx24_ASAP7_75t_R)
  18.40  126.18 ^ delaybuf_86_core_clock/Y (BUFx24_ASAP7_75t_R)
  17.03  143.21 ^ delaybuf_87_core_clock/Y (BUFx24_ASAP7_75t_R)
  17.03  160.25 ^ delaybuf_88_core_clock/Y (BUFx24_ASAP7_75t_R)
  17.02  177.27 ^ delaybuf_89_core_clock/Y (BUFx24_ASAP7_75t_R)
  17.04  194.31 ^ delaybuf_90_core_clock/Y (BUFx24_ASAP7_75t_R)
  17.05  211.36 ^ delaybuf_91_core_clock/Y (BUFx24_ASAP7_75t_R)
  17.03  228.38 ^ delaybuf_92_core_clock/Y (BUFx24_ASAP7_75t_R)
  17.09  245.48 ^ delaybuf_93_core_clock/Y (BUFx24_ASAP7_75t_R)
  17.58  263.05 ^ clkbuf_1_0_0_clk/Y (BUFx24_ASAP7_75t_R)
  21.80  284.86 ^ clkbuf_1_0_1_clk/Y (BUFx24_ASAP7_75t_R)
  21.66  306.52 ^ clkbuf_2_1_0_clk/Y (BUFx24_ASAP7_75t_R)
  19.79  326.31 ^ delaybuf_65_core_clock/Y (BUFx24_ASAP7_75t_R)
  17.16  343.46 ^ delaybuf_66_core_clock/Y (BUFx24_ASAP7_75t_R)
  17.21  360.67 ^ delaybuf_67_core_clock/Y (BUFx24_ASAP7_75t_R)
  17.29  377.97 ^ delaybuf_68_core_clock/Y (BUFx24_ASAP7_75t_R)
  17.22  395.18 ^ delaybuf_69_core_clock/Y (BUFx24_ASAP7_75t_R)
  17.20  412.38 ^ delaybuf_70_core_clock/Y (BUFx24_ASAP7_75t_R)
  18.12  430.50 ^ clkbuf_3_2_0_clk/Y (BUFx24_ASAP7_75t_R)
  23.97  454.47 ^ clkbuf_leaf_2_clk/Y (BUFx24_ASAP7_75t_R)
  15.18  469.65 ^ _792320_/GCLK (ICGx1_ASAP7_75t_R)
  20.30  489.94 ^ clkbuf_0__476593_/Y (BUFx24_ASAP7_75t_R)
  18.77  508.72 ^ clkbuf_1_1__f__476593_/Y (BUFx24_ASAP7_75t_R)
   1.11  509.82 ^ ymod_f[4]$_DFFE_PN0P_/CLK (DFFASRHQNx1_ASAP7_75t_R)
  57.41  567.24 ^ ymod_f[4]$_DFFE_PN0P_/QN (DFFASRHQNx1_ASAP7_75t_R)
  22.63  589.87 ^ hold83474/Y (BUFx2_ASAP7_75t_R)
   6.99  596.86 v _792219_/Y (OAI22x1_ASAP7_75t_R)
   0.08  596.94 v shi1_q[2]$_DFF_P_/D (DFFHQNx3_ASAP7_75t_R)
         596.94   data arrival time

   0.00    0.00   clock core_clock (rise edge)
   0.00    0.00   clock source latency
   0.00    0.00 ^ clk (in)
  36.76   36.76 ^ wire77954/Y (BUFx16f_ASAP7_75t_R)
  18.35   55.11 ^ delaybuf_94_core_clock/Y (BUFx24_ASAP7_75t_R)
  17.20   72.31 ^ delaybuf_95_core_clock/Y (BUFx24_ASAP7_75t_R)
  16.77   89.09 ^ delaybuf_96_core_clock/Y (BUFx24_ASAP7_75t_R)
  16.83  105.91 ^ delaybuf_97_core_clock/Y (BUFx24_ASAP7_75t_R)
  16.79  122.71 ^ delaybuf_98_core_clock/Y (BUFx24_ASAP7_75t_R)
  16.94  139.64 ^ delaybuf_99_core_clock/Y (BUFx24_ASAP7_75t_R)
  16.85  156.50 ^ delaybuf_100_core_clock/Y (BUFx24_ASAP7_75t_R)
  16.85  173.34 ^ delaybuf_101_core_clock/Y (BUFx24_ASAP7_75t_R)
  16.93  190.27 ^ delaybuf_102_core_clock/Y (BUFx24_ASAP7_75t_R)
  17.06  207.34 ^ delaybuf_103_core_clock/Y (BUFx24_ASAP7_75t_R)
  16.98  224.31 ^ delaybuf_104_core_clock/Y (BUFx24_ASAP7_75t_R)
  17.05  241.37 ^ delaybuf_105_core_clock/Y (BUFx24_ASAP7_75t_R)
  17.21  258.58 ^ delaybuf_106_core_clock/Y (BUFx24_ASAP7_75t_R)
  16.99  275.57 ^ delaybuf_107_core_clock/Y (BUFx24_ASAP7_75t_R)
  16.95  292.52 ^ delaybuf_108_core_clock/Y (BUFx24_ASAP7_75t_R)
  17.03  309.56 ^ delaybuf_109_core_clock/Y (BUFx24_ASAP7_75t_R)
  16.79  326.34 ^ delaybuf_110_core_clock/Y (BUFx24_ASAP7_75t_R)
  16.93  343.27 ^ delaybuf_111_core_clock/Y (BUFx24_ASAP7_75t_R)
  16.91  360.18 ^ delaybuf_112_core_clock/Y (BUFx24_ASAP7_75t_R)
  17.31  377.49 ^ delaybuf_113_core_clock/Y (BUFx24_ASAP7_75t_R)
  16.81  394.31 ^ delaybuf_114_core_clock/Y (BUFx24_ASAP7_75t_R)
  17.01  411.32 ^ delaybuf_115_core_clock/Y (BUFx24_ASAP7_75t_R)
  16.81  428.13 ^ delaybuf_116_core_clock/Y (BUFx24_ASAP7_75t_R)
  17.11  445.24 ^ clkbuf_regs_0_core_clock/Y (BUFx24_ASAP7_75t_R)
  18.47  463.71 ^ clkbuf_0_clk_regs/Y (BUFx24_ASAP7_75t_R)
  23.76  487.47 ^ clkbuf_1_0_0_clk_regs/Y (BUFx24_ASAP7_75t_R)
  28.98  516.44 ^ clkbuf_3_0_0_clk_regs/Y (BUFx24_ASAP7_75t_R)
  31.94  548.39 ^ clkbuf_leaf_88_clk_regs/Y (BUFx24_ASAP7_75t_R)
   1.99  550.37 ^ shi1_q[2]$_DFF_P_/CLK (DFFHQNx3_ASAP7_75t_R)
  30.00  580.37   clock uncertainty
  -1.31  579.06   clock reconvergence pessimism
  13.00  592.06   library hold time
         592.06   data required time
---------------------------------------------------------
         592.06   data required time
        -596.94   data arrival time
---------------------------------------------------------
           4.88   slack (MET)



==========================================================================
finish critical path target clock latency max path
--------------------------------------------------------------------------
540.5142

==========================================================================
finish critical path target clock latency min path
--------------------------------------------------------------------------
592.2474

==========================================================================
finish critical path source clock latency min path
--------------------------------------------------------------------------
800.0000

==========================================================================
finish critical path delay
--------------------------------------------------------------------------
1365.0704

==========================================================================
finish critical path slack
--------------------------------------------------------------------------
-15.6898

==========================================================================
finish slack div critical path delay
--------------------------------------------------------------------------
-1.149377

==========================================================================
finish report_power
--------------------------------------------------------------------------
Group                  Internal  Switching    Leakage      Total
                          Power      Power      Power      Power (Watts)
----------------------------------------------------------------
Sequential             7.25e-03   9.66e-04   3.58e-06   8.22e-03  18.0%
Combinational          1.14e-02   1.60e-02   3.02e-05   2.74e-02  60.1%
Clock                  6.68e-03   3.28e-03   1.68e-06   9.96e-03  21.9%
Macro                  0.00e+00   0.00e+00   0.00e+00   0.00e+00   0.0%
Pad                    0.00e+00   0.00e+00   0.00e+00   0.00e+00   0.0%
----------------------------------------------------------------
Total                  2.53e-02   2.02e-02   3.55e-05   4.56e-02 100.0%
                          55.5%      44.4%       0.1%
