
==========================================================================
finish report_tns
--------------------------------------------------------------------------
tns max -149.67

==========================================================================
finish report_wns
--------------------------------------------------------------------------
wns max -15.19

==========================================================================
finish report_worst_slack
--------------------------------------------------------------------------
worst slack max -15.19

==========================================================================
finish report_clock_min_period
--------------------------------------------------------------------------
core_clock period_min = 1015.19 fmax = 985.03
vclk_core_clock period_min = 0.00 fmax = inf
vclk_mem period_min = 0.00 fmax = inf

==========================================================================
finish report_clock_skew
--------------------------------------------------------------------------
Clock core_clock
 555.36 source latency icnt[0]$_DFF_PN0_/CLK ^
-215.80 target latency _792304_/CLK ^
 150.00 clock uncertainty
  -1.32 CRPR
--------------
 488.24 setup skew

Clock vclk_core_clock
No launch/capture paths found.

Clock vclk_mem
No launch/capture paths found.


==========================================================================
finish report_checks -path_delay min
--------------------------------------------------------------------------
Startpoint: a_sym[24][1]$_DFFE_PN0P_
            (rising edge-triggered flip-flop clocked by core_clock)
Endpoint: cvlo2_q[25]$_DFF_P_
          (rising edge-triggered flip-flop clocked by core_clock)
Path Group: core_clock
Path Type: min

Fanout     Cap    Slew   Delay    Time   Description
-----------------------------------------------------------------------------
                          0.00    0.00   clock core_clock (rise edge)
                          0.00    0.00   clock source latency
     1   17.19    0.00    0.00    0.00 ^ clk (in)
                                         clk (net)
                 40.63   12.82   12.82 ^ wire77954/A (BUFx16f_ASAP7_75t_R)
     2   16.85   10.41   22.54   35.35 ^ wire77954/Y (BUFx16f_ASAP7_75t_R)
                                         net77521 (net)
                 43.10   13.17   48.53 ^ wire77953/A (BUFx10_ASAP7_75t_R)
     1   12.61   14.21   24.77   73.30 ^ wire77953/Y (BUFx10_ASAP7_75t_R)
                                         net77520 (net)
                 32.81    9.43   82.73 ^ clkbuf_0_clk/A (BUFx24_ASAP7_75t_R)
     2    8.06    9.64   24.45  107.17 ^ clkbuf_0_clk/Y (BUFx24_ASAP7_75t_R)
                                         clknet_0_clk (net)
                  9.96    0.91  108.09 ^ delaybuf_86_core_clock/A (BUFx24_ASAP7_75t_R)
     1    2.49    6.92   17.48  125.57 ^ delaybuf_86_core_clock/Y (BUFx24_ASAP7_75t_R)
                                         delaynet_86_core_clock (net)
                  6.95    0.49  126.06 ^ delaybuf_87_core_clock/A (BUFx24_ASAP7_75t_R)
     1    2.51    6.91   16.54  142.60 ^ delaybuf_87_core_clock/Y (BUFx24_ASAP7_75t_R)
                                         delaynet_87_core_clock (net)
                  6.95    0.50  143.09 ^ delaybuf_88_core_clock/A (BUFx24_ASAP7_75t_R)
     1    2.49    6.90   16.54  159.63 ^ delaybuf_88_core_clock/Y (BUFx24_ASAP7_75t_R)
                                         delaynet_88_core_clock (net)
                  6.94    0.49  160.12 ^ delaybuf_89_core_clock/A (BUFx24_ASAP7_75t_R)
     1    2.48    6.90   16.53  176.65 ^ delaybuf_89_core_clock/Y (BUFx24_ASAP7_75t_R)
                                         delaynet_89_core_clock (net)
                  6.94    0.49  177.15 ^ delaybuf_90_core_clock/A (BUFx24_ASAP7_75t_R)
     1    2.58    6.94   16.55  193.69 ^ delaybuf_90_core_clock/Y (BUFx24_ASAP7_75t_R)
                                         delaynet_90_core_clock (net)
                  6.98    0.51  194.20 ^ delaybuf_91_core_clock/A (BUFx24_ASAP7_75t_R)
     1    2.58    6.94   16.56  210.77 ^ delaybuf_91_core_clock/Y (BUFx24_ASAP7_75t_R)
                                         delaynet_91_core_clock (net)
                  6.99    0.53  211.29 ^ delaybuf_92_core_clock/A (BUFx24_ASAP7_75t_R)
     1    2.65    6.97   16.58  227.87 ^ delaybuf_92_core_clock/Y (BUFx24_ASAP7_75t_R)
                                         delaynet_92_core_clock (net)
                  7.02    0.55  228.42 ^ delaybuf_93_core_clock/A (BUFx24_ASAP7_75t_R)
     1    2.64    6.97   16.59  245.00 ^ delaybuf_93_core_clock/Y (BUFx24_ASAP7_75t_R)
                                         delaynet_93_core_clock (net)
                  7.01    0.54  245.54 ^ clkbuf_1_0_0_clk/A (BUFx24_ASAP7_75t_R)
     1    6.70    8.30   17.04  262.58 ^ clkbuf_1_0_0_clk/Y (BUFx24_ASAP7_75t_R)
                                         clknet_1_0_0_clk (net)
                 11.91    2.97  265.56 ^ clkbuf_1_0_1_clk/A (BUFx24_ASAP7_75t_R)
     2    8.26    8.95   18.80  284.36 ^ clkbuf_1_0_1_clk/Y (BUFx24_ASAP7_75t_R)
                                         clknet_1_0_1_clk (net)
                 12.11    2.78  287.14 ^ clkbuf_2_1_0_clk/A (BUFx24_ASAP7_75t_R)
     2    8.92    9.06   18.88  306.03 ^ clkbuf_2_1_0_clk/Y (BUFx24_ASAP7_75t_R)
                                         clknet_2_1_0_clk (net)
                 13.69    3.43  309.46 ^ clkbuf_3_3_0_clk/A (BUFx24_ASAP7_75t_R)
     2   17.21   11.96   19.63  329.09 ^ clkbuf_3_3_0_clk/Y (BUFx24_ASAP7_75t_R)
                                         clknet_3_3_0_clk (net)
                 29.68    8.61  337.70 ^ clkbuf_leaf_4_clk/A (BUFx24_ASAP7_75t_R)
     2    5.35    8.59   23.32  361.02 ^ clkbuf_leaf_4_clk/Y (BUFx24_ASAP7_75t_R)
                                         clknet_leaf_4_clk (net)
                  8.68    0.66  361.67 ^ delaybuf_56_core_clock/A (BUFx24_ASAP7_75t_R)
     1    2.27    6.81   17.05  378.72 ^ delaybuf_56_core_clock/Y (BUFx24_ASAP7_75t_R)
                                         delaynet_56_core_clock (net)
                  6.83    0.33  379.05 ^ delaybuf_57_core_clock/A (BUFx24_ASAP7_75t_R)
     1    2.17    6.76   16.45  395.50 ^ delaybuf_57_core_clock/Y (BUFx24_ASAP7_75t_R)
                                         delaynet_57_core_clock (net)
                  6.77    0.26  395.76 ^ delaybuf_58_core_clock/A (BUFx24_ASAP7_75t_R)
     2    7.44    8.79   17.24  413.00 ^ delaybuf_58_core_clock/Y (BUFx24_ASAP7_75t_R)
                                         delaynet_58_core_clock (net)
                  9.72    1.47  414.47 ^ delaybuf_55_core_clock/A (BUFx24_ASAP7_75t_R)
     1    3.04    7.15   17.49  431.96 ^ delaybuf_55_core_clock/Y (BUFx24_ASAP7_75t_R)
                                         delaynet_55_core_clock (net)
                  7.27    0.75  432.71 ^ _792321_/CLK (ICGx1_ASAP7_75t_R)
     1    2.19   15.72   14.14  446.85 ^ _792321_/GCLK (ICGx1_ASAP7_75t_R)
                                         _476594_ (net)
                 15.75    0.34  447.19 ^ clkbuf_0__476594_/A (BUFx24_ASAP7_75t_R)
    16   38.48   23.96   22.75  469.93 ^ clkbuf_0__476594_/Y (BUFx24_ASAP7_75t_R)
                                         clknet_0__476594_ (net)
                 29.12    5.59  475.53 ^ clkbuf_4_12_0__476594_/A (BUFx24_ASAP7_75t_R)
    12    9.44   10.01   23.74  499.27 ^ clkbuf_4_12_0__476594_/Y (BUFx24_ASAP7_75t_R)
                                         clknet_4_12_0__476594_ (net)
                 11.62    1.99  501.26 ^ a_sym[24][1]$_DFFE_PN0P_/CLK (DFFASRHQNx1_ASAP7_75t_R)
     1    0.69   12.88   38.74  540.00 ^ a_sym[24][1]$_DFFE_PN0P_/QN (DFFASRHQNx1_ASAP7_75t_R)
                                         _003023_ (net)
                 12.88    0.06  540.06 ^ hold81464/A (BUFx2_ASAP7_75t_R)
     1    0.70    5.54   13.97  554.03 ^ hold81464/Y (BUFx2_ASAP7_75t_R)
                                         net81032 (net)
                  5.55    0.06  554.09 ^ place77747/A (BUFx3_ASAP7_75t_R)
     8   18.35   44.35   23.09  577.18 ^ place77747/Y (BUFx3_ASAP7_75t_R)
                                         net77314 (net)
                 48.96    7.46  584.64 ^ _762953_/B2 (OAI22x1_ASAP7_75t_R)
     1    0.68    8.47    9.90  594.54 v _762953_/Y (OAI22x1_ASAP7_75t_R)
                                         cvlo2[25] (net)
                  8.47    0.06  594.60 v cvlo2_q[25]$_DFF_P_/D (DFFHQNx1_ASAP7_75t_R)
                                594.60   data arrival time

                          0.00    0.00   clock core_clock (rise edge)
                          0.00    0.00   clock source latency
     1   17.85    0.00    0.00    0.00 ^ clk (in)
                                         clk (net)
                 43.20   13.63   13.63 ^ wire77954/A (BUFx16f_ASAP7_75t_R)
     2   17.75   10.87   23.04   36.67 ^ wire77954/Y (BUFx16f_ASAP7_75t_R)
                                         net77521 (net)
                 11.02    0.48   37.15 ^ delaybuf_94_core_clock/A (BUFx24_ASAP7_75t_R)
     1    2.88    7.09   17.86   55.01 ^ delaybuf_94_core_clock/Y (BUFx24_ASAP7_75t_R)
                                         delaynet_94_core_clock (net)
                  7.14    0.57   55.57 ^ delaybuf_95_core_clock/A (BUFx24_ASAP7_75t_R)
     1    2.62    6.95   16.64   72.21 ^ delaybuf_95_core_clock/Y (BUFx24_ASAP7_75t_R)
                                         delaynet_95_core_clock (net)
                  6.95    0.19   72.40 ^ delaybuf_96_core_clock/A (BUFx24_ASAP7_75t_R)
     1    2.68    6.97   16.59   88.99 ^ delaybuf_96_core_clock/Y (BUFx24_ASAP7_75t_R)
                                         delaynet_96_core_clock (net)
                  6.98    0.24   89.22 ^ delaybuf_97_core_clock/A (BUFx24_ASAP7_75t_R)
     1    2.63    6.95   16.59  105.81 ^ delaybuf_97_core_clock/Y (BUFx24_ASAP7_75t_R)
                                         delaynet_97_core_clock (net)
                  6.95    0.19  106.01 ^ delaybuf_98_core_clock/A (BUFx24_ASAP7_75t_R)
     1    2.78    7.02   16.60  122.61 ^ delaybuf_98_core_clock/Y (BUFx24_ASAP7_75t_R)
                                         delaynet_98_core_clock (net)
                  7.03    0.32  122.93 ^ delaybuf_99_core_clock/A (BUFx24_ASAP7_75t_R)
     1    2.71    6.98   16.61  139.54 ^ delaybuf_99_core_clock/Y (BUFx24_ASAP7_75t_R)
                                         delaynet_99_core_clock (net)
                  6.99    0.25  139.79 ^ delaybuf_100_core_clock/A (BUFx24_ASAP7_75t_R)
     1    2.68    6.97   16.60  156.39 ^ delaybuf_100_core_clock/Y (BUFx24_ASAP7_75t_R)
                                         delaynet_100_core_clock (net)
                  6.98    0.23  156.62 ^ delaybuf_101_core_clock/A (BUFx24_ASAP7_75t_R)
     1    2.81    7.03   16.61  173.23 ^ delaybuf_101_core_clock/Y (BUFx24_ASAP7_75t_R)
                                         delaynet_101_core_clock (net)
                  7.04    0.31  173.54 ^ delaybuf_102_core_clock/A (BUFx24_ASAP7_75t_R)
     1    2.90    7.07   16.63  190.17 ^ delaybuf_102_core_clock/Y (BUFx24_ASAP7_75t_R)
                                         delaynet_102_core_clock (net)
                  7.13    0.58  190.75 ^ delaybuf_103_core_clock/A (BUFx24_ASAP7_75t_R)
     1    2.68    6.97   16.64  207.40 ^ delaybuf_103_core_clock/Y (BUFx24_ASAP7_75t_R)
                                         delaynet_103_core_clock (net)
                  6.98    0.23  207.62 ^ delaybuf_104_core_clock/A (BUFx24_ASAP7_75t_R)
     1    2.79    7.02   16.61  224.23 ^ delaybuf_104_core_clock/Y (BUFx24_ASAP7_75t_R)
                                         delaynet_104_core_clock (net)
                  7.04    0.38  224.60 ^ delaybuf_105_core_clock/A (BUFx24_ASAP7_75t_R)
     1    2.97    7.10   16.64  241.25 ^ delaybuf_105_core_clock/Y (BUFx24_ASAP7_75t_R)
                                         delaynet_105_core_clock (net)
                  7.17    0.60  241.85 ^ delaybuf_106_core_clock/A (BUFx24_ASAP7_75t_R)
     1    2.74    7.00   16.65  258.50 ^ delaybuf_106_core_clock/Y (BUFx24_ASAP7_75t_R)
                                         delaynet_106_core_clock (net)
                  7.02    0.40  258.90 ^ delaybuf_107_core_clock/A (BUFx24_ASAP7_75t_R)
     1    2.83    7.04   16.63  275.53 ^ delaybuf_107_core_clock/Y (BUFx24_ASAP7_75t_R)
                                         delaynet_107_core_clock (net)
                  7.05    0.33  275.86 ^ delaybuf_108_core_clock/A (BUFx24_ASAP7_75t_R)
     1    2.82    7.04   16.63  292.49 ^ delaybuf_108_core_clock/Y (BUFx24_ASAP7_75t_R)
                                         delaynet_108_core_clock (net)
                  7.07    0.44  292.93 ^ delaybuf_109_core_clock/A (BUFx24_ASAP7_75t_R)
     1    2.64    6.95   16.62  309.54 ^ delaybuf_109_core_clock/Y (BUFx24_ASAP7_75t_R)
                                         delaynet_109_core_clock (net)
                  6.96    0.20  309.74 ^ delaybuf_110_core_clock/A (BUFx24_ASAP7_75t_R)
     1    2.65    6.96   16.58  326.33 ^ delaybuf_110_core_clock/Y (BUFx24_ASAP7_75t_R)
                                         delaynet_110_core_clock (net)
                  6.96    0.21  326.54 ^ delaybuf_111_core_clock/A (BUFx24_ASAP7_75t_R)
     1    2.74    7.00   16.60  343.14 ^ delaybuf_111_core_clock/Y (BUFx24_ASAP7_75t_R)
                                         delaynet_111_core_clock (net)
                  7.01    0.27  343.41 ^ delaybuf_112_core_clock/A (BUFx24_ASAP7_75t_R)
     1    3.05    7.14   16.64  360.06 ^ delaybuf_112_core_clock/Y (BUFx24_ASAP7_75t_R)
                                         delaynet_112_core_clock (net)
                  7.21    0.65  360.70 ^ delaybuf_113_core_clock/A (BUFx24_ASAP7_75t_R)
     1    2.66    6.96   16.66  377.37 ^ delaybuf_113_core_clock/Y (BUFx24_ASAP7_75t_R)
                                         delaynet_113_core_clock (net)
                  6.97    0.21  377.57 ^ delaybuf_114_core_clock/A (BUFx24_ASAP7_75t_R)
     1    2.72    6.99   16.60  394.17 ^ delaybuf_114_core_clock/Y (BUFx24_ASAP7_75t_R)
                                         delaynet_114_core_clock (net)
                  7.00    0.26  394.43 ^ delaybuf_115_core_clock/A (BUFx24_ASAP7_75t_R)
     1    2.62    6.95   16.59  411.02 ^ delaybuf_115_core_clock/Y (BUFx24_ASAP7_75t_R)
                                         delaynet_115_core_clock (net)
                  6.95    0.19  411.21 ^ delaybuf_116_core_clock/A (BUFx24_ASAP7_75t_R)
     1    2.91    7.08   16.61  427.81 ^ delaybuf_116_core_clock/Y (BUFx24_ASAP7_75t_R)
                                         delaynet_116_core_clock (net)
                  7.13    0.56  428.38 ^ clkbuf_regs_0_core_clock/A (BUFx24_ASAP7_75t_R)
     1    3.05    7.14   16.68  445.06 ^ clkbuf_regs_0_core_clock/Y (BUFx24_ASAP7_75t_R)
                                         clk_regs (net)
                  7.21    0.65  445.71 ^ clkbuf_0_clk_regs/A (BUFx24_ASAP7_75t_R)
     2   12.22   10.76   17.83  463.54 ^ clkbuf_0_clk_regs/Y (BUFx24_ASAP7_75t_R)
                                         clknet_0_clk_regs (net)
                 14.80    3.41  466.95 ^ clkbuf_1_1_0_clk_regs/A (BUFx24_ASAP7_75t_R)
     4   17.72   13.65   20.82  487.78 ^ clkbuf_1_1_0_clk_regs/Y (BUFx24_ASAP7_75t_R)
                                         clknet_1_1_0_clk_regs (net)
                 17.96    3.97  491.75 ^ clkbuf_3_4_0_clk_regs/A (BUFx24_ASAP7_75t_R)
    12   45.54   25.01   23.21  514.96 ^ clkbuf_3_4_0_clk_regs/Y (BUFx24_ASAP7_75t_R)
                                         clknet_3_4_0_clk_regs (net)
                 53.91   15.55  530.50 ^ clkbuf_leaf_25_clk_regs/A (BUFx24_ASAP7_75t_R)
    17   15.83   13.77   29.79  560.29 ^ clkbuf_leaf_25_clk_regs/Y (BUFx24_ASAP7_75t_R)
                                         clknet_leaf_25_clk_regs (net)
                 15.90    2.76  563.05 ^ cvlo2_q[25]$_DFF_P_/CLK (DFFHQNx1_ASAP7_75t_R)
                         30.00  593.05   clock uncertainty
                         -1.32  591.73   clock reconvergence pessimism
                         12.33  604.06   library hold time
                                604.06   data required time
-----------------------------------------------------------------------------
                                604.06   data required time
                               -594.60   data arrival time
-----------------------------------------------------------------------------
                                 -9.46   slack (VIOLATED)


Startpoint: out_pix_data[59]$_DFFE_PN0P_
            (rising edge-triggered flip-flop clocked by core_clock)
Endpoint: out_pix_data[59] (output port clocked by vclk_core_clock)
Path Group: vclk_core_clock
Path Type: min

Fanout     Cap    Slew   Delay    Time   Description
-----------------------------------------------------------------------------
                          0.00    0.00   clock core_clock (rise edge)
                          0.00    0.00   clock source latency
     1   17.19    0.00    0.00    0.00 ^ clk (in)
                                         clk (net)
                 40.63   12.82   12.82 ^ wire77954/A (BUFx16f_ASAP7_75t_R)
     2   16.85   10.41   22.54   35.35 ^ wire77954/Y (BUFx16f_ASAP7_75t_R)
                                         net77521 (net)
                 43.10   13.17   48.53 ^ wire77953/A (BUFx10_ASAP7_75t_R)
     1   12.61   14.21   24.77   73.30 ^ wire77953/Y (BUFx10_ASAP7_75t_R)
                                         net77520 (net)
                 32.81    9.43   82.73 ^ clkbuf_0_clk/A (BUFx24_ASAP7_75t_R)
     2    8.06    9.64   24.45  107.17 ^ clkbuf_0_clk/Y (BUFx24_ASAP7_75t_R)
                                         clknet_0_clk (net)
                 11.55    2.32  109.49 ^ clkbuf_1_1_0_clk/A (BUFx24_ASAP7_75t_R)
     1    6.51    8.31   18.43  127.93 ^ clkbuf_1_1_0_clk/Y (BUFx24_ASAP7_75t_R)
                                         clknet_1_1_0_clk (net)
                 11.51    2.82  130.74 ^ clkbuf_1_1_1_clk/A (BUFx24_ASAP7_75t_R)
     2    7.50    8.82   18.66  149.41 ^ clkbuf_1_1_1_clk/Y (BUFx24_ASAP7_75t_R)
                                         clknet_1_1_1_clk (net)
                 10.03    1.65  151.06 ^ delaybuf_50_core_clock/A (BUFx24_ASAP7_75t_R)
     1    3.73    7.42   17.68  168.74 ^ delaybuf_50_core_clock/Y (BUFx24_ASAP7_75t_R)
                                         delaynet_50_core_clock (net)
                  7.80    1.08  169.82 ^ clkbuf_2_3_0_clk/A (BUFx24_ASAP7_75t_R)
     2    8.12    8.84   17.53  187.35 ^ clkbuf_2_3_0_clk/Y (BUFx24_ASAP7_75t_R)
                                         clknet_2_3_0_clk (net)
                 12.61    3.11  190.45 ^ clkbuf_3_6_0_clk/A (BUFx24_ASAP7_75t_R)
     2   11.39    9.62   19.23  209.68 ^ clkbuf_3_6_0_clk/Y (BUFx24_ASAP7_75t_R)
                                         clknet_3_6_0_clk (net)
                 10.87    1.41  211.10 ^ delaybuf_16_core_clock/A (BUFx24_ASAP7_75t_R)
     1    2.38    6.88   17.73  228.83 ^ delaybuf_16_core_clock/Y (BUFx24_ASAP7_75t_R)
                                         delaynet_16_core_clock (net)
                  6.91    0.47  229.29 ^ delaybuf_17_core_clock/A (BUFx24_ASAP7_75t_R)
     1    2.24    6.79   16.49  245.79 ^ delaybuf_17_core_clock/Y (BUFx24_ASAP7_75t_R)
                                         delaynet_17_core_clock (net)
                  6.80    0.28  246.07 ^ delaybuf_18_core_clock/A (BUFx24_ASAP7_75t_R)
     1    2.21    6.78   16.45  262.52 ^ delaybuf_18_core_clock/Y (BUFx24_ASAP7_75t_R)
                                         delaynet_18_core_clock (net)
                  6.79    0.28  262.80 ^ delaybuf_19_core_clock/A (BUFx24_ASAP7_75t_R)
     1    2.23    6.79   16.45  279.25 ^ delaybuf_19_core_clock/Y (BUFx24_ASAP7_75t_R)
                                         delaynet_19_core_clock (net)
                  6.80    0.29  279.54 ^ delaybuf_20_core_clock/A (BUFx24_ASAP7_75t_R)
     1    2.38    6.86   16.47  296.01 ^ delaybuf_20_core_clock/Y (BUFx24_ASAP7_75t_R)
                                         delaynet_20_core_clock (net)
                  6.89    0.48  296.49 ^ delaybuf_21_core_clock/A (BUFx24_ASAP7_75t_R)
     1    2.27    6.80   16.49  312.98 ^ delaybuf_21_core_clock/Y (BUFx24_ASAP7_75t_R)
                                         delaynet_21_core_clock (net)
                  6.81    0.27  313.25 ^ delaybuf_22_core_clock/A (BUFx24_ASAP7_75t_R)
     1    2.53    6.92   16.50  329.75 ^ delaybuf_22_core_clock/Y (BUFx24_ASAP7_75t_R)
                                         delaynet_22_core_clock (net)
                  6.96    0.51  330.26 ^ delaybuf_23_core_clock/A (BUFx24_ASAP7_75t_R)
     1    2.17    6.76   16.49  346.75 ^ delaybuf_23_core_clock/Y (BUFx24_ASAP7_75t_R)
                                         delaynet_23_core_clock (net)
                  6.78    0.33  347.08 ^ delaybuf_24_core_clock/A (BUFx24_ASAP7_75t_R)
     1    2.25    6.80   16.45  363.52 ^ delaybuf_24_core_clock/Y (BUFx24_ASAP7_75t_R)
                                         delaynet_24_core_clock (net)
                  6.82    0.37  363.90 ^ delaybuf_25_core_clock/A (BUFx24_ASAP7_75t_R)
     1    2.31    6.82   16.47  380.37 ^ delaybuf_25_core_clock/Y (BUFx24_ASAP7_75t_R)
                                         delaynet_25_core_clock (net)
                  6.83    0.29  380.66 ^ clkbuf_leaf_8_clk/A (BUFx24_ASAP7_75t_R)
     3    5.55    8.12   17.06  397.72 ^ clkbuf_leaf_8_clk/Y (BUFx24_ASAP7_75t_R)
                                         clknet_leaf_8_clk (net)
                  8.12    0.22  397.94 ^ _792307_/CLK (ICGx1_ASAP7_75t_R)
     1    2.09   15.13   14.13  412.07 ^ _792307_/GCLK (ICGx1_ASAP7_75t_R)
                                         _476580_ (net)
                 15.15    0.25  412.32 ^ clkbuf_0__476580_/A (BUFx24_ASAP7_75t_R)
     2   11.33   10.36   20.24  432.56 ^ clkbuf_0__476580_/Y (BUFx24_ASAP7_75t_R)
                                         clknet_0__476580_ (net)
                 12.73    2.46  435.02 ^ clkbuf_1_1_0__476580_/A (BUFx24_ASAP7_75t_R)
     2    8.77    8.98   19.01  454.03 ^ clkbuf_1_1_0__476580_/Y (BUFx24_ASAP7_75t_R)
                                         clknet_1_1_0__476580_ (net)
                 11.96    2.56  456.59 ^ clkbuf_2_3_0__476580_/A (BUFx24_ASAP7_75t_R)
     4   15.83   12.62   19.79  476.39 ^ clkbuf_2_3_0__476580_/Y (BUFx24_ASAP7_75t_R)
                                         clknet_2_3_0__476580_ (net)
                 15.63    3.13  479.51 ^ clkbuf_4_14_0__476580_/A (BUFx24_ASAP7_75t_R)
    10    8.88    8.97   19.86  499.37 ^ clkbuf_4_14_0__476580_/Y (BUFx24_ASAP7_75t_R)
                                         clknet_4_14_0__476580_ (net)
                 13.37    3.27  502.65 ^ out_pix_data[59]$_DFFE_PN0P_/CLK (DFFASRHQNx1_ASAP7_75t_R)
     1    0.68   12.82   39.17  541.81 ^ out_pix_data[59]$_DFFE_PN0P_/QN (DFFASRHQNx1_ASAP7_75t_R)
                                         _005280_ (net)
                 12.82    0.06  541.88 ^ _773193_/A (INVx1_ASAP7_75t_R)
     1   10.52   61.72   21.78  563.66 v _773193_/Y (INVx1_ASAP7_75t_R)
                                         net17627 (net)
                 79.36   17.55  581.21 v wire18358/A (BUFx6f_ASAP7_75t_R)
     1    9.98   13.78   27.80  609.01 v wire18358/Y (BUFx6f_ASAP7_75t_R)
                                         out_pix_data[59] (net)
                 47.13   14.30  623.31 v out_pix_data[59] (out)
                                623.31   data arrival time

                  0.00    0.00    0.00   clock vclk_core_clock (rise edge)
                        800.00  800.00   clock network delay (ideal)
                          0.00  800.00   clock reconvergence pessimism
                       -500.00  300.00   output external delay
                                300.00   data required time
-----------------------------------------------------------------------------
                                300.00   data required time
                               -623.31   data arrival time
-----------------------------------------------------------------------------
                                323.31   slack (MET)


Startpoint: m_1h[8]$_DFFE_PN0P_
            (rising edge-triggered flip-flop clocked by core_clock)
Endpoint: mem_ce[8] (output port clocked by vclk_mem)
Path Group: vclk_mem
Path Type: min

Fanout     Cap    Slew   Delay    Time   Description
-----------------------------------------------------------------------------
                          0.00    0.00   clock core_clock (rise edge)
                          0.00    0.00   clock source latency
     1   17.19    0.00    0.00    0.00 ^ clk (in)
                                         clk (net)
                 40.63   12.82   12.82 ^ wire77954/A (BUFx16f_ASAP7_75t_R)
     2   16.85   10.41   22.54   35.35 ^ wire77954/Y (BUFx16f_ASAP7_75t_R)
                                         net77521 (net)
                 43.10   13.17   48.53 ^ wire77953/A (BUFx10_ASAP7_75t_R)
     1   12.61   14.21   24.77   73.30 ^ wire77953/Y (BUFx10_ASAP7_75t_R)
                                         net77520 (net)
                 32.81    9.43   82.73 ^ clkbuf_0_clk/A (BUFx24_ASAP7_75t_R)
     2    8.06    9.64   24.45  107.17 ^ clkbuf_0_clk/Y (BUFx24_ASAP7_75t_R)
                                         clknet_0_clk (net)
                 11.55    2.32  109.49 ^ clkbuf_1_1_0_clk/A (BUFx24_ASAP7_75t_R)
     1    6.51    8.31   18.43  127.93 ^ clkbuf_1_1_0_clk/Y (BUFx24_ASAP7_75t_R)
                                         clknet_1_1_0_clk (net)
                 11.51    2.82  130.74 ^ clkbuf_1_1_1_clk/A (BUFx24_ASAP7_75t_R)
     2    7.50    8.82   18.66  149.41 ^ clkbuf_1_1_1_clk/Y (BUFx24_ASAP7_75t_R)
                                         clknet_1_1_1_clk (net)
                 10.27    1.84  151.24 ^ clkbuf_2_2_0_clk/A (BUFx24_ASAP7_75t_R)
     2    7.79    8.81   18.28  169.52 ^ clkbuf_2_2_0_clk/Y (BUFx24_ASAP7_75t_R)
                                         clknet_2_2_0_clk (net)
                 11.69    2.67  172.19 ^ clkbuf_3_5_0_clk/A (BUFx24_ASAP7_75t_R)
     1    7.68    8.51   18.55  190.75 ^ clkbuf_3_5_0_clk/Y (BUFx24_ASAP7_75t_R)
                                         clknet_3_5_0_clk (net)
                 14.23    3.85  194.60 ^ clkbuf_leaf_6_clk/A (BUFx24_ASAP7_75t_R)
     2    6.57    8.52   19.36  213.96 ^ clkbuf_leaf_6_clk/Y (BUFx24_ASAP7_75t_R)
                                         clknet_leaf_6_clk (net)
                  8.68    0.66  214.62 ^ delaybuf_40_core_clock/A (BUFx24_ASAP7_75t_R)
     1    2.32    6.84   17.05  231.67 ^ delaybuf_40_core_clock/Y (BUFx24_ASAP7_75t_R)
                                         delaynet_40_core_clock (net)
                  6.87    0.46  232.13 ^ delaybuf_41_core_clock/A (BUFx24_ASAP7_75t_R)
     2   10.20    9.88   17.62  249.75 ^ delaybuf_41_core_clock/Y (BUFx24_ASAP7_75t_R)
                                         delaynet_41_core_clock (net)
                 11.76    2.15  251.89 ^ delaybuf_38_core_clock/A (BUFx24_ASAP7_75t_R)
     1    4.09    7.57   18.24  270.14 ^ delaybuf_38_core_clock/Y (BUFx24_ASAP7_75t_R)
                                         delaynet_38_core_clock (net)
                  8.18    1.31  271.44 ^ delaybuf_39_core_clock/A (BUFx24_ASAP7_75t_R)
     1    3.81    7.44   17.12  288.56 ^ delaybuf_39_core_clock/Y (BUFx24_ASAP7_75t_R)
                                         delaynet_39_core_clock (net)
                  7.93    1.20  289.75 ^ _792316_/CLK (ICGx1_ASAP7_75t_R)
     1    2.36   16.97   14.73  304.48 ^ _792316_/GCLK (ICGx1_ASAP7_75t_R)
                                         _476589_ (net)
                 17.00    0.46  304.94 ^ clkbuf_0__476589_/A (BUFx24_ASAP7_75t_R)
     2   11.04   10.23   20.74  325.68 ^ clkbuf_0__476589_/Y (BUFx24_ASAP7_75t_R)
                                         clknet_0__476589_ (net)
                 13.07    2.73  328.41 ^ clkbuf_1_0_0__476589_/A (BUFx24_ASAP7_75t_R)
     1    7.61    8.39   18.86  347.27 ^ clkbuf_1_0_0__476589_/Y (BUFx24_ASAP7_75t_R)
                                         clknet_1_0_0__476589_ (net)
                 14.52    3.92  351.19 ^ clkbuf_1_0_1__476589_/A (BUFx24_ASAP7_75t_R)
     2   11.37   10.07   19.74  370.93 ^ clkbuf_1_0_1__476589_/Y (BUFx24_ASAP7_75t_R)
                                         clknet_1_0_1__476589_ (net)
                 15.90    3.99  374.92 ^ clkbuf_2_0_0__476589_/A (BUFx24_ASAP7_75t_R)
     1    7.21    8.56   19.80  394.72 ^ clkbuf_2_0_0__476589_/Y (BUFx24_ASAP7_75t_R)
                                         clknet_2_0_0__476589_ (net)
                 12.45    3.14  397.86 ^ clkbuf_2_0_1__476589_/A (BUFx24_ASAP7_75t_R)
     2   12.59   10.99   19.52  417.39 ^ clkbuf_2_0_1__476589_/Y (BUFx24_ASAP7_75t_R)
                                         clknet_2_0_1__476589_ (net)
                 13.64    2.69  420.08 ^ clkbuf_3_0_0__476589_/A (BUFx24_ASAP7_75t_R)
     2   11.08   10.31   19.76  439.85 ^ clkbuf_3_0_0__476589_/Y (BUFx24_ASAP7_75t_R)
                                         clknet_3_0_0__476589_ (net)
                 12.38    2.29  442.14 ^ clkbuf_4_0_0__476589_/A (BUFx24_ASAP7_75t_R)
     6   26.39   17.62   21.00  463.14 ^ clkbuf_4_0_0__476589_/Y (BUFx24_ASAP7_75t_R)
                                         clknet_4_0_0__476589_ (net)
                 21.76    4.30  467.44 ^ clkbuf_leaf_34__476589_/A (BUFx24_ASAP7_75t_R)
    12   10.60   10.27   22.22  489.65 ^ clkbuf_leaf_34__476589_/Y (BUFx24_ASAP7_75t_R)
                                         clknet_leaf_34__476589_ (net)
                 10.60    0.80  490.46 ^ m_1h[8]$_DFFE_PN0P_/CLK (DFFASRHQNx1_ASAP7_75t_R)
     2    3.10   29.57   48.32  538.78 ^ m_1h[8]$_DFFE_PN0P_/QN (DFFASRHQNx1_ASAP7_75t_R)
                                         _002340_ (net)
                 29.67    0.96  539.73 ^ _766346_/A1 (AOI21x1_ASAP7_75t_R)
     1    0.79   12.92   10.97  550.70 v _766346_/Y (AOI21x1_ASAP7_75t_R)
                                         net9622 (net)
                 12.92    0.11  550.81 v output10055/A (BUFx2_ASAP7_75t_R)
     1   10.42   33.62   22.88  573.69 v output10055/Y (BUFx2_ASAP7_75t_R)
                                         mem_ce[8] (net)
                 43.75    9.80  583.48 v mem_ce[8] (out)
                                583.48   data arrival time

                  0.00    0.00    0.00   clock vclk_mem (rise edge)
                        800.00  800.00   clock network delay (ideal)
                          0.00  800.00   clock reconvergence pessimism
                       -500.00  300.00   output external delay
                                300.00   data required time
-----------------------------------------------------------------------------
                                300.00   data required time
                               -583.48   data arrival time
-----------------------------------------------------------------------------
                                283.48   slack (MET)



==========================================================================
finish report_checks -path_delay max
--------------------------------------------------------------------------
Startpoint: c_d2[76]$_DFFE_PP_
            (rising edge-triggered flip-flop clocked by core_clock)
Endpoint: pair_q[304][18]$_DFFE_PP_
          (rising edge-triggered flip-flop clocked by core_clock)
Path Group: core_clock
Path Type: max

Fanout     Cap    Slew   Delay    Time   Description
-----------------------------------------------------------------------------
                          0.00    0.00   clock core_clock (rise edge)
                          0.00    0.00   clock source latency
     1   17.85    0.00    0.00    0.00 ^ clk (in)
                                         clk (net)
                 43.20   13.63   13.63 ^ wire77954/A (BUFx16f_ASAP7_75t_R)
     2   17.75   10.87   23.04   36.67 ^ wire77954/Y (BUFx16f_ASAP7_75t_R)
                                         net77521 (net)
                 44.76   13.69   50.36 ^ wire77953/A (BUFx10_ASAP7_75t_R)
     1   13.21   14.57   25.05   75.41 ^ wire77953/Y (BUFx10_ASAP7_75t_R)
                                         net77520 (net)
                 35.03   10.15   85.56 ^ clkbuf_0_clk/A (BUFx24_ASAP7_75t_R)
     2    9.26   10.15   25.15  110.71 ^ clkbuf_0_clk/Y (BUFx24_ASAP7_75t_R)
                                         clknet_0_clk (net)
                 12.65    2.66  113.38 ^ clkbuf_1_1_0_clk/A (BUFx24_ASAP7_75t_R)
     1    7.11    8.45   18.80  132.18 ^ clkbuf_1_1_0_clk/Y (BUFx24_ASAP7_75t_R)
                                         clknet_1_1_0_clk (net)
                 12.46    3.16  135.34 ^ clkbuf_1_1_1_clk/A (BUFx24_ASAP7_75t_R)
     2    8.70    9.21   19.08  154.43 ^ clkbuf_1_1_1_clk/Y (BUFx24_ASAP7_75t_R)
                                         clknet_1_1_1_clk (net)
                 11.24    2.16  156.58 ^ clkbuf_2_2_0_clk/A (BUFx24_ASAP7_75t_R)
     2    9.00    9.18   18.70  175.28 ^ clkbuf_2_2_0_clk/Y (BUFx24_ASAP7_75t_R)
                                         clknet_2_2_0_clk (net)
                 12.90    3.07  178.35 ^ clkbuf_3_5_0_clk/A (BUFx24_ASAP7_75t_R)
     1    8.28    8.58   18.94  197.29 ^ clkbuf_3_5_0_clk/Y (BUFx24_ASAP7_75t_R)
                                         clknet_3_5_0_clk (net)
                 15.47    4.24  201.53 ^ clkbuf_leaf_6_clk/A (BUFx24_ASAP7_75t_R)
     2    7.88    9.00   19.90  221.44 ^ clkbuf_leaf_6_clk/Y (BUFx24_ASAP7_75t_R)
                                         clknet_leaf_6_clk (net)
                  9.32    0.80  222.24 ^ delaybuf_40_core_clock/A (BUFx24_ASAP7_75t_R)
     1    2.92    7.09   17.35  239.58 ^ delaybuf_40_core_clock/Y (BUFx24_ASAP7_75t_R)
                                         delaynet_40_core_clock (net)
                  7.15    0.59  240.17 ^ delaybuf_41_core_clock/A (BUFx24_ASAP7_75t_R)
     2   11.50   10.49   17.84  258.01 ^ delaybuf_41_core_clock/Y (BUFx24_ASAP7_75t_R)
                                         delaynet_41_core_clock (net)
                 12.79    2.47  260.48 ^ delaybuf_38_core_clock/A (BUFx24_ASAP7_75t_R)
     1    4.69    7.79   18.62  279.10 ^ delaybuf_38_core_clock/Y (BUFx24_ASAP7_75t_R)
                                         delaynet_38_core_clock (net)
                  8.73    1.55  280.65 ^ delaybuf_39_core_clock/A (BUFx24_ASAP7_75t_R)
     1    4.52    7.70   17.38  298.03 ^ delaybuf_39_core_clock/Y (BUFx24_ASAP7_75t_R)
                                         delaynet_39_core_clock (net)
                  8.55    1.49  299.53 ^ _792316_/CLK (ICGx1_ASAP7_75t_R)
     1    2.97   20.67   16.44  315.97 ^ _792316_/GCLK (ICGx1_ASAP7_75t_R)
                                         _476589_ (net)
                 20.72    0.58  316.55 ^ clkbuf_0__476589_/A (BUFx24_ASAP7_75t_R)
     2   12.24   10.91   21.92  338.47 ^ clkbuf_0__476589_/Y (BUFx24_ASAP7_75t_R)
                                         clknet_0__476589_ (net)
                 14.25    3.09  341.57 ^ clkbuf_1_0_0__476589_/A (BUFx24_ASAP7_75t_R)
     1    8.21    8.51   19.24  360.81 ^ clkbuf_1_0_0__476589_/Y (BUFx24_ASAP7_75t_R)
                                         clknet_1_0_0__476589_ (net)
                 15.61    4.25  365.06 ^ clkbuf_1_0_1__476589_/A (BUFx24_ASAP7_75t_R)
     2   12.57   10.61   20.13  385.19 ^ clkbuf_1_0_1__476589_/Y (BUFx24_ASAP7_75t_R)
                                         clknet_1_0_1__476589_ (net)
                 17.66    4.53  389.72 ^ clkbuf_2_1_0__476589_/A (BUFx24_ASAP7_75t_R)
     1    7.45    8.52   20.29  410.01 ^ clkbuf_2_1_0__476589_/Y (BUFx24_ASAP7_75t_R)
                                         clknet_2_1_0__476589_ (net)
                 13.49    3.55  413.56 ^ clkbuf_2_1_1__476589_/A (BUFx24_ASAP7_75t_R)
     2   13.48   11.45   19.90  433.46 ^ clkbuf_2_1_1__476589_/Y (BUFx24_ASAP7_75t_R)
                                         clknet_2_1_1__476589_ (net)
                 15.76    3.65  437.10 ^ clkbuf_3_2_0__476589_/A (BUFx24_ASAP7_75t_R)
     2   15.54   12.43   20.65  457.75 ^ clkbuf_3_2_0__476589_/Y (BUFx24_ASAP7_75t_R)
                                         clknet_3_2_0__476589_ (net)
                 17.92    4.27  462.02 ^ clkbuf_4_5_0__476589_/A (BUFx24_ASAP7_75t_R)
    10   38.71   23.36   22.79  484.81 ^ clkbuf_4_5_0__476589_/Y (BUFx24_ASAP7_75t_R)
                                         clknet_4_5_0__476589_ (net)
                 38.38    9.82  494.63 ^ clkbuf_leaf_41__476589_/A (BUFx24_ASAP7_75t_R)
    20   15.09   12.92   26.92  521.54 ^ clkbuf_leaf_41__476589_/Y (BUFx24_ASAP7_75t_R)
                                         clknet_leaf_41__476589_ (net)
                 13.91    1.73  523.27 ^ c_d2[76]$_DFFE_PP_/CLK (DFFHQNx3_ASAP7_75t_R)
     5   25.14   69.17   71.19  594.46 v c_d2[76]$_DFFE_PP_/QN (DFFHQNx3_ASAP7_75t_R)
                                         _014153_ (net)
                 91.02   20.07  614.53 v place70560/A (BUFx6f_ASAP7_75t_R)
     3   15.91   18.58   30.79  645.32 v place70560/Y (BUFx6f_ASAP7_75t_R)
                                         net70127 (net)
                 61.77   18.92  664.24 v place70559/A (BUFx6f_ASAP7_75t_R)
     2   14.02   12.98   25.06  689.30 v place70559/Y (BUFx6f_ASAP7_75t_R)
                                         net70126 (net)
                 70.33   21.99  711.29 v place70557/A (BUFx6f_ASAP7_75t_R)
     4   15.09   15.42   27.06  738.35 v place70557/Y (BUFx6f_ASAP7_75t_R)
                                         net70124 (net)
                 66.49   20.56  758.91 v place70556/A (BUFx6f_ASAP7_75t_R)
     6   17.23   16.93   27.13  786.04 v place70556/Y (BUFx6f_ASAP7_75t_R)
                                         net70123 (net)
                 72.35   22.40  808.44 v place70554/A (BUFx6f_ASAP7_75t_R)
    11   16.00   22.11   28.22  836.66 v place70554/Y (BUFx6f_ASAP7_75t_R)
                                         net70121 (net)
                 40.56   11.22  847.89 v _705007_/A (NOR2x1_ASAP7_75t_R)
     1    1.69   18.80   15.59  863.48 ^ _705007_/Y (NOR2x1_ASAP7_75t_R)
                                         _105231_ (net)
                 18.80    0.10  863.58 ^ _807343_/CI (FAx1_ASAP7_75t_R)
     1    0.76   21.81   30.69  894.27 v _807343_/SN (FAx1_ASAP7_75t_R)
                                         _105233_ (net)
                 21.81    0.07  894.33 v _596326_/A (INVx1_ASAP7_75t_R)
     1    2.11   18.12   14.01  908.34 ^ _596326_/Y (INVx1_ASAP7_75t_R)
                                         _104868_ (net)
                 18.12    0.15  908.49 ^ _807277_/A (FAx1_ASAP7_75t_R)
     1    0.81   21.40   31.15  939.64 v _807277_/SN (FAx1_ASAP7_75t_R)
                                         _104872_ (net)
                 21.40    0.07  939.72 v _571750_/A (INVx1_ASAP7_75t_R)
     1    2.32   19.07   14.58  954.30 ^ _571750_/Y (INVx1_ASAP7_75t_R)
                                         _104781_ (net)
                 19.07    0.15  954.45 ^ _807261_/B (FAx1_ASAP7_75t_R)
     1    0.85   21.92   31.66  986.11 v _807261_/SN (FAx1_ASAP7_75t_R)
                                         _104784_ (net)
                 21.92    0.08  986.19 v _693779_/A (INVx1_ASAP7_75t_R)
     1    2.27   18.84   14.58 1000.77 ^ _693779_/Y (INVx1_ASAP7_75t_R)
                                         _104687_ (net)
                 18.85    0.05 1000.82 ^ _807243_/B (FAx1_ASAP7_75t_R)
     1    0.77   20.99   30.50 1031.32 v _807243_/SN (FAx1_ASAP7_75t_R)
                                         _104690_ (net)
                 20.99    0.06 1031.38 v _592726_/A (INVx1_ASAP7_75t_R)
     1    2.27   18.66   14.31 1045.70 ^ _592726_/Y (INVx1_ASAP7_75t_R)
                                         _104609_ (net)
                 18.66    0.13 1045.83 ^ _807228_/B (FAx1_ASAP7_75t_R)
     1    0.75   20.51   30.21 1076.04 v _807228_/SN (FAx1_ASAP7_75t_R)
                                         _104612_ (net)
                 20.51    0.06 1076.09 v _521669_/A (INVx1_ASAP7_75t_R)
     1    2.28   18.62   14.24 1090.34 ^ _521669_/Y (INVx1_ASAP7_75t_R)
                                         _104490_ (net)
                 18.62    0.14 1090.48 ^ _807210_/B (FAx1_ASAP7_75t_R)
     1    0.78   21.75   30.55 1121.02 v _807210_/SN (FAx1_ASAP7_75t_R)
                                         _104493_ (net)
                 21.75    0.06 1121.09 v _634767_/A (INVx1_ASAP7_75t_R)
     1    1.15   12.72   10.66 1131.74 ^ _634767_/Y (INVx1_ASAP7_75t_R)
                                         _104495_ (net)
                 12.72    0.10 1131.84 ^ _869825_/A (HAxp5_ASAP7_75t_R)
     5    3.80   67.37   53.91 1185.75 v _869825_/SN (HAxp5_ASAP7_75t_R)
                                         _386987_ (net)
                 67.37    0.24 1185.99 v _492978_/A (OR3x1_ASAP7_75t_R)
     1    1.44   13.42   33.70 1219.68 v _492978_/Y (OR3x1_ASAP7_75t_R)
                                         _410397_ (net)
                 13.42    0.11 1219.80 v _492979_/B (OAI21x1_ASAP7_75t_R)
     1    1.07   19.15    7.06 1226.86 ^ _492979_/Y (OAI21x1_ASAP7_75t_R)
                                         _410398_ (net)
                 19.15    0.09 1226.94 ^ _492980_/B (AO31x2_ASAP7_75t_R)
     2    2.18   12.14   22.75 1249.70 ^ _492980_/Y (AO31x2_ASAP7_75t_R)
                                         _410399_ (net)
                 12.16    0.27 1249.97 ^ _492985_/A1 (OAI21x1_ASAP7_75t_R)
     2    1.62   14.63    8.83 1258.80 v _492985_/Y (OAI21x1_ASAP7_75t_R)
                                         _410404_ (net)
                 14.63    0.13 1258.93 v _492986_/A2 (OA21x2_ASAP7_75t_R)
     1    0.68    7.24   18.38 1277.31 v _492986_/Y (OA21x2_ASAP7_75t_R)
                                         _410405_ (net)
                  7.24    0.03 1277.34 v _492987_/A2 (OA21x2_ASAP7_75t_R)
     2    1.55    9.22   17.65 1294.99 v _492987_/Y (OA21x2_ASAP7_75t_R)
                                         _410406_ (net)
                  9.23    0.18 1295.16 v _492988_/A2 (OA21x2_ASAP7_75t_R)
     1    0.77    7.17   16.91 1312.08 v _492988_/Y (OA21x2_ASAP7_75t_R)
                                         _410407_ (net)
                  7.17    0.09 1312.17 v _492989_/A2 (OA21x2_ASAP7_75t_R)
     1    0.96    7.34   16.65 1328.82 v _492989_/Y (OA21x2_ASAP7_75t_R)
                                         _410408_ (net)
                  7.34    0.07 1328.89 v _492990_/B (XNOR2x2_ASAP7_75t_R)
     1    1.60    9.47   21.10 1350.00 ^ _492990_/Y (XNOR2x2_ASAP7_75t_R)
                                         G_LANE[12].G_PAIR[4].pprod[18] (net)
                  9.52    0.33 1350.33 ^ pair_q[304][18]$_DFFE_PP_/D (DFFHQNx1_ASAP7_75t_R)
                               1350.33   data arrival time

                       1000.00 1000.00   clock core_clock (rise edge)
                          0.00 1000.00   clock source latency
     1   17.19    0.00    0.00 1000.00 ^ clk (in)
                                         clk (net)
                 40.63   12.82 1012.82 ^ wire77954/A (BUFx16f_ASAP7_75t_R)
     2   16.85   10.41   22.54 1035.35 ^ wire77954/Y (BUFx16f_ASAP7_75t_R)
                                         net77521 (net)
                 43.10   13.17 1048.53 ^ wire77953/A (BUFx10_ASAP7_75t_R)
     1   12.61   14.21   24.77 1073.30 ^ wire77953/Y (BUFx10_ASAP7_75t_R)
                                         net77520 (net)
                 32.81    9.43 1082.73 ^ clkbuf_0_clk/A (BUFx24_ASAP7_75t_R)
     2    8.06    9.64   24.45 1107.17 ^ clkbuf_0_clk/Y (BUFx24_ASAP7_75t_R)
                                         clknet_0_clk (net)
                 11.55    2.32 1109.49 ^ clkbuf_1_1_0_clk/A (BUFx24_ASAP7_75t_R)
     1    6.51    8.31   18.43 1127.93 ^ clkbuf_1_1_0_clk/Y (BUFx24_ASAP7_75t_R)
                                         clknet_1_1_0_clk (net)
                 11.51    2.82 1130.74 ^ clkbuf_1_1_1_clk/A (BUFx24_ASAP7_75t_R)
     2    7.50    8.82   18.66 1149.41 ^ clkbuf_1_1_1_clk/Y (BUFx24_ASAP7_75t_R)
                                         clknet_1_1_1_clk (net)
                 10.27    1.84 1151.24 ^ clkbuf_2_2_0_clk/A (BUFx24_ASAP7_75t_R)
     2    7.79    8.81   18.28 1169.52 ^ clkbuf_2_2_0_clk/Y (BUFx24_ASAP7_75t_R)
                                         clknet_2_2_0_clk (net)
                 11.69    2.67 1172.19 ^ clkbuf_3_5_0_clk/A (BUFx24_ASAP7_75t_R)
     1    7.68    8.51   18.55 1190.75 ^ clkbuf_3_5_0_clk/Y (BUFx24_ASAP7_75t_R)
                                         clknet_3_5_0_clk (net)
                 14.23    3.85 1194.60 ^ clkbuf_leaf_6_clk/A (BUFx24_ASAP7_75t_R)
     2    6.57    8.52   19.36 1213.96 ^ clkbuf_leaf_6_clk/Y (BUFx24_ASAP7_75t_R)
                                         clknet_leaf_6_clk (net)
                  9.85    1.84 1215.80 ^ _792304_/CLK (ICGx1_ASAP7_75t_R)
     1    2.13   15.39   14.67 1230.47 ^ _792304_/GCLK (ICGx1_ASAP7_75t_R)
                                         _476577_ (net)
                 15.40    0.23 1230.70 ^ clkbuf_0__476577_/A (BUFx24_ASAP7_75t_R)
     2   11.01   10.13   20.30 1251.00 ^ clkbuf_0__476577_/Y (BUFx24_ASAP7_75t_R)
                                         clknet_0__476577_ (net)
                 12.38    2.33 1253.33 ^ clkbuf_1_1_0__476577_/A (BUFx24_ASAP7_75t_R)
     1    6.34    8.28   18.68 1272.02 ^ clkbuf_1_1_0__476577_/Y (BUFx24_ASAP7_75t_R)
                                         clknet_1_1_0__476577_ (net)
                 11.10    2.65 1274.67 ^ clkbuf_1_1_1__476577_/A (BUFx24_ASAP7_75t_R)
     2    8.39    8.82   18.49 1293.16 ^ clkbuf_1_1_1__476577_/Y (BUFx24_ASAP7_75t_R)
                                         clknet_1_1_1__476577_ (net)
                 12.90    3.15 1296.30 ^ clkbuf_2_3_0__476577_/A (BUFx24_ASAP7_75t_R)
     1    6.24    8.22   18.80 1315.10 ^ clkbuf_2_3_0__476577_/Y (BUFx24_ASAP7_75t_R)
                                         clknet_2_3_0__476577_ (net)
                 11.37    2.80 1317.91 ^ clkbuf_2_3_1__476577_/A (BUFx24_ASAP7_75t_R)
     1    7.11    8.37   18.40 1336.30 ^ clkbuf_2_3_1__476577_/Y (BUFx24_ASAP7_75t_R)
                                         clknet_2_3_1__476577_ (net)
                 12.96    3.39 1339.69 ^ clkbuf_2_3_2__476577_/A (BUFx24_ASAP7_75t_R)
     2   11.15   10.27   19.59 1359.28 ^ clkbuf_2_3_2__476577_/Y (BUFx24_ASAP7_75t_R)
                                         clknet_2_3_2__476577_ (net)
                 12.70    2.51 1361.79 ^ clkbuf_3_7_0__476577_/A (BUFx24_ASAP7_75t_R)
     2    8.97    9.34   19.22 1381.01 ^ clkbuf_3_7_0__476577_/Y (BUFx24_ASAP7_75t_R)
                                         clknet_3_7_0__476577_ (net)
                 11.03    1.96 1382.97 ^ clkbuf_4_15_0__476577_/A (BUFx24_ASAP7_75t_R)
     2    9.72    9.31   18.60 1401.57 ^ clkbuf_4_15_0__476577_/Y (BUFx24_ASAP7_75t_R)
                                         clknet_4_15_0__476577_ (net)
                 14.47    3.63 1405.20 ^ clkbuf_5_31_0__476577_/A (BUFx24_ASAP7_75t_R)
     2   10.04    9.62   19.83 1425.03 ^ clkbuf_5_31_0__476577_/Y (BUFx24_ASAP7_75t_R)
                                         clknet_5_31_0__476577_ (net)
                 10.61    1.35 1426.37 ^ clkbuf_6_62_0__476577_/A (BUFx24_ASAP7_75t_R)
    11   39.98   23.99   21.98 1448.36 ^ clkbuf_6_62_0__476577_/Y (BUFx24_ASAP7_75t_R)
                                         clknet_6_62_0__476577_ (net)
                 35.47    8.63 1456.99 ^ clkbuf_leaf_245__476577_/A (BUFx24_ASAP7_75t_R)
    20   12.35   11.51   25.83 1482.81 ^ clkbuf_leaf_245__476577_/Y (BUFx24_ASAP7_75t_R)
                                         clknet_leaf_245__476577_ (net)
                 11.76    0.70 1483.51 ^ pair_q[304][18]$_DFFE_PP_/CLK (DFFHQNx1_ASAP7_75t_R)
                       -150.00 1333.51   clock uncertainty
                          7.48 1340.98   clock reconvergence pessimism
                         -5.85 1335.14   library setup time
                               1335.14   data required time
-----------------------------------------------------------------------------
                               1335.14   data required time
                               -1350.33   data arrival time
-----------------------------------------------------------------------------
                                -15.19   slack (VIOLATED)


Startpoint: out_pix_data[141]$_DFFE_PN0P_
            (rising edge-triggered flip-flop clocked by core_clock)
Endpoint: out_pix_data[141] (output port clocked by vclk_core_clock)
Path Group: vclk_core_clock
Path Type: max

Fanout     Cap    Slew   Delay    Time   Description
-----------------------------------------------------------------------------
                          0.00    0.00   clock core_clock (rise edge)
                          0.00    0.00   clock source latency
     1   17.85    0.00    0.00    0.00 ^ clk (in)
                                         clk (net)
                 43.20   13.63   13.63 ^ wire77954/A (BUFx16f_ASAP7_75t_R)
     2   17.75   10.87   23.04   36.67 ^ wire77954/Y (BUFx16f_ASAP7_75t_R)
                                         net77521 (net)
                 44.76   13.69   50.36 ^ wire77953/A (BUFx10_ASAP7_75t_R)
     1   13.21   14.57   25.05   75.41 ^ wire77953/Y (BUFx10_ASAP7_75t_R)
                                         net77520 (net)
                 35.03   10.15   85.56 ^ clkbuf_0_clk/A (BUFx24_ASAP7_75t_R)
     2    9.26   10.15   25.15  110.71 ^ clkbuf_0_clk/Y (BUFx24_ASAP7_75t_R)
                                         clknet_0_clk (net)
                 12.65    2.66  113.38 ^ clkbuf_1_1_0_clk/A (BUFx24_ASAP7_75t_R)
     1    7.11    8.45   18.80  132.18 ^ clkbuf_1_1_0_clk/Y (BUFx24_ASAP7_75t_R)
                                         clknet_1_1_0_clk (net)
                 12.46    3.16  135.34 ^ clkbuf_1_1_1_clk/A (BUFx24_ASAP7_75t_R)
     2    8.70    9.21   19.08  154.43 ^ clkbuf_1_1_1_clk/Y (BUFx24_ASAP7_75t_R)
                                         clknet_1_1_1_clk (net)
                 10.94    1.95  156.37 ^ delaybuf_50_core_clock/A (BUFx24_ASAP7_75t_R)
     1    4.33    7.65   18.03  174.41 ^ delaybuf_50_core_clock/Y (BUFx24_ASAP7_75t_R)
                                         delaynet_50_core_clock (net)
                  8.27    1.29  175.69 ^ clkbuf_2_3_0_clk/A (BUFx24_ASAP7_75t_R)
     2    9.32    9.19   17.81  193.50 ^ clkbuf_2_3_0_clk/Y (BUFx24_ASAP7_75t_R)
                                         clknet_2_3_0_clk (net)
                 13.90    3.52  197.02 ^ clkbuf_3_6_0_clk/A (BUFx24_ASAP7_75t_R)
     2   12.59    9.98   19.72  216.75 ^ clkbuf_3_6_0_clk/Y (BUFx24_ASAP7_75t_R)
                                         clknet_3_6_0_clk (net)
                 11.52    1.60  218.35 ^ delaybuf_16_core_clock/A (BUFx24_ASAP7_75t_R)
     1    2.98    7.14   18.02  236.37 ^ delaybuf_16_core_clock/Y (BUFx24_ASAP7_75t_R)
                                         delaynet_16_core_clock (net)
                  7.20    0.60  236.97 ^ delaybuf_17_core_clock/A (BUFx24_ASAP7_75t_R)
     1    2.84    7.04   16.68  253.65 ^ delaybuf_17_core_clock/Y (BUFx24_ASAP7_75t_R)
                                         delaynet_17_core_clock (net)
                  7.06    0.36  254.01 ^ delaybuf_18_core_clock/A (BUFx24_ASAP7_75t_R)
     1    2.81    7.03   16.64  270.65 ^ delaybuf_18_core_clock/Y (BUFx24_ASAP7_75t_R)
                                         delaynet_18_core_clock (net)
                  7.05    0.36  271.01 ^ delaybuf_19_core_clock/A (BUFx24_ASAP7_75t_R)
     1    2.83    7.04   16.63  287.64 ^ delaybuf_19_core_clock/Y (BUFx24_ASAP7_75t_R)
                                         delaynet_19_core_clock (net)
                  7.06    0.37  288.01 ^ delaybuf_20_core_clock/A (BUFx24_ASAP7_75t_R)
     1    2.98    7.11   16.65  304.66 ^ delaybuf_20_core_clock/Y (BUFx24_ASAP7_75t_R)
                                         delaynet_20_core_clock (net)
                  7.17    0.61  305.27 ^ delaybuf_21_core_clock/A (BUFx24_ASAP7_75t_R)
     1    2.87    7.05   16.68  321.95 ^ delaybuf_21_core_clock/Y (BUFx24_ASAP7_75t_R)
                                         delaynet_21_core_clock (net)
                  7.07    0.35  322.30 ^ delaybuf_22_core_clock/A (BUFx24_ASAP7_75t_R)
     1    3.13    7.17   16.68  338.98 ^ delaybuf_22_core_clock/Y (BUFx24_ASAP7_75t_R)
                                         delaynet_22_core_clock (net)
                  7.23    0.64  339.61 ^ delaybuf_23_core_clock/A (BUFx24_ASAP7_75t_R)
     1    2.77    7.02   16.68  356.29 ^ delaybuf_23_core_clock/Y (BUFx24_ASAP7_75t_R)
                                         delaynet_23_core_clock (net)
                  7.04    0.43  356.72 ^ delaybuf_24_core_clock/A (BUFx24_ASAP7_75t_R)
     1    2.85    7.05   16.63  373.35 ^ delaybuf_24_core_clock/Y (BUFx24_ASAP7_75t_R)
                                         delaynet_24_core_clock (net)
                  7.09    0.48  373.83 ^ delaybuf_25_core_clock/A (BUFx24_ASAP7_75t_R)
     1    2.91    7.07   16.66  390.49 ^ delaybuf_25_core_clock/Y (BUFx24_ASAP7_75t_R)
                                         delaynet_25_core_clock (net)
                  7.09    0.37  390.86 ^ clkbuf_leaf_8_clk/A (BUFx24_ASAP7_75t_R)
     3    7.61    8.92   17.50  408.35 ^ clkbuf_leaf_8_clk/Y (BUFx24_ASAP7_75t_R)
                                         clknet_leaf_8_clk (net)
                  8.95    0.30  408.66 ^ _792307_/CLK (ICGx1_ASAP7_75t_R)
     1    2.69   18.78   15.93  424.59 ^ _792307_/GCLK (ICGx1_ASAP7_75t_R)
                                         _476580_ (net)
                 18.80    0.32  424.91 ^ clkbuf_0__476580_/A (BUFx24_ASAP7_75t_R)
     2   12.54   10.99   21.43  446.34 ^ clkbuf_0__476580_/Y (BUFx24_ASAP7_75t_R)
                                         clknet_0__476580_ (net)
                 14.40    3.14  449.49 ^ clkbuf_1_0_0__476580_/A (BUFx24_ASAP7_75t_R)
     2   11.04    9.58   19.60  469.09 ^ clkbuf_1_0_0__476580_/Y (BUFx24_ASAP7_75t_R)
                                         clknet_1_0_0__476580_ (net)
                 17.30    4.57  473.66 ^ clkbuf_2_1_0__476580_/A (BUFx24_ASAP7_75t_R)
     4   15.83   10.59   20.43  494.08 ^ clkbuf_2_1_0__476580_/Y (BUFx24_ASAP7_75t_R)
                                         clknet_2_1_0__476580_ (net)
                 27.80    7.93  502.01 ^ clkbuf_4_7_0__476580_/A (BUFx24_ASAP7_75t_R)
    12    9.70    9.88   23.32  525.33 ^ clkbuf_4_7_0__476580_/Y (BUFx24_ASAP7_75t_R)
                                         clknet_4_7_0__476580_ (net)
                 12.96    2.79  528.11 ^ out_pix_data[141]$_DFFE_PN0P_/CLK (DFFASRHQNx1_ASAP7_75t_R)
     1    1.02   15.29   40.73  568.84 ^ out_pix_data[141]$_DFFE_PN0P_/QN (DFFASRHQNx1_ASAP7_75t_R)
                                         _005198_ (net)
                 15.29    0.11  568.95 ^ _773111_/A (INVx1_ASAP7_75t_R)
     1   17.91  105.47   25.36  594.31 v _773111_/Y (INVx1_ASAP7_75t_R)
                                         net17559 (net)
                167.60   46.33  640.64 v place62148/A (BUFx3_ASAP7_75t_R)
     1   27.48   36.46   43.51  684.15 v place62148/Y (BUFx3_ASAP7_75t_R)
                                         net61715 (net)
                251.99   79.89  764.04 v wire18449/A (BUFx12f_ASAP7_75t_R)
     1   17.37   13.68   43.00  807.05 v wire18449/Y (BUFx12f_ASAP7_75t_R)
                                         out_pix_data[141] (net)
                 78.03   24.12  831.17 v out_pix_data[141] (out)
                                831.17   data arrival time

                  0.00 1000.00 1000.00   clock vclk_core_clock (rise edge)
                        800.00 1800.00   clock network delay (ideal)
                          0.00 1800.00   clock reconvergence pessimism
                       -200.00 1600.00   output external delay
                               1600.00   data required time
-----------------------------------------------------------------------------
                               1600.00   data required time
                               -831.17   data arrival time
-----------------------------------------------------------------------------
                                768.83   slack (MET)


Startpoint: m_1h[4]$_DFFE_PN0P_
            (rising edge-triggered flip-flop clocked by core_clock)
Endpoint: mem_wdata[668] (output port clocked by vclk_mem)
Path Group: vclk_mem
Path Type: max

Fanout     Cap    Slew   Delay    Time   Description
-----------------------------------------------------------------------------
                          0.00    0.00   clock core_clock (rise edge)
                          0.00    0.00   clock source latency
     1   17.85    0.00    0.00    0.00 ^ clk (in)
                                         clk (net)
                 43.20   13.63   13.63 ^ wire77954/A (BUFx16f_ASAP7_75t_R)
     2   17.75   10.87   23.04   36.67 ^ wire77954/Y (BUFx16f_ASAP7_75t_R)
                                         net77521 (net)
                 44.76   13.69   50.36 ^ wire77953/A (BUFx10_ASAP7_75t_R)
     1   13.21   14.57   25.05   75.41 ^ wire77953/Y (BUFx10_ASAP7_75t_R)
                                         net77520 (net)
                 35.03   10.15   85.56 ^ clkbuf_0_clk/A (BUFx24_ASAP7_75t_R)
     2    9.26   10.15   25.15  110.71 ^ clkbuf_0_clk/Y (BUFx24_ASAP7_75t_R)
                                         clknet_0_clk (net)
                 12.65    2.66  113.38 ^ clkbuf_1_1_0_clk/A (BUFx24_ASAP7_75t_R)
     1    7.11    8.45   18.80  132.18 ^ clkbuf_1_1_0_clk/Y (BUFx24_ASAP7_75t_R)
                                         clknet_1_1_0_clk (net)
                 12.46    3.16  135.34 ^ clkbuf_1_1_1_clk/A (BUFx24_ASAP7_75t_R)
     2    8.70    9.21   19.08  154.43 ^ clkbuf_1_1_1_clk/Y (BUFx24_ASAP7_75t_R)
                                         clknet_1_1_1_clk (net)
                 11.24    2.16  156.58 ^ clkbuf_2_2_0_clk/A (BUFx24_ASAP7_75t_R)
     2    9.00    9.18   18.70  175.28 ^ clkbuf_2_2_0_clk/Y (BUFx24_ASAP7_75t_R)
                                         clknet_2_2_0_clk (net)
                 12.90    3.07  178.35 ^ clkbuf_3_5_0_clk/A (BUFx24_ASAP7_75t_R)
     1    8.28    8.58   18.94  197.29 ^ clkbuf_3_5_0_clk/Y (BUFx24_ASAP7_75t_R)
                                         clknet_3_5_0_clk (net)
                 15.47    4.24  201.53 ^ clkbuf_leaf_6_clk/A (BUFx24_ASAP7_75t_R)
     2    7.88    9.00   19.90  221.44 ^ clkbuf_leaf_6_clk/Y (BUFx24_ASAP7_75t_R)
                                         clknet_leaf_6_clk (net)
                  9.32    0.80  222.24 ^ delaybuf_40_core_clock/A (BUFx24_ASAP7_75t_R)
     1    2.92    7.09   17.35  239.58 ^ delaybuf_40_core_clock/Y (BUFx24_ASAP7_75t_R)
                                         delaynet_40_core_clock (net)
                  7.15    0.59  240.17 ^ delaybuf_41_core_clock/A (BUFx24_ASAP7_75t_R)
     2   11.50   10.49   17.84  258.01 ^ delaybuf_41_core_clock/Y (BUFx24_ASAP7_75t_R)
                                         delaynet_41_core_clock (net)
                 12.79    2.47  260.48 ^ delaybuf_38_core_clock/A (BUFx24_ASAP7_75t_R)
     1    4.69    7.79   18.62  279.10 ^ delaybuf_38_core_clock/Y (BUFx24_ASAP7_75t_R)
                                         delaynet_38_core_clock (net)
                  8.73    1.55  280.65 ^ delaybuf_39_core_clock/A (BUFx24_ASAP7_75t_R)
     1    4.52    7.70   17.38  298.03 ^ delaybuf_39_core_clock/Y (BUFx24_ASAP7_75t_R)
                                         delaynet_39_core_clock (net)
                  8.55    1.49  299.53 ^ _792316_/CLK (ICGx1_ASAP7_75t_R)
     1    2.97   20.67   16.44  315.97 ^ _792316_/GCLK (ICGx1_ASAP7_75t_R)
                                         _476589_ (net)
                 20.72    0.58  316.55 ^ clkbuf_0__476589_/A (BUFx24_ASAP7_75t_R)
     2   12.24   10.91   21.92  338.47 ^ clkbuf_0__476589_/Y (BUFx24_ASAP7_75t_R)
                                         clknet_0__476589_ (net)
                 14.25    3.09  341.57 ^ clkbuf_1_0_0__476589_/A (BUFx24_ASAP7_75t_R)
     1    8.21    8.51   19.24  360.81 ^ clkbuf_1_0_0__476589_/Y (BUFx24_ASAP7_75t_R)
                                         clknet_1_0_0__476589_ (net)
                 15.61    4.25  365.06 ^ clkbuf_1_0_1__476589_/A (BUFx24_ASAP7_75t_R)
     2   12.57   10.61   20.13  385.19 ^ clkbuf_1_0_1__476589_/Y (BUFx24_ASAP7_75t_R)
                                         clknet_1_0_1__476589_ (net)
                 17.43    4.43  389.62 ^ clkbuf_2_0_0__476589_/A (BUFx24_ASAP7_75t_R)
     1    7.81    8.70   20.29  409.92 ^ clkbuf_2_0_0__476589_/Y (BUFx24_ASAP7_75t_R)
                                         clknet_2_0_0__476589_ (net)
                 13.44    3.49  413.41 ^ clkbuf_2_0_1__476589_/A (BUFx24_ASAP7_75t_R)
     2   13.80   11.59   19.92  433.33 ^ clkbuf_2_0_1__476589_/Y (BUFx24_ASAP7_75t_R)
                                         clknet_2_0_1__476589_ (net)
                 14.71    3.03  436.36 ^ clkbuf_3_0_0__476589_/A (BUFx24_ASAP7_75t_R)
     2   12.28   10.92   20.20  456.56 ^ clkbuf_3_0_0__476589_/Y (BUFx24_ASAP7_75t_R)
                                         clknet_3_0_0__476589_ (net)
                 14.02    2.99  459.55 ^ clkbuf_4_1_0__476589_/A (BUFx24_ASAP7_75t_R)
     6   20.42   14.94   20.86  480.41 ^ clkbuf_4_1_0__476589_/Y (BUFx24_ASAP7_75t_R)
                                         clknet_4_1_0__476589_ (net)
                 17.79    3.29  483.71 ^ clkbuf_leaf_28__476589_/A (BUFx24_ASAP7_75t_R)
    17   14.39   12.07   21.50  505.20 ^ clkbuf_leaf_28__476589_/Y (BUFx24_ASAP7_75t_R)
                                         clknet_leaf_28__476589_ (net)
                 13.61    2.16  507.36 ^ m_1h[4]$_DFFE_PN0P_/CLK (DFFASRHQNx1_ASAP7_75t_R)
     2   18.22  114.31   78.15  585.51 v m_1h[4]$_DFFE_PN0P_/QN (DFFASRHQNx1_ASAP7_75t_R)
                                         _002344_ (net)
                142.34   29.51  615.02 v place67158/A (BUFx6f_ASAP7_75t_R)
     1   11.01   16.68   34.92  649.94 v place67158/Y (BUFx6f_ASAP7_75t_R)
                                         net66725 (net)
                 49.08   14.58  664.52 v place67157/A (BUFx6f_ASAP7_75t_R)
     1   14.90   14.74   22.76  687.29 v place67157/Y (BUFx6f_ASAP7_75t_R)
                                         net66724 (net)
                 71.28   22.31  709.60 v place67156/A (BUFx6f_ASAP7_75t_R)
     1   12.31   15.21   26.63  736.22 v place67156/Y (BUFx6f_ASAP7_75t_R)
                                         net66723 (net)
                 51.42   15.73  751.95 v place67155/A (BUFx6f_ASAP7_75t_R)
     2   12.17   12.15   23.28  775.23 v place67155/Y (BUFx6f_ASAP7_75t_R)
                                         net66722 (net)
                 55.93   17.29  792.53 v place67154/A (BUFx3_ASAP7_75t_R)
     2   21.26   40.70   31.26  823.79 v place67154/Y (BUFx3_ASAP7_75t_R)
                                         net66721 (net)
                120.09   37.09  860.88 v place67153/A (BUFx3_ASAP7_75t_R)
     2   14.93   32.97   37.18  898.06 v place67153/Y (BUFx3_ASAP7_75t_R)
                                         net66720 (net)
                 86.52   26.21  924.27 v place67152/A (BUFx3_ASAP7_75t_R)
    11   27.87   56.61   40.70  964.97 v place67152/Y (BUFx3_ASAP7_75t_R)
                                         net66719 (net)
                120.67   36.28 1001.25 v place67151/A (BUFx3_ASAP7_75t_R)
     5   27.42   30.69   37.87 1039.12 v place67151/Y (BUFx3_ASAP7_75t_R)
                                         net66718 (net)
                260.61   82.48 1121.60 v place67150/A (BUFx3_ASAP7_75t_R)
    23   37.90   79.66   61.56 1183.16 v place67150/Y (BUFx3_ASAP7_75t_R)
                                         net66717 (net)
                144.57   41.71 1224.87 v place67149/A (BUFx3_ASAP7_75t_R)
    26   35.53   75.70   48.73 1273.60 v place67149/Y (BUFx3_ASAP7_75t_R)
                                         net66716 (net)
                105.80   26.31 1299.91 v place67148/A (BUFx3_ASAP7_75t_R)
    34   48.72  100.03   46.56 1346.47 v place67148/Y (BUFx3_ASAP7_75t_R)
                                         net66715 (net)
                173.68   50.57 1397.04 v _750481_/A (NOR2x1_ASAP7_75t_R)
     1    0.72   26.85   17.37 1414.41 ^ _750481_/Y (NOR2x1_ASAP7_75t_R)
                                         net15944 (net)
                 26.85    0.08 1414.49 ^ output16377/A (BUFx2_ASAP7_75t_R)
     1    1.41    8.08   18.27 1432.75 ^ output16377/Y (BUFx2_ASAP7_75t_R)
                                         mem_wdata[668] (net)
                  8.11    0.26 1433.01 ^ mem_wdata[668] (out)
                               1433.01   data arrival time

                  0.00 1000.00 1000.00   clock vclk_mem (rise edge)
                        800.00 1800.00   clock network delay (ideal)
                          0.00 1800.00   clock reconvergence pessimism
                       -100.00 1700.00   output external delay
                               1700.00   data required time
-----------------------------------------------------------------------------
                               1700.00   data required time
                               -1433.01   data arrival time
-----------------------------------------------------------------------------
                                266.99   slack (MET)



==========================================================================
finish report_checks -unconstrained
--------------------------------------------------------------------------
Startpoint: c_d2[76]$_DFFE_PP_
            (rising edge-triggered flip-flop clocked by core_clock)
Endpoint: pair_q[304][18]$_DFFE_PP_
          (rising edge-triggered flip-flop clocked by core_clock)
Path Group: core_clock
Path Type: max

Fanout     Cap    Slew   Delay    Time   Description
-----------------------------------------------------------------------------
                          0.00    0.00   clock core_clock (rise edge)
                          0.00    0.00   clock source latency
     1   17.85    0.00    0.00    0.00 ^ clk (in)
                                         clk (net)
                 43.20   13.63   13.63 ^ wire77954/A (BUFx16f_ASAP7_75t_R)
     2   17.75   10.87   23.04   36.67 ^ wire77954/Y (BUFx16f_ASAP7_75t_R)
                                         net77521 (net)
                 44.76   13.69   50.36 ^ wire77953/A (BUFx10_ASAP7_75t_R)
     1   13.21   14.57   25.05   75.41 ^ wire77953/Y (BUFx10_ASAP7_75t_R)
                                         net77520 (net)
                 35.03   10.15   85.56 ^ clkbuf_0_clk/A (BUFx24_ASAP7_75t_R)
     2    9.26   10.15   25.15  110.71 ^ clkbuf_0_clk/Y (BUFx24_ASAP7_75t_R)
                                         clknet_0_clk (net)
                 12.65    2.66  113.38 ^ clkbuf_1_1_0_clk/A (BUFx24_ASAP7_75t_R)
     1    7.11    8.45   18.80  132.18 ^ clkbuf_1_1_0_clk/Y (BUFx24_ASAP7_75t_R)
                                         clknet_1_1_0_clk (net)
                 12.46    3.16  135.34 ^ clkbuf_1_1_1_clk/A (BUFx24_ASAP7_75t_R)
     2    8.70    9.21   19.08  154.43 ^ clkbuf_1_1_1_clk/Y (BUFx24_ASAP7_75t_R)
                                         clknet_1_1_1_clk (net)
                 11.24    2.16  156.58 ^ clkbuf_2_2_0_clk/A (BUFx24_ASAP7_75t_R)
     2    9.00    9.18   18.70  175.28 ^ clkbuf_2_2_0_clk/Y (BUFx24_ASAP7_75t_R)
                                         clknet_2_2_0_clk (net)
                 12.90    3.07  178.35 ^ clkbuf_3_5_0_clk/A (BUFx24_ASAP7_75t_R)
     1    8.28    8.58   18.94  197.29 ^ clkbuf_3_5_0_clk/Y (BUFx24_ASAP7_75t_R)
                                         clknet_3_5_0_clk (net)
                 15.47    4.24  201.53 ^ clkbuf_leaf_6_clk/A (BUFx24_ASAP7_75t_R)
     2    7.88    9.00   19.90  221.44 ^ clkbuf_leaf_6_clk/Y (BUFx24_ASAP7_75t_R)
                                         clknet_leaf_6_clk (net)
                  9.32    0.80  222.24 ^ delaybuf_40_core_clock/A (BUFx24_ASAP7_75t_R)
     1    2.92    7.09   17.35  239.58 ^ delaybuf_40_core_clock/Y (BUFx24_ASAP7_75t_R)
                                         delaynet_40_core_clock (net)
                  7.15    0.59  240.17 ^ delaybuf_41_core_clock/A (BUFx24_ASAP7_75t_R)
     2   11.50   10.49   17.84  258.01 ^ delaybuf_41_core_clock/Y (BUFx24_ASAP7_75t_R)
                                         delaynet_41_core_clock (net)
                 12.79    2.47  260.48 ^ delaybuf_38_core_clock/A (BUFx24_ASAP7_75t_R)
     1    4.69    7.79   18.62  279.10 ^ delaybuf_38_core_clock/Y (BUFx24_ASAP7_75t_R)
                                         delaynet_38_core_clock (net)
                  8.73    1.55  280.65 ^ delaybuf_39_core_clock/A (BUFx24_ASAP7_75t_R)
     1    4.52    7.70   17.38  298.03 ^ delaybuf_39_core_clock/Y (BUFx24_ASAP7_75t_R)
                                         delaynet_39_core_clock (net)
                  8.55    1.49  299.53 ^ _792316_/CLK (ICGx1_ASAP7_75t_R)
     1    2.97   20.67   16.44  315.97 ^ _792316_/GCLK (ICGx1_ASAP7_75t_R)
                                         _476589_ (net)
                 20.72    0.58  316.55 ^ clkbuf_0__476589_/A (BUFx24_ASAP7_75t_R)
     2   12.24   10.91   21.92  338.47 ^ clkbuf_0__476589_/Y (BUFx24_ASAP7_75t_R)
                                         clknet_0__476589_ (net)
                 14.25    3.09  341.57 ^ clkbuf_1_0_0__476589_/A (BUFx24_ASAP7_75t_R)
     1    8.21    8.51   19.24  360.81 ^ clkbuf_1_0_0__476589_/Y (BUFx24_ASAP7_75t_R)
                                         clknet_1_0_0__476589_ (net)
                 15.61    4.25  365.06 ^ clkbuf_1_0_1__476589_/A (BUFx24_ASAP7_75t_R)
     2   12.57   10.61   20.13  385.19 ^ clkbuf_1_0_1__476589_/Y (BUFx24_ASAP7_75t_R)
                                         clknet_1_0_1__476589_ (net)
                 17.66    4.53  389.72 ^ clkbuf_2_1_0__476589_/A (BUFx24_ASAP7_75t_R)
     1    7.45    8.52   20.29  410.01 ^ clkbuf_2_1_0__476589_/Y (BUFx24_ASAP7_75t_R)
                                         clknet_2_1_0__476589_ (net)
                 13.49    3.55  413.56 ^ clkbuf_2_1_1__476589_/A (BUFx24_ASAP7_75t_R)
     2   13.48   11.45   19.90  433.46 ^ clkbuf_2_1_1__476589_/Y (BUFx24_ASAP7_75t_R)
                                         clknet_2_1_1__476589_ (net)
                 15.76    3.65  437.10 ^ clkbuf_3_2_0__476589_/A (BUFx24_ASAP7_75t_R)
     2   15.54   12.43   20.65  457.75 ^ clkbuf_3_2_0__476589_/Y (BUFx24_ASAP7_75t_R)
                                         clknet_3_2_0__476589_ (net)
                 17.92    4.27  462.02 ^ clkbuf_4_5_0__476589_/A (BUFx24_ASAP7_75t_R)
    10   38.71   23.36   22.79  484.81 ^ clkbuf_4_5_0__476589_/Y (BUFx24_ASAP7_75t_R)
                                         clknet_4_5_0__476589_ (net)
                 38.38    9.82  494.63 ^ clkbuf_leaf_41__476589_/A (BUFx24_ASAP7_75t_R)
    20   15.09   12.92   26.92  521.54 ^ clkbuf_leaf_41__476589_/Y (BUFx24_ASAP7_75t_R)
                                         clknet_leaf_41__476589_ (net)
                 13.91    1.73  523.27 ^ c_d2[76]$_DFFE_PP_/CLK (DFFHQNx3_ASAP7_75t_R)
     5   25.14   69.17   71.19  594.46 v c_d2[76]$_DFFE_PP_/QN (DFFHQNx3_ASAP7_75t_R)
                                         _014153_ (net)
                 91.02   20.07  614.53 v place70560/A (BUFx6f_ASAP7_75t_R)
     3   15.91   18.58   30.79  645.32 v place70560/Y (BUFx6f_ASAP7_75t_R)
                                         net70127 (net)
                 61.77   18.92  664.24 v place70559/A (BUFx6f_ASAP7_75t_R)
     2   14.02   12.98   25.06  689.30 v place70559/Y (BUFx6f_ASAP7_75t_R)
                                         net70126 (net)
                 70.33   21.99  711.29 v place70557/A (BUFx6f_ASAP7_75t_R)
     4   15.09   15.42   27.06  738.35 v place70557/Y (BUFx6f_ASAP7_75t_R)
                                         net70124 (net)
                 66.49   20.56  758.91 v place70556/A (BUFx6f_ASAP7_75t_R)
     6   17.23   16.93   27.13  786.04 v place70556/Y (BUFx6f_ASAP7_75t_R)
                                         net70123 (net)
                 72.35   22.40  808.44 v place70554/A (BUFx6f_ASAP7_75t_R)
    11   16.00   22.11   28.22  836.66 v place70554/Y (BUFx6f_ASAP7_75t_R)
                                         net70121 (net)
                 40.56   11.22  847.89 v _705007_/A (NOR2x1_ASAP7_75t_R)
     1    1.69   18.80   15.59  863.48 ^ _705007_/Y (NOR2x1_ASAP7_75t_R)
                                         _105231_ (net)
                 18.80    0.10  863.58 ^ _807343_/CI (FAx1_ASAP7_75t_R)
     1    0.76   21.81   30.69  894.27 v _807343_/SN (FAx1_ASAP7_75t_R)
                                         _105233_ (net)
                 21.81    0.07  894.33 v _596326_/A (INVx1_ASAP7_75t_R)
     1    2.11   18.12   14.01  908.34 ^ _596326_/Y (INVx1_ASAP7_75t_R)
                                         _104868_ (net)
                 18.12    0.15  908.49 ^ _807277_/A (FAx1_ASAP7_75t_R)
     1    0.81   21.40   31.15  939.64 v _807277_/SN (FAx1_ASAP7_75t_R)
                                         _104872_ (net)
                 21.40    0.07  939.72 v _571750_/A (INVx1_ASAP7_75t_R)
     1    2.32   19.07   14.58  954.30 ^ _571750_/Y (INVx1_ASAP7_75t_R)
                                         _104781_ (net)
                 19.07    0.15  954.45 ^ _807261_/B (FAx1_ASAP7_75t_R)
     1    0.85   21.92   31.66  986.11 v _807261_/SN (FAx1_ASAP7_75t_R)
                                         _104784_ (net)
                 21.92    0.08  986.19 v _693779_/A (INVx1_ASAP7_75t_R)
     1    2.27   18.84   14.58 1000.77 ^ _693779_/Y (INVx1_ASAP7_75t_R)
                                         _104687_ (net)
                 18.85    0.05 1000.82 ^ _807243_/B (FAx1_ASAP7_75t_R)
     1    0.77   20.99   30.50 1031.32 v _807243_/SN (FAx1_ASAP7_75t_R)
                                         _104690_ (net)
                 20.99    0.06 1031.38 v _592726_/A (INVx1_ASAP7_75t_R)
     1    2.27   18.66   14.31 1045.70 ^ _592726_/Y (INVx1_ASAP7_75t_R)
                                         _104609_ (net)
                 18.66    0.13 1045.83 ^ _807228_/B (FAx1_ASAP7_75t_R)
     1    0.75   20.51   30.21 1076.04 v _807228_/SN (FAx1_ASAP7_75t_R)
                                         _104612_ (net)
                 20.51    0.06 1076.09 v _521669_/A (INVx1_ASAP7_75t_R)
     1    2.28   18.62   14.24 1090.34 ^ _521669_/Y (INVx1_ASAP7_75t_R)
                                         _104490_ (net)
                 18.62    0.14 1090.48 ^ _807210_/B (FAx1_ASAP7_75t_R)
     1    0.78   21.75   30.55 1121.02 v _807210_/SN (FAx1_ASAP7_75t_R)
                                         _104493_ (net)
                 21.75    0.06 1121.09 v _634767_/A (INVx1_ASAP7_75t_R)
     1    1.15   12.72   10.66 1131.74 ^ _634767_/Y (INVx1_ASAP7_75t_R)
                                         _104495_ (net)
                 12.72    0.10 1131.84 ^ _869825_/A (HAxp5_ASAP7_75t_R)
     5    3.80   67.37   53.91 1185.75 v _869825_/SN (HAxp5_ASAP7_75t_R)
                                         _386987_ (net)
                 67.37    0.24 1185.99 v _492978_/A (OR3x1_ASAP7_75t_R)
     1    1.44   13.42   33.70 1219.68 v _492978_/Y (OR3x1_ASAP7_75t_R)
                                         _410397_ (net)
                 13.42    0.11 1219.80 v _492979_/B (OAI21x1_ASAP7_75t_R)
     1    1.07   19.15    7.06 1226.86 ^ _492979_/Y (OAI21x1_ASAP7_75t_R)
                                         _410398_ (net)
                 19.15    0.09 1226.94 ^ _492980_/B (AO31x2_ASAP7_75t_R)
     2    2.18   12.14   22.75 1249.70 ^ _492980_/Y (AO31x2_ASAP7_75t_R)
                                         _410399_ (net)
                 12.16    0.27 1249.97 ^ _492985_/A1 (OAI21x1_ASAP7_75t_R)
     2    1.62   14.63    8.83 1258.80 v _492985_/Y (OAI21x1_ASAP7_75t_R)
                                         _410404_ (net)
                 14.63    0.13 1258.93 v _492986_/A2 (OA21x2_ASAP7_75t_R)
     1    0.68    7.24   18.38 1277.31 v _492986_/Y (OA21x2_ASAP7_75t_R)
                                         _410405_ (net)
                  7.24    0.03 1277.34 v _492987_/A2 (OA21x2_ASAP7_75t_R)
     2    1.55    9.22   17.65 1294.99 v _492987_/Y (OA21x2_ASAP7_75t_R)
                                         _410406_ (net)
                  9.23    0.18 1295.16 v _492988_/A2 (OA21x2_ASAP7_75t_R)
     1    0.77    7.17   16.91 1312.08 v _492988_/Y (OA21x2_ASAP7_75t_R)
                                         _410407_ (net)
                  7.17    0.09 1312.17 v _492989_/A2 (OA21x2_ASAP7_75t_R)
     1    0.96    7.34   16.65 1328.82 v _492989_/Y (OA21x2_ASAP7_75t_R)
                                         _410408_ (net)
                  7.34    0.07 1328.89 v _492990_/B (XNOR2x2_ASAP7_75t_R)
     1    1.60    9.47   21.10 1350.00 ^ _492990_/Y (XNOR2x2_ASAP7_75t_R)
                                         G_LANE[12].G_PAIR[4].pprod[18] (net)
                  9.52    0.33 1350.33 ^ pair_q[304][18]$_DFFE_PP_/D (DFFHQNx1_ASAP7_75t_R)
                               1350.33   data arrival time

                       1000.00 1000.00   clock core_clock (rise edge)
                          0.00 1000.00   clock source latency
     1   17.19    0.00    0.00 1000.00 ^ clk (in)
                                         clk (net)
                 40.63   12.82 1012.82 ^ wire77954/A (BUFx16f_ASAP7_75t_R)
     2   16.85   10.41   22.54 1035.35 ^ wire77954/Y (BUFx16f_ASAP7_75t_R)
                                         net77521 (net)
                 43.10   13.17 1048.53 ^ wire77953/A (BUFx10_ASAP7_75t_R)
     1   12.61   14.21   24.77 1073.30 ^ wire77953/Y (BUFx10_ASAP7_75t_R)
                                         net77520 (net)
                 32.81    9.43 1082.73 ^ clkbuf_0_clk/A (BUFx24_ASAP7_75t_R)
     2    8.06    9.64   24.45 1107.17 ^ clkbuf_0_clk/Y (BUFx24_ASAP7_75t_R)
                                         clknet_0_clk (net)
                 11.55    2.32 1109.49 ^ clkbuf_1_1_0_clk/A (BUFx24_ASAP7_75t_R)
     1    6.51    8.31   18.43 1127.93 ^ clkbuf_1_1_0_clk/Y (BUFx24_ASAP7_75t_R)
                                         clknet_1_1_0_clk (net)
                 11.51    2.82 1130.74 ^ clkbuf_1_1_1_clk/A (BUFx24_ASAP7_75t_R)
     2    7.50    8.82   18.66 1149.41 ^ clkbuf_1_1_1_clk/Y (BUFx24_ASAP7_75t_R)
                                         clknet_1_1_1_clk (net)
                 10.27    1.84 1151.24 ^ clkbuf_2_2_0_clk/A (BUFx24_ASAP7_75t_R)
     2    7.79    8.81   18.28 1169.52 ^ clkbuf_2_2_0_clk/Y (BUFx24_ASAP7_75t_R)
                                         clknet_2_2_0_clk (net)
                 11.69    2.67 1172.19 ^ clkbuf_3_5_0_clk/A (BUFx24_ASAP7_75t_R)
     1    7.68    8.51   18.55 1190.75 ^ clkbuf_3_5_0_clk/Y (BUFx24_ASAP7_75t_R)
                                         clknet_3_5_0_clk (net)
                 14.23    3.85 1194.60 ^ clkbuf_leaf_6_clk/A (BUFx24_ASAP7_75t_R)
     2    6.57    8.52   19.36 1213.96 ^ clkbuf_leaf_6_clk/Y (BUFx24_ASAP7_75t_R)
                                         clknet_leaf_6_clk (net)
                  9.85    1.84 1215.80 ^ _792304_/CLK (ICGx1_ASAP7_75t_R)
     1    2.13   15.39   14.67 1230.47 ^ _792304_/GCLK (ICGx1_ASAP7_75t_R)
                                         _476577_ (net)
                 15.40    0.23 1230.70 ^ clkbuf_0__476577_/A (BUFx24_ASAP7_75t_R)
     2   11.01   10.13   20.30 1251.00 ^ clkbuf_0__476577_/Y (BUFx24_ASAP7_75t_R)
                                         clknet_0__476577_ (net)
                 12.38    2.33 1253.33 ^ clkbuf_1_1_0__476577_/A (BUFx24_ASAP7_75t_R)
     1    6.34    8.28   18.68 1272.02 ^ clkbuf_1_1_0__476577_/Y (BUFx24_ASAP7_75t_R)
                                         clknet_1_1_0__476577_ (net)
                 11.10    2.65 1274.67 ^ clkbuf_1_1_1__476577_/A (BUFx24_ASAP7_75t_R)
     2    8.39    8.82   18.49 1293.16 ^ clkbuf_1_1_1__476577_/Y (BUFx24_ASAP7_75t_R)
                                         clknet_1_1_1__476577_ (net)
                 12.90    3.15 1296.30 ^ clkbuf_2_3_0__476577_/A (BUFx24_ASAP7_75t_R)
     1    6.24    8.22   18.80 1315.10 ^ clkbuf_2_3_0__476577_/Y (BUFx24_ASAP7_75t_R)
                                         clknet_2_3_0__476577_ (net)
                 11.37    2.80 1317.91 ^ clkbuf_2_3_1__476577_/A (BUFx24_ASAP7_75t_R)
     1    7.11    8.37   18.40 1336.30 ^ clkbuf_2_3_1__476577_/Y (BUFx24_ASAP7_75t_R)
                                         clknet_2_3_1__476577_ (net)
                 12.96    3.39 1339.69 ^ clkbuf_2_3_2__476577_/A (BUFx24_ASAP7_75t_R)
     2   11.15   10.27   19.59 1359.28 ^ clkbuf_2_3_2__476577_/Y (BUFx24_ASAP7_75t_R)
                                         clknet_2_3_2__476577_ (net)
                 12.70    2.51 1361.79 ^ clkbuf_3_7_0__476577_/A (BUFx24_ASAP7_75t_R)
     2    8.97    9.34   19.22 1381.01 ^ clkbuf_3_7_0__476577_/Y (BUFx24_ASAP7_75t_R)
                                         clknet_3_7_0__476577_ (net)
                 11.03    1.96 1382.97 ^ clkbuf_4_15_0__476577_/A (BUFx24_ASAP7_75t_R)
     2    9.72    9.31   18.60 1401.57 ^ clkbuf_4_15_0__476577_/Y (BUFx24_ASAP7_75t_R)
                                         clknet_4_15_0__476577_ (net)
                 14.47    3.63 1405.20 ^ clkbuf_5_31_0__476577_/A (BUFx24_ASAP7_75t_R)
     2   10.04    9.62   19.83 1425.03 ^ clkbuf_5_31_0__476577_/Y (BUFx24_ASAP7_75t_R)
                                         clknet_5_31_0__476577_ (net)
                 10.61    1.35 1426.37 ^ clkbuf_6_62_0__476577_/A (BUFx24_ASAP7_75t_R)
    11   39.98   23.99   21.98 1448.36 ^ clkbuf_6_62_0__476577_/Y (BUFx24_ASAP7_75t_R)
                                         clknet_6_62_0__476577_ (net)
                 35.47    8.63 1456.99 ^ clkbuf_leaf_245__476577_/A (BUFx24_ASAP7_75t_R)
    20   12.35   11.51   25.83 1482.81 ^ clkbuf_leaf_245__476577_/Y (BUFx24_ASAP7_75t_R)
                                         clknet_leaf_245__476577_ (net)
                 11.76    0.70 1483.51 ^ pair_q[304][18]$_DFFE_PP_/CLK (DFFHQNx1_ASAP7_75t_R)
                       -150.00 1333.51   clock uncertainty
                          7.48 1340.98   clock reconvergence pessimism
                         -5.85 1335.14   library setup time
                               1335.14   data required time
-----------------------------------------------------------------------------
                               1335.14   data required time
                               -1350.33   data arrival time
-----------------------------------------------------------------------------
                                -15.19   slack (VIOLATED)


Startpoint: out_pix_data[141]$_DFFE_PN0P_
            (rising edge-triggered flip-flop clocked by core_clock)
Endpoint: out_pix_data[141] (output port clocked by vclk_core_clock)
Path Group: vclk_core_clock
Path Type: max

Fanout     Cap    Slew   Delay    Time   Description
-----------------------------------------------------------------------------
                          0.00    0.00   clock core_clock (rise edge)
                          0.00    0.00   clock source latency
     1   17.85    0.00    0.00    0.00 ^ clk (in)
                                         clk (net)
                 43.20   13.63   13.63 ^ wire77954/A (BUFx16f_ASAP7_75t_R)
     2   17.75   10.87   23.04   36.67 ^ wire77954/Y (BUFx16f_ASAP7_75t_R)
                                         net77521 (net)
                 44.76   13.69   50.36 ^ wire77953/A (BUFx10_ASAP7_75t_R)
     1   13.21   14.57   25.05   75.41 ^ wire77953/Y (BUFx10_ASAP7_75t_R)
                                         net77520 (net)
                 35.03   10.15   85.56 ^ clkbuf_0_clk/A (BUFx24_ASAP7_75t_R)
     2    9.26   10.15   25.15  110.71 ^ clkbuf_0_clk/Y (BUFx24_ASAP7_75t_R)
                                         clknet_0_clk (net)
                 12.65    2.66  113.38 ^ clkbuf_1_1_0_clk/A (BUFx24_ASAP7_75t_R)
     1    7.11    8.45   18.80  132.18 ^ clkbuf_1_1_0_clk/Y (BUFx24_ASAP7_75t_R)
                                         clknet_1_1_0_clk (net)
                 12.46    3.16  135.34 ^ clkbuf_1_1_1_clk/A (BUFx24_ASAP7_75t_R)
     2    8.70    9.21   19.08  154.43 ^ clkbuf_1_1_1_clk/Y (BUFx24_ASAP7_75t_R)
                                         clknet_1_1_1_clk (net)
                 10.94    1.95  156.37 ^ delaybuf_50_core_clock/A (BUFx24_ASAP7_75t_R)
     1    4.33    7.65   18.03  174.41 ^ delaybuf_50_core_clock/Y (BUFx24_ASAP7_75t_R)
                                         delaynet_50_core_clock (net)
                  8.27    1.29  175.69 ^ clkbuf_2_3_0_clk/A (BUFx24_ASAP7_75t_R)
     2    9.32    9.19   17.81  193.50 ^ clkbuf_2_3_0_clk/Y (BUFx24_ASAP7_75t_R)
                                         clknet_2_3_0_clk (net)
                 13.90    3.52  197.02 ^ clkbuf_3_6_0_clk/A (BUFx24_ASAP7_75t_R)
     2   12.59    9.98   19.72  216.75 ^ clkbuf_3_6_0_clk/Y (BUFx24_ASAP7_75t_R)
                                         clknet_3_6_0_clk (net)
                 11.52    1.60  218.35 ^ delaybuf_16_core_clock/A (BUFx24_ASAP7_75t_R)
     1    2.98    7.14   18.02  236.37 ^ delaybuf_16_core_clock/Y (BUFx24_ASAP7_75t_R)
                                         delaynet_16_core_clock (net)
                  7.20    0.60  236.97 ^ delaybuf_17_core_clock/A (BUFx24_ASAP7_75t_R)
     1    2.84    7.04   16.68  253.65 ^ delaybuf_17_core_clock/Y (BUFx24_ASAP7_75t_R)
                                         delaynet_17_core_clock (net)
                  7.06    0.36  254.01 ^ delaybuf_18_core_clock/A (BUFx24_ASAP7_75t_R)
     1    2.81    7.03   16.64  270.65 ^ delaybuf_18_core_clock/Y (BUFx24_ASAP7_75t_R)
                                         delaynet_18_core_clock (net)
                  7.05    0.36  271.01 ^ delaybuf_19_core_clock/A (BUFx24_ASAP7_75t_R)
     1    2.83    7.04   16.63  287.64 ^ delaybuf_19_core_clock/Y (BUFx24_ASAP7_75t_R)
                                         delaynet_19_core_clock (net)
                  7.06    0.37  288.01 ^ delaybuf_20_core_clock/A (BUFx24_ASAP7_75t_R)
     1    2.98    7.11   16.65  304.66 ^ delaybuf_20_core_clock/Y (BUFx24_ASAP7_75t_R)
                                         delaynet_20_core_clock (net)
                  7.17    0.61  305.27 ^ delaybuf_21_core_clock/A (BUFx24_ASAP7_75t_R)
     1    2.87    7.05   16.68  321.95 ^ delaybuf_21_core_clock/Y (BUFx24_ASAP7_75t_R)
                                         delaynet_21_core_clock (net)
                  7.07    0.35  322.30 ^ delaybuf_22_core_clock/A (BUFx24_ASAP7_75t_R)
     1    3.13    7.17   16.68  338.98 ^ delaybuf_22_core_clock/Y (BUFx24_ASAP7_75t_R)
                                         delaynet_22_core_clock (net)
                  7.23    0.64  339.61 ^ delaybuf_23_core_clock/A (BUFx24_ASAP7_75t_R)
     1    2.77    7.02   16.68  356.29 ^ delaybuf_23_core_clock/Y (BUFx24_ASAP7_75t_R)
                                         delaynet_23_core_clock (net)
                  7.04    0.43  356.72 ^ delaybuf_24_core_clock/A (BUFx24_ASAP7_75t_R)
     1    2.85    7.05   16.63  373.35 ^ delaybuf_24_core_clock/Y (BUFx24_ASAP7_75t_R)
                                         delaynet_24_core_clock (net)
                  7.09    0.48  373.83 ^ delaybuf_25_core_clock/A (BUFx24_ASAP7_75t_R)
     1    2.91    7.07   16.66  390.49 ^ delaybuf_25_core_clock/Y (BUFx24_ASAP7_75t_R)
                                         delaynet_25_core_clock (net)
                  7.09    0.37  390.86 ^ clkbuf_leaf_8_clk/A (BUFx24_ASAP7_75t_R)
     3    7.61    8.92   17.50  408.35 ^ clkbuf_leaf_8_clk/Y (BUFx24_ASAP7_75t_R)
                                         clknet_leaf_8_clk (net)
                  8.95    0.30  408.66 ^ _792307_/CLK (ICGx1_ASAP7_75t_R)
     1    2.69   18.78   15.93  424.59 ^ _792307_/GCLK (ICGx1_ASAP7_75t_R)
                                         _476580_ (net)
                 18.80    0.32  424.91 ^ clkbuf_0__476580_/A (BUFx24_ASAP7_75t_R)
     2   12.54   10.99   21.43  446.34 ^ clkbuf_0__476580_/Y (BUFx24_ASAP7_75t_R)
                                         clknet_0__476580_ (net)
                 14.40    3.14  449.49 ^ clkbuf_1_0_0__476580_/A (BUFx24_ASAP7_75t_R)
     2   11.04    9.58   19.60  469.09 ^ clkbuf_1_0_0__476580_/Y (BUFx24_ASAP7_75t_R)
                                         clknet_1_0_0__476580_ (net)
                 17.30    4.57  473.66 ^ clkbuf_2_1_0__476580_/A (BUFx24_ASAP7_75t_R)
     4   15.83   10.59   20.43  494.08 ^ clkbuf_2_1_0__476580_/Y (BUFx24_ASAP7_75t_R)
                                         clknet_2_1_0__476580_ (net)
                 27.80    7.93  502.01 ^ clkbuf_4_7_0__476580_/A (BUFx24_ASAP7_75t_R)
    12    9.70    9.88   23.32  525.33 ^ clkbuf_4_7_0__476580_/Y (BUFx24_ASAP7_75t_R)
                                         clknet_4_7_0__476580_ (net)
                 12.96    2.79  528.11 ^ out_pix_data[141]$_DFFE_PN0P_/CLK (DFFASRHQNx1_ASAP7_75t_R)
     1    1.02   15.29   40.73  568.84 ^ out_pix_data[141]$_DFFE_PN0P_/QN (DFFASRHQNx1_ASAP7_75t_R)
                                         _005198_ (net)
                 15.29    0.11  568.95 ^ _773111_/A (INVx1_ASAP7_75t_R)
     1   17.91  105.47   25.36  594.31 v _773111_/Y (INVx1_ASAP7_75t_R)
                                         net17559 (net)
                167.60   46.33  640.64 v place62148/A (BUFx3_ASAP7_75t_R)
     1   27.48   36.46   43.51  684.15 v place62148/Y (BUFx3_ASAP7_75t_R)
                                         net61715 (net)
                251.99   79.89  764.04 v wire18449/A (BUFx12f_ASAP7_75t_R)
     1   17.37   13.68   43.00  807.05 v wire18449/Y (BUFx12f_ASAP7_75t_R)
                                         out_pix_data[141] (net)
                 78.03   24.12  831.17 v out_pix_data[141] (out)
                                831.17   data arrival time

                  0.00 1000.00 1000.00   clock vclk_core_clock (rise edge)
                        800.00 1800.00   clock network delay (ideal)
                          0.00 1800.00   clock reconvergence pessimism
                       -200.00 1600.00   output external delay
                               1600.00   data required time
-----------------------------------------------------------------------------
                               1600.00   data required time
                               -831.17   data arrival time
-----------------------------------------------------------------------------
                                768.83   slack (MET)


Startpoint: m_1h[4]$_DFFE_PN0P_
            (rising edge-triggered flip-flop clocked by core_clock)
Endpoint: mem_wdata[668] (output port clocked by vclk_mem)
Path Group: vclk_mem
Path Type: max

Fanout     Cap    Slew   Delay    Time   Description
-----------------------------------------------------------------------------
                          0.00    0.00   clock core_clock (rise edge)
                          0.00    0.00   clock source latency
     1   17.85    0.00    0.00    0.00 ^ clk (in)
                                         clk (net)
                 43.20   13.63   13.63 ^ wire77954/A (BUFx16f_ASAP7_75t_R)
     2   17.75   10.87   23.04   36.67 ^ wire77954/Y (BUFx16f_ASAP7_75t_R)
                                         net77521 (net)
                 44.76   13.69   50.36 ^ wire77953/A (BUFx10_ASAP7_75t_R)
     1   13.21   14.57   25.05   75.41 ^ wire77953/Y (BUFx10_ASAP7_75t_R)
                                         net77520 (net)
                 35.03   10.15   85.56 ^ clkbuf_0_clk/A (BUFx24_ASAP7_75t_R)
     2    9.26   10.15   25.15  110.71 ^ clkbuf_0_clk/Y (BUFx24_ASAP7_75t_R)
                                         clknet_0_clk (net)
                 12.65    2.66  113.38 ^ clkbuf_1_1_0_clk/A (BUFx24_ASAP7_75t_R)
     1    7.11    8.45   18.80  132.18 ^ clkbuf_1_1_0_clk/Y (BUFx24_ASAP7_75t_R)
                                         clknet_1_1_0_clk (net)
                 12.46    3.16  135.34 ^ clkbuf_1_1_1_clk/A (BUFx24_ASAP7_75t_R)
     2    8.70    9.21   19.08  154.43 ^ clkbuf_1_1_1_clk/Y (BUFx24_ASAP7_75t_R)
                                         clknet_1_1_1_clk (net)
                 11.24    2.16  156.58 ^ clkbuf_2_2_0_clk/A (BUFx24_ASAP7_75t_R)
     2    9.00    9.18   18.70  175.28 ^ clkbuf_2_2_0_clk/Y (BUFx24_ASAP7_75t_R)
                                         clknet_2_2_0_clk (net)
                 12.90    3.07  178.35 ^ clkbuf_3_5_0_clk/A (BUFx24_ASAP7_75t_R)
     1    8.28    8.58   18.94  197.29 ^ clkbuf_3_5_0_clk/Y (BUFx24_ASAP7_75t_R)
                                         clknet_3_5_0_clk (net)
                 15.47    4.24  201.53 ^ clkbuf_leaf_6_clk/A (BUFx24_ASAP7_75t_R)
     2    7.88    9.00   19.90  221.44 ^ clkbuf_leaf_6_clk/Y (BUFx24_ASAP7_75t_R)
                                         clknet_leaf_6_clk (net)
                  9.32    0.80  222.24 ^ delaybuf_40_core_clock/A (BUFx24_ASAP7_75t_R)
     1    2.92    7.09   17.35  239.58 ^ delaybuf_40_core_clock/Y (BUFx24_ASAP7_75t_R)
                                         delaynet_40_core_clock (net)
                  7.15    0.59  240.17 ^ delaybuf_41_core_clock/A (BUFx24_ASAP7_75t_R)
     2   11.50   10.49   17.84  258.01 ^ delaybuf_41_core_clock/Y (BUFx24_ASAP7_75t_R)
                                         delaynet_41_core_clock (net)
                 12.79    2.47  260.48 ^ delaybuf_38_core_clock/A (BUFx24_ASAP7_75t_R)
     1    4.69    7.79   18.62  279.10 ^ delaybuf_38_core_clock/Y (BUFx24_ASAP7_75t_R)
                                         delaynet_38_core_clock (net)
                  8.73    1.55  280.65 ^ delaybuf_39_core_clock/A (BUFx24_ASAP7_75t_R)
     1    4.52    7.70   17.38  298.03 ^ delaybuf_39_core_clock/Y (BUFx24_ASAP7_75t_R)
                                         delaynet_39_core_clock (net)
                  8.55    1.49  299.53 ^ _792316_/CLK (ICGx1_ASAP7_75t_R)
     1    2.97   20.67   16.44  315.97 ^ _792316_/GCLK (ICGx1_ASAP7_75t_R)
                                         _476589_ (net)
                 20.72    0.58  316.55 ^ clkbuf_0__476589_/A (BUFx24_ASAP7_75t_R)
     2   12.24   10.91   21.92  338.47 ^ clkbuf_0__476589_/Y (BUFx24_ASAP7_75t_R)
                                         clknet_0__476589_ (net)
                 14.25    3.09  341.57 ^ clkbuf_1_0_0__476589_/A (BUFx24_ASAP7_75t_R)
     1    8.21    8.51   19.24  360.81 ^ clkbuf_1_0_0__476589_/Y (BUFx24_ASAP7_75t_R)
                                         clknet_1_0_0__476589_ (net)
                 15.61    4.25  365.06 ^ clkbuf_1_0_1__476589_/A (BUFx24_ASAP7_75t_R)
     2   12.57   10.61   20.13  385.19 ^ clkbuf_1_0_1__476589_/Y (BUFx24_ASAP7_75t_R)
                                         clknet_1_0_1__476589_ (net)
                 17.43    4.43  389.62 ^ clkbuf_2_0_0__476589_/A (BUFx24_ASAP7_75t_R)
     1    7.81    8.70   20.29  409.92 ^ clkbuf_2_0_0__476589_/Y (BUFx24_ASAP7_75t_R)
                                         clknet_2_0_0__476589_ (net)
                 13.44    3.49  413.41 ^ clkbuf_2_0_1__476589_/A (BUFx24_ASAP7_75t_R)
     2   13.80   11.59   19.92  433.33 ^ clkbuf_2_0_1__476589_/Y (BUFx24_ASAP7_75t_R)
                                         clknet_2_0_1__476589_ (net)
                 14.71    3.03  436.36 ^ clkbuf_3_0_0__476589_/A (BUFx24_ASAP7_75t_R)
     2   12.28   10.92   20.20  456.56 ^ clkbuf_3_0_0__476589_/Y (BUFx24_ASAP7_75t_R)
                                         clknet_3_0_0__476589_ (net)
                 14.02    2.99  459.55 ^ clkbuf_4_1_0__476589_/A (BUFx24_ASAP7_75t_R)
     6   20.42   14.94   20.86  480.41 ^ clkbuf_4_1_0__476589_/Y (BUFx24_ASAP7_75t_R)
                                         clknet_4_1_0__476589_ (net)
                 17.79    3.29  483.71 ^ clkbuf_leaf_28__476589_/A (BUFx24_ASAP7_75t_R)
    17   14.39   12.07   21.50  505.20 ^ clkbuf_leaf_28__476589_/Y (BUFx24_ASAP7_75t_R)
                                         clknet_leaf_28__476589_ (net)
                 13.61    2.16  507.36 ^ m_1h[4]$_DFFE_PN0P_/CLK (DFFASRHQNx1_ASAP7_75t_R)
     2   18.22  114.31   78.15  585.51 v m_1h[4]$_DFFE_PN0P_/QN (DFFASRHQNx1_ASAP7_75t_R)
                                         _002344_ (net)
                142.34   29.51  615.02 v place67158/A (BUFx6f_ASAP7_75t_R)
     1   11.01   16.68   34.92  649.94 v place67158/Y (BUFx6f_ASAP7_75t_R)
                                         net66725 (net)
                 49.08   14.58  664.52 v place67157/A (BUFx6f_ASAP7_75t_R)
     1   14.90   14.74   22.76  687.29 v place67157/Y (BUFx6f_ASAP7_75t_R)
                                         net66724 (net)
                 71.28   22.31  709.60 v place67156/A (BUFx6f_ASAP7_75t_R)
     1   12.31   15.21   26.63  736.22 v place67156/Y (BUFx6f_ASAP7_75t_R)
                                         net66723 (net)
                 51.42   15.73  751.95 v place67155/A (BUFx6f_ASAP7_75t_R)
     2   12.17   12.15   23.28  775.23 v place67155/Y (BUFx6f_ASAP7_75t_R)
                                         net66722 (net)
                 55.93   17.29  792.53 v place67154/A (BUFx3_ASAP7_75t_R)
     2   21.26   40.70   31.26  823.79 v place67154/Y (BUFx3_ASAP7_75t_R)
                                         net66721 (net)
                120.09   37.09  860.88 v place67153/A (BUFx3_ASAP7_75t_R)
     2   14.93   32.97   37.18  898.06 v place67153/Y (BUFx3_ASAP7_75t_R)
                                         net66720 (net)
                 86.52   26.21  924.27 v place67152/A (BUFx3_ASAP7_75t_R)
    11   27.87   56.61   40.70  964.97 v place67152/Y (BUFx3_ASAP7_75t_R)
                                         net66719 (net)
                120.67   36.28 1001.25 v place67151/A (BUFx3_ASAP7_75t_R)
     5   27.42   30.69   37.87 1039.12 v place67151/Y (BUFx3_ASAP7_75t_R)
                                         net66718 (net)
                260.61   82.48 1121.60 v place67150/A (BUFx3_ASAP7_75t_R)
    23   37.90   79.66   61.56 1183.16 v place67150/Y (BUFx3_ASAP7_75t_R)
                                         net66717 (net)
                144.57   41.71 1224.87 v place67149/A (BUFx3_ASAP7_75t_R)
    26   35.53   75.70   48.73 1273.60 v place67149/Y (BUFx3_ASAP7_75t_R)
                                         net66716 (net)
                105.80   26.31 1299.91 v place67148/A (BUFx3_ASAP7_75t_R)
    34   48.72  100.03   46.56 1346.47 v place67148/Y (BUFx3_ASAP7_75t_R)
                                         net66715 (net)
                173.68   50.57 1397.04 v _750481_/A (NOR2x1_ASAP7_75t_R)
     1    0.72   26.85   17.37 1414.41 ^ _750481_/Y (NOR2x1_ASAP7_75t_R)
                                         net15944 (net)
                 26.85    0.08 1414.49 ^ output16377/A (BUFx2_ASAP7_75t_R)
     1    1.41    8.08   18.27 1432.75 ^ output16377/Y (BUFx2_ASAP7_75t_R)
                                         mem_wdata[668] (net)
                  8.11    0.26 1433.01 ^ mem_wdata[668] (out)
                               1433.01   data arrival time

                  0.00 1000.00 1000.00   clock vclk_mem (rise edge)
                        800.00 1800.00   clock network delay (ideal)
                          0.00 1800.00   clock reconvergence pessimism
                       -100.00 1700.00   output external delay
                               1700.00   data required time
-----------------------------------------------------------------------------
                               1700.00   data required time
                               -1433.01   data arrival time
-----------------------------------------------------------------------------
                                266.99   slack (MET)



==========================================================================
finish report_check_types -max_slew -max_cap -max_fanout -violators
--------------------------------------------------------------------------
max slew

Pin                                    Limit    Slew   Slack
------------------------------------------------------------
_762175_/A                            320.00  575.51 -255.51 (VIOLATED)
_762042_/A                            320.00  575.41 -255.41 (VIOLATED)
_739303_/A1                           320.00  575.13 -255.13 (VIOLATED)
_761980_/A                            320.00  575.07 -255.07 (VIOLATED)
_761926_/A                            320.00  574.82 -254.82 (VIOLATED)
_761927_/A1                           320.00  574.78 -254.78 (VIOLATED)
_761809_/A1                           320.00  573.83 -253.83 (VIOLATED)
_761808_/A                            320.00  573.66 -253.66 (VIOLATED)
_761635_/A1                           320.00  571.87 -251.87 (VIOLATED)
_761634_/A                            320.00  570.34 -250.34 (VIOLATED)
_739307_/A1                           320.00  569.02 -249.02 (VIOLATED)
_739353_/B                            320.00  567.58 -247.58 (VIOLATED)
_761389_/B                            320.00  565.08 -245.08 (VIOLATED)
_761636_/B                            320.00  563.97 -243.97 (VIOLATED)
_761723_/B                            320.00  562.94 -242.94 (VIOLATED)
_761527_/A                            320.00  560.85 -240.85 (VIOLATED)
_761385_/B                            320.00  559.48 -239.48 (VIOLATED)
_761620_/B                            320.00  557.19 -237.19 (VIOLATED)
_761623_/B                            320.00  554.61 -234.61 (VIOLATED)
_761504_/B                            320.00  554.50 -234.50 (VIOLATED)
_762944_/B                            320.00  553.12 -233.12 (VIOLATED)
_739346_/B                            320.00  549.81 -229.81 (VIOLATED)
_761714_/A1                           320.00  545.84 -225.84 (VIOLATED)
_761523_/C                            320.00  541.22 -221.22 (VIOLATED)
_761800_/A                            320.00  541.22 -221.22 (VIOLATED)
_761617_/A                            320.00  536.84 -216.84 (VIOLATED)
_761618_/A1                           320.00  533.02 -213.02 (VIOLATED)
_761796_/A                            320.00  529.72 -209.72 (VIOLATED)
_761797_/A1                           320.00  528.10 -208.10 (VIOLATED)
_761920_/A                            320.00  526.82 -206.82 (VIOLATED)
_761921_/A1                           320.00  523.82 -203.82 (VIOLATED)
_761973_/A                            320.00  522.15 -202.15 (VIOLATED)
_762035_/A                            320.00  517.29 -197.29 (VIOLATED)
_762098_/A1                           320.00  515.33 -195.33 (VIOLATED)
_762166_/A                            320.00  514.46 -194.46 (VIOLATED)
_762228_/A1                           320.00  512.13 -192.13 (VIOLATED)
_762286_/A                            320.00  506.57 -186.57 (VIOLATED)
_762409_/A1                           320.00  501.64 -181.64 (VIOLATED)
_762406_/B                            320.00  499.21 -179.21 (VIOLATED)
_762466_/C                            320.00  498.55 -178.55 (VIOLATED)
_762588_/A1                           320.00  497.15 -177.15 (VIOLATED)
_762534_/B                            320.00  497.14 -177.14 (VIOLATED)
_739162_/B                            320.00  495.60 -175.60 (VIOLATED)
_739073_/B                            320.00  495.58 -175.58 (VIOLATED)
_739040_/B                            320.00  495.33 -175.33 (VIOLATED)
_762586_/A1                           320.00  495.28 -175.28 (VIOLATED)
_762704_/B                            320.00  495.28 -175.28 (VIOLATED)
_762106_/A1                           320.00  492.46 -172.46 (VIOLATED)
_762653_/B                            320.00  488.10 -168.10 (VIOLATED)
_762660_/B                            320.00  484.42 -164.42 (VIOLATED)
_762235_/A1                           320.00  483.33 -163.33 (VIOLATED)
_762294_/A                            320.00  483.29 -163.29 (VIOLATED)
_762413_/B                            320.00  483.15 -163.15 (VIOLATED)
_762416_/A1                           320.00  483.06 -163.06 (VIOLATED)
_762540_/B                            320.00  482.30 -162.30 (VIOLATED)
place67700/A                          320.00  481.08 -161.08 (VIOLATED)
_747094_/B                            320.00  480.97 -160.97 (VIOLATED)
place69010/A                          320.00  478.77 -158.77 (VIOLATED)
_743207_/B                            320.00  478.50 -158.50 (VIOLATED)
_762595_/A1                           320.00  476.68 -156.68 (VIOLATED)
_739089_/B                            320.00  473.21 -153.21 (VIOLATED)
_762710_/B                            320.00  473.04 -153.04 (VIOLATED)
_739080_/B                            320.00  473.04 -153.04 (VIOLATED)
_762597_/A1                           320.00  468.73 -148.74 (VIOLATED)
_762474_/C                            320.00  464.89 -144.89 (VIOLATED)
_762578_/B                            320.00  460.83 -140.83 (VIOLATED)
_742652_/B                            320.00  458.00 -138.00 (VIOLATED)
place68771/A                          320.00  457.97 -137.97 (VIOLATED)
_739158_/B                            320.00  457.51 -137.51 (VIOLATED)
_739151_/B                            320.00  457.29 -137.29 (VIOLATED)
_739211_/B                            320.00  457.24 -137.24 (VIOLATED)
_739177_/B                            320.00  457.15 -137.15 (VIOLATED)
_762748_/B                            320.00  456.82 -136.82 (VIOLATED)
_762646_/A1                           320.00  456.61 -136.61 (VIOLATED)
_762644_/A1                           320.00  456.14 -136.14 (VIOLATED)
_762698_/B                            320.00  455.64 -135.64 (VIOLATED)
place67709/A                          320.00  449.08 -129.08 (VIOLATED)
_747095_/B                            320.00  448.97 -128.97 (VIOLATED)
_762457_/B                            320.00  448.22 -128.22 (VIOLATED)
place69009/A                          320.00  446.54 -126.54 (VIOLATED)
place67878/A                          320.00  445.00 -125.00 (VIOLATED)
_741828_/A                            320.00  444.88 -124.88 (VIOLATED)
_762460_/A1                           320.00  443.87 -123.87 (VIOLATED)
_762524_/C                            320.00  443.81 -123.81 (VIOLATED)
_762338_/A                            320.00  436.99 -116.99 (VIOLATED)
place68639/A                          320.00  435.37 -115.37 (VIOLATED)
_742639_/B                            320.00  434.98 -114.98 (VIOLATED)
_723678_/A                            320.00  434.73 -114.73 (VIOLATED)
_532340_/A                            320.00  434.64 -114.64 (VIOLATED)
_479545_/A                            320.00  434.61 -114.61 (VIOLATED)
_564376_/A                            320.00  434.39 -114.39 (VIOLATED)
_509081_/A                            320.00  434.26 -114.26 (VIOLATED)
_705817_/A                            320.00  434.24 -114.24 (VIOLATED)
_544322_/A                            320.00  434.06 -114.06 (VIOLATED)
_551683_/A                            320.00  433.86 -113.86 (VIOLATED)
_544323_/A1                           320.00  433.73 -113.73 (VIOLATED)
_536369_/A1                           320.00  432.18 -112.18 (VIOLATED)
_570784_/A                            320.00  432.14 -112.14 (VIOLATED)
_756767_/A                            320.00  431.16 -111.16 (VIOLATED)
_478012_/A                            320.00  430.99 -110.99 (VIOLATED)
_757777_/A                            320.00  430.96 -110.96 (VIOLATED)
_689887_/A                            320.00  429.88 -109.88 (VIOLATED)
_526196_/A                            320.00  429.80 -109.80 (VIOLATED)
_483875_/A                            320.00  429.43 -109.43 (VIOLATED)
_613274_/A                            320.00  429.42 -109.42 (VIOLATED)
_546874_/A                            320.00  429.34 -109.34 (VIOLATED)
_502032_/A1                           320.00  429.27 -109.27 (VIOLATED)
_518335_/A1                           320.00  429.14 -109.14 (VIOLATED)
_707315_/A                            320.00  428.88 -108.88 (VIOLATED)
_554079_/A                            320.00  428.87 -108.87 (VIOLATED)
_566801_/A                            320.00  428.87 -108.87 (VIOLATED)
_498619_/A                            320.00  428.77 -108.77 (VIOLATED)
_756686_/A                            320.00  428.75 -108.75 (VIOLATED)
_541372_/A                            320.00  428.51 -108.51 (VIOLATED)
_547375_/A                            320.00  428.51 -108.51 (VIOLATED)
_541373_/A1                           320.00  428.50 -108.50 (VIOLATED)
_491345_/A1                           320.00  428.46 -108.46 (VIOLATED)
_481955_/A                            320.00  428.14 -108.14 (VIOLATED)
_519461_/A                            320.00  428.11 -108.11 (VIOLATED)
_762279_/A1                           320.00  427.44 -107.44 (VIOLATED)
_753529_/A                            320.00  427.17 -107.17 (VIOLATED)
_535909_/A                            320.00  426.90 -106.90 (VIOLATED)
_756034_/A1                           320.00  426.05 -106.05 (VIOLATED)
place68770/A                          320.00  425.96 -105.96 (VIOLATED)
_756033_/A                            320.00  425.26 -105.26 (VIOLATED)
_481576_/A                            320.00  424.86 -104.86 (VIOLATED)
_758122_/A                            320.00  424.02 -104.02 (VIOLATED)
_557634_/A                            320.00  423.06 -103.06 (VIOLATED)
_757418_/A                            320.00  420.80 -100.80 (VIOLATED)
_757419_/A1                           320.00  419.01  -99.01 (VIOLATED)
_750741_/B                            320.00  416.88  -96.88 (VIOLATED)
_745998_/B                            320.00  416.46  -96.46 (VIOLATED)
_762155_/A1                           320.00  415.49  -95.49 (VIOLATED)
_762218_/A                            320.00  415.26  -95.26 (VIOLATED)
_756203_/A                            320.00  415.13  -95.13 (VIOLATED)
place67109/A                          320.00  414.93  -94.93 (VIOLATED)
_746529_/B                            320.00  414.89  -94.89 (VIOLATED)
_746706_/B                            320.00  414.56  -94.56 (VIOLATED)
_755761_/A                            320.00  413.29  -93.29 (VIOLATED)
_746352_/B                            320.00  412.39  -92.39 (VIOLATED)
place68227/A                          320.00  411.86  -91.86 (VIOLATED)
_745689_/B                            320.00  411.17  -91.17 (VIOLATED)
_758073_/A                            320.00  410.81  -90.81 (VIOLATED)
_757351_/A                            320.00  410.41  -90.41 (VIOLATED)
_751528_/A                            320.00  410.39  -90.39 (VIOLATED)
_746175_/B                            320.00  410.35  -90.35 (VIOLATED)
_762086_/A                            320.00  409.95  -89.95 (VIOLATED)
_762026_/A                            320.00  405.90  -85.90 (VIOLATED)
_757734_/A                            320.00  404.81  -84.81 (VIOLATED)
place68772/A                          320.00  402.32  -82.32 (VIOLATED)
_753226_/A                            320.00  402.23  -82.23 (VIOLATED)
_761965_/A                            320.00  401.25  -81.25 (VIOLATED)
_761966_/A1                           320.00  401.22  -81.22 (VIOLATED)
_744782_/B                            320.00  400.80  -80.80 (VIOLATED)
_755487_/A                            320.00  398.57  -78.57 (VIOLATED)
place67480/A                          320.00  397.61  -77.61 (VIOLATED)
_756298_/A                            320.00  396.78  -76.78 (VIOLATED)
_757690_/A                            320.00  395.51  -75.51 (VIOLATED)
_756604_/A                            320.00  395.50  -75.50 (VIOLATED)
_745821_/B                            320.00  395.18  -75.18 (VIOLATED)
_761852_/A1                           320.00  394.46  -74.46 (VIOLATED)
_504494_/B                            320.00  392.75  -72.75 (VIOLATED)
place67812/A                          320.00  392.72  -72.72 (VIOLATED)
_504495_/A2                           320.00  392.72  -72.72 (VIOLATED)
_481544_/B                            320.00  392.51  -72.51 (VIOLATED)
_481545_/A2                           320.00  392.42  -72.42 (VIOLATED)
_488780_/B                            320.00  392.14  -72.14 (VIOLATED)
_561303_/A2                           320.00  392.12  -72.12 (VIOLATED)
_561302_/B                            320.00  392.07  -72.07 (VIOLATED)
_488781_/A2                           320.00  392.04  -72.04 (VIOLATED)
_508210_/B                            320.00  392.02  -72.02 (VIOLATED)
_508211_/A2                           320.00  391.76  -71.76 (VIOLATED)
_508218_/B                            320.00  391.66  -71.66 (VIOLATED)
_508219_/A2                           320.00  391.65  -71.65 (VIOLATED)
place68381/A                          320.00  391.57  -71.57 (VIOLATED)
_483834_/A2                           320.00  391.43  -71.43 (VIOLATED)
_750485_/B                            320.00  391.41  -71.41 (VIOLATED)
_483833_/B                            320.00  391.26  -71.26 (VIOLATED)
_757512_/A                            320.00  390.94  -70.94 (VIOLATED)
_481891_/B                            320.00  390.45  -70.45 (VIOLATED)
_481892_/A2                           320.00  389.12  -69.12 (VIOLATED)
_561299_/B                            320.00  388.68  -68.68 (VIOLATED)
place68270/A                          320.00  388.58  -68.58 (VIOLATED)
_561300_/A2                           320.00  387.87  -67.87 (VIOLATED)
_744718_/B                            320.00  387.85  -67.85 (VIOLATED)
_744687_/B                            320.00  387.82  -67.82 (VIOLATED)
_481548_/A2                           320.00  387.16  -67.16 (VIOLATED)
_746512_/B                            320.00  387.13  -67.13 (VIOLATED)
_746158_/B                            320.00  387.03  -67.03 (VIOLATED)
_746689_/B                            320.00  386.88  -66.88 (VIOLATED)
_746335_/B                            320.00  386.50  -66.50 (VIOLATED)
_509063_/A                            320.00  386.48  -66.48 (VIOLATED)
_707310_/C                            320.00  386.46  -66.46 (VIOLATED)
_757556_/A                            320.00  386.26  -66.26 (VIOLATED)
_751937_/A                            320.00  386.24  -66.24 (VIOLATED)
_498597_/A1                           320.00  385.95  -65.95 (VIOLATED)
place68632/A                          320.00  385.88  -65.88 (VIOLATED)
_746099_/B                            320.00  385.86  -65.86 (VIOLATED)
_498596_/A                            320.00  385.85  -65.85 (VIOLATED)
_744744_/B                            320.00  385.80  -65.80 (VIOLATED)
_551679_/A1                           320.00  385.47  -65.47 (VIOLATED)
_551678_/A                            320.00  385.31  -65.31 (VIOLATED)
_744758_/B                            320.00  384.93  -64.93 (VIOLATED)
place67427/A                          320.00  384.79  -64.79 (VIOLATED)
_481547_/B                            320.00  384.40  -64.40 (VIOLATED)
_761851_/A                            320.00  384.31  -64.31 (VIOLATED)
_705815_/A1                           320.00  384.28  -64.28 (VIOLATED)
_746453_/B                            320.00  383.87  -63.87 (VIOLATED)
_689881_/A                            320.00  383.48  -63.48 (VIOLATED)
_554075_/A1                           320.00  382.71  -62.71 (VIOLATED)
_481887_/B                            320.00  382.62  -62.62 (VIOLATED)
_519453_/A                            320.00  382.60  -62.60 (VIOLATED)
place68435/A                          320.00  382.55  -62.55 (VIOLATED)
_481888_/A2                           320.00  382.55  -62.55 (VIOLATED)
_570781_/A                            320.00  382.52  -62.52 (VIOLATED)
_570782_/A1                           320.00  382.51  -62.51 (VIOLATED)
_708670_/C                            320.00  382.45  -62.45 (VIOLATED)
_536361_/C                            320.00  382.44  -62.44 (VIOLATED)
_723676_/A1                           320.00  382.31  -62.31 (VIOLATED)
_746630_/B                            320.00  382.25  -62.25 (VIOLATED)
_752275_/A                            320.00  381.99  -61.99 (VIOLATED)
_477979_/C                            320.00  381.87  -61.87 (VIOLATED)
_564373_/A                            320.00  381.76  -61.76 (VIOLATED)
_526186_/A1                           320.00  381.67  -61.67 (VIOLATED)
place68245/A                          320.00  381.64  -61.64 (VIOLATED)
_744685_/B                            320.00  381.59  -61.59 (VIOLATED)
_546870_/C                            320.00  381.03  -61.03 (VIOLATED)
_544317_/A1                           320.00  380.37  -60.37 (VIOLATED)
_756378_/A                            320.00  379.86  -59.86 (VIOLATED)
_746276_/B                            320.00  379.77  -59.77 (VIOLATED)
_518305_/B                            320.00  379.76  -59.76 (VIOLATED)
place67472/A                          320.00  379.21  -59.21 (VIOLATED)
place69026/A                          320.00  378.42  -58.42 (VIOLATED)
_746094_/B                            320.00  378.36  -58.36 (VIOLATED)
place67779/A                          320.00  377.95  -57.95 (VIOLATED)
_547373_/B                            320.00  377.88  -57.88 (VIOLATED)
_746448_/B                            320.00  377.20  -57.20 (VIOLATED)
_745308_/B                            320.00  377.11  -57.11 (VIOLATED)
_744821_/B                            320.00  376.96  -56.96 (VIOLATED)
_518306_/A2                           320.00  376.94  -56.94 (VIOLATED)
_481535_/A2                           320.00  376.73  -56.73 (VIOLATED)
_504498_/B                            320.00  376.69  -56.69 (VIOLATED)
_504499_/A2                           320.00  376.54  -56.54 (VIOLATED)
_481534_/B                            320.00  376.42  -56.42 (VIOLATED)
_746271_/B                            320.00  376.26  -56.26 (VIOLATED)
_744784_/B                            320.00  375.85  -55.85 (VIOLATED)
_752904_/A                            320.00  375.59  -55.59 (VIOLATED)
_504486_/B                            320.00  375.54  -55.54 (VIOLATED)
_479509_/A2                           320.00  375.34  -55.34 (VIOLATED)
_504487_/A2                           320.00  375.23  -55.23 (VIOLATED)
place68439/A                          320.00  374.88  -54.88 (VIOLATED)
_744350_/B                            320.00  374.64  -54.64 (VIOLATED)
_479508_/B                            320.00  374.57  -54.57 (VIOLATED)
_502013_/A1                           320.00  374.31  -54.31 (VIOLATED)
_750748_/B                            320.00  373.80  -53.80 (VIOLATED)
_746182_/B                            320.00  373.57  -53.57 (VIOLATED)
place67593/A                          320.00  373.20  -53.20 (VIOLATED)
place68543/A                          320.00  373.18  -53.18 (VIOLATED)
_746905_/B                            320.00  373.16  -53.16 (VIOLATED)
_746625_/B                            320.00  373.11  -53.11 (VIOLATED)
_745981_/B                            320.00  372.80  -52.80 (VIOLATED)
_518320_/C                            320.00  372.56  -52.56 (VIOLATED)
place67123/A                          320.00  372.44  -52.44 (VIOLATED)
_481880_/B                            320.00  372.44  -52.44 (VIOLATED)
_744733_/B                            320.00  372.31  -52.31 (VIOLATED)
_745131_/B                            320.00  372.09  -52.09 (VIOLATED)
_739332_/A1                           320.00  371.95  -51.95 (VIOLATED)
_761693_/A1                           320.00  371.70  -51.70 (VIOLATED)
place68743/A                          320.00  371.08  -51.08 (VIOLATED)
_481881_/A2                           320.00  371.03  -51.03 (VIOLATED)
_504490_/A2                           320.00  371.00  -51.00 (VIOLATED)
_744755_/B                            320.00  370.77  -50.77 (VIOLATED)
_765809_/A1                           320.00  370.25  -50.25 (VIOLATED)
_750724_/B                            320.00  369.39  -49.39 (VIOLATED)
_757647_/A                            320.00  368.97  -48.97 (VIOLATED)
_761692_/A                            320.00  368.71  -48.71 (VIOLATED)
part_q[71][14]$_DFFE_PP_/D            320.00  368.65  -48.65 (VIOLATED)
clone_4__792305_/SE                   320.00  368.51  -48.51 (VIOLATED)
_504489_/B                            320.00  368.14  -48.14 (VIOLATED)
place68638/A                          320.00  367.61  -47.61 (VIOLATED)
_765808_/A                            320.00  367.58  -47.58 (VIOLATED)
place67599/A                          320.00  367.48  -47.48 (VIOLATED)
_745992_/B                            320.00  367.23  -47.23 (VIOLATED)
_750735_/B                            320.00  367.20  -47.20 (VIOLATED)
_741959_/A                            320.00  366.32  -46.32 (VIOLATED)
_745828_/B                            320.00  366.01  -46.01 (VIOLATED)
_766724_/A                            320.00  365.35  -45.35 (VIOLATED)
_756455_/A                            320.00  365.31  -45.31 (VIOLATED)
_766725_/A1                           320.00  365.24  -45.24 (VIOLATED)
_766718_/A                            320.00  365.22  -45.22 (VIOLATED)
_766719_/A1                           320.00  365.15  -45.15 (VIOLATED)
_741709_/A                            320.00  365.01  -45.01 (VIOLATED)
_746346_/B                            320.00  364.88  -44.88 (VIOLATED)
_746162_/B                            320.00  364.79  -44.79 (VIOLATED)
_746700_/B                            320.00  364.77  -44.77 (VIOLATED)
_746516_/B                            320.00  364.75  -44.75 (VIOLATED)
_766697_/A                            320.00  364.73  -44.73 (VIOLATED)
_766698_/A1                           320.00  364.72  -44.72 (VIOLATED)
_479512_/A2                           320.00  364.66  -44.66 (VIOLATED)
_744867_/B                            320.00  364.59  -44.59 (VIOLATED)
_746693_/B                            320.00  364.36  -44.36 (VIOLATED)
_479511_/B                            320.00  364.18  -44.18 (VIOLATED)
_746169_/B                            320.00  364.09  -44.09 (VIOLATED)
_766710_/A1                           320.00  363.86  -43.86 (VIOLATED)
_746523_/B                            320.00  363.85  -43.85 (VIOLATED)
_766709_/A                            320.00  363.66  -43.66 (VIOLATED)
place68890/A                          320.00  363.61  -43.61 (VIOLATED)
_747082_/B                            320.00  363.59  -43.59 (VIOLATED)
_744535_/B                            320.00  363.24  -43.24 (VIOLATED)
_760729_/A1                           320.00  362.87  -42.87 (VIOLATED)
_760617_/A                            320.00  362.79  -42.79 (VIOLATED)
_760618_/A1                           320.00  362.79  -42.79 (VIOLATED)
_557629_/A                            320.00  362.79  -42.79 (VIOLATED)
_760442_/A                            320.00  362.74  -42.74 (VIOLATED)
_760558_/A1                           320.00  362.67  -42.67 (VIOLATED)
_766715_/A                            320.00  362.60  -42.60 (VIOLATED)
_766716_/A1                           320.00  362.58  -42.58 (VIOLATED)
_758798_/A1                           320.00  362.19  -42.19 (VIOLATED)
_758939_/A                            320.00  362.10  -42.10 (VIOLATED)
_758863_/A                            320.00  361.85  -41.85 (VIOLATED)
_758864_/A1                           320.00  361.84  -41.84 (VIOLATED)
_742062_/A                            320.00  361.81  -41.81 (VIOLATED)
_759018_/A1                           320.00  361.73  -41.73 (VIOLATED)
_760677_/A                            320.00  361.72  -41.72 (VIOLATED)
_760678_/A1                           320.00  361.39  -41.39 (VIOLATED)
_757602_/A                            320.00  361.14  -41.14 (VIOLATED)
_479527_/C                            320.00  360.61  -40.61 (VIOLATED)
_519442_/A2                           320.00  360.51  -40.51 (VIOLATED)
_746339_/B                            320.00  360.18  -40.18 (VIOLATED)
place68568/A                          320.00  360.17  -40.17 (VIOLATED)
_766700_/A                            320.00  360.05  -40.05 (VIOLATED)
_759094_/A1                           320.00  360.00  -40.00 (VIOLATED)
_742603_/B                            320.00  359.75  -39.75 (VIOLATED)
place68096/A                          320.00  359.63  -39.63 (VIOLATED)
_745922_/B                            320.00  359.14  -39.14 (VIOLATED)
_759228_/A                            320.00  358.90  -38.90 (VIOLATED)
place67465/A                          320.00  358.62  -38.62 (VIOLATED)
_555364_/A1                           320.00  358.60  -38.60 (VIOLATED)
_746005_/B                            320.00  358.24  -38.24 (VIOLATED)
_519441_/B                            320.00  357.85  -37.85 (VIOLATED)
_618018_/A                            320.00  357.76  -37.76 (VIOLATED)
_774046_/A1                           320.00  357.70  -37.70 (VIOLATED)
_558118_/A1                           320.00  357.54  -37.54 (VIOLATED)
_481560_/C                            320.00  357.50  -37.50 (VIOLATED)
_613271_/A                            320.00  357.43  -37.43 (VIOLATED)
_766701_/A1                           320.00  357.23  -37.23 (VIOLATED)
_532336_/A1                           320.00  357.06  -37.06 (VIOLATED)
_759157_/C                            320.00  356.68  -36.68 (VIOLATED)
_668559_/A                            320.00  356.48  -36.48 (VIOLATED)
place67691/A                          320.00  356.33  -36.33 (VIOLATED)
_752593_/A                            320.00  356.27  -36.27 (VIOLATED)
_747093_/B                            320.00  356.20  -36.20 (VIOLATED)
_766712_/A                            320.00  356.19  -36.19 (VIOLATED)
_766713_/A1                           320.00  356.14  -36.14 (VIOLATED)
_713500_/C                            320.00  355.91  -35.91 (VIOLATED)
_744745_/B                            320.00  355.74  -35.74 (VIOLATED)
_481921_/A1                           320.00  355.68  -35.68 (VIOLATED)
place76475/A                          320.00  355.54  -35.54 (VIOLATED)
_760262_/A                            320.00  355.46  -35.46 (VIOLATED)
_760382_/A1                           320.00  355.41  -35.41 (VIOLATED)
_479503_/B                            320.00  355.34  -35.34 (VIOLATED)
_750754_/B                            320.00  355.34  -35.34 (VIOLATED)
_755505_/B                            320.00  355.31  -35.31 (VIOLATED)
_760027_/A                            320.00  355.31  -35.31 (VIOLATED)
_753247_/A2                           320.00  355.19  -35.19 (VIOLATED)
_760138_/A1                           320.00  355.02  -35.02 (VIOLATED)
_755506_/A2                           320.00  354.99  -34.99 (VIOLATED)
place68622/A                          320.00  354.79  -34.79 (VIOLATED)
_753256_/A2                           320.00  354.76  -34.76 (VIOLATED)
_766721_/A                            320.00  354.57  -34.57 (VIOLATED)
_753255_/B                            320.00  354.50  -34.50 (VIOLATED)
_760325_/A1                           320.00  354.42  -34.42 (VIOLATED)
_759845_/A                            320.00  354.41  -34.41 (VIOLATED)
_755508_/B                            320.00  354.30  -34.30 (VIOLATED)
_755509_/A2                           320.00  354.29  -34.29 (VIOLATED)
_504513_/C                            320.00  354.25  -34.25 (VIOLATED)
_753251_/A2                           320.00  354.08  -34.08 (VIOLATED)
_756529_/A                            320.00  354.01  -34.01 (VIOLATED)
_753246_/B                            320.00  353.81  -33.81 (VIOLATED)
_760201_/A                            320.00  353.77  -33.77 (VIOLATED)
_759788_/A                            320.00  353.72  -33.72 (VIOLATED)
_759789_/A1                           320.00  353.71  -33.71 (VIOLATED)
_760156_/A1                           320.00  353.65  -33.65 (VIOLATED)
_760272_/A                            320.00  353.63  -33.63 (VIOLATED)
_760390_/A1                           320.00  353.63  -33.63 (VIOLATED)
_759924_/A1                           320.00  353.62  -33.62 (VIOLATED)
_745834_/B                            320.00  353.61  -33.61 (VIOLATED)
_745917_/B                            320.00  353.52  -33.52 (VIOLATED)
_746750_/A                            320.00  353.44  -33.44 (VIOLATED)
_760389_/A                            320.00  353.37  -33.37 (VIOLATED)
_759985_/A1                           320.00  353.35  -33.35 (VIOLATED)
_759750_/A1                           320.00  353.33  -33.33 (VIOLATED)
_746747_/A                            320.00  353.20  -33.20 (VIOLATED)
_761523_/A1                           320.00  353.14  -33.14 (VIOLATED)
_759965_/A1                           320.00  353.11  -33.11 (VIOLATED)
_761802_/A1                           320.00  353.01  -33.01 (VIOLATED)
_753250_/B                            320.00  353.01  -33.01 (VIOLATED)
_761517_/B                            320.00  352.99  -32.99 (VIOLATED)
_760049_/A1                           320.00  352.98  -32.98 (VIOLATED)
_746768_/A                            320.00  352.98  -32.98 (VIOLATED)
_759964_/A                            320.00  352.97  -32.97 (VIOLATED)
_760332_/A                            320.00  352.96  -32.96 (VIOLATED)
_759925_/A1                           320.00  352.77  -32.77 (VIOLATED)
_746769_/A                            320.00  352.71  -32.71 (VIOLATED)
_761615_/B                            320.00  352.69  -32.69 (VIOLATED)
_759690_/A1                           320.00  352.56  -32.56 (VIOLATED)
_766722_/A1                           320.00  352.55  -32.55 (VIOLATED)
_746011_/B                            320.00  352.49  -32.49 (VIOLATED)
_761705_/B                            320.00  352.42  -32.42 (VIOLATED)
_748222_/A                            320.00  352.38  -32.38 (VIOLATED)
_761859_/B                            320.00  352.28  -32.28 (VIOLATED)
_760565_/A1                           320.00  352.28  -32.28 (VIOLATED)
_748226_/A                            320.00  352.28  -32.28 (VIOLATED)
_759806_/A1                           320.00  352.27  -32.27 (VIOLATED)
_755790_/A2                           320.00  352.26  -32.26 (VIOLATED)
_748173_/A                            320.00  352.14  -32.14 (VIOLATED)
_746805_/A                            320.00  352.01  -32.01 (VIOLATED)
_748161_/A                            320.00  352.00  -32.00 (VIOLATED)
_759612_/A1                           320.00  351.95  -31.95 (VIOLATED)
_746774_/A                            320.00  351.92  -31.92 (VIOLATED)
_746752_/A                            320.00  351.83  -31.83 (VIOLATED)
_643626_/A                            320.00  351.76  -31.76 (VIOLATED)
_746803_/A                            320.00  351.69  -31.69 (VIOLATED)
_761795_/A1                           320.00  351.56  -31.56 (VIOLATED)
_759363_/A1                           320.00  351.53  -31.53 (VIOLATED)
_748147_/B                            320.00  351.46  -31.46 (VIOLATED)
_755789_/B                            320.00  351.41  -31.41 (VIOLATED)
_761625_/A                            320.00  351.36  -31.36 (VIOLATED)
_759757_/A1                           320.00  351.30  -31.30 (VIOLATED)
_746778_/A                            320.00  351.26  -31.26 (VIOLATED)
_754947_/A2                           320.00  351.23  -31.23 (VIOLATED)
_754946_/B                            320.00  351.22  -31.22 (VIOLATED)
_762946_/A1                           320.00  351.19  -31.19 (VIOLATED)
_744699_/B                            320.00  351.13  -31.13 (VIOLATED)
_753558_/A2                           320.00  351.10  -31.10 (VIOLATED)
_518302_/B                            320.00  351.09  -31.09 (VIOLATED)
_518303_/A2                           320.00  351.09  -31.09 (VIOLATED)
_481873_/A2                           320.00  351.03  -31.03 (VIOLATED)
_759486_/A                            320.00  351.00  -31.00 (VIOLATED)
_479504_/A2                           320.00  350.99  -30.99 (VIOLATED)
_761918_/B                            320.00  350.98  -30.98 (VIOLATED)
place68388/A                          320.00  350.97  -30.97 (VIOLATED)
_739338_/B                            320.00  350.97  -30.97 (VIOLATED)
_759548_/A1                           320.00  350.95  -30.95 (VIOLATED)
_752618_/A2                           320.00  350.92  -30.92 (VIOLATED)
_752933_/A2                           320.00  350.91  -30.91 (VIOLATED)
_752617_/B                            320.00  350.84  -30.84 (VIOLATED)
_752932_/B                            320.00  350.82  -30.82 (VIOLATED)
_761971_/C                            320.00  350.79  -30.79 (VIOLATED)
place67544/A                          320.00  350.73  -30.73 (VIOLATED)
_759993_/A1                           320.00  350.62  -30.62 (VIOLATED)
_748154_/A                            320.00  350.56  -30.56 (VIOLATED)
_753557_/B                            320.00  350.51  -30.51 (VIOLATED)
_745808_/B                            320.00  350.48  -30.48 (VIOLATED)
_746900_/B                            320.00  350.43  -30.43 (VIOLATED)
_748137_/A                            320.00  350.42  -30.42 (VIOLATED)
_755234_/B                            320.00  350.40  -30.40 (VIOLATED)
_748158_/A                            320.00  350.40  -30.40 (VIOLATED)
_748153_/A                            320.00  350.38  -30.38 (VIOLATED)
_761801_/C                            320.00  350.38  -30.38 (VIOLATED)
_761714_/C                            320.00  350.38  -30.38 (VIOLATED)
_761521_/B                            320.00  350.35  -30.35 (VIOLATED)
_748205_/A                            320.00  350.31  -30.31 (VIOLATED)
_748164_/A                            320.00  350.28  -30.28 (VIOLATED)
_748066_/A                            320.00  350.14  -30.14 (VIOLATED)
_755235_/A2                           320.00  350.02  -30.02 (VIOLATED)
_755226_/B                            320.00  349.97  -29.97 (VIOLATED)
_746801_/A                            320.00  349.92  -29.92 (VIOLATED)
_750963_/B                            320.00  349.83  -29.83 (VIOLATED)
_759427_/A                            320.00  349.83  -29.83 (VIOLATED)
_746800_/A                            320.00  349.79  -29.79 (VIOLATED)
_755227_/A2                           320.00  349.75  -29.75 (VIOLATED)
_748219_/A                            320.00  349.73  -29.73 (VIOLATED)
_748168_/A                            320.00  349.65  -29.65 (VIOLATED)
_748162_/A                            320.00  349.61  -29.61 (VIOLATED)
_748167_/A                            320.00  349.55  -29.55 (VIOLATED)
_759299_/A1                           320.00  349.52  -29.52 (VIOLATED)
_748220_/A                            320.00  349.51  -29.51 (VIOLATED)
_748227_/A                            320.00  349.48  -29.48 (VIOLATED)
_761518_/A1                           320.00  349.37  -29.37 (VIOLATED)
_758946_/A                            320.00  349.31  -29.31 (VIOLATED)
_753552_/A2                           320.00  349.29  -29.29 (VIOLATED)
_748165_/A                            320.00  349.29  -29.29 (VIOLATED)
_753551_/B                            320.00  349.25  -29.25 (VIOLATED)
_755782_/A2                           320.00  349.20  -29.20 (VIOLATED)
_766707_/A1                           320.00  349.18  -29.18 (VIOLATED)
_748197_/A                            320.00  349.17  -29.17 (VIOLATED)
_760056_/A1                           320.00  349.16  -29.16 (VIOLATED)
_757281_/A                            320.00  349.14  -29.14 (VIOLATED)
_755785_/A2                           320.00  349.10  -29.10 (VIOLATED)
_761616_/A1                           320.00  349.07  -29.07 (VIOLATED)
_755784_/B                            320.00  349.06  -29.06 (VIOLATED)
_756051_/B                            320.00  349.03  -29.03 (VIOLATED)
_762033_/B                            320.00  349.03  -29.03 (VIOLATED)
_745985_/B                            320.00  349.01  -29.01 (VIOLATED)
_761785_/B                            320.00  348.97  -28.97 (VIOLATED)
_755781_/B                            320.00  348.89  -28.89 (VIOLATED)
_753839_/A2                           320.00  348.86  -28.86 (VIOLATED)
_753548_/B                            320.00  348.83  -28.83 (VIOLATED)
_766706_/A                            320.00  348.80  -28.80 (VIOLATED)
_756052_/A2                           320.00  348.79  -28.79 (VIOLATED)
_753838_/B                            320.00  348.65  -28.65 (VIOLATED)
_766799_/A                            320.00  348.58  -28.58 (VIOLATED)
_759812_/A1                           320.00  348.42  -28.42 (VIOLATED)
place68478/A                          320.00  348.36  -28.36 (VIOLATED)
_761701_/B                            320.00  348.35  -28.35 (VIOLATED)
_759696_/A1                           320.00  348.28  -28.28 (VIOLATED)
_745138_/B                            320.00  348.28  -28.28 (VIOLATED)
_747168_/B                            320.00  348.24  -28.24 (VIOLATED)
_746782_/A                            320.00  348.10  -28.10 (VIOLATED)
_742390_/B                            320.00  348.05  -28.05 (VIOLATED)
_753549_/A2                           320.00  347.97  -27.97 (VIOLATED)
_760694_/A1                           320.00  347.87  -27.87 (VIOLATED)
_744553_/B                            320.00  347.81  -27.81 (VIOLATED)
_760641_/A1                           320.00  347.81  -27.81 (VIOLATED)
_766704_/A1                           320.00  347.74  -27.74 (VIOLATED)
place68520/A                          320.00  347.74  -27.74 (VIOLATED)
_509045_/A2                           320.00  347.71  -27.71 (VIOLATED)
_766703_/A                            320.00  347.70  -27.70 (VIOLATED)
place67622/A                          320.00  347.65  -27.65 (VIOLATED)
_759236_/A                            320.00  347.60  -27.60 (VIOLATED)
_759101_/A1                           320.00  347.58  -27.58 (VIOLATED)
_760516_/A1                           320.00  347.48  -27.48 (VIOLATED)
_762226_/A1                           320.00  347.47  -27.47 (VIOLATED)
_766800_/A1                           320.00  347.46  -27.46 (VIOLATED)
_748083_/A                            320.00  347.40  -27.40 (VIOLATED)
_762164_/B                            320.00  347.40  -27.40 (VIOLATED)
_742567_/B                            320.00  347.35  -27.35 (VIOLATED)
_762224_/B                            320.00  347.31  -27.31 (VIOLATED)
_746186_/B                            320.00  347.28  -27.28 (VIOLATED)
_748149_/B                            320.00  347.25  -27.25 (VIOLATED)
_759930_/A1                           320.00  347.19  -27.19 (VIOLATED)
place68538/A                          320.00  347.08  -27.08 (VIOLATED)
_745070_/B                            320.00  347.08  -27.08 (VIOLATED)
_744732_/B                            320.00  347.05  -27.05 (VIOLATED)
_759250_/A1                           320.00  347.04  -27.04 (VIOLATED)
_750752_/B                            320.00  347.03  -27.03 (VIOLATED)
_746784_/A                            320.00  347.02  -27.02 (VIOLATED)
_759505_/A1                           320.00  346.97  -26.97 (VIOLATED)
_761794_/B                            320.00  346.95  -26.95 (VIOLATED)
_761855_/B                            320.00  346.93  -26.93 (VIOLATED)
_760344_/A1                           320.00  346.85  -26.85 (VIOLATED)
_748228_/A                            320.00  346.85  -26.85 (VIOLATED)
_755230_/A2                           320.00  346.40  -26.40 (VIOLATED)
_509044_/B                            320.00  346.38  -26.38 (VIOLATED)
_745832_/B                            320.00  346.31  -26.31 (VIOLATED)
_758875_/A                            320.00  346.27  -26.27 (VIOLATED)
_758876_/A1                           320.00  346.23  -26.23 (VIOLATED)
_759027_/A1                           320.00  346.13  -26.13 (VIOLATED)
_759165_/C                            320.00  346.05  -26.05 (VIOLATED)
_760163_/A1                           320.00  345.98  -25.98 (VIOLATED)
_748092_/A                            320.00  345.66  -25.66 (VIOLATED)
_755207_/A                            320.00  345.65  -25.65 (VIOLATED)
_761919_/A1                           320.00  345.54  -25.54 (VIOLATED)
_477933_/B                            320.00  345.47  -25.47 (VIOLATED)
_761970_/B                            320.00  345.45  -25.45 (VIOLATED)
_747026_/B                            320.00  345.39  -25.39 (VIOLATED)
_746009_/B                            320.00  345.36  -25.36 (VIOLATED)
_759113_/A1                           320.00  345.36  -25.36 (VIOLATED)
_762285_/A1                           320.00  345.34  -25.34 (VIOLATED)
_746518_/B                            320.00  345.09  -25.09 (VIOLATED)
_760036_/A                            320.00  345.09  -25.09 (VIOLATED)
_746164_/B                            320.00  345.01  -25.01 (VIOLATED)
_762407_/C                            320.00  345.01  -25.01 (VIOLATED)
_759112_/B                            320.00  344.96  -24.96 (VIOLATED)
_762345_/B                            320.00  344.96  -24.96 (VIOLATED)
_746849_/B                            320.00  344.90  -24.90 (VIOLATED)
_762284_/B                            320.00  344.82  -24.82 (VIOLATED)
_762030_/B                            320.00  344.82  -24.82 (VIOLATED)
_745815_/B                            320.00  344.80  -24.80 (VIOLATED)
_746766_/A                            320.00  344.78  -24.78 (VIOLATED)
_746695_/B                            320.00  344.69  -24.69 (VIOLATED)
_762409_/C                            320.00  344.68  -24.68 (VIOLATED)
_760750_/A1                           320.00  344.58  -24.58 (VIOLATED)
_762096_/A1                           320.00  344.57  -24.57 (VIOLATED)
_760701_/A1                           320.00  344.42  -24.42 (VIOLATED)
_762161_/B                            320.00  344.34  -24.34 (VIOLATED)
_755970_/A                            320.00  344.33  -24.33 (VIOLATED)
_760333_/A1                           320.00  344.33  -24.33 (VIOLATED)
_750728_/B                            320.00  344.32  -24.32 (VIOLATED)
_760646_/A1                           320.00  344.32  -24.32 (VIOLATED)
_750730_/B                            320.00  344.24  -24.24 (VIOLATED)
_747542_/B                            320.00  344.23  -24.23 (VIOLATED)
_762094_/C                            320.00  344.20  -24.20 (VIOLATED)
_746160_/B                            320.00  344.13  -24.13 (VIOLATED)
_760145_/A1                           320.00  344.09  -24.09 (VIOLATED)
_762347_/A1                           320.00  344.05  -24.05 (VIOLATED)
_742744_/B                            320.00  344.03  -24.03 (VIOLATED)
_741812_/A                            320.00  343.93  -23.93 (VIOLATED)
place67840/A                          320.00  343.86  -23.86 (VIOLATED)
_752924_/B                            320.00  343.85  -23.85 (VIOLATED)
_477934_/A2                           320.00  343.78  -23.78 (VIOLATED)
_748073_/A                            320.00  343.72  -23.72 (VIOLATED)
_746337_/B                            320.00  343.60  -23.60 (VIOLATED)
_748128_/A                            320.00  343.60  -23.60 (VIOLATED)
_746514_/B                            320.00  343.58  -23.58 (VIOLATED)
_746691_/B                            320.00  343.45  -23.45 (VIOLATED)
_760522_/A1                           320.00  343.45  -23.45 (VIOLATED)
_760466_/A1                           320.00  343.25  -23.25 (VIOLATED)
_748065_/A                            320.00  343.20  -23.20 (VIOLATED)
_746748_/A                            320.00  343.16  -23.16 (VIOLATED)
_758151_/A1                           320.00  343.00  -23.00 (VIOLATED)
_753746_/A1                           320.00  342.91  -22.91 (VIOLATED)
_760351_/A1                           320.00  342.79  -22.79 (VIOLATED)
_746786_/A                            320.00  342.72  -22.72 (VIOLATED)
_746777_/A                            320.00  342.62  -22.62 (VIOLATED)
_762981_/A1                           320.00  342.49  -22.49 (VIOLATED)
_739405_/A1                           320.00  342.43  -22.43 (VIOLATED)
_761725_/A                            320.00  342.39  -22.39 (VIOLATED)
_761392_/A1                           320.00  342.36  -22.36 (VIOLATED)
_739351_/B                            320.00  342.36  -22.36 (VIOLATED)
_745144_/B                            320.00  342.32  -22.32 (VIOLATED)
_746767_/A                            320.00  342.30  -22.30 (VIOLATED)
_762536_/C                            320.00  342.25  -22.25 (VIOLATED)
_761377_/A1                           320.00  342.21  -22.21 (VIOLATED)
_761370_/B                            320.00  342.20  -22.20 (VIOLATED)
_747077_/B                            320.00  342.19  -22.19 (VIOLATED)
_759388_/A                            320.00  342.12  -22.12 (VIOLATED)
_761530_/A1                           320.00  342.06  -22.06 (VIOLATED)
_761637_/C                            320.00  342.02  -22.02 (VIOLATED)
_759389_/A1                           320.00  342.00  -22.00 (VIOLATED)
_750665_/B                            320.00  341.78  -21.78 (VIOLATED)
_760539_/C                            320.00  341.66  -21.66 (VIOLATED)
_752925_/A2                           320.00  341.60  -21.60 (VIOLATED)
_761532_/B                            320.00  341.53  -21.53 (VIOLATED)
_761507_/A1                           320.00  341.49  -21.49 (VIOLATED)
_739407_/A                            320.00  341.48  -21.48 (VIOLATED)
_745321_/B                            320.00  341.45  -21.45 (VIOLATED)
place69002/A                          320.00  341.44  -21.44 (VIOLATED)
_748839_/A                            320.00  341.29  -21.29 (VIOLATED)
place66912/A                          320.00  341.26  -21.26 (VIOLATED)
_748845_/A                            320.00  341.25  -21.25 (VIOLATED)
place68296/A                          320.00  341.21  -21.21 (VIOLATED)
_744536_/B                            320.00  341.18  -21.18 (VIOLATED)
_759512_/A1                           320.00  341.18  -21.18 (VIOLATED)
_760208_/A                            320.00  341.13  -21.13 (VIOLATED)
_746341_/B                            320.00  341.09  -21.09 (VIOLATED)
_748840_/A                            320.00  341.09  -21.09 (VIOLATED)
_748841_/A                            320.00  341.05  -21.05 (VIOLATED)
_745397_/B                            320.00  340.95  -20.95 (VIOLATED)
_759973_/A                            320.00  340.86  -20.86 (VIOLATED)
_761632_/A1                           320.00  340.77  -20.77 (VIOLATED)
_748843_/A                            320.00  340.51  -20.51 (VIOLATED)
_739403_/A                            320.00  340.50  -20.50 (VIOLATED)
_757989_/A                            320.00  340.48  -20.48 (VIOLATED)
_748847_/A                            320.00  340.46  -20.46 (VIOLATED)
_748848_/A                            320.00  340.41  -20.41 (VIOLATED)
_748844_/A                            320.00  340.40  -20.40 (VIOLATED)
_762656_/A1                           320.00  340.37  -20.37 (VIOLATED)
_755229_/B                            320.00  340.23  -20.23 (VIOLATED)
place68370/A                          320.00  340.11  -20.11 (VIOLATED)
_741857_/A                            320.00  340.03  -20.03 (VIOLATED)
_748090_/A                            320.00  339.98  -19.98 (VIOLATED)
_753745_/A                            320.00  339.97  -19.97 (VIOLATED)
_751153_/B                            320.00  339.82  -19.82 (VIOLATED)
_748842_/A                            320.00  339.80  -19.80 (VIOLATED)
_759257_/A1                           320.00  339.62  -19.62 (VIOLATED)
_759974_/A1                           320.00  339.59  -19.59 (VIOLATED)
place67821/A                          320.00  339.56  -19.56 (VIOLATED)
_743950_/B                            320.00  339.53  -19.53 (VIOLATED)
_766802_/A                            320.00  339.44  -19.44 (VIOLATED)
_748160_/A                            320.00  339.37  -19.37 (VIOLATED)
_759186_/A1                           320.00  339.29  -19.29 (VIOLATED)
place77881/A                          320.00  339.10  -19.10 (VIOLATED)
_748846_/A                            320.00  339.08  -19.08 (VIOLATED)
_761720_/A1                           320.00  338.77  -18.77 (VIOLATED)
_761806_/B                            320.00  338.75  -18.75 (VIOLATED)
_762104_/A1                           320.00  338.73  -18.73 (VIOLATED)
_762102_/C                            320.00  338.73  -18.73 (VIOLATED)
_744954_/B                            320.00  338.69  -18.69 (VIOLATED)
_761867_/B                            320.00  338.68  -18.68 (VIOLATED)
out_pix_data[10]$_DFFE_PN0P_/RESETN   320.00  338.63  -18.63 (VIOLATED)
_755513_/B                            320.00  338.62  -18.62 (VIOLATED)
_755514_/A2                           320.00  338.50  -18.50 (VIOLATED)
_759853_/A                            320.00  338.39  -18.39 (VIOLATED)
place68235/A                          320.00  338.33  -18.33 (VIOLATED)
out_pix_data[19]$_DFFE_PN0P_/RESETN   320.00  338.31  -18.31 (VIOLATED)
_744697_/B                            320.00  338.25  -18.25 (VIOLATED)
_745392_/B                            320.00  338.24  -18.24 (VIOLATED)
_509049_/A2                           320.00  338.16  -18.16 (VIOLATED)
_501983_/B                            320.00  337.84  -17.84 (VIOLATED)
_757200_/A                            320.00  337.82  -17.82 (VIOLATED)
_509048_/B                            320.00  337.81  -17.81 (VIOLATED)
_758031_/A                            320.00  337.79  -17.79 (VIOLATED)
_748811_/A                            320.00  337.76  -17.76 (VIOLATED)
_752927_/B                            320.00  337.74  -17.74 (VIOLATED)
_759120_/A1                           320.00  337.70  -17.70 (VIOLATED)
_762755_/A1                           320.00  337.69  -17.69 (VIOLATED)
_746780_/A                            320.00  337.68  -17.68 (VIOLATED)
_761977_/B                            320.00  337.36  -17.36 (VIOLATED)
_763474_/A                            320.00  337.12  -17.12 (VIOLATED)
_765655_/A1                           320.00  337.03  -17.03 (VIOLATED)
place67975/A                          320.00  337.03  -17.03 (VIOLATED)
_765507_/A1                           320.00  336.94  -16.94 (VIOLATED)
_765586_/A1                           320.00  336.85  -16.85 (VIOLATED)
_752928_/A2                           320.00  336.85  -16.85 (VIOLATED)
_765653_/A                            320.00  336.74  -16.74 (VIOLATED)
_766803_/A1                           320.00  336.64  -16.64 (VIOLATED)
_759620_/A1                           320.00  336.49  -16.49 (VIOLATED)
place68483/A                          320.00  336.28  -16.28 (VIOLATED)
_763370_/A                            320.00  336.24  -16.24 (VIOLATED)
_762039_/B                            320.00  336.17  -16.17 (VIOLATED)
_792247_/A                            320.00  336.15  -16.15 (VIOLATED)
_761925_/A1                           320.00  336.02  -16.02 (VIOLATED)
place68380/A                          320.00  335.86  -15.86 (VIOLATED)
_745527_/A                            320.00  335.73  -15.73 (VIOLATED)
_745502_/A                            320.00  335.70  -15.70 (VIOLATED)
_745525_/A                            320.00  335.65  -15.65 (VIOLATED)
_745491_/A                            320.00  335.36  -15.36 (VIOLATED)
_501984_/A2                           320.00  335.25  -15.25 (VIOLATED)
_761626_/A1                           320.00  335.24  -15.24 (VIOLATED)
_765456_/A1                           320.00  335.22  -15.22 (VIOLATED)
_745531_/A                            320.00  335.21  -15.21 (VIOLATED)
_739052_/C                            320.00  335.20  -15.20 (VIOLATED)
_762945_/C                            320.00  335.19  -15.19 (VIOLATED)
_739354_/B                            320.00  335.18  -15.18 (VIOLATED)
_745607_/A                            320.00  335.17  -15.17 (VIOLATED)
_739352_/B                            320.00  335.16  -15.16 (VIOLATED)
_745586_/A                            320.00  335.15  -15.15 (VIOLATED)
_765620_/A1                           320.00  335.12  -15.12 (VIOLATED)
_761529_/A                            320.00  335.10  -15.10 (VIOLATED)
_761726_/A1                           320.00  335.08  -15.08 (VIOLATED)
_745544_/A                            320.00  335.06  -15.06 (VIOLATED)
_745712_/A                            320.00  335.02  -15.02 (VIOLATED)
_761391_/C                            320.00  334.96  -14.96 (VIOLATED)
_739343_/B                            320.00  334.93  -14.93 (VIOLATED)
_761638_/A1                           320.00  334.92  -14.92 (VIOLATED)
_739225_/B                            320.00  334.70  -14.70 (VIOLATED)
_747546_/B                            320.00  334.70  -14.70 (VIOLATED)
_748815_/A                            320.00  334.62  -14.62 (VIOLATED)
_739172_/B                            320.00  334.61  -14.61 (VIOLATED)
_745701_/A                            320.00  334.55  -14.55 (VIOLATED)
_761376_/B                            320.00  334.43  -14.43 (VIOLATED)
_748138_/A                            320.00  334.36  -14.36 (VIOLATED)
_745227_/B                            320.00  334.35  -14.35 (VIOLATED)
_745319_/B                            320.00  334.31  -14.31 (VIOLATED)
_747203_/B                            320.00  334.26  -14.26 (VIOLATED)
_745983_/B                            320.00  334.10  -14.10 (VIOLATED)
_741824_/A                            320.00  334.02  -14.02 (VIOLATED)
_761631_/B                            320.00  333.96  -13.96 (VIOLATED)
_650254_/A                            320.00  333.95  -13.95 (VIOLATED)
_759493_/A                            320.00  333.94  -13.94 (VIOLATED)
_746696_/B                            320.00  333.90  -13.90 (VIOLATED)
_748809_/A                            320.00  333.90  -13.90 (VIOLATED)
_750731_/B                            320.00  333.85  -13.85 (VIOLATED)
_746806_/A                            320.00  333.81  -13.81 (VIOLATED)
_609781_/A                            320.00  333.74  -13.74 (VIOLATED)
_763383_/A                            320.00  333.70  -13.70 (VIOLATED)
_750469_/B                            320.00  333.68  -13.68 (VIOLATED)
_761694_/B                            320.00  333.63  -13.63 (VIOLATED)
_748103_/A                            320.00  333.62  -13.62 (VIOLATED)
_743260_/B                            320.00  333.58  -13.58 (VIOLATED)
place68551/A                          320.00  333.57  -13.57 (VIOLATED)
_748126_/A                            320.00  333.48  -13.48 (VIOLATED)
_609782_/A                            320.00  333.47  -13.47 (VIOLATED)
_650253_/A                            320.00  333.43  -13.43 (VIOLATED)
_744734_/B                            320.00  333.42  -13.42 (VIOLATED)
_745571_/A                            320.00  333.42  -13.42 (VIOLATED)
_745561_/A                            320.00  333.30  -13.30 (VIOLATED)
_754406_/B                            320.00  333.23  -13.23 (VIOLATED)
_748812_/A                            320.00  333.15  -13.15 (VIOLATED)
_609788_/A                            320.00  333.14  -13.14 (VIOLATED)
_739348_/B                            320.00  333.13  -13.13 (VIOLATED)
_654909_/A                            320.00  332.99  -12.99 (VIOLATED)
_609783_/A                            320.00  332.97  -12.97 (VIOLATED)
_745987_/B                            320.00  332.95  -12.95 (VIOLATED)
_477937_/A2                           320.00  332.93  -12.93 (VIOLATED)
_761371_/A1                           320.00  332.90  -12.90 (VIOLATED)
_654910_/A                            320.00  332.82  -12.82 (VIOLATED)
_650252_/A                            320.00  332.65  -12.65 (VIOLATED)
_760424_/A                            320.00  332.53  -12.53 (VIOLATED)
_762171_/B                            320.00  332.53  -12.53 (VIOLATED)
_743437_/B                            320.00  332.35  -12.35 (VIOLATED)
_654911_/A                            320.00  332.29  -12.29 (VIOLATED)
_609784_/A                            320.00  332.24  -12.24 (VIOLATED)
oskid_d[110]$_DFFE_PN0P_/RESETN       320.00  332.16  -12.16 (VIOLATED)
_745810_/B                            320.00  332.15  -12.15 (VIOLATED)
_745611_/A                            320.00  332.13  -12.13 (VIOLATED)
_759371_/A1                           320.00  332.02  -12.02 (VIOLATED)
_747280_/B                            320.00  331.77  -11.77 (VIOLATED)
_746165_/B                            320.00  331.68  -11.68 (VIOLATED)
_763154_/C                            320.00  331.67  -11.67 (VIOLATED)
_766818_/A1                           320.00  331.58  -11.58 (VIOLATED)
_762707_/A1                           320.00  331.57  -11.57 (VIOLATED)
_654912_/A                            320.00  331.47  -11.47 (VIOLATED)
oskid_d[111]$_DFFE_PN0P_/RESETN       320.00  331.29  -11.29 (VIOLATED)
_609785_/A                            320.00  331.27  -11.27 (VIOLATED)
_765512_/A1                           320.00  331.26  -11.26 (VIOLATED)
_765590_/A1                           320.00  331.26  -11.26 (VIOLATED)
_765657_/A1                           320.00  331.11  -11.11 (VIOLATED)
_744612_/A                            320.00  331.04  -11.04 (VIOLATED)
_760601_/A1                           320.00  330.94  -10.94 (VIOLATED)
_744603_/A                            320.00  330.91  -10.91 (VIOLATED)
_761533_/A1                           320.00  330.84  -10.84 (VIOLATED)
_650251_/A                            320.00  330.83  -10.83 (VIOLATED)
_654913_/A                            320.00  330.82  -10.82 (VIOLATED)
place68101/A                          320.00  330.76  -10.76 (VIOLATED)
_744616_/A                            320.00  330.75  -10.75 (VIOLATED)
_754407_/A2                           320.00  330.68  -10.68 (VIOLATED)
_609787_/A                            320.00  330.66  -10.66 (VIOLATED)
_743994_/B                            320.00  330.57  -10.57 (VIOLATED)
_744608_/A                            320.00  330.50  -10.50 (VIOLATED)
oskid_d[114]$_DFFE_PN0P_/RESETN       320.00  330.34  -10.34 (VIOLATED)
oskid_d[112]$_DFFE_PN0P_/RESETN       320.00  330.32  -10.32 (VIOLATED)
_744602_/A                            320.00  330.28  -10.28 (VIOLATED)
_744601_/A                            320.00  330.28  -10.28 (VIOLATED)
_762787_/A                            320.00  330.27  -10.27 (VIOLATED)
_746781_/A                            320.00  330.16  -10.16 (VIOLATED)
_491319_/B                            320.00  330.16  -10.16 (VIOLATED)
_745295_/B                            320.00  330.15  -10.15 (VIOLATED)
_745577_/A                            320.00  330.14  -10.14 (VIOLATED)
_761719_/B                            320.00  330.11  -10.11 (VIOLATED)
_745609_/A                            320.00  330.04  -10.04 (VIOLATED)
_609786_/A                            320.00  330.01  -10.01 (VIOLATED)
_700063_/A                            320.00  329.76   -9.76 (VIOLATED)
_759795_/A1                           320.00  329.70   -9.70 (VIOLATED)
_744590_/A                            320.00  329.68   -9.68 (VIOLATED)
_743936_/B                            320.00  329.66   -9.66 (VIOLATED)
_700066_/A                            320.00  329.61   -9.61 (VIOLATED)
_744113_/B                            320.00  329.61   -9.61 (VIOLATED)
place68566/A                          320.00  329.53   -9.53 (VIOLATED)
_760170_/A1                           320.00  329.42   -9.42 (VIOLATED)
_746519_/B                            320.00  329.39   -9.39 (VIOLATED)
_763492_/A                            320.00  329.37   -9.37 (VIOLATED)
_766817_/A                            320.00  329.36   -9.36 (VIOLATED)
_759936_/A1                           320.00  329.36   -9.36 (VIOLATED)
_760063_/A1                           320.00  329.34   -9.34 (VIOLATED)
_654914_/A                            320.00  329.28   -9.28 (VIOLATED)
oskid_d[113]$_DFFE_PN0P_/RESETN       320.00  329.25   -9.25 (VIOLATED)
_744609_/A                            320.00  329.13   -9.13 (VIOLATED)
_754123_/B                            320.00  329.12   -9.12 (VIOLATED)
_745315_/B                            320.00  329.10   -9.10 (VIOLATED)
_759817_/A1                           320.00  329.09   -9.09 (VIOLATED)
_754124_/A2                           320.00  329.08   -9.08 (VIOLATED)
_700069_/A                            320.00  328.99   -8.99 (VIOLATED)
_751608_/B                            320.00  328.79   -8.79 (VIOLATED)
_700072_/A                            320.00  328.78   -8.78 (VIOLATED)
_751609_/A2                           320.00  328.70   -8.70 (VIOLATED)
_765624_/A1                           320.00  328.62   -8.62 (VIOLATED)
_745477_/A                            320.00  328.48   -8.48 (VIOLATED)
oskid_d[115]$_DFFE_PN0P_/RESETN       320.00  328.47   -8.47 (VIOLATED)
place68488/A                          320.00  328.45   -8.45 (VIOLATED)
_748806_/A                            320.00  328.44   -8.44 (VIOLATED)
_748120_/A                            320.00  328.42   -8.42 (VIOLATED)
_747098_/B                            320.00  328.40   -8.40 (VIOLATED)
place67735/A                          320.00  328.39   -8.39 (VIOLATED)
_792282_/B                            320.00  328.31   -8.31 (VIOLATED)
_750489_/B                            320.00  328.27   -8.27 (VIOLATED)
_757933_/A                            320.00  328.25   -8.25 (VIOLATED)
_654773_/A                            320.00  328.25   -8.25 (VIOLATED)
_650250_/A                            320.00  328.23   -8.23 (VIOLATED)
_753847_/A2                           320.00  328.20   -8.20 (VIOLATED)
_654774_/A                            320.00  328.11   -8.11 (VIOLATED)
_700075_/A                            320.00  328.06   -8.06 (VIOLATED)
_761599_/A                            320.00  328.05   -8.05 (VIOLATED)
_792266_/A                            320.00  328.04   -8.04 (VIOLATED)
place68784/A                          320.00  327.98   -7.98 (VIOLATED)
_757081_/C                            320.00  327.96   -7.96 (VIOLATED)
_744584_/A                            320.00  327.95   -7.95 (VIOLATED)
_477936_/B                            320.00  327.93   -7.93 (VIOLATED)
_759794_/A                            320.00  327.91   -7.91 (VIOLATED)
_746773_/A                            320.00  327.83   -7.83 (VIOLATED)
out_pix_data[111]$_DFFE_PN0P_/RESETN  320.00  327.80   -7.80 (VIOLATED)
_744552_/B                            320.00  327.75   -7.75 (VIOLATED)
place68512/A                          320.00  327.72   -7.72 (VIOLATED)
_680357_/A                            320.00  327.68   -7.68 (VIOLATED)
_654775_/A                            320.00  327.63   -7.63 (VIOLATED)
place68225/A                          320.00  327.61   -7.61 (VIOLATED)
_680358_/A                            320.00  327.56   -7.56 (VIOLATED)
_765462_/A1                           320.00  327.51   -7.51 (VIOLATED)
_744683_/B                            320.00  327.41   -7.41 (VIOLATED)
_680359_/A                            320.00  327.33   -7.33 (VIOLATED)
_654776_/A                            320.00  327.21   -7.21 (VIOLATED)
_759704_/A1                           320.00  327.07   -7.07 (VIOLATED)
place68773/A                          320.00  327.07   -7.07 (VIOLATED)
_765275_/B                            320.00  327.06   -7.06 (VIOLATED)
_747793_/B                            320.00  327.02   -7.02 (VIOLATED)
_759937_/A1                           320.00  327.00   -7.00 (VIOLATED)
_748262_/B                            320.00  327.00   -7.00 (VIOLATED)
_680360_/A                            320.00  326.99   -6.99 (VIOLATED)
_743481_/B                            320.00  326.98   -6.98 (VIOLATED)
_745714_/A                            320.00  326.87   -6.87 (VIOLATED)
place68650/A                          320.00  326.87   -6.87 (VIOLATED)
_761807_/A1                           320.00  326.73   -6.73 (VIOLATED)
_746342_/B                            320.00  326.72   -6.72 (VIOLATED)
_765060_/B                            320.00  326.71   -6.71 (VIOLATED)
_753568_/B                            320.00  326.67   -6.67 (VIOLATED)
_700078_/A                            320.00  326.66   -6.66 (VIOLATED)
_756068_/A2                           320.00  326.62   -6.62 (VIOLATED)
_755520_/B                            320.00  326.61   -6.61 (VIOLATED)
_762588_/C                            320.00  326.60   -6.60 (VIOLATED)
_765163_/A1                           320.00  326.54   -6.54 (VIOLATED)
_743304_/B                            320.00  326.51   -6.51 (VIOLATED)
_654777_/A                            320.00  326.45   -6.45 (VIOLATED)
_755521_/A2                           320.00  326.44   -6.44 (VIOLATED)
_741947_/A                            320.00  326.44   -6.44 (VIOLATED)
_748144_/B                            320.00  326.43   -6.43 (VIOLATED)
_744599_/A                            320.00  326.41   -6.41 (VIOLATED)
_766636_/A                            320.00  326.29   -6.29 (VIOLATED)
_756067_/B                            320.00  326.29   -6.29 (VIOLATED)
_744711_/B                            320.00  326.15   -6.15 (VIOLATED)
place67483/A                          320.00  326.11   -6.11 (VIOLATED)
_759310_/A1                           320.00  326.03   -6.03 (VIOLATED)
_745724_/A                            320.00  325.79   -5.79 (VIOLATED)
_745125_/B                            320.00  325.78   -5.78 (VIOLATED)
_753271_/B                            320.00  325.71   -5.71 (VIOLATED)
_744597_/A                            320.00  325.71   -5.71 (VIOLATED)
_654915_/A                            320.00  325.70   -5.70 (VIOLATED)
_761868_/B                            320.00  325.58   -5.58 (VIOLATED)
_700081_/A                            320.00  325.56   -5.56 (VIOLATED)
out_pix_data[110]$_DFFE_PN0P_/RESETN  320.00  325.47   -5.47 (VIOLATED)
_745232_/B                            320.00  325.30   -5.30 (VIOLATED)
_680361_/A                            320.00  325.26   -5.26 (VIOLATED)
_491320_/A2                           320.00  325.25   -5.25 (VIOLATED)
_748169_/A                            320.00  325.17   -5.17 (VIOLATED)
_753272_/A2                           320.00  325.15   -5.15 (VIOLATED)
_741926_/A                            320.00  325.00   -5.00 (VIOLATED)
place69101/A                          320.00  324.95   -4.95 (VIOLATED)
_654778_/A                            320.00  324.87   -4.87 (VIOLATED)
_754401_/B                            320.00  324.86   -4.86 (VIOLATED)
_754402_/A2                           320.00  324.85   -4.85 (VIOLATED)
_745291_/B                            320.00  324.75   -4.75 (VIOLATED)
_744746_/B                            320.00  324.70   -4.70 (VIOLATED)
_744864_/B                            320.00  324.70   -4.70 (VIOLATED)
_755693_/A                            320.00  324.70   -4.70 (VIOLATED)
_758103_/A1                           320.00  324.68   -4.68 (VIOLATED)
_762469_/A1                           320.00  324.66   -4.66 (VIOLATED)
_765019_/B                            320.00  324.64   -4.64 (VIOLATED)
_756072_/B                            320.00  324.63   -4.63 (VIOLATED)
place68477/A                          320.00  324.56   -4.56 (VIOLATED)
_744618_/A                            320.00  324.56   -4.56 (VIOLATED)
_757335_/B                            320.00  324.54   -4.54 (VIOLATED)
_758101_/A                            320.00  324.53   -4.53 (VIOLATED)
_765117_/A1                           320.00  324.49   -4.49 (VIOLATED)
_759435_/A                            320.00  324.47   -4.47 (VIOLATED)
_744595_/A                            320.00  324.33   -4.33 (VIOLATED)
_753855_/A2                           320.00  324.33   -4.33 (VIOLATED)
_751630_/B                            320.00  324.29   -4.29 (VIOLATED)
_751631_/A2                           320.00  324.27   -4.27 (VIOLATED)
_765225_/B                            320.00  324.25   -4.25 (VIOLATED)
_753854_/B                            320.00  324.21   -4.21 (VIOLATED)
_650249_/A                            320.00  324.20   -4.20 (VIOLATED)
_761924_/B                            320.00  324.10   -4.10 (VIOLATED)
_746753_/A                            320.00  324.05   -4.05 (VIOLATED)
_744611_/A                            320.00  324.04   -4.04 (VIOLATED)
_744613_/A                            320.00  324.03   -4.03 (VIOLATED)
_758059_/A                            320.00  324.02   -4.02 (VIOLATED)
_654916_/A                            320.00  324.01   -4.01 (VIOLATED)
_757336_/A1                           320.00  324.00   -4.00 (VIOLATED)
_745605_/A                            320.00  323.96   -3.96 (VIOLATED)
_501994_/B                            320.00  323.96   -3.96 (VIOLATED)
_765338_/A1                           320.00  323.94   -3.94 (VIOLATED)
_746785_/A                            320.00  323.93   -3.93 (VIOLATED)
oskid_d[118]$_DFFE_PN0P_/RESETN       320.00  323.92   -3.92 (VIOLATED)
out_pix_data[112]$_DFFE_PN0P_/RESETN  320.00  323.89   -3.89 (VIOLATED)
out_pix_data[113]$_DFFE_PN0P_/RESETN  320.00  323.85   -3.85 (VIOLATED)
_746799_/A                            320.00  323.84   -3.84 (VIOLATED)
_745716_/A                            320.00  323.79   -3.79 (VIOLATED)
_745708_/A                            320.00  323.73   -3.73 (VIOLATED)
_756073_/A2                           320.00  323.71   -3.71 (VIOLATED)
_754144_/A2                           320.00  323.71   -3.71 (VIOLATED)
_745302_/B                            320.00  323.66   -3.66 (VIOLATED)
_744531_/B                            320.00  323.65   -3.65 (VIOLATED)
place68233/A                          320.00  323.65   -3.65 (VIOLATED)
_762465_/B                            320.00  323.61   -3.61 (VIOLATED)
_744684_/B                            320.00  323.46   -3.46 (VIOLATED)
_755417_/A                            320.00  323.46   -3.46 (VIOLATED)
_754143_/B                            320.00  323.45   -3.45 (VIOLATED)
_654779_/A                            320.00  323.40   -3.40 (VIOLATED)
_700084_/A                            320.00  323.38   -3.38 (VIOLATED)
_745699_/A                            320.00  323.38   -3.38 (VIOLATED)
_680362_/A                            320.00  323.30   -3.30 (VIOLATED)
_748224_/A                            320.00  323.20   -3.20 (VIOLATED)
_748813_/A                            320.00  323.10   -3.10 (VIOLATED)
_745582_/A                            320.00  323.08   -3.08 (VIOLATED)
_761715_/A1                           320.00  323.06   -3.06 (VIOLATED)
_748807_/A                            320.00  322.97   -2.97 (VIOLATED)
_751634_/A2                           320.00  322.96   -2.96 (VIOLATED)
_755530_/A2                           320.00  322.81   -2.81 (VIOLATED)
_766637_/A1                           320.00  322.80   -2.80 (VIOLATED)
_755529_/B                            320.00  322.77   -2.77 (VIOLATED)
_757259_/C                            320.00  322.58   -2.58 (VIOLATED)
out_pix_data[114]$_DFFE_PN0P_/RESETN  320.00  322.55   -2.55 (VIOLATED)
_758017_/A                            320.00  322.53   -2.53 (VIOLATED)
_745584_/A                            320.00  322.53   -2.53 (VIOLATED)
_751633_/B                            320.00  322.52   -2.52 (VIOLATED)
_745720_/A                            320.00  322.51   -2.51 (VIOLATED)
_745114_/B                            320.00  322.48   -2.48 (VIOLATED)
_744937_/B                            320.00  322.46   -2.46 (VIOLATED)
_748143_/A                            320.00  322.45   -2.45 (VIOLATED)
_748077_/A                            320.00  322.37   -2.37 (VIOLATED)
place68473/A                          320.00  322.22   -2.22 (VIOLATED)
_748076_/A                            320.00  322.15   -2.15 (VIOLATED)
_745598_/A                            320.00  322.15   -2.15 (VIOLATED)
_745657_/A                            320.00  322.11   -2.11 (VIOLATED)
_756438_/A                            320.00  322.05   -2.05 (VIOLATED)
_680363_/A                            320.00  322.05   -2.05 (VIOLATED)
_761978_/C                            320.00  322.00   -2.00 (VIOLATED)
oskid_d[117]$_DFFE_PN0P_/RESETN       320.00  322.00   -2.00 (VIOLATED)
oskid_d[116]$_DFFE_PN0P_/RESETN       320.00  321.99   -1.99 (VIOLATED)
_748129_/A                            320.00  321.97   -1.97 (VIOLATED)
_746771_/A                            320.00  321.93   -1.93 (VIOLATED)
_744724_/B                            320.00  321.79   -1.79 (VIOLATED)
_765014_/B                            320.00  321.77   -1.77 (VIOLATED)
_754135_/B                            320.00  321.76   -1.76 (VIOLATED)
_623803_/A                            320.00  321.75   -1.75 (VIOLATED)
_623806_/A                            320.00  321.73   -1.73 (VIOLATED)
_761493_/B                            320.00  321.72   -1.72 (VIOLATED)
_760307_/A                            320.00  321.71   -1.71 (VIOLATED)
_754136_/A2                           320.00  321.68   -1.68 (VIOLATED)
_623805_/A                            320.00  321.63   -1.63 (VIOLATED)
oskid_d[119]$_DFFE_PN0P_/RESETN       320.00  321.62   -1.62 (VIOLATED)
_745297_/B                            320.00  321.62   -1.62 (VIOLATED)
place68996/A                          320.00  321.58   -1.58 (VIOLATED)
_748155_/A                            320.00  321.58   -1.58 (VIOLATED)
_744713_/B                            320.00  321.54   -1.54 (VIOLATED)
_748082_/A                            320.00  321.53   -1.53 (VIOLATED)
_654917_/A                            320.00  321.52   -1.52 (VIOLATED)
_759555_/A1                           320.00  321.45   -1.45 (VIOLATED)
_748102_/A                            320.00  321.35   -1.35 (VIOLATED)
_623804_/A                            320.00  321.34   -1.34 (VIOLATED)
place68463/A                          320.00  321.27   -1.27 (VIOLATED)
_745647_/A                            320.00  321.23   -1.23 (VIOLATED)
_747536_/B                            320.00  321.23   -1.23 (VIOLATED)
_759764_/A1                           320.00  321.21   -1.21 (VIOLATED)
_745672_/A                            320.00  321.17   -1.17 (VIOLATED)
_751623_/A2                           320.00  321.11   -1.11 (VIOLATED)
_758174_/A                            320.00  321.10   -1.10 (VIOLATED)
_762231_/B                            320.00  321.09   -1.09 (VIOLATED)
_754139_/A2                           320.00  321.06   -1.06 (VIOLATED)
_754138_/B                            320.00  321.05   -1.05 (VIOLATED)
_757172_/C                            320.00  321.05   -1.05 (VIOLATED)
_700087_/A                            320.00  320.96   -0.96 (VIOLATED)
_755143_/A1                           320.00  320.96   -0.96 (VIOLATED)
_759647_/A1                           320.00  320.96   -0.96 (VIOLATED)
_756662_/A                            320.00  320.95   -0.95 (VIOLATED)
out_pix_data[115]$_DFFE_PN0P_/RESETN  320.00  320.93   -0.93 (VIOLATED)
_753125_/A                            320.00  320.90   -0.90 (VIOLATED)
out_pix_data[116]$_DFFE_PN0P_/RESETN  320.00  320.90   -0.90 (VIOLATED)
_751619_/A2                           320.00  320.85   -0.85 (VIOLATED)
_759881_/A1                           320.00  320.85   -0.85 (VIOLATED)
_501995_/A2                           320.00  320.82   -0.82 (VIOLATED)
_751618_/B                            320.00  320.80   -0.80 (VIOLATED)
_766793_/A                            320.00  320.71   -0.71 (VIOLATED)
_744873_/B                            320.00  320.71   -0.71 (VIOLATED)
_623807_/A                            320.00  320.69   -0.69 (VIOLATED)
_753126_/A1                           320.00  320.65   -0.65 (VIOLATED)
_766794_/A1                           320.00  320.60   -0.60 (VIOLATED)
_748096_/A                            320.00  320.59   -0.59 (VIOLATED)
_623808_/A                            320.00  320.54   -0.54 (VIOLATED)
_744619_/A                            320.00  320.40   -0.40 (VIOLATED)
_700090_/A                            320.00  320.36   -0.36 (VIOLATED)
_748808_/A                            320.00  320.28   -0.28 (VIOLATED)
_654780_/A                            320.00  320.27   -0.27 (VIOLATED)
_745695_/A                            320.00  320.23   -0.23 (VIOLATED)
_762984_/A1                           320.00  320.22   -0.22 (VIOLATED)
_745579_/A                            320.00  320.18   -0.18 (VIOLATED)
out_pix_data[117]$_DFFE_PN0P_/RESETN  320.00  320.13   -0.13 (VIOLATED)
_739408_/A1                           320.00  320.11   -0.11 (VIOLATED)
_753462_/A                            320.00  320.02   -0.02 (VIOLATED)


==========================================================================
finish max_slew_check_slack
--------------------------------------------------------------------------
-255.5137481689453

==========================================================================
finish max_slew_check_limit
--------------------------------------------------------------------------
320.0

==========================================================================
finish max_slew_check_slack_limit
--------------------------------------------------------------------------
-0.7985

==========================================================================
finish max_fanout_check_slack
--------------------------------------------------------------------------
1.0000000150474662e+30

==========================================================================
finish max_fanout_check_limit
--------------------------------------------------------------------------
1.0000000150474662e+30

==========================================================================
finish max_capacitance_check_slack
--------------------------------------------------------------------------
5.422863960266113

==========================================================================
finish max_capacitance_check_limit
--------------------------------------------------------------------------
23.040000915527344

==========================================================================
finish max_capacitance_check_slack_limit
--------------------------------------------------------------------------
0.2354

==========================================================================
finish max_slew_violation_count
--------------------------------------------------------------------------
max slew violation count 1060

==========================================================================
finish max_fanout_violation_count
--------------------------------------------------------------------------
max fanout violation count 0

==========================================================================
finish max_cap_violation_count
--------------------------------------------------------------------------
max cap violation count 0

==========================================================================
finish setup_violation_count
--------------------------------------------------------------------------
setup violation count 29

==========================================================================
finish hold_violation_count
--------------------------------------------------------------------------
hold violation count 97

==========================================================================
finish report_checks -path_delay max reg to reg
--------------------------------------------------------------------------
Startpoint: c_d2[76]$_DFFE_PP_
            (rising edge-triggered flip-flop clocked by core_clock)
Endpoint: pair_q[304][18]$_DFFE_PP_
          (rising edge-triggered flip-flop clocked by core_clock)
Path Group: core_clock
Path Type: max

  Delay    Time   Description
---------------------------------------------------------
   0.00    0.00   clock core_clock (rise edge)
   0.00    0.00   clock source latency
   0.00    0.00 ^ clk (in)
  36.67   36.67 ^ wire77954/Y (BUFx16f_ASAP7_75t_R)
  38.74   75.41 ^ wire77953/Y (BUFx10_ASAP7_75t_R)
  35.31  110.71 ^ clkbuf_0_clk/Y (BUFx24_ASAP7_75t_R)
  21.47  132.18 ^ clkbuf_1_1_0_clk/Y (BUFx24_ASAP7_75t_R)
  22.25  154.43 ^ clkbuf_1_1_1_clk/Y (BUFx24_ASAP7_75t_R)
  20.85  175.28 ^ clkbuf_2_2_0_clk/Y (BUFx24_ASAP7_75t_R)
  22.01  197.29 ^ clkbuf_3_5_0_clk/Y (BUFx24_ASAP7_75t_R)
  24.15  221.44 ^ clkbuf_leaf_6_clk/Y (BUFx24_ASAP7_75t_R)
  18.15  239.58 ^ delaybuf_40_core_clock/Y (BUFx24_ASAP7_75t_R)
  18.42  258.01 ^ delaybuf_41_core_clock/Y (BUFx24_ASAP7_75t_R)
  21.10  279.10 ^ delaybuf_38_core_clock/Y (BUFx24_ASAP7_75t_R)
  18.93  298.03 ^ delaybuf_39_core_clock/Y (BUFx24_ASAP7_75t_R)
  17.94  315.97 ^ _792316_/GCLK (ICGx1_ASAP7_75t_R)
  22.51  338.47 ^ clkbuf_0__476589_/Y (BUFx24_ASAP7_75t_R)
  22.33  360.81 ^ clkbuf_1_0_0__476589_/Y (BUFx24_ASAP7_75t_R)
  24.38  385.19 ^ clkbuf_1_0_1__476589_/Y (BUFx24_ASAP7_75t_R)
  24.82  410.01 ^ clkbuf_2_1_0__476589_/Y (BUFx24_ASAP7_75t_R)
  23.45  433.46 ^ clkbuf_2_1_1__476589_/Y (BUFx24_ASAP7_75t_R)
  24.29  457.75 ^ clkbuf_3_2_0__476589_/Y (BUFx24_ASAP7_75t_R)
  27.06  484.81 ^ clkbuf_4_5_0__476589_/Y (BUFx24_ASAP7_75t_R)
  36.73  521.54 ^ clkbuf_leaf_41__476589_/Y (BUFx24_ASAP7_75t_R)
   1.73  523.27 ^ c_d2[76]$_DFFE_PP_/CLK (DFFHQNx3_ASAP7_75t_R)
  71.19  594.46 v c_d2[76]$_DFFE_PP_/QN (DFFHQNx3_ASAP7_75t_R)
  50.86  645.32 v place70560/Y (BUFx6f_ASAP7_75t_R)
  43.98  689.30 v place70559/Y (BUFx6f_ASAP7_75t_R)
  49.05  738.35 v place70557/Y (BUFx6f_ASAP7_75t_R)
  47.70  786.04 v place70556/Y (BUFx6f_ASAP7_75t_R)
  50.62  836.66 v place70554/Y (BUFx6f_ASAP7_75t_R)
  26.81  863.48 ^ _705007_/Y (NOR2x1_ASAP7_75t_R)
  30.79  894.27 v _807343_/SN (FAx1_ASAP7_75t_R)
  14.07  908.34 ^ _596326_/Y (INVx1_ASAP7_75t_R)
  31.30  939.64 v _807277_/SN (FAx1_ASAP7_75t_R)
  14.65  954.30 ^ _571750_/Y (INVx1_ASAP7_75t_R)
  31.81  986.11 v _807261_/SN (FAx1_ASAP7_75t_R)
  14.66 1000.77 ^ _693779_/Y (INVx1_ASAP7_75t_R)
  30.55 1031.32 v _807243_/SN (FAx1_ASAP7_75t_R)
  14.38 1045.70 ^ _592726_/Y (INVx1_ASAP7_75t_R)
  30.34 1076.04 v _807228_/SN (FAx1_ASAP7_75t_R)
  14.30 1090.34 ^ _521669_/Y (INVx1_ASAP7_75t_R)
  30.69 1121.02 v _807210_/SN (FAx1_ASAP7_75t_R)
  10.72 1131.74 ^ _634767_/Y (INVx1_ASAP7_75t_R)
  54.01 1185.75 v _869825_/SN (HAxp5_ASAP7_75t_R)
  33.93 1219.68 v _492978_/Y (OR3x1_ASAP7_75t_R)
   7.17 1226.86 ^ _492979_/Y (OAI21x1_ASAP7_75t_R)
  22.84 1249.70 ^ _492980_/Y (AO31x2_ASAP7_75t_R)
   9.11 1258.80 v _492985_/Y (OAI21x1_ASAP7_75t_R)
  18.51 1277.31 v _492986_/Y (OA21x2_ASAP7_75t_R)
  17.68 1294.99 v _492987_/Y (OA21x2_ASAP7_75t_R)
  17.09 1312.08 v _492988_/Y (OA21x2_ASAP7_75t_R)
  16.74 1328.82 v _492989_/Y (OA21x2_ASAP7_75t_R)
  21.18 1350.00 ^ _492990_/Y (XNOR2x2_ASAP7_75t_R)
   0.33 1350.33 ^ pair_q[304][18]$_DFFE_PP_/D (DFFHQNx1_ASAP7_75t_R)
        1350.33   data arrival time

1000.00 1000.00   clock core_clock (rise edge)
   0.00 1000.00   clock source latency
   0.00 1000.00 ^ clk (in)
  35.35 1035.35 ^ wire77954/Y (BUFx16f_ASAP7_75t_R)
  37.94 1073.30 ^ wire77953/Y (BUFx10_ASAP7_75t_R)
  33.87 1107.17 ^ clkbuf_0_clk/Y (BUFx24_ASAP7_75t_R)
  20.75 1127.93 ^ clkbuf_1_1_0_clk/Y (BUFx24_ASAP7_75t_R)
  21.48 1149.41 ^ clkbuf_1_1_1_clk/Y (BUFx24_ASAP7_75t_R)
  20.11 1169.52 ^ clkbuf_2_2_0_clk/Y (BUFx24_ASAP7_75t_R)
  21.23 1190.75 ^ clkbuf_3_5_0_clk/Y (BUFx24_ASAP7_75t_R)
  23.21 1213.96 ^ clkbuf_leaf_6_clk/Y (BUFx24_ASAP7_75t_R)
  16.51 1230.47 ^ _792304_/GCLK (ICGx1_ASAP7_75t_R)
  20.53 1251.00 ^ clkbuf_0__476577_/Y (BUFx24_ASAP7_75t_R)
  21.02 1272.02 ^ clkbuf_1_1_0__476577_/Y (BUFx24_ASAP7_75t_R)
  21.14 1293.16 ^ clkbuf_1_1_1__476577_/Y (BUFx24_ASAP7_75t_R)
  21.95 1315.10 ^ clkbuf_2_3_0__476577_/Y (BUFx24_ASAP7_75t_R)
  21.20 1336.30 ^ clkbuf_2_3_1__476577_/Y (BUFx24_ASAP7_75t_R)
  22.98 1359.28 ^ clkbuf_2_3_2__476577_/Y (BUFx24_ASAP7_75t_R)
  21.73 1381.01 ^ clkbuf_3_7_0__476577_/Y (BUFx24_ASAP7_75t_R)
  20.55 1401.57 ^ clkbuf_4_15_0__476577_/Y (BUFx24_ASAP7_75t_R)
  23.46 1425.03 ^ clkbuf_5_31_0__476577_/Y (BUFx24_ASAP7_75t_R)
  23.33 1448.36 ^ clkbuf_6_62_0__476577_/Y (BUFx24_ASAP7_75t_R)
  34.46 1482.81 ^ clkbuf_leaf_245__476577_/Y (BUFx24_ASAP7_75t_R)
   0.70 1483.51 ^ pair_q[304][18]$_DFFE_PP_/CLK (DFFHQNx1_ASAP7_75t_R)
-150.00 1333.51   clock uncertainty
   7.48 1340.98   clock reconvergence pessimism
  -5.85 1335.14   library setup time
        1335.14   data required time
---------------------------------------------------------
        1335.14   data required time
        -1350.33   data arrival time
---------------------------------------------------------
         -15.19   slack (VIOLATED)



==========================================================================
finish report_checks -path_delay min reg to reg
--------------------------------------------------------------------------
Startpoint: a_sym[24][1]$_DFFE_PN0P_
            (rising edge-triggered flip-flop clocked by core_clock)
Endpoint: cvlo2_q[25]$_DFF_P_
          (rising edge-triggered flip-flop clocked by core_clock)
Path Group: core_clock
Path Type: min

  Delay    Time   Description
---------------------------------------------------------
   0.00    0.00   clock core_clock (rise edge)
   0.00    0.00   clock source latency
   0.00    0.00 ^ clk (in)
  35.35   35.35 ^ wire77954/Y (BUFx16f_ASAP7_75t_R)
  37.94   73.30 ^ wire77953/Y (BUFx10_ASAP7_75t_R)
  33.87  107.17 ^ clkbuf_0_clk/Y (BUFx24_ASAP7_75t_R)
  18.39  125.57 ^ delaybuf_86_core_clock/Y (BUFx24_ASAP7_75t_R)
  17.03  142.60 ^ delaybuf_87_core_clock/Y (BUFx24_ASAP7_75t_R)
  17.03  159.63 ^ delaybuf_88_core_clock/Y (BUFx24_ASAP7_75t_R)
  17.02  176.65 ^ delaybuf_89_core_clock/Y (BUFx24_ASAP7_75t_R)
  17.04  193.69 ^ delaybuf_90_core_clock/Y (BUFx24_ASAP7_75t_R)
  17.07  210.77 ^ delaybuf_91_core_clock/Y (BUFx24_ASAP7_75t_R)
  17.10  227.87 ^ delaybuf_92_core_clock/Y (BUFx24_ASAP7_75t_R)
  17.14  245.00 ^ delaybuf_93_core_clock/Y (BUFx24_ASAP7_75t_R)
  17.58  262.58 ^ clkbuf_1_0_0_clk/Y (BUFx24_ASAP7_75t_R)
  21.78  284.36 ^ clkbuf_1_0_1_clk/Y (BUFx24_ASAP7_75t_R)
  21.67  306.03 ^ clkbuf_2_1_0_clk/Y (BUFx24_ASAP7_75t_R)
  23.06  329.09 ^ clkbuf_3_3_0_clk/Y (BUFx24_ASAP7_75t_R)
  31.93  361.02 ^ clkbuf_leaf_4_clk/Y (BUFx24_ASAP7_75t_R)
  17.70  378.72 ^ delaybuf_56_core_clock/Y (BUFx24_ASAP7_75t_R)
  16.78  395.50 ^ delaybuf_57_core_clock/Y (BUFx24_ASAP7_75t_R)
  17.50  413.00 ^ delaybuf_58_core_clock/Y (BUFx24_ASAP7_75t_R)
  18.96  431.96 ^ delaybuf_55_core_clock/Y (BUFx24_ASAP7_75t_R)
  14.89  446.85 ^ _792321_/GCLK (ICGx1_ASAP7_75t_R)
  23.09  469.93 ^ clkbuf_0__476594_/Y (BUFx24_ASAP7_75t_R)
  29.33  499.27 ^ clkbuf_4_12_0__476594_/Y (BUFx24_ASAP7_75t_R)
   1.99  501.26 ^ a_sym[24][1]$_DFFE_PN0P_/CLK (DFFASRHQNx1_ASAP7_75t_R)
  38.74  540.00 ^ a_sym[24][1]$_DFFE_PN0P_/QN (DFFASRHQNx1_ASAP7_75t_R)
  14.03  554.03 ^ hold81464/Y (BUFx2_ASAP7_75t_R)
  23.15  577.18 ^ place77747/Y (BUFx3_ASAP7_75t_R)
  17.36  594.54 v _762953_/Y (OAI22x1_ASAP7_75t_R)
   0.06  594.60 v cvlo2_q[25]$_DFF_P_/D (DFFHQNx1_ASAP7_75t_R)
         594.60   data arrival time

   0.00    0.00   clock core_clock (rise edge)
   0.00    0.00   clock source latency
   0.00    0.00 ^ clk (in)
  36.67   36.67 ^ wire77954/Y (BUFx16f_ASAP7_75t_R)
  18.34   55.01 ^ delaybuf_94_core_clock/Y (BUFx24_ASAP7_75t_R)
  17.20   72.21 ^ delaybuf_95_core_clock/Y (BUFx24_ASAP7_75t_R)
  16.77   88.99 ^ delaybuf_96_core_clock/Y (BUFx24_ASAP7_75t_R)
  16.83  105.81 ^ delaybuf_97_core_clock/Y (BUFx24_ASAP7_75t_R)
  16.79  122.61 ^ delaybuf_98_core_clock/Y (BUFx24_ASAP7_75t_R)
  16.93  139.54 ^ delaybuf_99_core_clock/Y (BUFx24_ASAP7_75t_R)
  16.85  156.39 ^ delaybuf_100_core_clock/Y (BUFx24_ASAP7_75t_R)
  16.84  173.23 ^ delaybuf_101_core_clock/Y (BUFx24_ASAP7_75t_R)
  16.94  190.17 ^ delaybuf_102_core_clock/Y (BUFx24_ASAP7_75t_R)
  17.22  207.40 ^ delaybuf_103_core_clock/Y (BUFx24_ASAP7_75t_R)
  16.83  224.23 ^ delaybuf_104_core_clock/Y (BUFx24_ASAP7_75t_R)
  17.02  241.25 ^ delaybuf_105_core_clock/Y (BUFx24_ASAP7_75t_R)
  17.26  258.50 ^ delaybuf_106_core_clock/Y (BUFx24_ASAP7_75t_R)
  17.03  275.53 ^ delaybuf_107_core_clock/Y (BUFx24_ASAP7_75t_R)
  16.96  292.49 ^ delaybuf_108_core_clock/Y (BUFx24_ASAP7_75t_R)
  17.05  309.54 ^ delaybuf_109_core_clock/Y (BUFx24_ASAP7_75t_R)
  16.78  326.33 ^ delaybuf_110_core_clock/Y (BUFx24_ASAP7_75t_R)
  16.81  343.14 ^ delaybuf_111_core_clock/Y (BUFx24_ASAP7_75t_R)
  16.92  360.06 ^ delaybuf_112_core_clock/Y (BUFx24_ASAP7_75t_R)
  17.31  377.37 ^ delaybuf_113_core_clock/Y (BUFx24_ASAP7_75t_R)
  16.81  394.17 ^ delaybuf_114_core_clock/Y (BUFx24_ASAP7_75t_R)
  16.85  411.02 ^ delaybuf_115_core_clock/Y (BUFx24_ASAP7_75t_R)
  16.79  427.81 ^ delaybuf_116_core_clock/Y (BUFx24_ASAP7_75t_R)
  17.25  445.06 ^ clkbuf_regs_0_core_clock/Y (BUFx24_ASAP7_75t_R)
  18.48  463.54 ^ clkbuf_0_clk_regs/Y (BUFx24_ASAP7_75t_R)
  24.23  487.78 ^ clkbuf_1_1_0_clk_regs/Y (BUFx24_ASAP7_75t_R)
  27.18  514.96 ^ clkbuf_3_4_0_clk_regs/Y (BUFx24_ASAP7_75t_R)
  45.33  560.29 ^ clkbuf_leaf_25_clk_regs/Y (BUFx24_ASAP7_75t_R)
   2.76  563.05 ^ cvlo2_q[25]$_DFF_P_/CLK (DFFHQNx1_ASAP7_75t_R)
  30.00  593.05   clock uncertainty
  -1.32  591.73   clock reconvergence pessimism
  12.33  604.06   library hold time
         604.06   data required time
---------------------------------------------------------
         604.06   data required time
        -594.60   data arrival time
---------------------------------------------------------
          -9.46   slack (VIOLATED)



==========================================================================
finish critical path target clock latency max path
--------------------------------------------------------------------------
540.9353

==========================================================================
finish critical path target clock latency min path
--------------------------------------------------------------------------
592.2338

==========================================================================
finish critical path source clock latency min path
--------------------------------------------------------------------------
800.0000

==========================================================================
finish critical path delay
--------------------------------------------------------------------------
1350.3312

==========================================================================
finish critical path slack
--------------------------------------------------------------------------
-15.1933

==========================================================================
finish slack div critical path delay
--------------------------------------------------------------------------
-1.125154

==========================================================================
finish report_power
--------------------------------------------------------------------------
Group                  Internal  Switching    Leakage      Total
                          Power      Power      Power      Power (Watts)
----------------------------------------------------------------
Sequential             7.25e-03   9.74e-04   3.58e-06   8.23e-03  18.1%
Combinational          1.13e-02   1.60e-02   2.99e-05   2.73e-02  60.0%
Clock                  6.68e-03   3.27e-03   1.68e-06   9.95e-03  21.9%
Macro                  0.00e+00   0.00e+00   0.00e+00   0.00e+00   0.0%
Pad                    0.00e+00   0.00e+00   0.00e+00   0.00e+00   0.0%
----------------------------------------------------------------
Total                  2.52e-02   2.02e-02   3.52e-05   4.55e-02 100.0%
                          55.4%      44.5%       0.1%
