
==========================================================================
finish report_tns
--------------------------------------------------------------------------
tns max -4608623.00

==========================================================================
finish report_wns
--------------------------------------------------------------------------
wns max -950.61

==========================================================================
finish report_worst_slack
--------------------------------------------------------------------------
worst slack max -950.61

==========================================================================
finish report_clock_min_period
--------------------------------------------------------------------------
core_clock period_min = 1950.61 fmax = 512.66
vclk_core_clock period_min = 0.00 fmax = inf
vclk_mem period_min = 0.00 fmax = inf

==========================================================================
finish report_clock_skew
--------------------------------------------------------------------------
Clock core_clock
 767.47 source latency oskid_v$_DFFE_PN0P_/CLK ^
-206.63 target latency _788327_/CLK ^
 150.00 clock uncertainty
  -6.10 CRPR
--------------
 704.74 setup skew

Clock vclk_core_clock
No launch/capture paths found.

Clock vclk_mem
No launch/capture paths found.


==========================================================================
finish report_checks -path_delay min
--------------------------------------------------------------------------
Startpoint: c_fut[365]$_DFF_P_
            (rising edge-triggered flip-flop clocked by core_clock)
Endpoint: c_cur[365]$_DFFE_PP_
          (rising edge-triggered flip-flop clocked by core_clock)
Path Group: core_clock
Path Type: min

Fanout     Cap    Slew   Delay    Time   Description
-----------------------------------------------------------------------------
                          0.00    0.00   clock core_clock (rise edge)
                          0.00    0.00   clock source latency
     1   10.56    0.00    0.00    0.00 ^ clk (in)
                                         clk (net)
                 14.75    4.65    4.65 ^ wire150385/A (BUFx24_ASAP7_75t_R)
     2   21.73   20.70   33.99   38.64 ^ wire150385/Y (BUFx24_ASAP7_75t_R)
                                         net149952 (net)
                 25.59    3.75   42.39 ^ delaybuf_41_core_clock/A (BUFx24_ASAP7_75t_R)
     1    1.66   12.50   35.09   77.48 ^ delaybuf_41_core_clock/Y (BUFx24_ASAP7_75t_R)
                                         delaynet_41_core_clock (net)
                 12.50    0.19   77.66 ^ delaybuf_42_core_clock/A (BUFx24_ASAP7_75t_R)
     1    2.03   12.71   30.57  108.24 ^ delaybuf_42_core_clock/Y (BUFx24_ASAP7_75t_R)
                                         delaynet_42_core_clock (net)
                 12.72    0.42  108.66 ^ delaybuf_43_core_clock/A (BUFx24_ASAP7_75t_R)
     1    1.74   12.49   30.55  139.21 ^ delaybuf_43_core_clock/Y (BUFx24_ASAP7_75t_R)
                                         delaynet_43_core_clock (net)
                 12.49    0.18  139.39 ^ delaybuf_44_core_clock/A (BUFx24_ASAP7_75t_R)
     1    1.95   12.64   30.54  169.93 ^ delaybuf_44_core_clock/Y (BUFx24_ASAP7_75t_R)
                                         delaynet_44_core_clock (net)
                 12.65    0.29  170.23 ^ delaybuf_45_core_clock/A (BUFx24_ASAP7_75t_R)
     1    2.05   12.72   30.63  200.86 ^ delaybuf_45_core_clock/Y (BUFx24_ASAP7_75t_R)
                                         delaynet_45_core_clock (net)
                 12.73    0.41  201.27 ^ delaybuf_46_core_clock/A (BUFx24_ASAP7_75t_R)
     1    2.05   12.72   30.66  231.92 ^ delaybuf_46_core_clock/Y (BUFx24_ASAP7_75t_R)
                                         delaynet_46_core_clock (net)
                 12.73    0.39  232.32 ^ delaybuf_47_core_clock/A (BUFx24_ASAP7_75t_R)
     1    1.96   12.65   30.63  262.94 ^ delaybuf_47_core_clock/Y (BUFx24_ASAP7_75t_R)
                                         delaynet_47_core_clock (net)
                 12.66    0.37  263.31 ^ delaybuf_48_core_clock/A (BUFx24_ASAP7_75t_R)
     1    1.94   12.64   30.60  293.91 ^ delaybuf_48_core_clock/Y (BUFx24_ASAP7_75t_R)
                                         delaynet_48_core_clock (net)
                 12.64    0.27  294.19 ^ delaybuf_49_core_clock/A (BUFx24_ASAP7_75t_R)
     1    2.03   12.71   30.62  324.80 ^ delaybuf_49_core_clock/Y (BUFx24_ASAP7_75t_R)
                                         delaynet_49_core_clock (net)
                 12.71    0.40  325.20 ^ delaybuf_50_core_clock/A (BUFx24_ASAP7_75t_R)
     1    1.87   12.58   30.59  355.79 ^ delaybuf_50_core_clock/Y (BUFx24_ASAP7_75t_R)
                                         delaynet_50_core_clock (net)
                 12.59    0.30  356.09 ^ delaybuf_51_core_clock/A (BUFx24_ASAP7_75t_R)
     1    1.95   12.64   30.57  386.66 ^ delaybuf_51_core_clock/Y (BUFx24_ASAP7_75t_R)
                                         delaynet_51_core_clock (net)
                 12.65    0.34  387.00 ^ delaybuf_52_core_clock/A (BUFx24_ASAP7_75t_R)
     1    2.03   12.70   30.62  417.62 ^ delaybuf_52_core_clock/Y (BUFx24_ASAP7_75t_R)
                                         delaynet_52_core_clock (net)
                 12.71    0.32  417.94 ^ delaybuf_53_core_clock/A (BUFx24_ASAP7_75t_R)
     1    1.84   12.56   30.58  448.53 ^ delaybuf_53_core_clock/Y (BUFx24_ASAP7_75t_R)
                                         delaynet_53_core_clock (net)
                 12.57    0.22  448.75 ^ delaybuf_54_core_clock/A (BUFx24_ASAP7_75t_R)
     1    2.00   12.68   30.59  479.33 ^ delaybuf_54_core_clock/Y (BUFx24_ASAP7_75t_R)
                                         delaynet_54_core_clock (net)
                 12.69    0.34  479.67 ^ delaybuf_55_core_clock/A (BUFx24_ASAP7_75t_R)
     1    2.16   12.80   30.68  510.35 ^ delaybuf_55_core_clock/Y (BUFx24_ASAP7_75t_R)
                                         delaynet_55_core_clock (net)
                 12.81    0.47  510.82 ^ clkbuf_regs_0_core_clock/A (BUFx24_ASAP7_75t_R)
     1    2.09   12.74   30.70  541.51 ^ clkbuf_regs_0_core_clock/Y (BUFx24_ASAP7_75t_R)
                                         clk_regs (net)
                 12.75    0.36  541.87 ^ clkbuf_0_clk_regs/A (BUFx24_ASAP7_75t_R)
     2   11.06   19.09   32.87  574.75 ^ clkbuf_0_clk_regs/Y (BUFx24_ASAP7_75t_R)
                                         clknet_0_clk_regs (net)
                 24.78    5.32  580.07 ^ clkbuf_1_0_0_clk_regs/A (BUFx24_ASAP7_75t_R)
     2   12.36   20.46   37.65  617.72 ^ clkbuf_1_0_0_clk_regs/Y (BUFx24_ASAP7_75t_R)
                                         clknet_1_0_0_clk_regs (net)
                 24.58    4.68  622.40 ^ clkbuf_2_1_0_clk_regs/A (BUFx24_ASAP7_75t_R)
    12   46.51   48.71   45.83  668.22 ^ clkbuf_2_1_0_clk_regs/Y (BUFx24_ASAP7_75t_R)
                                         clknet_2_1_0_clk_regs (net)
                 61.37   12.85  681.07 ^ clkbuf_leaf_33_clk_regs/A (BUFx24_ASAP7_75t_R)
    15   10.61   20.01   50.42  731.49 ^ clkbuf_leaf_33_clk_regs/Y (BUFx24_ASAP7_75t_R)
                                         clknet_leaf_33_clk_regs (net)
                 20.01    0.45  731.94 ^ c_fut[365]$_DFF_P_/CLK (DFFHQNx1_ASAP7_75t_R)
     1    0.41   22.79   71.07  803.01 ^ c_fut[365]$_DFF_P_/QN (DFFHQNx1_ASAP7_75t_R)
                                         _000242_ (net)
                 22.79    0.02  803.03 ^ hold151409/A (BUFx2_ASAP7_75t_R)
     1    0.45   10.07   27.20  830.23 ^ hold151409/Y (BUFx2_ASAP7_75t_R)
                                         net150977 (net)
                 10.07    0.03  830.26 ^ _735122_/A (INVx1_ASAP7_75t_R)
     1    0.37    6.97    8.40  838.66 v _735122_/Y (INVx1_ASAP7_75t_R)
                                         c_fut[365] (net)
                  6.97    0.03  838.69 v hold151410/A (BUFx2_ASAP7_75t_R)
     1    0.51   10.38   25.35  864.04 v hold151410/Y (BUFx2_ASAP7_75t_R)
                                         net150978 (net)
                 10.38    0.04  864.08 v c_cur[365]$_DFFE_PP_/D (DFFHQNx1_ASAP7_75t_R)
                                864.08   data arrival time

                          0.00    0.00   clock core_clock (rise edge)
                          0.00    0.00   clock source latency
     1   11.14    0.00    0.00    0.00 ^ clk (in)
                                         clk (net)
                 16.22    5.12    5.12 ^ wire150385/A (BUFx24_ASAP7_75t_R)
     2   22.91   21.20   34.67   39.79 ^ wire150385/Y (BUFx24_ASAP7_75t_R)
                                         net149952 (net)
                 90.83   27.91   67.70 ^ clkbuf_0_clk/A (BUFx24_ASAP7_75t_R)
     2    9.50   20.85   58.23  125.92 ^ clkbuf_0_clk/Y (BUFx24_ASAP7_75t_R)
                                         clknet_0_clk (net)
                 22.66    3.25  129.17 ^ clkbuf_1_1_0_clk/A (BUFx24_ASAP7_75t_R)
     3   19.06   25.34   39.14  168.31 ^ clkbuf_1_1_0_clk/Y (BUFx24_ASAP7_75t_R)
                                         clknet_1_1_0_clk (net)
                 26.32    2.38  170.69 ^ delaybuf_11_core_clock/A (BUFx24_ASAP7_75t_R)
     1    3.41   13.79   35.94  206.63 ^ delaybuf_11_core_clock/Y (BUFx24_ASAP7_75t_R)
                                         delaynet_11_core_clock (net)
                 13.83    0.77  207.40 ^ delaybuf_12_core_clock/A (BUFx24_ASAP7_75t_R)
     1    2.94   13.37   31.32  238.72 ^ delaybuf_12_core_clock/Y (BUFx24_ASAP7_75t_R)
                                         delaynet_12_core_clock (net)
                 13.40    0.62  239.34 ^ delaybuf_13_core_clock/A (BUFx24_ASAP7_75t_R)
     1    3.20   13.56   31.25  270.59 ^ delaybuf_13_core_clock/Y (BUFx24_ASAP7_75t_R)
                                         delaynet_13_core_clock (net)
                 13.60    0.77  271.35 ^ delaybuf_14_core_clock/A (BUFx24_ASAP7_75t_R)
     1    3.13   13.51   31.30  302.66 ^ delaybuf_14_core_clock/Y (BUFx24_ASAP7_75t_R)
                                         delaynet_14_core_clock (net)
                 13.55    0.70  303.36 ^ delaybuf_15_core_clock/A (BUFx24_ASAP7_75t_R)
     1    3.46   13.74   31.39  334.75 ^ delaybuf_15_core_clock/Y (BUFx24_ASAP7_75t_R)
                                         delaynet_15_core_clock (net)
                 13.79    0.79  335.54 ^ delaybuf_16_core_clock/A (BUFx24_ASAP7_75t_R)
     1    2.80   13.27   31.25  366.79 ^ delaybuf_16_core_clock/Y (BUFx24_ASAP7_75t_R)
                                         delaynet_16_core_clock (net)
                 13.30    0.63  367.42 ^ delaybuf_17_core_clock/A (BUFx24_ASAP7_75t_R)
     1    3.16   13.53   31.21  398.62 ^ delaybuf_17_core_clock/Y (BUFx24_ASAP7_75t_R)
                                         delaynet_17_core_clock (net)
                 13.57    0.72  399.34 ^ delaybuf_18_core_clock/A (BUFx24_ASAP7_75t_R)
     2   19.15   26.39   35.34  434.68 ^ delaybuf_18_core_clock/Y (BUFx24_ASAP7_75t_R)
                                         delaynet_18_core_clock (net)
                 31.99    6.28  440.96 ^ delaybuf_9_core_clock/A (BUFx24_ASAP7_75t_R)
     1    6.40   15.88   38.96  479.92 ^ delaybuf_9_core_clock/Y (BUFx24_ASAP7_75t_R)
                                         delaynet_9_core_clock (net)
                 17.16    2.44  482.37 ^ delaybuf_10_core_clock/A (BUFx24_ASAP7_75t_R)
     1    7.08   16.16   33.59  515.96 ^ delaybuf_10_core_clock/Y (BUFx24_ASAP7_75t_R)
                                         delaynet_10_core_clock (net)
                 17.72    2.59  518.55 ^ clkbuf_leaf_4_clk/A (BUFx24_ASAP7_75t_R)
     3   12.87   20.63   35.55  554.10 ^ clkbuf_leaf_4_clk/Y (BUFx24_ASAP7_75t_R)
                                         clknet_leaf_4_clk (net)
                 23.80    4.15  558.25 ^ _788334_/CLK (ICGx1_ASAP7_75t_R)
     1    2.79   46.12   37.70  595.94 ^ _788334_/GCLK (ICGx1_ASAP7_75t_R)
                                         _474566_ (net)
                 46.14    0.61  596.55 ^ clkbuf_0__474566_/A (BUFx24_ASAP7_75t_R)
     2   13.23   21.63   45.86  642.41 ^ clkbuf_0__474566_/Y (BUFx24_ASAP7_75t_R)
                                         clknet_0__474566_ (net)
                 24.63    4.08  646.49 ^ clkbuf_1_0_0__474566_/A (BUFx24_ASAP7_75t_R)
     2    8.95   17.52   37.04  683.53 ^ clkbuf_1_0_0__474566_/Y (BUFx24_ASAP7_75t_R)
                                         clknet_1_0_0__474566_ (net)
                 18.65    2.19  685.71 ^ clkbuf_2_0__f__474566_/A (BUFx24_ASAP7_75t_R)
    12   53.46   54.28   44.27  729.98 ^ clkbuf_2_0__f__474566_/Y (BUFx24_ASAP7_75t_R)
                                         clknet_2_0__leaf__474566_ (net)
                 75.09   17.47  747.45 ^ clkbuf_leaf_21__474566_/A (BUFx24_ASAP7_75t_R)
    18   13.76   23.08   55.68  803.13 ^ clkbuf_leaf_21__474566_/Y (BUFx24_ASAP7_75t_R)
                                         clknet_leaf_21__474566_ (net)
                 24.73    3.10  806.23 ^ c_cur[365]$_DFFE_PP_/CLK (DFFHQNx1_ASAP7_75t_R)
                        150.00  956.23   clock uncertainty
                         -1.15  955.08   clock reconvergence pessimism
                         21.51  976.58   library hold time
                                976.58   data required time
-----------------------------------------------------------------------------
                                976.58   data required time
                               -864.08   data arrival time
-----------------------------------------------------------------------------
                               -112.51   slack (VIOLATED)


Startpoint: out_pix_data[45]$_DFFE_PN0P_
            (rising edge-triggered flip-flop clocked by core_clock)
Endpoint: out_pix_data[45] (output port clocked by vclk_core_clock)
Path Group: vclk_core_clock
Path Type: min

Fanout     Cap    Slew   Delay    Time   Description
-----------------------------------------------------------------------------
                          0.00    0.00   clock core_clock (rise edge)
                          0.00    0.00   clock source latency
     1   10.56    0.00    0.00    0.00 ^ clk (in)
                                         clk (net)
                 14.75    4.65    4.65 ^ wire150385/A (BUFx24_ASAP7_75t_R)
     2   21.73   20.70   33.99   38.64 ^ wire150385/Y (BUFx24_ASAP7_75t_R)
                                         net149952 (net)
                 86.05   26.37   65.01 ^ clkbuf_0_clk/A (BUFx24_ASAP7_75t_R)
     2    8.32   19.85   56.81  121.81 ^ clkbuf_0_clk/Y (BUFx24_ASAP7_75t_R)
                                         clknet_0_clk (net)
                 21.16    2.82  124.63 ^ clkbuf_1_1_0_clk/A (BUFx24_ASAP7_75t_R)
     3   15.83   22.63   37.58  162.21 ^ clkbuf_1_1_0_clk/Y (BUFx24_ASAP7_75t_R)
                                         clknet_1_1_0_clk (net)
                 23.57    2.10  164.30 ^ delaybuf_11_core_clock/A (BUFx24_ASAP7_75t_R)
     1    2.82   13.33   34.70  199.00 ^ delaybuf_11_core_clock/Y (BUFx24_ASAP7_75t_R)
                                         delaynet_11_core_clock (net)
                 13.35    0.61  199.62 ^ delaybuf_12_core_clock/A (BUFx24_ASAP7_75t_R)
     1    2.35   12.94   30.96  230.58 ^ delaybuf_12_core_clock/Y (BUFx24_ASAP7_75t_R)
                                         delaynet_12_core_clock (net)
                 12.96    0.48  231.06 ^ delaybuf_13_core_clock/A (BUFx24_ASAP7_75t_R)
     1    2.61   13.13   30.92  261.98 ^ delaybuf_13_core_clock/Y (BUFx24_ASAP7_75t_R)
                                         delaynet_13_core_clock (net)
                 13.16    0.60  262.58 ^ delaybuf_14_core_clock/A (BUFx24_ASAP7_75t_R)
     1    2.55   13.08   30.96  293.54 ^ delaybuf_14_core_clock/Y (BUFx24_ASAP7_75t_R)
                                         delaynet_14_core_clock (net)
                 13.10    0.55  294.09 ^ delaybuf_15_core_clock/A (BUFx24_ASAP7_75t_R)
     1    2.87   13.32   31.05  325.14 ^ delaybuf_15_core_clock/Y (BUFx24_ASAP7_75t_R)
                                         delaynet_15_core_clock (net)
                 13.35    0.63  325.77 ^ delaybuf_16_core_clock/A (BUFx24_ASAP7_75t_R)
     1    2.21   12.84   30.91  356.68 ^ delaybuf_16_core_clock/Y (BUFx24_ASAP7_75t_R)
                                         delaynet_16_core_clock (net)
                 12.85    0.48  357.16 ^ delaybuf_17_core_clock/A (BUFx24_ASAP7_75t_R)
     1    2.57   13.10   30.87  388.03 ^ delaybuf_17_core_clock/Y (BUFx24_ASAP7_75t_R)
                                         delaynet_17_core_clock (net)
                 13.12    0.57  388.60 ^ delaybuf_18_core_clock/A (BUFx24_ASAP7_75t_R)
     2   17.97   25.31   34.97  423.57 ^ delaybuf_18_core_clock/Y (BUFx24_ASAP7_75t_R)
                                         delaynet_18_core_clock (net)
                 30.48    5.91  429.48 ^ clkbuf_leaf_5_clk/A (BUFx24_ASAP7_75t_R)
     4   23.66   29.29   42.42  471.90 ^ clkbuf_leaf_5_clk/Y (BUFx24_ASAP7_75t_R)
                                         clknet_leaf_5_clk (net)
                 33.30    5.28  477.18 ^ _788324_/CLK (ICGx1_ASAP7_75t_R)
     1    1.72   30.70   32.85  510.02 ^ _788324_/GCLK (ICGx1_ASAP7_75t_R)
                                         _474556_ (net)
                 30.70    0.22  510.24 ^ clkbuf_0__474556_/A (BUFx24_ASAP7_75t_R)
     2   10.84   19.07   39.83  550.07 ^ clkbuf_0__474556_/Y (BUFx24_ASAP7_75t_R)
                                         clknet_0__474556_ (net)
                 20.51    2.55  552.62 ^ clkbuf_1_1_0__474556_/A (BUFx24_ASAP7_75t_R)
     2    7.65   16.45   34.79  587.41 ^ clkbuf_1_1_0__474556_/Y (BUFx24_ASAP7_75t_R)
                                         clknet_1_1_0__474556_ (net)
                 19.73    3.79  591.20 ^ clkbuf_2_3_0__474556_/A (BUFx24_ASAP7_75t_R)
     2    9.39   17.62   35.03  626.23 ^ clkbuf_2_3_0__474556_/Y (BUFx24_ASAP7_75t_R)
                                         clknet_2_3_0__474556_ (net)
                 21.07    3.86  630.09 ^ clkbuf_3_7_0__474556_/A (BUFx24_ASAP7_75t_R)
     2    8.20   16.86   35.27  665.36 ^ clkbuf_3_7_0__474556_/Y (BUFx24_ASAP7_75t_R)
                                         clknet_3_7_0__474556_ (net)
                 19.43    3.34  668.69 ^ clkbuf_4_15_0__474556_/A (BUFx24_ASAP7_75t_R)
     7   14.01   21.15   35.47  704.16 ^ clkbuf_4_15_0__474556_/Y (BUFx24_ASAP7_75t_R)
                                         clknet_4_15_0__474556_ (net)
                 33.58    8.50  712.66 ^ out_pix_data[45]$_DFFE_PN0P_/CLK (DFFASRHQNx1_ASAP7_75t_R)
     1    1.56   43.40   94.85  807.51 ^ out_pix_data[45]$_DFFE_PN0P_/QN (DFFASRHQNx1_ASAP7_75t_R)
                                         _012989_ (net)
                 43.42    0.42  807.93 ^ _769762_/A (INVx1_ASAP7_75t_R)
     1    0.49   16.25   16.67  824.60 v _769762_/Y (INVx1_ASAP7_75t_R)
                                         net17612 (net)
                 16.25    0.04  824.64 v output18045/A (BUFx2_ASAP7_75t_R)
     1    5.21   36.35   41.06  865.69 v output18045/Y (BUFx2_ASAP7_75t_R)
                                         out_pix_data[45] (net)
                 37.70    3.80  869.50 v out_pix_data[45] (out)
                                869.50   data arrival time

                  0.00    0.00    0.00   clock vclk_core_clock (rise edge)
                        800.00  800.00   clock network delay (ideal)
                          0.00  800.00   clock reconvergence pessimism
                       -500.00  300.00   output external delay
                                300.00   data required time
-----------------------------------------------------------------------------
                                300.00   data required time
                               -869.50   data arrival time
-----------------------------------------------------------------------------
                                569.50   slack (MET)


Startpoint: in_data_q[61]$_DFFE_PN0P_
            (rising edge-triggered flip-flop clocked by core_clock)
Endpoint: mem_wdata[1021] (output port clocked by vclk_mem)
Path Group: vclk_mem
Path Type: min

Fanout     Cap    Slew   Delay    Time   Description
-----------------------------------------------------------------------------
                          0.00    0.00   clock core_clock (rise edge)
                          0.00    0.00   clock source latency
     1   10.56    0.00    0.00    0.00 ^ clk (in)
                                         clk (net)
                 14.75    4.65    4.65 ^ wire150385/A (BUFx24_ASAP7_75t_R)
     2   21.73   20.70   33.99   38.64 ^ wire150385/Y (BUFx24_ASAP7_75t_R)
                                         net149952 (net)
                 86.05   26.37   65.01 ^ clkbuf_0_clk/A (BUFx24_ASAP7_75t_R)
     2    8.32   19.85   56.81  121.81 ^ clkbuf_0_clk/Y (BUFx24_ASAP7_75t_R)
                                         clknet_0_clk (net)
                 19.91    0.95  122.76 ^ delaybuf_31_core_clock/A (BUFx24_ASAP7_75t_R)
     1    2.22   12.85   33.10  155.86 ^ delaybuf_31_core_clock/Y (BUFx24_ASAP7_75t_R)
                                         delaynet_31_core_clock (net)
                 12.86    0.43  156.30 ^ delaybuf_32_core_clock/A (BUFx24_ASAP7_75t_R)
     1    2.24   12.87   30.76  187.05 ^ delaybuf_32_core_clock/Y (BUFx24_ASAP7_75t_R)
                                         delaynet_32_core_clock (net)
                 12.89    0.55  187.60 ^ delaybuf_33_core_clock/A (BUFx24_ASAP7_75t_R)
     1    2.38   12.97   30.82  218.42 ^ delaybuf_33_core_clock/Y (BUFx24_ASAP7_75t_R)
                                         delaynet_33_core_clock (net)
                 12.99    0.55  218.97 ^ delaybuf_34_core_clock/A (BUFx24_ASAP7_75t_R)
     1    2.33   12.93   30.84  249.80 ^ delaybuf_34_core_clock/Y (BUFx24_ASAP7_75t_R)
                                         delaynet_34_core_clock (net)
                 12.94    0.47  250.28 ^ delaybuf_35_core_clock/A (BUFx24_ASAP7_75t_R)
     1    2.29   12.90   30.81  281.09 ^ delaybuf_35_core_clock/Y (BUFx24_ASAP7_75t_R)
                                         delaynet_35_core_clock (net)
                 12.91    0.43  281.52 ^ delaybuf_36_core_clock/A (BUFx24_ASAP7_75t_R)
     1    2.33   12.92   30.81  312.32 ^ delaybuf_36_core_clock/Y (BUFx24_ASAP7_75t_R)
                                         delaynet_36_core_clock (net)
                 12.94    0.50  312.82 ^ delaybuf_37_core_clock/A (BUFx24_ASAP7_75t_R)
     1    2.07   12.73   30.73  343.55 ^ delaybuf_37_core_clock/Y (BUFx24_ASAP7_75t_R)
                                         delaynet_37_core_clock (net)
                 12.74    0.42  343.97 ^ delaybuf_38_core_clock/A (BUFx24_ASAP7_75t_R)
     1    2.36   12.95   30.76  374.73 ^ delaybuf_38_core_clock/Y (BUFx24_ASAP7_75t_R)
                                         delaynet_38_core_clock (net)
                 12.97    0.57  375.29 ^ delaybuf_39_core_clock/A (BUFx24_ASAP7_75t_R)
     1    2.48   13.03   30.88  406.17 ^ delaybuf_39_core_clock/Y (BUFx24_ASAP7_75t_R)
                                         delaynet_39_core_clock (net)
                 13.05    0.54  406.71 ^ delaybuf_40_core_clock/A (BUFx24_ASAP7_75t_R)
     1    2.17   12.81   30.80  437.51 ^ delaybuf_40_core_clock/Y (BUFx24_ASAP7_75t_R)
                                         delaynet_40_core_clock (net)
                 12.82    0.47  437.98 ^ clkbuf_1_0_0_clk/A (BUFx24_ASAP7_75t_R)
     4   38.02   32.03   33.78  471.76 ^ clkbuf_1_0_0_clk/Y (BUFx24_ASAP7_75t_R)
                                         clknet_1_0_0_clk (net)
                147.28   46.04  517.80 ^ clkbuf_leaf_7_clk/A (BUFx24_ASAP7_75t_R)
     4    6.03   21.64   69.81  587.61 ^ clkbuf_leaf_7_clk/Y (BUFx24_ASAP7_75t_R)
                                         clknet_leaf_7_clk (net)
                 21.64    0.24  587.85 ^ _788329_/CLK (ICGx1_ASAP7_75t_R)
     1    2.11   36.13   32.90  620.75 ^ _788329_/GCLK (ICGx1_ASAP7_75t_R)
                                         _474561_ (net)
                 36.14    0.43  621.18 ^ clkbuf_0__474561_/A (BUFx24_ASAP7_75t_R)
     8   20.22   27.36   44.45  665.64 ^ clkbuf_0__474561_/Y (BUFx24_ASAP7_75t_R)
                                         clknet_0__474561_ (net)
                 29.11    3.59  669.23 ^ clkbuf_3_3_0__474561_/A (BUFx24_ASAP7_75t_R)
     2    4.17   14.37   37.25  706.48 ^ clkbuf_3_3_0__474561_/Y (BUFx24_ASAP7_75t_R)
                                         clknet_3_3_0__474561_ (net)
                 14.44    0.94  707.42 ^ clkbuf_4_6__f__474561_/A (BUFx24_ASAP7_75t_R)
    10    6.19   15.63   32.59  740.01 ^ clkbuf_4_6__f__474561_/Y (BUFx24_ASAP7_75t_R)
                                         clknet_4_6__leaf__474561_ (net)
                 15.64    0.32  740.33 ^ in_data_q[61]$_DFFE_PN0P_/CLK (DFFASRHQNx1_ASAP7_75t_R)
     2    1.89   48.50   91.65  831.98 ^ in_data_q[61]$_DFFE_PN0P_/QN (DFFASRHQNx1_ASAP7_75t_R)
                                         _001913_ (net)
                 48.51    0.13  832.11 ^ load_slew150379/A (BUFx6f_ASAP7_75t_R)
     2    7.09   26.55   37.85  869.96 ^ load_slew150379/Y (BUFx6f_ASAP7_75t_R)
                                         net149946 (net)
                 31.50    5.97  875.92 ^ _745655_/B (NOR2x1_ASAP7_75t_R)
     1    0.60   15.39   17.66  893.59 v _745655_/Y (NOR2x1_ASAP7_75t_R)
                                         net9648 (net)
                 15.39    0.05  893.64 v output10081/A (BUFx2_ASAP7_75t_R)
     1    1.04   12.79   29.97  923.61 v output10081/Y (BUFx2_ASAP7_75t_R)
                                         mem_wdata[1021] (net)
                 12.80    0.15  923.77 v mem_wdata[1021] (out)
                                923.77   data arrival time

                  0.00    0.00    0.00   clock vclk_mem (rise edge)
                        800.00  800.00   clock network delay (ideal)
                          0.00  800.00   clock reconvergence pessimism
                       -500.00  300.00   output external delay
                                300.00   data required time
-----------------------------------------------------------------------------
                                300.00   data required time
                               -923.77   data arrival time
-----------------------------------------------------------------------------
                                623.77   slack (MET)



==========================================================================
finish report_checks -path_delay max
--------------------------------------------------------------------------
Startpoint: mod_x[3]$_DFFE_PN0P_
            (rising edge-triggered flip-flop clocked by core_clock)
Endpoint: c_fut[127]$_DFF_P_
          (rising edge-triggered flip-flop clocked by core_clock)
Path Group: core_clock
Path Type: max

Fanout     Cap    Slew   Delay    Time   Description
-----------------------------------------------------------------------------
                          0.00    0.00   clock core_clock (rise edge)
                          0.00    0.00   clock source latency
     1   11.14    0.00    0.00    0.00 ^ clk (in)
                                         clk (net)
                 16.22    5.12    5.12 ^ wire150385/A (BUFx24_ASAP7_75t_R)
     2   22.91   21.20   34.67   39.79 ^ wire150385/Y (BUFx24_ASAP7_75t_R)
                                         net149952 (net)
                 90.83   27.91   67.70 ^ clkbuf_0_clk/A (BUFx24_ASAP7_75t_R)
     2    9.50   20.85   58.23  125.92 ^ clkbuf_0_clk/Y (BUFx24_ASAP7_75t_R)
                                         clknet_0_clk (net)
                 21.10    1.14  127.06 ^ delaybuf_31_core_clock/A (BUFx24_ASAP7_75t_R)
     1    2.81   13.29   33.75  160.81 ^ delaybuf_31_core_clock/Y (BUFx24_ASAP7_75t_R)
                                         delaynet_31_core_clock (net)
                 13.31    0.56  161.38 ^ delaybuf_32_core_clock/A (BUFx24_ASAP7_75t_R)
     1    2.83   13.30   31.10  192.48 ^ delaybuf_32_core_clock/Y (BUFx24_ASAP7_75t_R)
                                         delaynet_32_core_clock (net)
                 13.34    0.71  193.19 ^ delaybuf_33_core_clock/A (BUFx24_ASAP7_75t_R)
     1    2.97   13.40   31.16  224.34 ^ delaybuf_33_core_clock/Y (BUFx24_ASAP7_75t_R)
                                         delaynet_33_core_clock (net)
                 13.43    0.72  225.06 ^ delaybuf_34_core_clock/A (BUFx24_ASAP7_75t_R)
     1    2.92   13.36   31.18  256.24 ^ delaybuf_34_core_clock/Y (BUFx24_ASAP7_75t_R)
                                         delaynet_34_core_clock (net)
                 13.38    0.61  256.85 ^ delaybuf_35_core_clock/A (BUFx24_ASAP7_75t_R)
     1    2.88   13.33   31.15  288.00 ^ delaybuf_35_core_clock/Y (BUFx24_ASAP7_75t_R)
                                         delaynet_35_core_clock (net)
                 13.35    0.56  288.56 ^ delaybuf_36_core_clock/A (BUFx24_ASAP7_75t_R)
     1    2.91   13.35   31.15  319.71 ^ delaybuf_36_core_clock/Y (BUFx24_ASAP7_75t_R)
                                         delaynet_36_core_clock (net)
                 13.38    0.64  320.35 ^ delaybuf_37_core_clock/A (BUFx24_ASAP7_75t_R)
     1    2.65   13.16   31.07  351.42 ^ delaybuf_37_core_clock/Y (BUFx24_ASAP7_75t_R)
                                         delaynet_37_core_clock (net)
                 13.18    0.55  351.97 ^ delaybuf_38_core_clock/A (BUFx24_ASAP7_75t_R)
     1    2.94   13.38   31.09  383.07 ^ delaybuf_38_core_clock/Y (BUFx24_ASAP7_75t_R)
                                         delaynet_38_core_clock (net)
                 13.42    0.73  383.80 ^ delaybuf_39_core_clock/A (BUFx24_ASAP7_75t_R)
     1    3.07   13.46   31.22  415.02 ^ delaybuf_39_core_clock/Y (BUFx24_ASAP7_75t_R)
                                         delaynet_39_core_clock (net)
                 13.50    0.69  415.71 ^ delaybuf_40_core_clock/A (BUFx24_ASAP7_75t_R)
     1    2.76   13.24   31.14  446.85 ^ delaybuf_40_core_clock/Y (BUFx24_ASAP7_75t_R)
                                         delaynet_40_core_clock (net)
                 13.27    0.62  447.47 ^ clkbuf_1_0_0_clk/A (BUFx24_ASAP7_75t_R)
     4   40.37   33.61   33.99  481.46 ^ clkbuf_1_0_0_clk/Y (BUFx24_ASAP7_75t_R)
                                         clknet_1_0_0_clk (net)
                 92.20   25.18  506.65 ^ delaybuf_30_core_clock/A (BUFx24_ASAP7_75t_R)
     3   19.50   28.18   60.55  567.20 ^ delaybuf_30_core_clock/Y (BUFx24_ASAP7_75t_R)
                                         delaynet_30_core_clock (net)
                 28.74    1.81  569.01 ^ delaybuf_27_core_clock/A (BUFx24_ASAP7_75t_R)
     1    7.93   16.79   38.13  607.14 ^ delaybuf_27_core_clock/Y (BUFx24_ASAP7_75t_R)
                                         delaynet_27_core_clock (net)
                 18.99    3.08  610.22 ^ delaybuf_28_core_clock/A (BUFx24_ASAP7_75t_R)
     1    5.79   15.35   33.85  644.07 ^ delaybuf_28_core_clock/Y (BUFx24_ASAP7_75t_R)
                                         delaynet_28_core_clock (net)
                 16.58    2.43  646.50 ^ delaybuf_29_core_clock/A (BUFx24_ASAP7_75t_R)
     1    6.07   15.54   33.15  679.65 ^ delaybuf_29_core_clock/Y (BUFx24_ASAP7_75t_R)
                                         delaynet_29_core_clock (net)
                 16.58    2.23  681.89 ^ clkbuf_leaf_2_clk/A (BUFx24_ASAP7_75t_R)
     2    4.52   14.46   32.81  714.69 ^ clkbuf_leaf_2_clk/Y (BUFx24_ASAP7_75t_R)
                                         clknet_leaf_2_clk (net)
                 14.46    0.29  714.99 ^ delaybuf_21_core_clock/A (BUFx24_ASAP7_75t_R)
     3    6.29   15.68   32.68  747.67 ^ delaybuf_21_core_clock/Y (BUFx24_ASAP7_75t_R)
                                         delaynet_21_core_clock (net)
                 15.72    0.62  748.29 ^ _788320_/CLK (ICGx1_ASAP7_75t_R)
     1    0.65   14.52   21.56  769.85 ^ _788320_/GCLK (ICGx1_ASAP7_75t_R)
                                         _474552_ (net)
                 14.52    0.06  769.91 ^ mod_x[3]$_DFFE_PN0P_/CLK (DFFASRHQNx1_ASAP7_75t_R)
     2    1.82   49.35   96.91  866.82 v mod_x[3]$_DFFE_PN0P_/QN (DFFASRHQNx1_ASAP7_75t_R)
                                         _370633_ (net)
                 49.36    0.14  866.95 v _570414_/A (INVx2_ASAP7_75t_R)
     2    5.07   48.62   35.98  902.94 ^ _570414_/Y (INVx2_ASAP7_75t_R)
                                         mod_x[3] (net)
                 48.74    1.42  904.35 ^ _844502_/A (HAxp5_ASAP7_75t_R)
     1    0.99   44.45   51.60  955.96 ^ _844502_/SN (HAxp5_ASAP7_75t_R)
                                         _315946_ (net)
                 44.45    0.17  956.12 ^ _634385_/A (INVx1_ASAP7_75t_R)
     1    0.92   20.47   20.22  976.34 v _634385_/Y (INVx1_ASAP7_75t_R)
                                         _315948_ (net)
                 20.47    0.07  976.41 v _860931_/B (HAxp5_ASAP7_75t_R)
     3    2.49   71.46   40.94 1017.35 ^ _860931_/CON (HAxp5_ASAP7_75t_R)
                                         _371454_ (net)
     1    1.15   51.75   33.17 1050.53 v _860931_/SN (HAxp5_ASAP7_75t_R)
                                         _371455_ (net)
                 51.75    0.05 1050.58 v place114177/A (BUFx6f_ASAP7_75t_R)
     7    5.89   18.52   42.14 1092.72 v place114177/Y (BUFx6f_ASAP7_75t_R)
                                         net113744 (net)
                 18.56    0.42 1093.13 v _479236_/B (OR3x1_ASAP7_75t_R)
     2    1.86   32.82   53.39 1146.52 v _479236_/Y (OR3x1_ASAP7_75t_R)
                                         _406409_ (net)
                 32.83    0.16 1146.68 v _479240_/B (NAND3x1_ASAP7_75t_R)
     3    2.22   50.41   37.52 1184.20 ^ _479240_/Y (NAND3x1_ASAP7_75t_R)
                                         _406413_ (net)
                 50.41    0.07 1184.27 ^ _479249_/A1 (AO221x1_ASAP7_75t_R)
     3    2.81   50.56   67.72 1251.99 ^ _479249_/Y (AO221x1_ASAP7_75t_R)
                                         _406422_ (net)
                 50.57    0.35 1252.34 ^ place111313/A (BUFx3_ASAP7_75t_R)
     4    4.10   27.03   42.88 1295.21 ^ place111313/Y (BUFx3_ASAP7_75t_R)
                                         net110880 (net)
                 27.06    0.46 1295.68 ^ _479282_/A1 (AO31x2_ASAP7_75t_R)
     4    5.07   46.08   49.52 1345.20 ^ _479282_/Y (AO31x2_ASAP7_75t_R)
                                         _406455_ (net)
                 46.08    0.26 1345.45 ^ place108849/A (BUFx6f_ASAP7_75t_R)
    15   18.98   56.68   49.58 1395.04 ^ place108849/Y (BUFx6f_ASAP7_75t_R)
                                         net108416 (net)
                 57.07    2.80 1397.84 ^ place108844/A (BUFx12f_ASAP7_75t_R)
    22   27.63   46.92   42.91 1440.75 ^ place108844/Y (BUFx12f_ASAP7_75t_R)
                                         net108411 (net)
                 64.99   14.97 1455.73 ^ place108843/A (BUFx6f_ASAP7_75t_R)
    17   18.95   55.73   55.42 1511.15 ^ place108843/Y (BUFx6f_ASAP7_75t_R)
                                         net108410 (net)
                 56.97    4.56 1515.70 ^ place108840/A (BUFx6f_ASAP7_75t_R)
     9    7.84   27.33   42.10 1557.81 ^ place108840/Y (BUFx6f_ASAP7_75t_R)
                                         net108407 (net)
                 27.33    0.19 1557.99 ^ _747023_/B (AND3x1_ASAP7_75t_R)
     4    3.55   61.81   59.40 1617.39 ^ _747023_/Y (AND3x1_ASAP7_75t_R)
                                         _455361_ (net)
                 61.82    0.47 1617.86 ^ _750033_/C (OR4x1_ASAP7_75t_R)
     1    0.62   16.04   36.32 1654.18 ^ _750033_/Y (OR4x1_ASAP7_75t_R)
                                         _458350_ (net)
                 16.04    0.05 1654.23 ^ _750035_/C (AND4x1_ASAP7_75t_R)
     2    4.75   81.12   74.78 1729.00 ^ _750035_/Y (AND4x1_ASAP7_75t_R)
                                         _458352_ (net)
                 81.16    1.13 1730.13 ^ place106333/A (BUFx2_ASAP7_75t_R)
     1    1.14   17.12   45.95 1776.08 ^ place106333/Y (BUFx2_ASAP7_75t_R)
                                         net105900 (net)
                 17.13    0.12 1776.20 ^ _750036_/B1 (OAI22x1_ASAP7_75t_R)
     1    1.71   31.72   20.85 1797.05 v _750036_/Y (OAI22x1_ASAP7_75t_R)
                                         _458353_ (net)
                 31.72    0.27 1797.32 v _750037_/C (AO221x1_ASAP7_75t_R)
     2    2.67   39.25   63.63 1860.95 v _750037_/Y (AO221x1_ASAP7_75t_R)
                                         _458354_ (net)
                 39.27    0.47 1861.42 v _760444_/B (NAND2x1_ASAP7_75t_R)
     1    0.58   29.46   21.66 1883.08 ^ _760444_/Y (NAND2x1_ASAP7_75t_R)
                                         _468089_ (net)
                 29.46    0.04 1883.12 ^ _760445_/B (OA21x2_ASAP7_75t_R)
     2   20.76  170.09   93.69 1976.82 ^ _760445_/Y (OA21x2_ASAP7_75t_R)
                                         cv3[124] (net)
                176.13   17.51 1994.33 ^ _800560_/CI (FAx1_ASAP7_75t_R)
     1    1.10   73.55   63.62 2057.95 v _800560_/CON (FAx1_ASAP7_75t_R)
                                         _088318_ (net)
     1    1.10   94.31   40.04 2097.99 ^ _800560_/SN (FAx1_ASAP7_75t_R)
                                         _088319_ (net)
                 94.31    0.18 2098.17 ^ _548380_/A (INVx1_ASAP7_75t_R)
     1    1.15   33.18   30.86 2129.03 v _548380_/Y (INVx1_ASAP7_75t_R)
                                         _088321_ (net)
                 33.18    0.12 2129.15 v _873042_/A (HAxp5_ASAP7_75t_R)
     2    1.26   56.13   65.58 2194.73 v _873042_/SN (HAxp5_ASAP7_75t_R)
                                         _404763_ (net)
                 56.13    0.10 2194.83 v _481012_/A1 (OA21x2_ASAP7_75t_R)
     2    1.51   18.90   47.97 2242.80 v _481012_/Y (OA21x2_ASAP7_75t_R)
                                         _408174_ (net)
                 18.91    0.14 2242.94 v _481013_/A2 (OA21x2_ASAP7_75t_R)
     1    0.71   14.85   37.24 2280.18 v _481013_/Y (OA21x2_ASAP7_75t_R)
                                         _408175_ (net)
                 14.85    0.08 2280.26 v _481014_/A2 (OA21x2_ASAP7_75t_R)
     1    0.95   16.16   37.00 2317.26 v _481014_/Y (OA21x2_ASAP7_75t_R)
                                         _408176_ (net)
                 16.16    0.07 2317.33 v _481015_/B (XOR2x2_ASAP7_75t_R)
     1    0.94   17.67   49.86 2367.19 ^ _481015_/Y (XOR2x2_ASAP7_75t_R)
                                         _408177_ (net)
                 17.68    0.08 2367.27 ^ _481016_/B (XNOR2x2_ASAP7_75t_R)
     1    0.85   15.62   52.94 2420.21 v _481016_/Y (XNOR2x2_ASAP7_75t_R)
                                         _408178_ (net)
                 15.63    0.07 2420.27 v _481017_/B (XNOR2x2_ASAP7_75t_R)
     1    0.99   17.44   40.64 2460.92 v _481017_/Y (XNOR2x2_ASAP7_75t_R)
                                         _408179_ (net)
                 17.44    0.09 2461.00 v _481018_/B (XOR2x2_ASAP7_75t_R)
     1    0.75   17.13   49.49 2510.50 ^ _481018_/Y (XOR2x2_ASAP7_75t_R)
                                         c_nxt[127] (net)
                 17.14    0.07 2510.57 ^ c_fut[127]$_DFF_P_/D (DFFHQNx1_ASAP7_75t_R)
                               2510.57   data arrival time

                       1000.00 1000.00   clock core_clock (rise edge)
                          0.00 1000.00   clock source latency
     1   10.56    0.00    0.00 1000.00 ^ clk (in)
                                         clk (net)
                 14.75    4.65 1004.65 ^ wire150385/A (BUFx24_ASAP7_75t_R)
     2   21.73   20.70   33.99 1038.64 ^ wire150385/Y (BUFx24_ASAP7_75t_R)
                                         net149952 (net)
                 25.59    3.75 1042.39 ^ delaybuf_41_core_clock/A (BUFx24_ASAP7_75t_R)
     1    1.66   12.50   35.09 1077.48 ^ delaybuf_41_core_clock/Y (BUFx24_ASAP7_75t_R)
                                         delaynet_41_core_clock (net)
                 12.50    0.19 1077.66 ^ delaybuf_42_core_clock/A (BUFx24_ASAP7_75t_R)
     1    2.03   12.71   30.57 1108.24 ^ delaybuf_42_core_clock/Y (BUFx24_ASAP7_75t_R)
                                         delaynet_42_core_clock (net)
                 12.72    0.42 1108.66 ^ delaybuf_43_core_clock/A (BUFx24_ASAP7_75t_R)
     1    1.74   12.49   30.55 1139.20 ^ delaybuf_43_core_clock/Y (BUFx24_ASAP7_75t_R)
                                         delaynet_43_core_clock (net)
                 12.49    0.18 1139.39 ^ delaybuf_44_core_clock/A (BUFx24_ASAP7_75t_R)
     1    1.95   12.64   30.54 1169.93 ^ delaybuf_44_core_clock/Y (BUFx24_ASAP7_75t_R)
                                         delaynet_44_core_clock (net)
                 12.65    0.29 1170.23 ^ delaybuf_45_core_clock/A (BUFx24_ASAP7_75t_R)
     1    2.05   12.72   30.63 1200.86 ^ delaybuf_45_core_clock/Y (BUFx24_ASAP7_75t_R)
                                         delaynet_45_core_clock (net)
                 12.73    0.41 1201.27 ^ delaybuf_46_core_clock/A (BUFx24_ASAP7_75t_R)
     1    2.05   12.72   30.66 1231.92 ^ delaybuf_46_core_clock/Y (BUFx24_ASAP7_75t_R)
                                         delaynet_46_core_clock (net)
                 12.73    0.39 1232.32 ^ delaybuf_47_core_clock/A (BUFx24_ASAP7_75t_R)
     1    1.96   12.65   30.63 1262.94 ^ delaybuf_47_core_clock/Y (BUFx24_ASAP7_75t_R)
                                         delaynet_47_core_clock (net)
                 12.66    0.37 1263.31 ^ delaybuf_48_core_clock/A (BUFx24_ASAP7_75t_R)
     1    1.94   12.64   30.60 1293.91 ^ delaybuf_48_core_clock/Y (BUFx24_ASAP7_75t_R)
                                         delaynet_48_core_clock (net)
                 12.64    0.27 1294.19 ^ delaybuf_49_core_clock/A (BUFx24_ASAP7_75t_R)
     1    2.03   12.71   30.62 1324.80 ^ delaybuf_49_core_clock/Y (BUFx24_ASAP7_75t_R)
                                         delaynet_49_core_clock (net)
                 12.71    0.40 1325.20 ^ delaybuf_50_core_clock/A (BUFx24_ASAP7_75t_R)
     1    1.87   12.58   30.59 1355.79 ^ delaybuf_50_core_clock/Y (BUFx24_ASAP7_75t_R)
                                         delaynet_50_core_clock (net)
                 12.59    0.30 1356.09 ^ delaybuf_51_core_clock/A (BUFx24_ASAP7_75t_R)
     1    1.95   12.64   30.57 1386.66 ^ delaybuf_51_core_clock/Y (BUFx24_ASAP7_75t_R)
                                         delaynet_51_core_clock (net)
                 12.65    0.34 1387.00 ^ delaybuf_52_core_clock/A (BUFx24_ASAP7_75t_R)
     1    2.03   12.70   30.62 1417.62 ^ delaybuf_52_core_clock/Y (BUFx24_ASAP7_75t_R)
                                         delaynet_52_core_clock (net)
                 12.71    0.32 1417.94 ^ delaybuf_53_core_clock/A (BUFx24_ASAP7_75t_R)
     1    1.84   12.56   30.58 1448.53 ^ delaybuf_53_core_clock/Y (BUFx24_ASAP7_75t_R)
                                         delaynet_53_core_clock (net)
                 12.57    0.22 1448.75 ^ delaybuf_54_core_clock/A (BUFx24_ASAP7_75t_R)
     1    2.00   12.68   30.59 1479.33 ^ delaybuf_54_core_clock/Y (BUFx24_ASAP7_75t_R)
                                         delaynet_54_core_clock (net)
                 12.69    0.34 1479.67 ^ delaybuf_55_core_clock/A (BUFx24_ASAP7_75t_R)
     1    2.16   12.80   30.68 1510.35 ^ delaybuf_55_core_clock/Y (BUFx24_ASAP7_75t_R)
                                         delaynet_55_core_clock (net)
                 12.81    0.47 1510.82 ^ clkbuf_regs_0_core_clock/A (BUFx24_ASAP7_75t_R)
     1    2.09   12.74   30.70 1541.51 ^ clkbuf_regs_0_core_clock/Y (BUFx24_ASAP7_75t_R)
                                         clk_regs (net)
                 12.75    0.36 1541.87 ^ clkbuf_0_clk_regs/A (BUFx24_ASAP7_75t_R)
     2   11.06   19.09   32.87 1574.75 ^ clkbuf_0_clk_regs/Y (BUFx24_ASAP7_75t_R)
                                         clknet_0_clk_regs (net)
                 24.50    5.16 1579.91 ^ clkbuf_1_1_0_clk_regs/A (BUFx24_ASAP7_75t_R)
     2   12.61   20.74   37.46 1617.37 ^ clkbuf_1_1_0_clk_regs/Y (BUFx24_ASAP7_75t_R)
                                         clknet_1_1_0_clk_regs (net)
                 26.06    5.39 1622.76 ^ clkbuf_2_3_0_clk_regs/A (BUFx24_ASAP7_75t_R)
    11   38.19   43.88   43.86 1666.62 ^ clkbuf_2_3_0_clk_regs/Y (BUFx24_ASAP7_75t_R)
                                         clknet_2_3_0_clk_regs (net)
                 53.58   10.63 1677.25 ^ clkbuf_leaf_17_clk_regs/A (BUFx24_ASAP7_75t_R)
    10    7.42   17.43   46.90 1724.16 ^ clkbuf_leaf_17_clk_regs/Y (BUFx24_ASAP7_75t_R)
                                         clknet_leaf_17_clk_regs (net)
                 17.51    0.82 1724.97 ^ c_fut[127]$_DFF_P_/CLK (DFFHQNx1_ASAP7_75t_R)
                       -150.00 1574.97   clock uncertainty
                          1.15 1576.13   clock reconvergence pessimism
                        -16.16 1559.96   library setup time
                               1559.96   data required time
-----------------------------------------------------------------------------
                               1559.96   data required time
                               -2510.57   data arrival time
-----------------------------------------------------------------------------
                               -950.61   slack (VIOLATED)


Startpoint: out_pix_data[21]$_DFFE_PN0P_
            (rising edge-triggered flip-flop clocked by core_clock)
Endpoint: out_pix_data[21] (output port clocked by vclk_core_clock)
Path Group: vclk_core_clock
Path Type: max

Fanout     Cap    Slew   Delay    Time   Description
-----------------------------------------------------------------------------
                          0.00    0.00   clock core_clock (rise edge)
                          0.00    0.00   clock source latency
     1   11.14    0.00    0.00    0.00 ^ clk (in)
                                         clk (net)
                 16.22    5.12    5.12 ^ wire150385/A (BUFx24_ASAP7_75t_R)
     2   22.91   21.20   34.67   39.79 ^ wire150385/Y (BUFx24_ASAP7_75t_R)
                                         net149952 (net)
                 90.83   27.91   67.70 ^ clkbuf_0_clk/A (BUFx24_ASAP7_75t_R)
     2    9.50   20.85   58.23  125.92 ^ clkbuf_0_clk/Y (BUFx24_ASAP7_75t_R)
                                         clknet_0_clk (net)
                 22.66    3.25  129.17 ^ clkbuf_1_1_0_clk/A (BUFx24_ASAP7_75t_R)
     3   19.06   25.34   39.14  168.31 ^ clkbuf_1_1_0_clk/Y (BUFx24_ASAP7_75t_R)
                                         clknet_1_1_0_clk (net)
                 26.32    2.38  170.69 ^ delaybuf_11_core_clock/A (BUFx24_ASAP7_75t_R)
     1    3.41   13.79   35.94  206.63 ^ delaybuf_11_core_clock/Y (BUFx24_ASAP7_75t_R)
                                         delaynet_11_core_clock (net)
                 13.83    0.77  207.40 ^ delaybuf_12_core_clock/A (BUFx24_ASAP7_75t_R)
     1    2.94   13.37   31.32  238.72 ^ delaybuf_12_core_clock/Y (BUFx24_ASAP7_75t_R)
                                         delaynet_12_core_clock (net)
                 13.40    0.62  239.34 ^ delaybuf_13_core_clock/A (BUFx24_ASAP7_75t_R)
     1    3.20   13.56   31.25  270.59 ^ delaybuf_13_core_clock/Y (BUFx24_ASAP7_75t_R)
                                         delaynet_13_core_clock (net)
                 13.60    0.77  271.35 ^ delaybuf_14_core_clock/A (BUFx24_ASAP7_75t_R)
     1    3.13   13.51   31.30  302.66 ^ delaybuf_14_core_clock/Y (BUFx24_ASAP7_75t_R)
                                         delaynet_14_core_clock (net)
                 13.55    0.70  303.36 ^ delaybuf_15_core_clock/A (BUFx24_ASAP7_75t_R)
     1    3.46   13.74   31.39  334.75 ^ delaybuf_15_core_clock/Y (BUFx24_ASAP7_75t_R)
                                         delaynet_15_core_clock (net)
                 13.79    0.79  335.54 ^ delaybuf_16_core_clock/A (BUFx24_ASAP7_75t_R)
     1    2.80   13.27   31.25  366.79 ^ delaybuf_16_core_clock/Y (BUFx24_ASAP7_75t_R)
                                         delaynet_16_core_clock (net)
                 13.30    0.63  367.42 ^ delaybuf_17_core_clock/A (BUFx24_ASAP7_75t_R)
     1    3.16   13.53   31.21  398.62 ^ delaybuf_17_core_clock/Y (BUFx24_ASAP7_75t_R)
                                         delaynet_17_core_clock (net)
                 13.57    0.72  399.34 ^ delaybuf_18_core_clock/A (BUFx24_ASAP7_75t_R)
     2   19.15   26.39   35.34  434.68 ^ delaybuf_18_core_clock/Y (BUFx24_ASAP7_75t_R)
                                         delaynet_18_core_clock (net)
                 32.21    6.41  441.09 ^ clkbuf_leaf_5_clk/A (BUFx24_ASAP7_75t_R)
     4   26.35   31.81   43.66  484.75 ^ clkbuf_leaf_5_clk/Y (BUFx24_ASAP7_75t_R)
                                         clknet_leaf_5_clk (net)
                 36.86    6.26  491.02 ^ _788324_/CLK (ICGx1_ASAP7_75t_R)
     1    2.31   39.43   37.46  528.48 ^ _788324_/GCLK (ICGx1_ASAP7_75t_R)
                                         _474556_ (net)
                 39.44    0.29  528.77 ^ clkbuf_0__474556_/A (BUFx24_ASAP7_75t_R)
     2   12.01   20.20   43.48  572.25 ^ clkbuf_0__474556_/Y (BUFx24_ASAP7_75t_R)
                                         clknet_0__474556_ (net)
                 22.43    3.37  575.61 ^ clkbuf_1_0_0__474556_/A (BUFx24_ASAP7_75t_R)
     2    8.61   17.03   35.75  611.37 ^ clkbuf_1_0_0__474556_/Y (BUFx24_ASAP7_75t_R)
                                         clknet_1_0_0__474556_ (net)
                 20.98    4.14  615.50 ^ clkbuf_2_0_0__474556_/A (BUFx24_ASAP7_75t_R)
     2   11.43   19.54   35.91  651.41 ^ clkbuf_2_0_0__474556_/Y (BUFx24_ASAP7_75t_R)
                                         clknet_2_0_0__474556_ (net)
                 24.12    4.82  656.23 ^ clkbuf_3_0_0__474556_/A (BUFx24_ASAP7_75t_R)
     2   11.00   19.27   36.90  693.13 ^ clkbuf_3_0_0__474556_/Y (BUFx24_ASAP7_75t_R)
                                         clknet_3_0_0__474556_ (net)
                 23.87    4.75  697.88 ^ clkbuf_4_0_0__474556_/A (BUFx24_ASAP7_75t_R)
     9   13.80   21.49   37.61  735.49 ^ clkbuf_4_0_0__474556_/Y (BUFx24_ASAP7_75t_R)
                                         clknet_4_0_0__474556_ (net)
                 27.32    5.74  741.23 ^ out_pix_data[21]$_DFFE_PN0P_/CLK (DFFASRHQNx1_ASAP7_75t_R)
     1    2.02   52.13  103.26  844.49 v out_pix_data[21]$_DFFE_PN0P_/QN (DFFASRHQNx1_ASAP7_75t_R)
                                         _013013_ (net)
                 52.15    0.51  845.00 v _769786_/A (INVx1_ASAP7_75t_R)
     1    7.70  124.00   69.67  914.67 ^ _769786_/Y (INVx1_ASAP7_75t_R)
                                         net17586 (net)
                125.17    6.82  921.49 ^ place121346/A (BUFx2_ASAP7_75t_R)
     1   18.74  158.47   94.24 1015.73 ^ place121346/Y (BUFx2_ASAP7_75t_R)
                                         net120913 (net)
                186.53   34.82 1050.55 ^ place121345/A (BUFx2_ASAP7_75t_R)
     1   17.54  146.59  107.02 1157.57 ^ place121345/Y (BUFx2_ASAP7_75t_R)
                                         net120912 (net)
                161.44   24.52 1182.09 ^ wire19372/A (BUFx16f_ASAP7_75t_R)
     1   21.44   22.33   62.23 1244.32 ^ wire19372/Y (BUFx16f_ASAP7_75t_R)
                                         out_pix_data[21] (net)
                180.27   56.73 1301.05 ^ out_pix_data[21] (out)
                               1301.05   data arrival time

                  0.00 1000.00 1000.00   clock vclk_core_clock (rise edge)
                        800.00 1800.00   clock network delay (ideal)
                          0.00 1800.00   clock reconvergence pessimism
                       -200.00 1600.00   output external delay
                               1600.00   data required time
-----------------------------------------------------------------------------
                               1600.00   data required time
                               -1301.05   data arrival time
-----------------------------------------------------------------------------
                                298.95   slack (MET)


Startpoint: in_data_q[62]$_DFFE_PN0P_
            (rising edge-triggered flip-flop clocked by core_clock)
Endpoint: mem_wdata[862] (output port clocked by vclk_mem)
Path Group: vclk_mem
Path Type: max

Fanout     Cap    Slew   Delay    Time   Description
-----------------------------------------------------------------------------
                          0.00    0.00   clock core_clock (rise edge)
                          0.00    0.00   clock source latency
     1   11.14    0.00    0.00    0.00 ^ clk (in)
                                         clk (net)
                 16.22    5.12    5.12 ^ wire150385/A (BUFx24_ASAP7_75t_R)
     2   22.91   21.20   34.67   39.79 ^ wire150385/Y (BUFx24_ASAP7_75t_R)
                                         net149952 (net)
                 90.83   27.91   67.70 ^ clkbuf_0_clk/A (BUFx24_ASAP7_75t_R)
     2    9.50   20.85   58.23  125.92 ^ clkbuf_0_clk/Y (BUFx24_ASAP7_75t_R)
                                         clknet_0_clk (net)
                 21.10    1.14  127.06 ^ delaybuf_31_core_clock/A (BUFx24_ASAP7_75t_R)
     1    2.81   13.29   33.75  160.81 ^ delaybuf_31_core_clock/Y (BUFx24_ASAP7_75t_R)
                                         delaynet_31_core_clock (net)
                 13.31    0.56  161.38 ^ delaybuf_32_core_clock/A (BUFx24_ASAP7_75t_R)
     1    2.83   13.30   31.10  192.48 ^ delaybuf_32_core_clock/Y (BUFx24_ASAP7_75t_R)
                                         delaynet_32_core_clock (net)
                 13.34    0.71  193.19 ^ delaybuf_33_core_clock/A (BUFx24_ASAP7_75t_R)
     1    2.97   13.40   31.16  224.34 ^ delaybuf_33_core_clock/Y (BUFx24_ASAP7_75t_R)
                                         delaynet_33_core_clock (net)
                 13.43    0.72  225.06 ^ delaybuf_34_core_clock/A (BUFx24_ASAP7_75t_R)
     1    2.92   13.36   31.18  256.24 ^ delaybuf_34_core_clock/Y (BUFx24_ASAP7_75t_R)
                                         delaynet_34_core_clock (net)
                 13.38    0.61  256.85 ^ delaybuf_35_core_clock/A (BUFx24_ASAP7_75t_R)
     1    2.88   13.33   31.15  288.00 ^ delaybuf_35_core_clock/Y (BUFx24_ASAP7_75t_R)
                                         delaynet_35_core_clock (net)
                 13.35    0.56  288.56 ^ delaybuf_36_core_clock/A (BUFx24_ASAP7_75t_R)
     1    2.91   13.35   31.15  319.71 ^ delaybuf_36_core_clock/Y (BUFx24_ASAP7_75t_R)
                                         delaynet_36_core_clock (net)
                 13.38    0.64  320.35 ^ delaybuf_37_core_clock/A (BUFx24_ASAP7_75t_R)
     1    2.65   13.16   31.07  351.42 ^ delaybuf_37_core_clock/Y (BUFx24_ASAP7_75t_R)
                                         delaynet_37_core_clock (net)
                 13.18    0.55  351.97 ^ delaybuf_38_core_clock/A (BUFx24_ASAP7_75t_R)
     1    2.94   13.38   31.09  383.07 ^ delaybuf_38_core_clock/Y (BUFx24_ASAP7_75t_R)
                                         delaynet_38_core_clock (net)
                 13.42    0.73  383.80 ^ delaybuf_39_core_clock/A (BUFx24_ASAP7_75t_R)
     1    3.07   13.46   31.22  415.02 ^ delaybuf_39_core_clock/Y (BUFx24_ASAP7_75t_R)
                                         delaynet_39_core_clock (net)
                 13.50    0.69  415.71 ^ delaybuf_40_core_clock/A (BUFx24_ASAP7_75t_R)
     1    2.76   13.24   31.14  446.85 ^ delaybuf_40_core_clock/Y (BUFx24_ASAP7_75t_R)
                                         delaynet_40_core_clock (net)
                 13.27    0.62  447.47 ^ clkbuf_1_0_0_clk/A (BUFx24_ASAP7_75t_R)
     4   40.37   33.61   33.99  481.46 ^ clkbuf_1_0_0_clk/Y (BUFx24_ASAP7_75t_R)
                                         clknet_1_0_0_clk (net)
                156.95   49.15  530.62 ^ clkbuf_leaf_7_clk/A (BUFx24_ASAP7_75t_R)
     4    8.72   23.90   72.93  603.55 ^ clkbuf_leaf_7_clk/Y (BUFx24_ASAP7_75t_R)
                                         clknet_leaf_7_clk (net)
                 23.90    0.35  603.89 ^ _788329_/CLK (ICGx1_ASAP7_75t_R)
     1    2.70   44.83   37.17  641.06 ^ _788329_/GCLK (ICGx1_ASAP7_75t_R)
                                         _474561_ (net)
                 44.86    0.57  641.62 ^ clkbuf_0__474561_/A (BUFx24_ASAP7_75t_R)
     8   24.93   31.81   48.64  690.26 ^ clkbuf_0__474561_/Y (BUFx24_ASAP7_75t_R)
                                         clknet_0__474561_ (net)
                 34.33    4.69  694.95 ^ clkbuf_3_2_0__474561_/A (BUFx24_ASAP7_75t_R)
     2    5.60   15.41   39.69  734.64 ^ clkbuf_3_2_0__474561_/Y (BUFx24_ASAP7_75t_R)
                                         clknet_3_2_0__474561_ (net)
                 15.68    1.30  735.95 ^ clkbuf_4_5__f__474561_/A (BUFx24_ASAP7_75t_R)
    10    9.15   17.61   34.04  769.98 ^ clkbuf_4_5__f__474561_/Y (BUFx24_ASAP7_75t_R)
                                         clknet_4_5__leaf__474561_ (net)
                 17.71    0.54  770.52 ^ in_data_q[62]$_DFFE_PN0P_/CLK (DFFASRHQNx1_ASAP7_75t_R)
     2    2.13   52.14   94.68  865.20 ^ in_data_q[62]$_DFFE_PN0P_/QN (DFFASRHQNx1_ASAP7_75t_R)
                                         _001912_ (net)
                 52.15    0.23  865.43 ^ place137870/A (BUFx5_ASAP7_75t_R)
     5   30.60  107.02   56.27  921.70 ^ place137870/Y (BUFx5_ASAP7_75t_R)
                                         net137437 (net)
                235.43   70.84  992.54 ^ place137869/A (BUFx5_ASAP7_75t_R)
     8   32.63  119.62  101.32 1093.86 ^ place137869/Y (BUFx5_ASAP7_75t_R)
                                         net137436 (net)
                213.92   59.95 1153.81 ^ place137868/A (BUFx5_ASAP7_75t_R)
     2   39.48  110.66   85.88 1239.70 ^ place137868/Y (BUFx5_ASAP7_75t_R)
                                         net137435 (net)
                466.02  143.93 1383.63 ^ place137867/A (BUFx3_ASAP7_75t_R)
     5   16.81  101.82  122.61 1506.23 ^ place137867/Y (BUFx3_ASAP7_75t_R)
                                         net137434 (net)
                116.41   20.15 1526.39 ^ place137866/A (BUFx2_ASAP7_75t_R)
     5   27.53  227.16  119.17 1645.55 ^ place137866/Y (BUFx2_ASAP7_75t_R)
                                         net137433 (net)
                251.38   38.85 1684.40 ^ place137865/A (BUFx2_ASAP7_75t_R)
     3   19.02  159.57  118.82 1803.23 ^ place137865/Y (BUFx2_ASAP7_75t_R)
                                         net137432 (net)
                172.07   23.69 1826.92 ^ place137864/A (BUFx2_ASAP7_75t_R)
     1   14.63  125.01   95.37 1922.30 ^ place137864/Y (BUFx2_ASAP7_75t_R)
                                         net137431 (net)
                144.39   25.59 1947.89 ^ place137863/A (BUFx2_ASAP7_75t_R)
     1   30.49  257.75  110.95 2058.84 ^ place137863/Y (BUFx2_ASAP7_75t_R)
                                         net137430 (net)
                311.62   62.44 2121.28 ^ _745831_/B (NOR2x1_ASAP7_75t_R)
     1    0.74   58.80   53.23 2174.51 v _745831_/Y (NOR2x1_ASAP7_75t_R)
                                         net17310 (net)
                 58.80    0.07 2174.58 v output17743/A (BUFx2_ASAP7_75t_R)
     1    2.32   21.08   47.88 2222.46 v output17743/Y (BUFx2_ASAP7_75t_R)
                                         mem_wdata[862] (net)
                 21.16    0.74 2223.20 v mem_wdata[862] (out)
                               2223.20   data arrival time

                  0.00 1000.00 1000.00   clock vclk_mem (rise edge)
                        800.00 1800.00   clock network delay (ideal)
                          0.00 1800.00   clock reconvergence pessimism
                       -100.00 1700.00   output external delay
                               1700.00   data required time
-----------------------------------------------------------------------------
                               1700.00   data required time
                               -2223.20   data arrival time
-----------------------------------------------------------------------------
                               -523.20   slack (VIOLATED)



==========================================================================
finish report_checks -unconstrained
--------------------------------------------------------------------------
Startpoint: mod_x[3]$_DFFE_PN0P_
            (rising edge-triggered flip-flop clocked by core_clock)
Endpoint: c_fut[127]$_DFF_P_
          (rising edge-triggered flip-flop clocked by core_clock)
Path Group: core_clock
Path Type: max

Fanout     Cap    Slew   Delay    Time   Description
-----------------------------------------------------------------------------
                          0.00    0.00   clock core_clock (rise edge)
                          0.00    0.00   clock source latency
     1   11.14    0.00    0.00    0.00 ^ clk (in)
                                         clk (net)
                 16.22    5.12    5.12 ^ wire150385/A (BUFx24_ASAP7_75t_R)
     2   22.91   21.20   34.67   39.79 ^ wire150385/Y (BUFx24_ASAP7_75t_R)
                                         net149952 (net)
                 90.83   27.91   67.70 ^ clkbuf_0_clk/A (BUFx24_ASAP7_75t_R)
     2    9.50   20.85   58.23  125.92 ^ clkbuf_0_clk/Y (BUFx24_ASAP7_75t_R)
                                         clknet_0_clk (net)
                 21.10    1.14  127.06 ^ delaybuf_31_core_clock/A (BUFx24_ASAP7_75t_R)
     1    2.81   13.29   33.75  160.81 ^ delaybuf_31_core_clock/Y (BUFx24_ASAP7_75t_R)
                                         delaynet_31_core_clock (net)
                 13.31    0.56  161.38 ^ delaybuf_32_core_clock/A (BUFx24_ASAP7_75t_R)
     1    2.83   13.30   31.10  192.48 ^ delaybuf_32_core_clock/Y (BUFx24_ASAP7_75t_R)
                                         delaynet_32_core_clock (net)
                 13.34    0.71  193.19 ^ delaybuf_33_core_clock/A (BUFx24_ASAP7_75t_R)
     1    2.97   13.40   31.16  224.34 ^ delaybuf_33_core_clock/Y (BUFx24_ASAP7_75t_R)
                                         delaynet_33_core_clock (net)
                 13.43    0.72  225.06 ^ delaybuf_34_core_clock/A (BUFx24_ASAP7_75t_R)
     1    2.92   13.36   31.18  256.24 ^ delaybuf_34_core_clock/Y (BUFx24_ASAP7_75t_R)
                                         delaynet_34_core_clock (net)
                 13.38    0.61  256.85 ^ delaybuf_35_core_clock/A (BUFx24_ASAP7_75t_R)
     1    2.88   13.33   31.15  288.00 ^ delaybuf_35_core_clock/Y (BUFx24_ASAP7_75t_R)
                                         delaynet_35_core_clock (net)
                 13.35    0.56  288.56 ^ delaybuf_36_core_clock/A (BUFx24_ASAP7_75t_R)
     1    2.91   13.35   31.15  319.71 ^ delaybuf_36_core_clock/Y (BUFx24_ASAP7_75t_R)
                                         delaynet_36_core_clock (net)
                 13.38    0.64  320.35 ^ delaybuf_37_core_clock/A (BUFx24_ASAP7_75t_R)
     1    2.65   13.16   31.07  351.42 ^ delaybuf_37_core_clock/Y (BUFx24_ASAP7_75t_R)
                                         delaynet_37_core_clock (net)
                 13.18    0.55  351.97 ^ delaybuf_38_core_clock/A (BUFx24_ASAP7_75t_R)
     1    2.94   13.38   31.09  383.07 ^ delaybuf_38_core_clock/Y (BUFx24_ASAP7_75t_R)
                                         delaynet_38_core_clock (net)
                 13.42    0.73  383.80 ^ delaybuf_39_core_clock/A (BUFx24_ASAP7_75t_R)
     1    3.07   13.46   31.22  415.02 ^ delaybuf_39_core_clock/Y (BUFx24_ASAP7_75t_R)
                                         delaynet_39_core_clock (net)
                 13.50    0.69  415.71 ^ delaybuf_40_core_clock/A (BUFx24_ASAP7_75t_R)
     1    2.76   13.24   31.14  446.85 ^ delaybuf_40_core_clock/Y (BUFx24_ASAP7_75t_R)
                                         delaynet_40_core_clock (net)
                 13.27    0.62  447.47 ^ clkbuf_1_0_0_clk/A (BUFx24_ASAP7_75t_R)
     4   40.37   33.61   33.99  481.46 ^ clkbuf_1_0_0_clk/Y (BUFx24_ASAP7_75t_R)
                                         clknet_1_0_0_clk (net)
                 92.20   25.18  506.65 ^ delaybuf_30_core_clock/A (BUFx24_ASAP7_75t_R)
     3   19.50   28.18   60.55  567.20 ^ delaybuf_30_core_clock/Y (BUFx24_ASAP7_75t_R)
                                         delaynet_30_core_clock (net)
                 28.74    1.81  569.01 ^ delaybuf_27_core_clock/A (BUFx24_ASAP7_75t_R)
     1    7.93   16.79   38.13  607.14 ^ delaybuf_27_core_clock/Y (BUFx24_ASAP7_75t_R)
                                         delaynet_27_core_clock (net)
                 18.99    3.08  610.22 ^ delaybuf_28_core_clock/A (BUFx24_ASAP7_75t_R)
     1    5.79   15.35   33.85  644.07 ^ delaybuf_28_core_clock/Y (BUFx24_ASAP7_75t_R)
                                         delaynet_28_core_clock (net)
                 16.58    2.43  646.50 ^ delaybuf_29_core_clock/A (BUFx24_ASAP7_75t_R)
     1    6.07   15.54   33.15  679.65 ^ delaybuf_29_core_clock/Y (BUFx24_ASAP7_75t_R)
                                         delaynet_29_core_clock (net)
                 16.58    2.23  681.89 ^ clkbuf_leaf_2_clk/A (BUFx24_ASAP7_75t_R)
     2    4.52   14.46   32.81  714.69 ^ clkbuf_leaf_2_clk/Y (BUFx24_ASAP7_75t_R)
                                         clknet_leaf_2_clk (net)
                 14.46    0.29  714.99 ^ delaybuf_21_core_clock/A (BUFx24_ASAP7_75t_R)
     3    6.29   15.68   32.68  747.67 ^ delaybuf_21_core_clock/Y (BUFx24_ASAP7_75t_R)
                                         delaynet_21_core_clock (net)
                 15.72    0.62  748.29 ^ _788320_/CLK (ICGx1_ASAP7_75t_R)
     1    0.65   14.52   21.56  769.85 ^ _788320_/GCLK (ICGx1_ASAP7_75t_R)
                                         _474552_ (net)
                 14.52    0.06  769.91 ^ mod_x[3]$_DFFE_PN0P_/CLK (DFFASRHQNx1_ASAP7_75t_R)
     2    1.82   49.35   96.91  866.82 v mod_x[3]$_DFFE_PN0P_/QN (DFFASRHQNx1_ASAP7_75t_R)
                                         _370633_ (net)
                 49.36    0.14  866.95 v _570414_/A (INVx2_ASAP7_75t_R)
     2    5.07   48.62   35.98  902.94 ^ _570414_/Y (INVx2_ASAP7_75t_R)
                                         mod_x[3] (net)
                 48.74    1.42  904.35 ^ _844502_/A (HAxp5_ASAP7_75t_R)
     1    0.99   44.45   51.60  955.96 ^ _844502_/SN (HAxp5_ASAP7_75t_R)
                                         _315946_ (net)
                 44.45    0.17  956.12 ^ _634385_/A (INVx1_ASAP7_75t_R)
     1    0.92   20.47   20.22  976.34 v _634385_/Y (INVx1_ASAP7_75t_R)
                                         _315948_ (net)
                 20.47    0.07  976.41 v _860931_/B (HAxp5_ASAP7_75t_R)
     3    2.49   71.46   40.94 1017.35 ^ _860931_/CON (HAxp5_ASAP7_75t_R)
                                         _371454_ (net)
     1    1.15   51.75   33.17 1050.53 v _860931_/SN (HAxp5_ASAP7_75t_R)
                                         _371455_ (net)
                 51.75    0.05 1050.58 v place114177/A (BUFx6f_ASAP7_75t_R)
     7    5.89   18.52   42.14 1092.72 v place114177/Y (BUFx6f_ASAP7_75t_R)
                                         net113744 (net)
                 18.56    0.42 1093.13 v _479236_/B (OR3x1_ASAP7_75t_R)
     2    1.86   32.82   53.39 1146.52 v _479236_/Y (OR3x1_ASAP7_75t_R)
                                         _406409_ (net)
                 32.83    0.16 1146.68 v _479240_/B (NAND3x1_ASAP7_75t_R)
     3    2.22   50.41   37.52 1184.20 ^ _479240_/Y (NAND3x1_ASAP7_75t_R)
                                         _406413_ (net)
                 50.41    0.07 1184.27 ^ _479249_/A1 (AO221x1_ASAP7_75t_R)
     3    2.81   50.56   67.72 1251.99 ^ _479249_/Y (AO221x1_ASAP7_75t_R)
                                         _406422_ (net)
                 50.57    0.35 1252.34 ^ place111313/A (BUFx3_ASAP7_75t_R)
     4    4.10   27.03   42.88 1295.21 ^ place111313/Y (BUFx3_ASAP7_75t_R)
                                         net110880 (net)
                 27.06    0.46 1295.68 ^ _479282_/A1 (AO31x2_ASAP7_75t_R)
     4    5.07   46.08   49.52 1345.20 ^ _479282_/Y (AO31x2_ASAP7_75t_R)
                                         _406455_ (net)
                 46.08    0.26 1345.45 ^ place108849/A (BUFx6f_ASAP7_75t_R)
    15   18.98   56.68   49.58 1395.04 ^ place108849/Y (BUFx6f_ASAP7_75t_R)
                                         net108416 (net)
                 57.07    2.80 1397.84 ^ place108844/A (BUFx12f_ASAP7_75t_R)
    22   27.63   46.92   42.91 1440.75 ^ place108844/Y (BUFx12f_ASAP7_75t_R)
                                         net108411 (net)
                 64.99   14.97 1455.73 ^ place108843/A (BUFx6f_ASAP7_75t_R)
    17   18.95   55.73   55.42 1511.15 ^ place108843/Y (BUFx6f_ASAP7_75t_R)
                                         net108410 (net)
                 56.97    4.56 1515.70 ^ place108840/A (BUFx6f_ASAP7_75t_R)
     9    7.84   27.33   42.10 1557.81 ^ place108840/Y (BUFx6f_ASAP7_75t_R)
                                         net108407 (net)
                 27.33    0.19 1557.99 ^ _747023_/B (AND3x1_ASAP7_75t_R)
     4    3.55   61.81   59.40 1617.39 ^ _747023_/Y (AND3x1_ASAP7_75t_R)
                                         _455361_ (net)
                 61.82    0.47 1617.86 ^ _750033_/C (OR4x1_ASAP7_75t_R)
     1    0.62   16.04   36.32 1654.18 ^ _750033_/Y (OR4x1_ASAP7_75t_R)
                                         _458350_ (net)
                 16.04    0.05 1654.23 ^ _750035_/C (AND4x1_ASAP7_75t_R)
     2    4.75   81.12   74.78 1729.00 ^ _750035_/Y (AND4x1_ASAP7_75t_R)
                                         _458352_ (net)
                 81.16    1.13 1730.13 ^ place106333/A (BUFx2_ASAP7_75t_R)
     1    1.14   17.12   45.95 1776.08 ^ place106333/Y (BUFx2_ASAP7_75t_R)
                                         net105900 (net)
                 17.13    0.12 1776.20 ^ _750036_/B1 (OAI22x1_ASAP7_75t_R)
     1    1.71   31.72   20.85 1797.05 v _750036_/Y (OAI22x1_ASAP7_75t_R)
                                         _458353_ (net)
                 31.72    0.27 1797.32 v _750037_/C (AO221x1_ASAP7_75t_R)
     2    2.67   39.25   63.63 1860.95 v _750037_/Y (AO221x1_ASAP7_75t_R)
                                         _458354_ (net)
                 39.27    0.47 1861.42 v _760444_/B (NAND2x1_ASAP7_75t_R)
     1    0.58   29.46   21.66 1883.08 ^ _760444_/Y (NAND2x1_ASAP7_75t_R)
                                         _468089_ (net)
                 29.46    0.04 1883.12 ^ _760445_/B (OA21x2_ASAP7_75t_R)
     2   20.76  170.09   93.69 1976.82 ^ _760445_/Y (OA21x2_ASAP7_75t_R)
                                         cv3[124] (net)
                176.13   17.51 1994.33 ^ _800560_/CI (FAx1_ASAP7_75t_R)
     1    1.10   73.55   63.62 2057.95 v _800560_/CON (FAx1_ASAP7_75t_R)
                                         _088318_ (net)
     1    1.10   94.31   40.04 2097.99 ^ _800560_/SN (FAx1_ASAP7_75t_R)
                                         _088319_ (net)
                 94.31    0.18 2098.17 ^ _548380_/A (INVx1_ASAP7_75t_R)
     1    1.15   33.18   30.86 2129.03 v _548380_/Y (INVx1_ASAP7_75t_R)
                                         _088321_ (net)
                 33.18    0.12 2129.15 v _873042_/A (HAxp5_ASAP7_75t_R)
     2    1.26   56.13   65.58 2194.73 v _873042_/SN (HAxp5_ASAP7_75t_R)
                                         _404763_ (net)
                 56.13    0.10 2194.83 v _481012_/A1 (OA21x2_ASAP7_75t_R)
     2    1.51   18.90   47.97 2242.80 v _481012_/Y (OA21x2_ASAP7_75t_R)
                                         _408174_ (net)
                 18.91    0.14 2242.94 v _481013_/A2 (OA21x2_ASAP7_75t_R)
     1    0.71   14.85   37.24 2280.18 v _481013_/Y (OA21x2_ASAP7_75t_R)
                                         _408175_ (net)
                 14.85    0.08 2280.26 v _481014_/A2 (OA21x2_ASAP7_75t_R)
     1    0.95   16.16   37.00 2317.26 v _481014_/Y (OA21x2_ASAP7_75t_R)
                                         _408176_ (net)
                 16.16    0.07 2317.33 v _481015_/B (XOR2x2_ASAP7_75t_R)
     1    0.94   17.67   49.86 2367.19 ^ _481015_/Y (XOR2x2_ASAP7_75t_R)
                                         _408177_ (net)
                 17.68    0.08 2367.27 ^ _481016_/B (XNOR2x2_ASAP7_75t_R)
     1    0.85   15.62   52.94 2420.21 v _481016_/Y (XNOR2x2_ASAP7_75t_R)
                                         _408178_ (net)
                 15.63    0.07 2420.27 v _481017_/B (XNOR2x2_ASAP7_75t_R)
     1    0.99   17.44   40.64 2460.92 v _481017_/Y (XNOR2x2_ASAP7_75t_R)
                                         _408179_ (net)
                 17.44    0.09 2461.00 v _481018_/B (XOR2x2_ASAP7_75t_R)
     1    0.75   17.13   49.49 2510.50 ^ _481018_/Y (XOR2x2_ASAP7_75t_R)
                                         c_nxt[127] (net)
                 17.14    0.07 2510.57 ^ c_fut[127]$_DFF_P_/D (DFFHQNx1_ASAP7_75t_R)
                               2510.57   data arrival time

                       1000.00 1000.00   clock core_clock (rise edge)
                          0.00 1000.00   clock source latency
     1   10.56    0.00    0.00 1000.00 ^ clk (in)
                                         clk (net)
                 14.75    4.65 1004.65 ^ wire150385/A (BUFx24_ASAP7_75t_R)
     2   21.73   20.70   33.99 1038.64 ^ wire150385/Y (BUFx24_ASAP7_75t_R)
                                         net149952 (net)
                 25.59    3.75 1042.39 ^ delaybuf_41_core_clock/A (BUFx24_ASAP7_75t_R)
     1    1.66   12.50   35.09 1077.48 ^ delaybuf_41_core_clock/Y (BUFx24_ASAP7_75t_R)
                                         delaynet_41_core_clock (net)
                 12.50    0.19 1077.66 ^ delaybuf_42_core_clock/A (BUFx24_ASAP7_75t_R)
     1    2.03   12.71   30.57 1108.24 ^ delaybuf_42_core_clock/Y (BUFx24_ASAP7_75t_R)
                                         delaynet_42_core_clock (net)
                 12.72    0.42 1108.66 ^ delaybuf_43_core_clock/A (BUFx24_ASAP7_75t_R)
     1    1.74   12.49   30.55 1139.20 ^ delaybuf_43_core_clock/Y (BUFx24_ASAP7_75t_R)
                                         delaynet_43_core_clock (net)
                 12.49    0.18 1139.39 ^ delaybuf_44_core_clock/A (BUFx24_ASAP7_75t_R)
     1    1.95   12.64   30.54 1169.93 ^ delaybuf_44_core_clock/Y (BUFx24_ASAP7_75t_R)
                                         delaynet_44_core_clock (net)
                 12.65    0.29 1170.23 ^ delaybuf_45_core_clock/A (BUFx24_ASAP7_75t_R)
     1    2.05   12.72   30.63 1200.86 ^ delaybuf_45_core_clock/Y (BUFx24_ASAP7_75t_R)
                                         delaynet_45_core_clock (net)
                 12.73    0.41 1201.27 ^ delaybuf_46_core_clock/A (BUFx24_ASAP7_75t_R)
     1    2.05   12.72   30.66 1231.92 ^ delaybuf_46_core_clock/Y (BUFx24_ASAP7_75t_R)
                                         delaynet_46_core_clock (net)
                 12.73    0.39 1232.32 ^ delaybuf_47_core_clock/A (BUFx24_ASAP7_75t_R)
     1    1.96   12.65   30.63 1262.94 ^ delaybuf_47_core_clock/Y (BUFx24_ASAP7_75t_R)
                                         delaynet_47_core_clock (net)
                 12.66    0.37 1263.31 ^ delaybuf_48_core_clock/A (BUFx24_ASAP7_75t_R)
     1    1.94   12.64   30.60 1293.91 ^ delaybuf_48_core_clock/Y (BUFx24_ASAP7_75t_R)
                                         delaynet_48_core_clock (net)
                 12.64    0.27 1294.19 ^ delaybuf_49_core_clock/A (BUFx24_ASAP7_75t_R)
     1    2.03   12.71   30.62 1324.80 ^ delaybuf_49_core_clock/Y (BUFx24_ASAP7_75t_R)
                                         delaynet_49_core_clock (net)
                 12.71    0.40 1325.20 ^ delaybuf_50_core_clock/A (BUFx24_ASAP7_75t_R)
     1    1.87   12.58   30.59 1355.79 ^ delaybuf_50_core_clock/Y (BUFx24_ASAP7_75t_R)
                                         delaynet_50_core_clock (net)
                 12.59    0.30 1356.09 ^ delaybuf_51_core_clock/A (BUFx24_ASAP7_75t_R)
     1    1.95   12.64   30.57 1386.66 ^ delaybuf_51_core_clock/Y (BUFx24_ASAP7_75t_R)
                                         delaynet_51_core_clock (net)
                 12.65    0.34 1387.00 ^ delaybuf_52_core_clock/A (BUFx24_ASAP7_75t_R)
     1    2.03   12.70   30.62 1417.62 ^ delaybuf_52_core_clock/Y (BUFx24_ASAP7_75t_R)
                                         delaynet_52_core_clock (net)
                 12.71    0.32 1417.94 ^ delaybuf_53_core_clock/A (BUFx24_ASAP7_75t_R)
     1    1.84   12.56   30.58 1448.53 ^ delaybuf_53_core_clock/Y (BUFx24_ASAP7_75t_R)
                                         delaynet_53_core_clock (net)
                 12.57    0.22 1448.75 ^ delaybuf_54_core_clock/A (BUFx24_ASAP7_75t_R)
     1    2.00   12.68   30.59 1479.33 ^ delaybuf_54_core_clock/Y (BUFx24_ASAP7_75t_R)
                                         delaynet_54_core_clock (net)
                 12.69    0.34 1479.67 ^ delaybuf_55_core_clock/A (BUFx24_ASAP7_75t_R)
     1    2.16   12.80   30.68 1510.35 ^ delaybuf_55_core_clock/Y (BUFx24_ASAP7_75t_R)
                                         delaynet_55_core_clock (net)
                 12.81    0.47 1510.82 ^ clkbuf_regs_0_core_clock/A (BUFx24_ASAP7_75t_R)
     1    2.09   12.74   30.70 1541.51 ^ clkbuf_regs_0_core_clock/Y (BUFx24_ASAP7_75t_R)
                                         clk_regs (net)
                 12.75    0.36 1541.87 ^ clkbuf_0_clk_regs/A (BUFx24_ASAP7_75t_R)
     2   11.06   19.09   32.87 1574.75 ^ clkbuf_0_clk_regs/Y (BUFx24_ASAP7_75t_R)
                                         clknet_0_clk_regs (net)
                 24.50    5.16 1579.91 ^ clkbuf_1_1_0_clk_regs/A (BUFx24_ASAP7_75t_R)
     2   12.61   20.74   37.46 1617.37 ^ clkbuf_1_1_0_clk_regs/Y (BUFx24_ASAP7_75t_R)
                                         clknet_1_1_0_clk_regs (net)
                 26.06    5.39 1622.76 ^ clkbuf_2_3_0_clk_regs/A (BUFx24_ASAP7_75t_R)
    11   38.19   43.88   43.86 1666.62 ^ clkbuf_2_3_0_clk_regs/Y (BUFx24_ASAP7_75t_R)
                                         clknet_2_3_0_clk_regs (net)
                 53.58   10.63 1677.25 ^ clkbuf_leaf_17_clk_regs/A (BUFx24_ASAP7_75t_R)
    10    7.42   17.43   46.90 1724.16 ^ clkbuf_leaf_17_clk_regs/Y (BUFx24_ASAP7_75t_R)
                                         clknet_leaf_17_clk_regs (net)
                 17.51    0.82 1724.97 ^ c_fut[127]$_DFF_P_/CLK (DFFHQNx1_ASAP7_75t_R)
                       -150.00 1574.97   clock uncertainty
                          1.15 1576.13   clock reconvergence pessimism
                        -16.16 1559.96   library setup time
                               1559.96   data required time
-----------------------------------------------------------------------------
                               1559.96   data required time
                               -2510.57   data arrival time
-----------------------------------------------------------------------------
                               -950.61   slack (VIOLATED)


Startpoint: out_pix_data[21]$_DFFE_PN0P_
            (rising edge-triggered flip-flop clocked by core_clock)
Endpoint: out_pix_data[21] (output port clocked by vclk_core_clock)
Path Group: vclk_core_clock
Path Type: max

Fanout     Cap    Slew   Delay    Time   Description
-----------------------------------------------------------------------------
                          0.00    0.00   clock core_clock (rise edge)
                          0.00    0.00   clock source latency
     1   11.14    0.00    0.00    0.00 ^ clk (in)
                                         clk (net)
                 16.22    5.12    5.12 ^ wire150385/A (BUFx24_ASAP7_75t_R)
     2   22.91   21.20   34.67   39.79 ^ wire150385/Y (BUFx24_ASAP7_75t_R)
                                         net149952 (net)
                 90.83   27.91   67.70 ^ clkbuf_0_clk/A (BUFx24_ASAP7_75t_R)
     2    9.50   20.85   58.23  125.92 ^ clkbuf_0_clk/Y (BUFx24_ASAP7_75t_R)
                                         clknet_0_clk (net)
                 22.66    3.25  129.17 ^ clkbuf_1_1_0_clk/A (BUFx24_ASAP7_75t_R)
     3   19.06   25.34   39.14  168.31 ^ clkbuf_1_1_0_clk/Y (BUFx24_ASAP7_75t_R)
                                         clknet_1_1_0_clk (net)
                 26.32    2.38  170.69 ^ delaybuf_11_core_clock/A (BUFx24_ASAP7_75t_R)
     1    3.41   13.79   35.94  206.63 ^ delaybuf_11_core_clock/Y (BUFx24_ASAP7_75t_R)
                                         delaynet_11_core_clock (net)
                 13.83    0.77  207.40 ^ delaybuf_12_core_clock/A (BUFx24_ASAP7_75t_R)
     1    2.94   13.37   31.32  238.72 ^ delaybuf_12_core_clock/Y (BUFx24_ASAP7_75t_R)
                                         delaynet_12_core_clock (net)
                 13.40    0.62  239.34 ^ delaybuf_13_core_clock/A (BUFx24_ASAP7_75t_R)
     1    3.20   13.56   31.25  270.59 ^ delaybuf_13_core_clock/Y (BUFx24_ASAP7_75t_R)
                                         delaynet_13_core_clock (net)
                 13.60    0.77  271.35 ^ delaybuf_14_core_clock/A (BUFx24_ASAP7_75t_R)
     1    3.13   13.51   31.30  302.66 ^ delaybuf_14_core_clock/Y (BUFx24_ASAP7_75t_R)
                                         delaynet_14_core_clock (net)
                 13.55    0.70  303.36 ^ delaybuf_15_core_clock/A (BUFx24_ASAP7_75t_R)
     1    3.46   13.74   31.39  334.75 ^ delaybuf_15_core_clock/Y (BUFx24_ASAP7_75t_R)
                                         delaynet_15_core_clock (net)
                 13.79    0.79  335.54 ^ delaybuf_16_core_clock/A (BUFx24_ASAP7_75t_R)
     1    2.80   13.27   31.25  366.79 ^ delaybuf_16_core_clock/Y (BUFx24_ASAP7_75t_R)
                                         delaynet_16_core_clock (net)
                 13.30    0.63  367.42 ^ delaybuf_17_core_clock/A (BUFx24_ASAP7_75t_R)
     1    3.16   13.53   31.21  398.62 ^ delaybuf_17_core_clock/Y (BUFx24_ASAP7_75t_R)
                                         delaynet_17_core_clock (net)
                 13.57    0.72  399.34 ^ delaybuf_18_core_clock/A (BUFx24_ASAP7_75t_R)
     2   19.15   26.39   35.34  434.68 ^ delaybuf_18_core_clock/Y (BUFx24_ASAP7_75t_R)
                                         delaynet_18_core_clock (net)
                 32.21    6.41  441.09 ^ clkbuf_leaf_5_clk/A (BUFx24_ASAP7_75t_R)
     4   26.35   31.81   43.66  484.75 ^ clkbuf_leaf_5_clk/Y (BUFx24_ASAP7_75t_R)
                                         clknet_leaf_5_clk (net)
                 36.86    6.26  491.02 ^ _788324_/CLK (ICGx1_ASAP7_75t_R)
     1    2.31   39.43   37.46  528.48 ^ _788324_/GCLK (ICGx1_ASAP7_75t_R)
                                         _474556_ (net)
                 39.44    0.29  528.77 ^ clkbuf_0__474556_/A (BUFx24_ASAP7_75t_R)
     2   12.01   20.20   43.48  572.25 ^ clkbuf_0__474556_/Y (BUFx24_ASAP7_75t_R)
                                         clknet_0__474556_ (net)
                 22.43    3.37  575.61 ^ clkbuf_1_0_0__474556_/A (BUFx24_ASAP7_75t_R)
     2    8.61   17.03   35.75  611.37 ^ clkbuf_1_0_0__474556_/Y (BUFx24_ASAP7_75t_R)
                                         clknet_1_0_0__474556_ (net)
                 20.98    4.14  615.50 ^ clkbuf_2_0_0__474556_/A (BUFx24_ASAP7_75t_R)
     2   11.43   19.54   35.91  651.41 ^ clkbuf_2_0_0__474556_/Y (BUFx24_ASAP7_75t_R)
                                         clknet_2_0_0__474556_ (net)
                 24.12    4.82  656.23 ^ clkbuf_3_0_0__474556_/A (BUFx24_ASAP7_75t_R)
     2   11.00   19.27   36.90  693.13 ^ clkbuf_3_0_0__474556_/Y (BUFx24_ASAP7_75t_R)
                                         clknet_3_0_0__474556_ (net)
                 23.87    4.75  697.88 ^ clkbuf_4_0_0__474556_/A (BUFx24_ASAP7_75t_R)
     9   13.80   21.49   37.61  735.49 ^ clkbuf_4_0_0__474556_/Y (BUFx24_ASAP7_75t_R)
                                         clknet_4_0_0__474556_ (net)
                 27.32    5.74  741.23 ^ out_pix_data[21]$_DFFE_PN0P_/CLK (DFFASRHQNx1_ASAP7_75t_R)
     1    2.02   52.13  103.26  844.49 v out_pix_data[21]$_DFFE_PN0P_/QN (DFFASRHQNx1_ASAP7_75t_R)
                                         _013013_ (net)
                 52.15    0.51  845.00 v _769786_/A (INVx1_ASAP7_75t_R)
     1    7.70  124.00   69.67  914.67 ^ _769786_/Y (INVx1_ASAP7_75t_R)
                                         net17586 (net)
                125.17    6.82  921.49 ^ place121346/A (BUFx2_ASAP7_75t_R)
     1   18.74  158.47   94.24 1015.73 ^ place121346/Y (BUFx2_ASAP7_75t_R)
                                         net120913 (net)
                186.53   34.82 1050.55 ^ place121345/A (BUFx2_ASAP7_75t_R)
     1   17.54  146.59  107.02 1157.57 ^ place121345/Y (BUFx2_ASAP7_75t_R)
                                         net120912 (net)
                161.44   24.52 1182.09 ^ wire19372/A (BUFx16f_ASAP7_75t_R)
     1   21.44   22.33   62.23 1244.32 ^ wire19372/Y (BUFx16f_ASAP7_75t_R)
                                         out_pix_data[21] (net)
                180.27   56.73 1301.05 ^ out_pix_data[21] (out)
                               1301.05   data arrival time

                  0.00 1000.00 1000.00   clock vclk_core_clock (rise edge)
                        800.00 1800.00   clock network delay (ideal)
                          0.00 1800.00   clock reconvergence pessimism
                       -200.00 1600.00   output external delay
                               1600.00   data required time
-----------------------------------------------------------------------------
                               1600.00   data required time
                               -1301.05   data arrival time
-----------------------------------------------------------------------------
                                298.95   slack (MET)


Startpoint: in_data_q[62]$_DFFE_PN0P_
            (rising edge-triggered flip-flop clocked by core_clock)
Endpoint: mem_wdata[862] (output port clocked by vclk_mem)
Path Group: vclk_mem
Path Type: max

Fanout     Cap    Slew   Delay    Time   Description
-----------------------------------------------------------------------------
                          0.00    0.00   clock core_clock (rise edge)
                          0.00    0.00   clock source latency
     1   11.14    0.00    0.00    0.00 ^ clk (in)
                                         clk (net)
                 16.22    5.12    5.12 ^ wire150385/A (BUFx24_ASAP7_75t_R)
     2   22.91   21.20   34.67   39.79 ^ wire150385/Y (BUFx24_ASAP7_75t_R)
                                         net149952 (net)
                 90.83   27.91   67.70 ^ clkbuf_0_clk/A (BUFx24_ASAP7_75t_R)
     2    9.50   20.85   58.23  125.92 ^ clkbuf_0_clk/Y (BUFx24_ASAP7_75t_R)
                                         clknet_0_clk (net)
                 21.10    1.14  127.06 ^ delaybuf_31_core_clock/A (BUFx24_ASAP7_75t_R)
     1    2.81   13.29   33.75  160.81 ^ delaybuf_31_core_clock/Y (BUFx24_ASAP7_75t_R)
                                         delaynet_31_core_clock (net)
                 13.31    0.56  161.38 ^ delaybuf_32_core_clock/A (BUFx24_ASAP7_75t_R)
     1    2.83   13.30   31.10  192.48 ^ delaybuf_32_core_clock/Y (BUFx24_ASAP7_75t_R)
                                         delaynet_32_core_clock (net)
                 13.34    0.71  193.19 ^ delaybuf_33_core_clock/A (BUFx24_ASAP7_75t_R)
     1    2.97   13.40   31.16  224.34 ^ delaybuf_33_core_clock/Y (BUFx24_ASAP7_75t_R)
                                         delaynet_33_core_clock (net)
                 13.43    0.72  225.06 ^ delaybuf_34_core_clock/A (BUFx24_ASAP7_75t_R)
     1    2.92   13.36   31.18  256.24 ^ delaybuf_34_core_clock/Y (BUFx24_ASAP7_75t_R)
                                         delaynet_34_core_clock (net)
                 13.38    0.61  256.85 ^ delaybuf_35_core_clock/A (BUFx24_ASAP7_75t_R)
     1    2.88   13.33   31.15  288.00 ^ delaybuf_35_core_clock/Y (BUFx24_ASAP7_75t_R)
                                         delaynet_35_core_clock (net)
                 13.35    0.56  288.56 ^ delaybuf_36_core_clock/A (BUFx24_ASAP7_75t_R)
     1    2.91   13.35   31.15  319.71 ^ delaybuf_36_core_clock/Y (BUFx24_ASAP7_75t_R)
                                         delaynet_36_core_clock (net)
                 13.38    0.64  320.35 ^ delaybuf_37_core_clock/A (BUFx24_ASAP7_75t_R)
     1    2.65   13.16   31.07  351.42 ^ delaybuf_37_core_clock/Y (BUFx24_ASAP7_75t_R)
                                         delaynet_37_core_clock (net)
                 13.18    0.55  351.97 ^ delaybuf_38_core_clock/A (BUFx24_ASAP7_75t_R)
     1    2.94   13.38   31.09  383.07 ^ delaybuf_38_core_clock/Y (BUFx24_ASAP7_75t_R)
                                         delaynet_38_core_clock (net)
                 13.42    0.73  383.80 ^ delaybuf_39_core_clock/A (BUFx24_ASAP7_75t_R)
     1    3.07   13.46   31.22  415.02 ^ delaybuf_39_core_clock/Y (BUFx24_ASAP7_75t_R)
                                         delaynet_39_core_clock (net)
                 13.50    0.69  415.71 ^ delaybuf_40_core_clock/A (BUFx24_ASAP7_75t_R)
     1    2.76   13.24   31.14  446.85 ^ delaybuf_40_core_clock/Y (BUFx24_ASAP7_75t_R)
                                         delaynet_40_core_clock (net)
                 13.27    0.62  447.47 ^ clkbuf_1_0_0_clk/A (BUFx24_ASAP7_75t_R)
     4   40.37   33.61   33.99  481.46 ^ clkbuf_1_0_0_clk/Y (BUFx24_ASAP7_75t_R)
                                         clknet_1_0_0_clk (net)
                156.95   49.15  530.62 ^ clkbuf_leaf_7_clk/A (BUFx24_ASAP7_75t_R)
     4    8.72   23.90   72.93  603.55 ^ clkbuf_leaf_7_clk/Y (BUFx24_ASAP7_75t_R)
                                         clknet_leaf_7_clk (net)
                 23.90    0.35  603.89 ^ _788329_/CLK (ICGx1_ASAP7_75t_R)
     1    2.70   44.83   37.17  641.06 ^ _788329_/GCLK (ICGx1_ASAP7_75t_R)
                                         _474561_ (net)
                 44.86    0.57  641.62 ^ clkbuf_0__474561_/A (BUFx24_ASAP7_75t_R)
     8   24.93   31.81   48.64  690.26 ^ clkbuf_0__474561_/Y (BUFx24_ASAP7_75t_R)
                                         clknet_0__474561_ (net)
                 34.33    4.69  694.95 ^ clkbuf_3_2_0__474561_/A (BUFx24_ASAP7_75t_R)
     2    5.60   15.41   39.69  734.64 ^ clkbuf_3_2_0__474561_/Y (BUFx24_ASAP7_75t_R)
                                         clknet_3_2_0__474561_ (net)
                 15.68    1.30  735.95 ^ clkbuf_4_5__f__474561_/A (BUFx24_ASAP7_75t_R)
    10    9.15   17.61   34.04  769.98 ^ clkbuf_4_5__f__474561_/Y (BUFx24_ASAP7_75t_R)
                                         clknet_4_5__leaf__474561_ (net)
                 17.71    0.54  770.52 ^ in_data_q[62]$_DFFE_PN0P_/CLK (DFFASRHQNx1_ASAP7_75t_R)
     2    2.13   52.14   94.68  865.20 ^ in_data_q[62]$_DFFE_PN0P_/QN (DFFASRHQNx1_ASAP7_75t_R)
                                         _001912_ (net)
                 52.15    0.23  865.43 ^ place137870/A (BUFx5_ASAP7_75t_R)
     5   30.60  107.02   56.27  921.70 ^ place137870/Y (BUFx5_ASAP7_75t_R)
                                         net137437 (net)
                235.43   70.84  992.54 ^ place137869/A (BUFx5_ASAP7_75t_R)
     8   32.63  119.62  101.32 1093.86 ^ place137869/Y (BUFx5_ASAP7_75t_R)
                                         net137436 (net)
                213.92   59.95 1153.81 ^ place137868/A (BUFx5_ASAP7_75t_R)
     2   39.48  110.66   85.88 1239.70 ^ place137868/Y (BUFx5_ASAP7_75t_R)
                                         net137435 (net)
                466.02  143.93 1383.63 ^ place137867/A (BUFx3_ASAP7_75t_R)
     5   16.81  101.82  122.61 1506.23 ^ place137867/Y (BUFx3_ASAP7_75t_R)
                                         net137434 (net)
                116.41   20.15 1526.39 ^ place137866/A (BUFx2_ASAP7_75t_R)
     5   27.53  227.16  119.17 1645.55 ^ place137866/Y (BUFx2_ASAP7_75t_R)
                                         net137433 (net)
                251.38   38.85 1684.40 ^ place137865/A (BUFx2_ASAP7_75t_R)
     3   19.02  159.57  118.82 1803.23 ^ place137865/Y (BUFx2_ASAP7_75t_R)
                                         net137432 (net)
                172.07   23.69 1826.92 ^ place137864/A (BUFx2_ASAP7_75t_R)
     1   14.63  125.01   95.37 1922.30 ^ place137864/Y (BUFx2_ASAP7_75t_R)
                                         net137431 (net)
                144.39   25.59 1947.89 ^ place137863/A (BUFx2_ASAP7_75t_R)
     1   30.49  257.75  110.95 2058.84 ^ place137863/Y (BUFx2_ASAP7_75t_R)
                                         net137430 (net)
                311.62   62.44 2121.28 ^ _745831_/B (NOR2x1_ASAP7_75t_R)
     1    0.74   58.80   53.23 2174.51 v _745831_/Y (NOR2x1_ASAP7_75t_R)
                                         net17310 (net)
                 58.80    0.07 2174.58 v output17743/A (BUFx2_ASAP7_75t_R)
     1    2.32   21.08   47.88 2222.46 v output17743/Y (BUFx2_ASAP7_75t_R)
                                         mem_wdata[862] (net)
                 21.16    0.74 2223.20 v mem_wdata[862] (out)
                               2223.20   data arrival time

                  0.00 1000.00 1000.00   clock vclk_mem (rise edge)
                        800.00 1800.00   clock network delay (ideal)
                          0.00 1800.00   clock reconvergence pessimism
                       -100.00 1700.00   output external delay
                               1700.00   data required time
-----------------------------------------------------------------------------
                               1700.00   data required time
                               -2223.20   data arrival time
-----------------------------------------------------------------------------
                               -523.20   slack (VIOLATED)



==========================================================================
finish report_check_types -max_slew -max_cap -max_fanout -violators
--------------------------------------------------------------------------
max slew

Pin                                    Limit    Slew   Slack
------------------------------------------------------------
place137698/A                         320.00  485.02 -165.02 (VIOLATED)
place138236/A                         320.00  468.06 -148.06 (VIOLATED)
place137867/A                         320.00  466.02 -146.02 (VIOLATED)
_738844_/B                            320.00  465.84 -145.84 (VIOLATED)
_741442_/B                            320.00  465.00 -145.00 (VIOLATED)
_739711_/B                            320.00  447.55 -127.55 (VIOLATED)
_740065_/B                            320.00  433.99 -113.99 (VIOLATED)
place137608/A                         320.00  430.91 -110.91 (VIOLATED)
place138744/A                         320.00  414.63  -94.63 (VIOLATED)
place138176/A                         320.00  413.31  -93.31 (VIOLATED)
place137592/A                         320.00  409.59  -89.59 (VIOLATED)
place138908/A                         320.00  403.90  -83.90 (VIOLATED)
_745822_/B                            320.00  402.78  -82.78 (VIOLATED)
place138865/A                         320.00  402.21  -82.21 (VIOLATED)
place138864/A                         320.00  402.15  -82.15 (VIOLATED)
_737484_/B                            320.00  398.04  -78.04 (VIOLATED)
_737961_/B                            320.00  397.92  -77.92 (VIOLATED)
_737784_/B                            320.00  397.09  -77.09 (VIOLATED)
place93496/A                          320.00  393.42  -73.42 (VIOLATED)
place138146/A                         320.00  392.49  -72.49 (VIOLATED)
_746031_/B                            320.00  390.77  -70.77 (VIOLATED)
place138806/A                         320.00  389.31  -69.31 (VIOLATED)
place138805/A                         320.00  389.24  -69.24 (VIOLATED)
place139399/A                         320.00  387.75  -67.75 (VIOLATED)
_738315_/B                            320.00  386.97  -66.97 (VIOLATED)
place138028/A                         320.00  382.33  -62.33 (VIOLATED)
place104351/A                         320.00  379.20  -59.20 (VIOLATED)
place137682/A                         320.00  374.38  -54.38 (VIOLATED)
place138581/A                         320.00  373.64  -53.64 (VIOLATED)
place150005/A                         320.00  372.94  -52.94 (VIOLATED)
a_sym[12][6]$_DFFE_PN0P_/RESETN       320.00  372.53  -52.53 (VIOLATED)
place138945/A                         320.00  371.04  -51.04 (VIOLATED)
place96053/A                          320.00  370.59  -50.59 (VIOLATED)
place138816/A                         320.00  370.32  -50.32 (VIOLATED)
_738897_/B                            320.00  370.26  -50.26 (VIOLATED)
_738720_/B                            320.00  370.23  -50.23 (VIOLATED)
_738189_/B                            320.00  369.63  -49.63 (VIOLATED)
place139056/A                         320.00  369.62  -49.62 (VIOLATED)
place96052/A                          320.00  369.11  -49.11 (VIOLATED)
_738543_/B                            320.00  368.48  -48.48 (VIOLATED)
_739318_/B                            320.00  368.21  -48.21 (VIOLATED)
_742545_/B                            320.00  367.67  -47.67 (VIOLATED)
_737651_/A                            320.00  367.33  -47.33 (VIOLATED)
place138140/A                         320.00  365.48  -45.48 (VIOLATED)
place138197/A                         320.00  364.98  -44.98 (VIOLATED)
_739587_/B                            320.00  364.81  -44.81 (VIOLATED)
place138191/A                         320.00  364.60  -44.60 (VIOLATED)
_739410_/B                            320.00  364.30  -44.30 (VIOLATED)
place139376/A                         320.00  362.94  -42.94 (VIOLATED)
_746735_/B                            320.00  362.78  -42.78 (VIOLATED)
_742792_/B                            320.00  362.51  -42.51 (VIOLATED)
place138027/A                         320.00  361.84  -41.84 (VIOLATED)
_739764_/B                            320.00  361.76  -41.76 (VIOLATED)
_739699_/B                            320.00  361.39  -41.39 (VIOLATED)
tlo_f[4]$_DFFE_PN1P_/SETN             320.00  361.01  -41.01 (VIOLATED)
place137956/A                         320.00  359.90  -39.90 (VIOLATED)
place137722/A                         320.00  359.35  -39.35 (VIOLATED)
_740053_/B                            320.00  357.39  -37.39 (VIOLATED)
place137640/A                         320.00  357.13  -37.13 (VIOLATED)
place138753/A                         320.00  356.55  -36.55 (VIOLATED)
_740030_/B                            320.00  355.90  -35.90 (VIOLATED)
tlo_f[1]$_DFFE_PN0P_/RESETN           320.00  355.24  -35.24 (VIOLATED)
tlo_f[0]$_DFFE_PN0P_/RESETN           320.00  355.22  -35.22 (VIOLATED)
_742835_/A                            320.00  355.10  -35.10 (VIOLATED)
_742722_/B                            320.00  355.08  -35.08 (VIOLATED)
_742836_/A                            320.00  355.07  -35.07 (VIOLATED)
_742822_/A                            320.00  354.95  -34.95 (VIOLATED)
_742825_/A                            320.00  354.78  -34.78 (VIOLATED)
_742845_/A                            320.00  354.75  -34.75 (VIOLATED)
_742823_/A                            320.00  354.50  -34.50 (VIOLATED)
_742832_/A                            320.00  354.35  -34.35 (VIOLATED)
tlo_f[3]$_DFFE_PN1P_/SETN             320.00  354.31  -34.31 (VIOLATED)
_743362_/B                            320.00  354.15  -34.15 (VIOLATED)
_742847_/A                            320.00  354.10  -34.10 (VIOLATED)
_742842_/A                            320.00  353.34  -33.34 (VIOLATED)
_742826_/A                            320.00  353.06  -33.06 (VIOLATED)
_743956_/A                            320.00  353.04  -33.04 (VIOLATED)
_742840_/A                            320.00  352.97  -32.97 (VIOLATED)
tlo_f[2]$_DFFE_PN0P_/RESETN           320.00  352.93  -32.93 (VIOLATED)
place137062/A                         320.00  352.85  -32.85 (VIOLATED)
_742846_/A                            320.00  351.73  -31.73 (VIOLATED)
_742849_/A                            320.00  351.59  -31.59 (VIOLATED)
place137594/A                         320.00  351.42  -31.42 (VIOLATED)
_746403_/B                            320.00  351.17  -31.17 (VIOLATED)
place137931/A                         320.00  350.98  -30.98 (VIOLATED)
_742843_/A                            320.00  350.92  -30.92 (VIOLATED)
_743354_/B                            320.00  350.75  -30.75 (VIOLATED)
_742844_/A                            320.00  350.13  -30.13 (VIOLATED)
place138137/A                         320.00  350.12  -30.12 (VIOLATED)
_745658_/B                            320.00  350.02  -30.02 (VIOLATED)
_742848_/A                            320.00  349.28  -29.28 (VIOLATED)
_742841_/A                            320.00  348.53  -28.53 (VIOLATED)
wire31689/A                           320.00  348.24  -28.24 (VIOLATED)
_663499_/A                            320.00  348.03  -28.03 (VIOLATED)
place150015/A                         320.00  345.70  -25.70 (VIOLATED)
out_pix_data[123]$_DFFE_PN0P_/RESETN  320.00  345.50  -25.50 (VIOLATED)
_742859_/A                            320.00  344.80  -24.80 (VIOLATED)
_742923_/A                            320.00  344.78  -24.78 (VIOLATED)
place139662/A                         320.00  344.22  -24.22 (VIOLATED)
place139659/A                         320.00  344.02  -24.02 (VIOLATED)
place96061/A                          320.00  343.97  -23.97 (VIOLATED)
_740096_/B                            320.00  343.69  -23.69 (VIOLATED)
_742856_/A                            320.00  343.52  -23.52 (VIOLATED)
_742857_/A                            320.00  343.27  -23.27 (VIOLATED)
_740273_/B                            320.00  343.14  -23.14 (VIOLATED)
_762364_/A                            320.00  343.04  -23.04 (VIOLATED)
place139001/A                         320.00  342.95  -22.95 (VIOLATED)
place138996/A                         320.00  342.84  -22.84 (VIOLATED)
place139321/A                         320.00  342.55  -22.55 (VIOLATED)
place138560/A                         320.00  342.45  -22.45 (VIOLATED)
_742921_/A                            320.00  342.40  -22.40 (VIOLATED)
_739907_/B                            320.00  342.39  -22.39 (VIOLATED)
place93504/A                          320.00  341.79  -21.79 (VIOLATED)
place137941/A                         320.00  341.73  -21.73 (VIOLATED)
in_data_q[59]$_DFFE_PN0P_/QN          320.00  341.64  -21.64 (VIOLATED)
_739975_/B                            320.00  341.51  -21.51 (VIOLATED)
_739995_/B                            320.00  341.26  -21.26 (VIOLATED)
place138212/A                         320.00  341.26  -21.26 (VIOLATED)
_745198_/A                            320.00  340.60  -20.60 (VIOLATED)
_745316_/A                            320.00  340.45  -20.45 (VIOLATED)
_742906_/A                            320.00  340.40  -20.40 (VIOLATED)
_742858_/A                            320.00  340.40  -20.40 (VIOLATED)
_742820_/A                            320.00  340.38  -20.38 (VIOLATED)
_742919_/A                            320.00  340.37  -20.37 (VIOLATED)
_745200_/A                            320.00  340.29  -20.29 (VIOLATED)
_737143_/A                            320.00  340.26  -20.26 (VIOLATED)
ymod_f[5]$_DFFE_PN0P_/RESETN          320.00  340.12  -20.12 (VIOLATED)
_742924_/A                            320.00  340.08  -20.08 (VIOLATED)
ymod_f[1]$_DFFE_PN0P_/RESETN          320.00  339.94  -19.94 (VIOLATED)
_745565_/B                            320.00  339.32  -19.32 (VIOLATED)
_742860_/A                            320.00  339.22  -19.22 (VIOLATED)
place138333/A                         320.00  339.05  -19.05 (VIOLATED)
_745319_/A                            320.00  339.00  -19.00 (VIOLATED)
_742912_/A                            320.00  338.88  -18.88 (VIOLATED)
_745317_/A                            320.00  338.84  -18.84 (VIOLATED)
_745323_/A                            320.00  338.83  -18.83 (VIOLATED)
_745315_/A                            320.00  338.76  -18.76 (VIOLATED)
_740084_/B                            320.00  338.76  -18.76 (VIOLATED)
_745320_/A                            320.00  338.62  -18.62 (VIOLATED)
_745324_/A                            320.00  338.33  -18.33 (VIOLATED)
place92726/A                          320.00  338.29  -18.29 (VIOLATED)
_744460_/B                            320.00  338.23  -18.23 (VIOLATED)
_737476_/B                            320.00  338.09  -18.09 (VIOLATED)
_737959_/B                            320.00  338.07  -18.07 (VIOLATED)
ymod_f[2]$_DFFE_PN0P_/RESETN          320.00  337.82  -17.82 (VIOLATED)
place150004/A                         320.00  337.35  -17.35 (VIOLATED)
place150003/A                         320.00  337.20  -17.20 (VIOLATED)
_745194_/A                            320.00  337.15  -17.15 (VIOLATED)
place93674/A                          320.00  336.71  -16.71 (VIOLATED)
_737782_/B                            320.00  336.50  -16.50 (VIOLATED)
a_sym[8][3]$_DFFE_PN0P_/RESETN        320.00  336.18  -16.18 (VIOLATED)
place138594/A                         320.00  336.02  -16.02 (VIOLATED)
place139507/A                         320.00  335.56  -15.56 (VIOLATED)
_745199_/A                            320.00  335.46  -15.46 (VIOLATED)
place139512/A                         320.00  335.43  -15.43 (VIOLATED)
ymod_f[0]$_DFFE_PN0P_/RESETN          320.00  335.30  -15.30 (VIOLATED)
in_data_q[96]$_DFFE_PN0P_/RESETN      320.00  334.72  -14.72 (VIOLATED)
_742899_/A                            320.00  334.67  -14.67 (VIOLATED)
in_data_q[91]$_DFFE_PN0P_/RESETN      320.00  334.66  -14.66 (VIOLATED)
in_data_q[60]$_DFFE_PN0P_/RESETN      320.00  334.66  -14.66 (VIOLATED)
_742915_/A                            320.00  334.65  -14.65 (VIOLATED)
_742852_/A                            320.00  334.63  -14.63 (VIOLATED)
in_data_q[97]$_DFFE_PN0P_/RESETN      320.00  334.56  -14.56 (VIOLATED)
place93495/A                          320.00  334.55  -14.55 (VIOLATED)
_742925_/A                            320.00  334.54  -14.54 (VIOLATED)
_742805_/A                            320.00  334.45  -14.45 (VIOLATED)
ymod_f[4]$_DFFE_PN0P_/RESETN          320.00  334.38  -14.38 (VIOLATED)
in_data_q[127]$_DFFE_PN0P_/RESETN     320.00  334.32  -14.32 (VIOLATED)
place149996/A                         320.00  334.27  -14.27 (VIOLATED)
a_sym[18][4]$_DFFE_PN0P_/RESETN       320.00  334.19  -14.19 (VIOLATED)
place138065/A                         320.00  334.16  -14.16 (VIOLATED)
_742918_/A                            320.00  334.07  -14.07 (VIOLATED)
_745201_/A                            320.00  334.00  -14.00 (VIOLATED)
in_data_q[99]$_DFFE_PN0P_/RESETN      320.00  333.89  -13.89 (VIOLATED)
ymod_f[3]$_DFFE_PN0P_/RESETN          320.00  333.86  -13.86 (VIOLATED)
place139319/A                         320.00  333.53  -13.53 (VIOLATED)
_737635_/A                            320.00  333.41  -13.41 (VIOLATED)
_740763_/B                            320.00  332.97  -12.97 (VIOLATED)
a_sym[20][3]$_DFFE_PN0P_/RESETN       320.00  332.67  -12.67 (VIOLATED)
in_data_q[122]$_DFFE_PN0P_/RESETN     320.00  332.50  -12.50 (VIOLATED)
_742910_/A                            320.00  332.16  -12.16 (VIOLATED)
in_data_q[132]$_DFFE_PN0P_/RESETN     320.00  331.91  -11.91 (VIOLATED)
in_data_q[134]$_DFFE_PN0P_/RESETN     320.00  331.77  -11.77 (VIOLATED)
a_sym[24][3]$_DFFE_PN0P_/RESETN       320.00  331.49  -11.49 (VIOLATED)
place150016/A                         320.00  331.48  -11.48 (VIOLATED)
a_sym[8][6]$_DFFE_PN0P_/RESETN        320.00  331.46  -11.46 (VIOLATED)
a_sym[0][5]$_DFFE_PN0P_/RESETN        320.00  331.35  -11.35 (VIOLATED)
a_sym[16][4]$_DFFE_PN0P_/RESETN       320.00  330.56  -10.56 (VIOLATED)
in_data_q[133]$_DFFE_PN0P_/RESETN     320.00  330.16  -10.16 (VIOLATED)
place137623/A                         320.00  329.98   -9.98 (VIOLATED)
a_sym[14][3]$_DFFE_PN0P_/RESETN       320.00  329.65   -9.65 (VIOLATED)
_746029_/B                            320.00  329.61   -9.61 (VIOLATED)
in_data_q[136]$_DFFE_PN0P_/RESETN     320.00  329.53   -9.53 (VIOLATED)
place137906/A                         320.00  329.48   -9.48 (VIOLATED)
place137901/A                         320.00  329.40   -9.40 (VIOLATED)
a_sym[16][5]$_DFFE_PN0P_/RESETN       320.00  328.82   -8.82 (VIOLATED)
_739675_/B                            320.00  328.63   -8.63 (VIOLATED)
_742926_/A                            320.00  328.47   -8.47 (VIOLATED)
_738313_/B                            320.00  328.27   -8.27 (VIOLATED)
_739852_/B                            320.00  328.20   -8.20 (VIOLATED)
place139142/A                         320.00  328.11   -8.11 (VIOLATED)
_737647_/A                            320.00  327.92   -7.92 (VIOLATED)
place138994/A                         320.00  327.91   -7.91 (VIOLATED)
in_data_q[143]$_DFFE_PN0P_/QN         320.00  327.91   -7.91 (VIOLATED)
a_sym[8][5]$_DFFE_PN0P_/RESETN        320.00  327.83   -7.83 (VIOLATED)
a_sym[4][5]$_DFFE_PN0P_/RESETN        320.00  327.80   -7.80 (VIOLATED)
place138010/A                         320.00  327.72   -7.72 (VIOLATED)
a_sym[24][5]$_DFFE_PN0P_/RESETN       320.00  327.71   -7.71 (VIOLATED)
_742809_/A                            320.00  327.38   -7.38 (VIOLATED)
_742897_/A                            320.00  327.37   -7.37 (VIOLATED)
place136907/A                         320.00  327.35   -7.35 (VIOLATED)
place104341/A                         320.00  327.35   -7.35 (VIOLATED)
_741111_/A                            320.00  327.32   -7.32 (VIOLATED)
_742901_/A                            320.00  327.28   -7.28 (VIOLATED)
_742896_/A                            320.00  327.12   -7.12 (VIOLATED)
_741144_/A                            320.00  327.11   -7.11 (VIOLATED)
in_data_q[141]$_DFFE_PN0P_/RESETN     320.00  326.94   -6.94 (VIOLATED)
_741069_/A                            320.00  326.94   -6.94 (VIOLATED)
_741105_/A                            320.00  326.86   -6.86 (VIOLATED)
a_sym[8][4]$_DFFE_PN0P_/RESETN        320.00  326.84   -6.84 (VIOLATED)
place137197/A                         320.00  326.79   -6.79 (VIOLATED)
in_data_q[142]$_DFFE_PN0P_/RESETN     320.00  326.78   -6.78 (VIOLATED)
place139200/A                         320.00  326.25   -6.25 (VIOLATED)
_742723_/A                            320.00  325.95   -5.95 (VIOLATED)
_742655_/A                            320.00  325.71   -5.71 (VIOLATED)
_742674_/A                            320.00  325.70   -5.70 (VIOLATED)
out_pix_data[111]$_DFFE_PN0P_/RESETN  320.00  325.66   -5.66 (VIOLATED)
place139779/A                         320.00  325.55   -5.55 (VIOLATED)
_762367_/A                            320.00  325.55   -5.55 (VIOLATED)
_742747_/A                            320.00  325.53   -5.53 (VIOLATED)
place137574/A                         320.00  325.51   -5.51 (VIOLATED)
_742614_/A                            320.00  325.51   -5.51 (VIOLATED)
in_data_q[144]$_DFFE_PN0P_/RESETN     320.00  325.39   -5.39 (VIOLATED)
_742660_/A                            320.00  325.38   -5.38 (VIOLATED)
_742745_/A                            320.00  325.32   -5.32 (VIOLATED)
_742748_/A                            320.00  325.28   -5.28 (VIOLATED)
_741207_/B                            320.00  325.12   -5.12 (VIOLATED)
_741816_/B                            320.00  324.84   -4.84 (VIOLATED)
_742661_/A                            320.00  324.65   -4.65 (VIOLATED)
place115189/A                         320.00  324.64   -4.64 (VIOLATED)
place138643/A                         320.00  324.53   -4.53 (VIOLATED)
a_sym[16][7]$_DFFE_PN0P_/RESETN       320.00  324.49   -4.49 (VIOLATED)
_742900_/A                            320.00  324.47   -4.47 (VIOLATED)
a_sym[24][0]$_DFFE_PN0P_/RESETN       320.00  324.43   -4.43 (VIOLATED)
a_sym[23][1]$_DFFE_PN0P_/RESETN       320.00  324.38   -4.38 (VIOLATED)
a_sym[0][1]$_DFFE_PN0P_/RESETN        320.00  324.31   -4.31 (VIOLATED)
a_sym[0][2]$_DFFE_PN0P_/RESETN        320.00  324.29   -4.29 (VIOLATED)
a_sym[10][6]$_DFFE_PN0P_/RESETN       320.00  324.13   -4.13 (VIOLATED)
_742652_/A                            320.00  324.04   -4.04 (VIOLATED)
place149995/A                         320.00  324.00   -4.00 (VIOLATED)
out_pix_data[140]$_DFFE_PN0P_/RESETN  320.00  323.99   -3.99 (VIOLATED)
in_data_q[146]$_DFFE_PN0P_/RESETN     320.00  323.96   -3.96 (VIOLATED)
oskid_d[146]$_DFFE_PN0P_/RESETN       320.00  323.88   -3.88 (VIOLATED)
out_pix_data[146]$_DFFE_PN0P_/RESETN  320.00  323.88   -3.88 (VIOLATED)
out_pix_data[142]$_DFFE_PN0P_/RESETN  320.00  323.77   -3.77 (VIOLATED)
out_pix_data[145]$_DFFE_PN0P_/RESETN  320.00  323.57   -3.57 (VIOLATED)
_739825_/B                            320.00  323.56   -3.56 (VIOLATED)
out_pix_data[141]$_DFFE_PN0P_/RESETN  320.00  323.51   -3.51 (VIOLATED)
in_data_q[124]$_DFFE_PN0P_/RESETN     320.00  323.36   -3.36 (VIOLATED)
_742624_/A                            320.00  323.34   -3.34 (VIOLATED)
in_data_q[90]$_DFFE_PN0P_/RESETN      320.00  323.32   -3.32 (VIOLATED)
place138895/A                         320.00  323.22   -3.22 (VIOLATED)
in_data_q[137]$_DFFE_PN0P_/RESETN     320.00  323.19   -3.19 (VIOLATED)
out_pix_data[143]$_DFFE_PN0P_/RESETN  320.00  323.00   -3.00 (VIOLATED)
out_pix_data[144]$_DFFE_PN0P_/RESETN  320.00  322.97   -2.97 (VIOLATED)
_746319_/B                            320.00  322.94   -2.94 (VIOLATED)
place138640/A                         320.00  322.94   -2.94 (VIOLATED)
_741621_/B                            320.00  322.87   -2.87 (VIOLATED)
place137838/A                         320.00  322.79   -2.79 (VIOLATED)
_742675_/A                            320.00  322.74   -2.74 (VIOLATED)
in_data_q[93]$_DFFE_PN0P_/RESETN      320.00  322.72   -2.72 (VIOLATED)
_740221_/A                            320.00  322.67   -2.67 (VIOLATED)
place137842/A                         320.00  322.66   -2.66 (VIOLATED)
place137841/A                         320.00  322.66   -2.66 (VIOLATED)
_740156_/A                            320.00  322.59   -2.59 (VIOLATED)
_742657_/A                            320.00  322.57   -2.57 (VIOLATED)
place139506/A                         320.00  322.54   -2.54 (VIOLATED)
_745652_/B                            320.00  322.52   -2.52 (VIOLATED)
_742622_/A                            320.00  322.49   -2.49 (VIOLATED)
in_data_q[115]$_DFFE_PN0P_/RESETN     320.00  322.44   -2.44 (VIOLATED)
_743601_/B                            320.00  322.37   -2.37 (VIOLATED)
_740443_/B                            320.00  322.35   -2.35 (VIOLATED)
in_data_q[100]$_DFFE_PN0P_/RESETN     320.00  322.30   -2.30 (VIOLATED)
in_data_q[102]$_DFFE_PN0P_/RESETN     320.00  322.28   -2.28 (VIOLATED)
_740217_/A                            320.00  322.17   -2.17 (VIOLATED)
in_data_q[143]$_DFFE_PN0P_/RESETN     320.00  322.16   -2.16 (VIOLATED)
_740140_/A                            320.00  322.16   -2.16 (VIOLATED)
_741753_/B                            320.00  322.15   -2.15 (VIOLATED)
_740002_/B                            320.00  322.15   -2.15 (VIOLATED)
in_data_q[106]$_DFFE_PN0P_/RESETN     320.00  322.01   -2.01 (VIOLATED)
place139789/A                         320.00  321.94   -1.94 (VIOLATED)
oskid_d[145]$_DFFE_PN0P_/RESETN       320.00  321.86   -1.86 (VIOLATED)
place139222/A                         320.00  321.79   -1.79 (VIOLATED)
in_data_q[64]$_DFFE_PN0P_/QN          320.00  321.74   -1.74 (VIOLATED)
in_data_q[148]$_DFFE_PN0P_/RESETN     320.00  321.68   -1.68 (VIOLATED)
place138411/A                         320.00  321.59   -1.59 (VIOLATED)
_740214_/A                            320.00  321.58   -1.58 (VIOLATED)
_740115_/A                            320.00  321.56   -1.56 (VIOLATED)
place139040/A                         320.00  321.53   -1.53 (VIOLATED)
in_data_q[116]$_DFFE_PN0P_/RESETN     320.00  321.52   -1.52 (VIOLATED)
oskid_d[142]$_DFFE_PN0P_/RESETN       320.00  321.46   -1.46 (VIOLATED)
in_data_q[112]$_DFFE_PN0P_/RESETN     320.00  321.43   -1.43 (VIOLATED)
_740173_/A                            320.00  321.42   -1.42 (VIOLATED)
_740172_/A                            320.00  321.35   -1.35 (VIOLATED)
in_data_q[10]$_DFFE_PN0P_/RESETN      320.00  321.35   -1.35 (VIOLATED)
in_data_q[103]$_DFFE_PN0P_/RESETN     320.00  321.28   -1.28 (VIOLATED)
_740177_/A                            320.00  321.27   -1.27 (VIOLATED)
_740277_/A                            320.00  321.25   -1.25 (VIOLATED)
_762040_/B                            320.00  321.15   -1.15 (VIOLATED)
_742621_/A                            320.00  321.13   -1.13 (VIOLATED)
_762038_/A                            320.00  321.06   -1.06 (VIOLATED)
_762046_/A                            320.00  321.03   -1.03 (VIOLATED)
_762050_/A                            320.00  320.95   -0.95 (VIOLATED)
_762044_/A                            320.00  320.87   -0.87 (VIOLATED)
_742659_/A                            320.00  320.80   -0.80 (VIOLATED)
_762042_/A                            320.00  320.79   -0.79 (VIOLATED)
oskid_d[143]$_DFFE_PN0P_/RESETN       320.00  320.73   -0.73 (VIOLATED)
_742922_/A                            320.00  320.69   -0.69 (VIOLATED)
_762036_/A                            320.00  320.67   -0.67 (VIOLATED)
_740273_/A                            320.00  320.66   -0.66 (VIOLATED)
_742920_/A                            320.00  320.66   -0.66 (VIOLATED)
in_data_q[149]$_DFFE_PN0P_/RESETN     320.00  320.51   -0.51 (VIOLATED)
_742917_/A                            320.00  320.50   -0.50 (VIOLATED)
_742855_/A                            320.00  320.50   -0.50 (VIOLATED)
_742854_/A                            320.00  320.40   -0.40 (VIOLATED)
_742853_/A                            320.00  320.37   -0.37 (VIOLATED)
in_data_q[118]$_DFFE_PN0P_/RESETN     320.00  320.25   -0.25 (VIOLATED)
_740152_/A                            320.00  320.19   -0.19 (VIOLATED)
in_data_q[24]$_DFFE_PN0P_/RESETN      320.00  320.19   -0.19 (VIOLATED)
_741121_/B                            320.00  320.15   -0.15 (VIOLATED)


==========================================================================
finish max_slew_check_slack
--------------------------------------------------------------------------
-165.01608276367188

==========================================================================
finish max_slew_check_limit
--------------------------------------------------------------------------
320.0

==========================================================================
finish max_slew_check_slack_limit
--------------------------------------------------------------------------
-0.5157

==========================================================================
finish max_fanout_check_slack
--------------------------------------------------------------------------
1.0000000150474662e+30

==========================================================================
finish max_fanout_check_limit
--------------------------------------------------------------------------
1.0000000150474662e+30

==========================================================================
finish max_capacitance_check_slack
--------------------------------------------------------------------------
7.034696578979492

==========================================================================
finish max_capacitance_check_limit
--------------------------------------------------------------------------
23.040000915527344

==========================================================================
finish max_capacitance_check_slack_limit
--------------------------------------------------------------------------
0.3053

==========================================================================
finish max_slew_violation_count
--------------------------------------------------------------------------
max slew violation count 330

==========================================================================
finish max_fanout_violation_count
--------------------------------------------------------------------------
max fanout violation count 0

==========================================================================
finish max_cap_violation_count
--------------------------------------------------------------------------
max cap violation count 0

==========================================================================
finish setup_violation_count
--------------------------------------------------------------------------
setup violation count 10694

==========================================================================
finish hold_violation_count
--------------------------------------------------------------------------
hold violation count 5682

==========================================================================
finish report_checks -path_delay max reg to reg
--------------------------------------------------------------------------
Startpoint: mod_x[3]$_DFFE_PN0P_
            (rising edge-triggered flip-flop clocked by core_clock)
Endpoint: c_fut[127]$_DFF_P_
          (rising edge-triggered flip-flop clocked by core_clock)
Path Group: core_clock
Path Type: max

  Delay    Time   Description
---------------------------------------------------------
   0.00    0.00   clock core_clock (rise edge)
   0.00    0.00   clock source latency
   0.00    0.00 ^ clk (in)
  39.79   39.79 ^ wire150385/Y (BUFx24_ASAP7_75t_R)
  86.13  125.92 ^ clkbuf_0_clk/Y (BUFx24_ASAP7_75t_R)
  34.89  160.81 ^ delaybuf_31_core_clock/Y (BUFx24_ASAP7_75t_R)
  31.67  192.48 ^ delaybuf_32_core_clock/Y (BUFx24_ASAP7_75t_R)
  31.87  224.34 ^ delaybuf_33_core_clock/Y (BUFx24_ASAP7_75t_R)
  31.89  256.24 ^ delaybuf_34_core_clock/Y (BUFx24_ASAP7_75t_R)
  31.76  288.00 ^ delaybuf_35_core_clock/Y (BUFx24_ASAP7_75t_R)
  31.71  319.71 ^ delaybuf_36_core_clock/Y (BUFx24_ASAP7_75t_R)
  31.71  351.42 ^ delaybuf_37_core_clock/Y (BUFx24_ASAP7_75t_R)
  31.65  383.07 ^ delaybuf_38_core_clock/Y (BUFx24_ASAP7_75t_R)
  31.95  415.02 ^ delaybuf_39_core_clock/Y (BUFx24_ASAP7_75t_R)
  31.83  446.85 ^ delaybuf_40_core_clock/Y (BUFx24_ASAP7_75t_R)
  34.61  481.46 ^ clkbuf_1_0_0_clk/Y (BUFx24_ASAP7_75t_R)
  85.73  567.20 ^ delaybuf_30_core_clock/Y (BUFx24_ASAP7_75t_R)
  39.94  607.14 ^ delaybuf_27_core_clock/Y (BUFx24_ASAP7_75t_R)
  36.93  644.07 ^ delaybuf_28_core_clock/Y (BUFx24_ASAP7_75t_R)
  35.58  679.65 ^ delaybuf_29_core_clock/Y (BUFx24_ASAP7_75t_R)
  35.04  714.69 ^ clkbuf_leaf_2_clk/Y (BUFx24_ASAP7_75t_R)
  32.98  747.67 ^ delaybuf_21_core_clock/Y (BUFx24_ASAP7_75t_R)
  22.18  769.85 ^ _788320_/GCLK (ICGx1_ASAP7_75t_R)
   0.06  769.91 ^ mod_x[3]$_DFFE_PN0P_/CLK (DFFASRHQNx1_ASAP7_75t_R)
  96.91  866.82 v mod_x[3]$_DFFE_PN0P_/QN (DFFASRHQNx1_ASAP7_75t_R)
  36.12  902.94 ^ _570414_/Y (INVx2_ASAP7_75t_R)
  53.02  955.96 ^ _844502_/SN (HAxp5_ASAP7_75t_R)
  20.38  976.34 v _634385_/Y (INVx1_ASAP7_75t_R)
  41.02 1017.35 ^ _860931_/CON (HAxp5_ASAP7_75t_R)
  33.17 1050.53 v _860931_/SN (HAxp5_ASAP7_75t_R)
  42.19 1092.72 v place114177/Y (BUFx6f_ASAP7_75t_R)
  53.81 1146.52 v _479236_/Y (OR3x1_ASAP7_75t_R)
  37.67 1184.20 ^ _479240_/Y (NAND3x1_ASAP7_75t_R)
  67.79 1251.99 ^ _479249_/Y (AO221x1_ASAP7_75t_R)
  43.23 1295.21 ^ place111313/Y (BUFx3_ASAP7_75t_R)
  49.98 1345.20 ^ _479282_/Y (AO31x2_ASAP7_75t_R)
  49.84 1395.04 ^ place108849/Y (BUFx6f_ASAP7_75t_R)
  45.72 1440.75 ^ place108844/Y (BUFx12f_ASAP7_75t_R)
  70.39 1511.15 ^ place108843/Y (BUFx6f_ASAP7_75t_R)
  46.66 1557.81 ^ place108840/Y (BUFx6f_ASAP7_75t_R)
  59.59 1617.39 ^ _747023_/Y (AND3x1_ASAP7_75t_R)
  36.79 1654.18 ^ _750033_/Y (OR4x1_ASAP7_75t_R)
  74.82 1729.00 ^ _750035_/Y (AND4x1_ASAP7_75t_R)
  47.08 1776.08 ^ place106333/Y (BUFx2_ASAP7_75t_R)
  20.97 1797.05 v _750036_/Y (OAI22x1_ASAP7_75t_R)
  63.90 1860.95 v _750037_/Y (AO221x1_ASAP7_75t_R)
  22.13 1883.08 ^ _760444_/Y (NAND2x1_ASAP7_75t_R)
  93.74 1976.82 ^ _760445_/Y (OA21x2_ASAP7_75t_R)
  81.13 2057.95 v _800560_/CON (FAx1_ASAP7_75t_R)
  40.04 2097.99 ^ _800560_/SN (FAx1_ASAP7_75t_R)
  31.04 2129.03 v _548380_/Y (INVx1_ASAP7_75t_R)
  65.70 2194.73 v _873042_/SN (HAxp5_ASAP7_75t_R)
  48.07 2242.80 v _481012_/Y (OA21x2_ASAP7_75t_R)
  37.38 2280.18 v _481013_/Y (OA21x2_ASAP7_75t_R)
  37.08 2317.26 v _481014_/Y (OA21x2_ASAP7_75t_R)
  49.93 2367.19 ^ _481015_/Y (XOR2x2_ASAP7_75t_R)
  53.02 2420.21 v _481016_/Y (XNOR2x2_ASAP7_75t_R)
  40.71 2460.92 v _481017_/Y (XNOR2x2_ASAP7_75t_R)
  49.58 2510.50 ^ _481018_/Y (XOR2x2_ASAP7_75t_R)
   0.07 2510.57 ^ c_fut[127]$_DFF_P_/D (DFFHQNx1_ASAP7_75t_R)
        2510.57   data arrival time

1000.00 1000.00   clock core_clock (rise edge)
   0.00 1000.00   clock source latency
   0.00 1000.00 ^ clk (in)
  38.64 1038.64 ^ wire150385/Y (BUFx24_ASAP7_75t_R)
  38.84 1077.48 ^ delaybuf_41_core_clock/Y (BUFx24_ASAP7_75t_R)
  30.76 1108.24 ^ delaybuf_42_core_clock/Y (BUFx24_ASAP7_75t_R)
  30.97 1139.20 ^ delaybuf_43_core_clock/Y (BUFx24_ASAP7_75t_R)
  30.73 1169.93 ^ delaybuf_44_core_clock/Y (BUFx24_ASAP7_75t_R)
  30.92 1200.86 ^ delaybuf_45_core_clock/Y (BUFx24_ASAP7_75t_R)
  31.07 1231.92 ^ delaybuf_46_core_clock/Y (BUFx24_ASAP7_75t_R)
  31.02 1262.94 ^ delaybuf_47_core_clock/Y (BUFx24_ASAP7_75t_R)
  30.97 1293.91 ^ delaybuf_48_core_clock/Y (BUFx24_ASAP7_75t_R)
  30.89 1324.80 ^ delaybuf_49_core_clock/Y (BUFx24_ASAP7_75t_R)
  30.99 1355.79 ^ delaybuf_50_core_clock/Y (BUFx24_ASAP7_75t_R)
  30.87 1386.66 ^ delaybuf_51_core_clock/Y (BUFx24_ASAP7_75t_R)
  30.96 1417.62 ^ delaybuf_52_core_clock/Y (BUFx24_ASAP7_75t_R)
  30.90 1448.53 ^ delaybuf_53_core_clock/Y (BUFx24_ASAP7_75t_R)
  30.81 1479.33 ^ delaybuf_54_core_clock/Y (BUFx24_ASAP7_75t_R)
  31.01 1510.35 ^ delaybuf_55_core_clock/Y (BUFx24_ASAP7_75t_R)
  31.17 1541.51 ^ clkbuf_regs_0_core_clock/Y (BUFx24_ASAP7_75t_R)
  33.24 1574.75 ^ clkbuf_0_clk_regs/Y (BUFx24_ASAP7_75t_R)
  42.62 1617.37 ^ clkbuf_1_1_0_clk_regs/Y (BUFx24_ASAP7_75t_R)
  49.25 1666.62 ^ clkbuf_2_3_0_clk_regs/Y (BUFx24_ASAP7_75t_R)
  57.53 1724.16 ^ clkbuf_leaf_17_clk_regs/Y (BUFx24_ASAP7_75t_R)
   0.82 1724.97 ^ c_fut[127]$_DFF_P_/CLK (DFFHQNx1_ASAP7_75t_R)
-150.00 1574.97   clock uncertainty
   1.15 1576.13   clock reconvergence pessimism
 -16.16 1559.96   library setup time
        1559.96   data required time
---------------------------------------------------------
        1559.96   data required time
        -2510.57   data arrival time
---------------------------------------------------------
        -950.61   slack (VIOLATED)



==========================================================================
finish report_checks -path_delay min reg to reg
--------------------------------------------------------------------------
Startpoint: c_fut[365]$_DFF_P_
            (rising edge-triggered flip-flop clocked by core_clock)
Endpoint: c_cur[365]$_DFFE_PP_
          (rising edge-triggered flip-flop clocked by core_clock)
Path Group: core_clock
Path Type: min

  Delay    Time   Description
---------------------------------------------------------
   0.00    0.00   clock core_clock (rise edge)
   0.00    0.00   clock source latency
   0.00    0.00 ^ clk (in)
  38.64   38.64 ^ wire150385/Y (BUFx24_ASAP7_75t_R)
  38.84   77.48 ^ delaybuf_41_core_clock/Y (BUFx24_ASAP7_75t_R)
  30.76  108.24 ^ delaybuf_42_core_clock/Y (BUFx24_ASAP7_75t_R)
  30.97  139.21 ^ delaybuf_43_core_clock/Y (BUFx24_ASAP7_75t_R)
  30.73  169.93 ^ delaybuf_44_core_clock/Y (BUFx24_ASAP7_75t_R)
  30.92  200.86 ^ delaybuf_45_core_clock/Y (BUFx24_ASAP7_75t_R)
  31.07  231.92 ^ delaybuf_46_core_clock/Y (BUFx24_ASAP7_75t_R)
  31.02  262.94 ^ delaybuf_47_core_clock/Y (BUFx24_ASAP7_75t_R)
  30.97  293.91 ^ delaybuf_48_core_clock/Y (BUFx24_ASAP7_75t_R)
  30.89  324.80 ^ delaybuf_49_core_clock/Y (BUFx24_ASAP7_75t_R)
  30.99  355.79 ^ delaybuf_50_core_clock/Y (BUFx24_ASAP7_75t_R)
  30.87  386.66 ^ delaybuf_51_core_clock/Y (BUFx24_ASAP7_75t_R)
  30.96  417.62 ^ delaybuf_52_core_clock/Y (BUFx24_ASAP7_75t_R)
  30.90  448.53 ^ delaybuf_53_core_clock/Y (BUFx24_ASAP7_75t_R)
  30.81  479.33 ^ delaybuf_54_core_clock/Y (BUFx24_ASAP7_75t_R)
  31.01  510.35 ^ delaybuf_55_core_clock/Y (BUFx24_ASAP7_75t_R)
  31.17  541.51 ^ clkbuf_regs_0_core_clock/Y (BUFx24_ASAP7_75t_R)
  33.24  574.75 ^ clkbuf_0_clk_regs/Y (BUFx24_ASAP7_75t_R)
  42.97  617.72 ^ clkbuf_1_0_0_clk_regs/Y (BUFx24_ASAP7_75t_R)
  50.51  668.22 ^ clkbuf_2_1_0_clk_regs/Y (BUFx24_ASAP7_75t_R)
  63.27  731.49 ^ clkbuf_leaf_33_clk_regs/Y (BUFx24_ASAP7_75t_R)
   0.45  731.94 ^ c_fut[365]$_DFF_P_/CLK (DFFHQNx1_ASAP7_75t_R)
  71.07  803.01 ^ c_fut[365]$_DFF_P_/QN (DFFHQNx1_ASAP7_75t_R)
  27.22  830.23 ^ hold151409/Y (BUFx2_ASAP7_75t_R)
   8.43  838.66 v _735122_/Y (INVx1_ASAP7_75t_R)
  25.38  864.04 v hold151410/Y (BUFx2_ASAP7_75t_R)
   0.04  864.08 v c_cur[365]$_DFFE_PP_/D (DFFHQNx1_ASAP7_75t_R)
         864.08   data arrival time

   0.00    0.00   clock core_clock (rise edge)
   0.00    0.00   clock source latency
   0.00    0.00 ^ clk (in)
  39.79   39.79 ^ wire150385/Y (BUFx24_ASAP7_75t_R)
  86.13  125.92 ^ clkbuf_0_clk/Y (BUFx24_ASAP7_75t_R)
  42.39  168.31 ^ clkbuf_1_1_0_clk/Y (BUFx24_ASAP7_75t_R)
  38.32  206.63 ^ delaybuf_11_core_clock/Y (BUFx24_ASAP7_75t_R)
  32.09  238.72 ^ delaybuf_12_core_clock/Y (BUFx24_ASAP7_75t_R)
  31.87  270.59 ^ delaybuf_13_core_clock/Y (BUFx24_ASAP7_75t_R)
  32.07  302.66 ^ delaybuf_14_core_clock/Y (BUFx24_ASAP7_75t_R)
  32.09  334.75 ^ delaybuf_15_core_clock/Y (BUFx24_ASAP7_75t_R)
  32.04  366.79 ^ delaybuf_16_core_clock/Y (BUFx24_ASAP7_75t_R)
  31.83  398.62 ^ delaybuf_17_core_clock/Y (BUFx24_ASAP7_75t_R)
  36.06  434.68 ^ delaybuf_18_core_clock/Y (BUFx24_ASAP7_75t_R)
  45.24  479.92 ^ delaybuf_9_core_clock/Y (BUFx24_ASAP7_75t_R)
  36.04  515.96 ^ delaybuf_10_core_clock/Y (BUFx24_ASAP7_75t_R)
  38.13  554.10 ^ clkbuf_leaf_4_clk/Y (BUFx24_ASAP7_75t_R)
  41.85  595.94 ^ _788334_/GCLK (ICGx1_ASAP7_75t_R)
  46.46  642.41 ^ clkbuf_0__474566_/Y (BUFx24_ASAP7_75t_R)
  41.12  683.53 ^ clkbuf_1_0_0__474566_/Y (BUFx24_ASAP7_75t_R)
  46.46  729.98 ^ clkbuf_2_0__f__474566_/Y (BUFx24_ASAP7_75t_R)
  73.15  803.13 ^ clkbuf_leaf_21__474566_/Y (BUFx24_ASAP7_75t_R)
   3.10  806.23 ^ c_cur[365]$_DFFE_PP_/CLK (DFFHQNx1_ASAP7_75t_R)
 150.00  956.23   clock uncertainty
  -1.15  955.08   clock reconvergence pessimism
  21.51  976.58   library hold time
         976.58   data required time
---------------------------------------------------------
         976.58   data required time
        -864.08   data arrival time
---------------------------------------------------------
        -112.51   slack (VIOLATED)



==========================================================================
finish critical path target clock latency max path
--------------------------------------------------------------------------
694.6046

==========================================================================
finish critical path target clock latency min path
--------------------------------------------------------------------------
788.0649

==========================================================================
finish critical path source clock latency min path
--------------------------------------------------------------------------
800.0000

==========================================================================
finish critical path delay
--------------------------------------------------------------------------
2510.5681

==========================================================================
finish critical path slack
--------------------------------------------------------------------------
-950.6071

==========================================================================
finish slack div critical path delay
--------------------------------------------------------------------------
-37.864223

==========================================================================
finish report_power
--------------------------------------------------------------------------
Group                  Internal  Switching    Leakage      Total
                          Power      Power      Power      Power (Watts)
----------------------------------------------------------------
Sequential             2.99e-03   1.33e-04   6.39e-05   3.19e-03   7.2%
Combinational          1.39e-02   2.13e-02   6.56e-04   3.59e-02  81.2%
Clock                  3.35e-03   1.70e-03   5.95e-05   5.11e-03  11.6%
Macro                  0.00e+00   0.00e+00   0.00e+00   0.00e+00   0.0%
Pad                    0.00e+00   0.00e+00   0.00e+00   0.00e+00   0.0%
----------------------------------------------------------------
Total                  2.03e-02   2.32e-02   7.79e-04   4.42e-02 100.0%
                          45.8%      52.4%       1.8%
