LIBERTY /root/ORFS/flow/platforms/asap7/lib/NLDM/asap7sc7p5t_AO_RVT_SS_nldm_211120.lib.gz
LIBERTY /root/ORFS/flow/platforms/asap7/lib/NLDM/asap7sc7p5t_INVBUF_RVT_SS_nldm_220122.lib.gz
LIBERTY /root/ORFS/flow/platforms/asap7/lib/NLDM/asap7sc7p5t_OA_RVT_SS_nldm_211120.lib.gz
LIBERTY /root/ORFS/flow/platforms/asap7/lib/NLDM/asap7sc7p5t_SIMPLE_RVT_SS_nldm_211120.lib.gz
Warning 1212: /root/ORFS/flow/platforms/asap7/lib/NLDM/asap7sc7p5t_SIMPLE_RVT_SS_nldm_211120.lib.gz line 13156, timing group from output port.
Warning 1212: /root/ORFS/flow/platforms/asap7/lib/NLDM/asap7sc7p5t_SIMPLE_RVT_SS_nldm_211120.lib.gz line 13189, timing group from output port.
Warning 1212: /root/ORFS/flow/platforms/asap7/lib/NLDM/asap7sc7p5t_SIMPLE_RVT_SS_nldm_211120.lib.gz line 13222, timing group from output port.
Warning 1212: /root/ORFS/flow/platforms/asap7/lib/NLDM/asap7sc7p5t_SIMPLE_RVT_SS_nldm_211120.lib.gz line 13255, timing group from output port.
Warning 1212: /root/ORFS/flow/platforms/asap7/lib/NLDM/asap7sc7p5t_SIMPLE_RVT_SS_nldm_211120.lib.gz line 13288, timing group from output port.
Warning 1212: /root/ORFS/flow/platforms/asap7/lib/NLDM/asap7sc7p5t_SIMPLE_RVT_SS_nldm_211120.lib.gz line 13321, timing group from output port.
Warning 1212: /root/ORFS/flow/platforms/asap7/lib/NLDM/asap7sc7p5t_SIMPLE_RVT_SS_nldm_211120.lib.gz line 13354, timing group from output port.
Warning 1212: /root/ORFS/flow/platforms/asap7/lib/NLDM/asap7sc7p5t_SIMPLE_RVT_SS_nldm_211120.lib.gz line 14748, timing group from output port.
Warning 1212: /root/ORFS/flow/platforms/asap7/lib/NLDM/asap7sc7p5t_SIMPLE_RVT_SS_nldm_211120.lib.gz line 14781, timing group from output port.
Warning 1212: /root/ORFS/flow/platforms/asap7/lib/NLDM/asap7sc7p5t_SIMPLE_RVT_SS_nldm_211120.lib.gz line 14814, timing group from output port.
LIBERTY /root/ORFS/flow/platforms/asap7/lib/NLDM/asap7sc7p5t_SEQ_RVT_SS_nldm_220123.lib
MODEL corner=SS period_ps=1000 setup_uncertainty_ps=150 hold_uncertainty_ps=30 RC=single_v4_extraction
METRIC setup_ws_ps -923.1078161002289
METRIC setup_tns_ps -5542719.485994493
METRIC setup_endpoints 14111
METRIC hold_ws_ps -183.10364409025246
METRIC hold_tns_ps -505332.76609725814
METRIC hold_endpoints 8378
METRIC slew_violations 5639
METRIC cap_violations 0
FANOUT_CHECK_BEGIN
FANOUT_CHECK_END
Startpoint: mem_rdata[7602] (input port clocked by vclk_mem)
Endpoint: rdata_q[7602]$_DFFE_PP_
          (rising edge-triggered flip-flop clocked by core_clock)
Path Group: core_clock
Path Type: min

  Delay    Time   Description
---------------------------------------------------------
   0.00    0.00   clock vclk_mem (rise edge)
 800.00  800.00   clock network delay (ideal)
  10.00  810.00 v input external delay
   0.00  810.00 v mem_rdata[7602] (in)
  24.60  834.60 v input9059/Y (BUFx2_ASAP7_75t_R)
   0.11  834.71 v rdata_q[7602]$_DFFE_PP_/D (DFFHQNx1_ASAP7_75t_R)
         834.71   data arrival time

   0.00    0.00   clock core_clock (rise edge)
   0.00    0.00   clock source latency
   0.00    0.00 ^ clk (in)
  52.14   52.14 ^ wire77954/Y (BUFx16f_ASAP7_75t_R)
  60.83  112.97 ^ wire77953/Y (BUFx10_ASAP7_75t_R)
  54.54  167.51 ^ clkbuf_0_clk/Y (BUFx24_ASAP7_75t_R)
  36.55  204.05 ^ clkbuf_1_1_0_clk/Y (BUFx24_ASAP7_75t_R)
  37.35  241.40 ^ clkbuf_1_1_1_clk/Y (BUFx24_ASAP7_75t_R)
  34.62  276.02 ^ delaybuf_50_core_clock/Y (BUFx24_ASAP7_75t_R)
  34.19  310.21 ^ clkbuf_2_3_0_clk/Y (BUFx24_ASAP7_75t_R)
  39.10  349.31 ^ clkbuf_3_6_0_clk/Y (BUFx24_ASAP7_75t_R)
  44.07  393.38 ^ clkbuf_leaf_7_clk/Y (BUFx24_ASAP7_75t_R)
  37.83  431.21 ^ clone_1__792305_/GCLK (ICGx1_ASAP7_75t_R)
  43.85  475.06 ^ clkbuf_0_clonenet_1__476578_/Y (BUFx24_ASAP7_75t_R)
  37.76  512.83 ^ clkbuf_1_0_0_clonenet_1__476578_/Y (BUFx24_ASAP7_75t_R)
  37.88  550.71 ^ clkbuf_1_0_1_clonenet_1__476578_/Y (BUFx24_ASAP7_75t_R)
  37.82  588.53 ^ clkbuf_2_0_0_clonenet_1__476578_/Y (BUFx24_ASAP7_75t_R)
  38.77  627.30 ^ clkbuf_2_0_1_clonenet_1__476578_/Y (BUFx24_ASAP7_75t_R)
  42.60  669.91 ^ clkbuf_3_1_0_clonenet_1__476578_/Y (BUFx24_ASAP7_75t_R)
  39.10  709.01 ^ clkbuf_4_2_0_clonenet_1__476578_/Y (BUFx24_ASAP7_75t_R)
  41.62  750.63 ^ clkbuf_5_5_0_clonenet_1__476578_/Y (BUFx24_ASAP7_75t_R)
  40.46  791.10 ^ clkbuf_7_21__f_clonenet_1__476578_/Y (BUFx24_ASAP7_75t_R)
  55.47  846.57 ^ wire77956/Y (BUFx12_ASAP7_75t_R)
  46.78  893.35 ^ wire77955/Y (BUFx12f_ASAP7_75t_R)
  74.45  967.80 ^ clkbuf_leaf_208_clonenet_1__476578_/Y (BUFx24_ASAP7_75t_R)
   0.77  968.57 ^ rdata_q[7602]$_DFFE_PP_/CLK (DFFHQNx1_ASAP7_75t_R)
  30.00  998.57   clock uncertainty
   0.00  998.57   clock reconvergence pessimism
  19.25 1017.82   library hold time
        1017.82   data required time
---------------------------------------------------------
        1017.82   data required time
        -834.71   data arrival time
---------------------------------------------------------
        -183.10   slack (VIOLATED)


Startpoint: mem_rdata[7443] (input port clocked by vclk_mem)
Endpoint: rdata_q[7443]$_DFFE_PP_
          (rising edge-triggered flip-flop clocked by core_clock)
Path Group: core_clock
Path Type: min

  Delay    Time   Description
---------------------------------------------------------
   0.00    0.00   clock vclk_mem (rise edge)
 800.00  800.00   clock network delay (ideal)
  10.00  810.00 v input external delay
   0.00  810.00 v mem_rdata[7443] (in)
  24.84  834.84 v input8882/Y (BUFx2_ASAP7_75t_R)
   0.12  834.96 v rdata_q[7443]$_DFFE_PP_/D (DFFHQNx1_ASAP7_75t_R)
         834.96   data arrival time

   0.00    0.00   clock core_clock (rise edge)
   0.00    0.00   clock source latency
   0.00    0.00 ^ clk (in)
  52.14   52.14 ^ wire77954/Y (BUFx16f_ASAP7_75t_R)
  60.83  112.97 ^ wire77953/Y (BUFx10_ASAP7_75t_R)
  54.54  167.51 ^ clkbuf_0_clk/Y (BUFx24_ASAP7_75t_R)
  36.55  204.05 ^ clkbuf_1_1_0_clk/Y (BUFx24_ASAP7_75t_R)
  37.35  241.40 ^ clkbuf_1_1_1_clk/Y (BUFx24_ASAP7_75t_R)
  34.62  276.02 ^ delaybuf_50_core_clock/Y (BUFx24_ASAP7_75t_R)
  34.19  310.21 ^ clkbuf_2_3_0_clk/Y (BUFx24_ASAP7_75t_R)
  39.10  349.31 ^ clkbuf_3_6_0_clk/Y (BUFx24_ASAP7_75t_R)
  44.07  393.38 ^ clkbuf_leaf_7_clk/Y (BUFx24_ASAP7_75t_R)
  37.83  431.21 ^ clone_1__792305_/GCLK (ICGx1_ASAP7_75t_R)
  43.85  475.06 ^ clkbuf_0_clonenet_1__476578_/Y (BUFx24_ASAP7_75t_R)
  37.76  512.83 ^ clkbuf_1_0_0_clonenet_1__476578_/Y (BUFx24_ASAP7_75t_R)
  37.88  550.71 ^ clkbuf_1_0_1_clonenet_1__476578_/Y (BUFx24_ASAP7_75t_R)
  37.82  588.53 ^ clkbuf_2_0_0_clonenet_1__476578_/Y (BUFx24_ASAP7_75t_R)
  38.77  627.30 ^ clkbuf_2_0_1_clonenet_1__476578_/Y (BUFx24_ASAP7_75t_R)
  42.60  669.91 ^ clkbuf_3_1_0_clonenet_1__476578_/Y (BUFx24_ASAP7_75t_R)
  39.10  709.01 ^ clkbuf_4_2_0_clonenet_1__476578_/Y (BUFx24_ASAP7_75t_R)
  41.62  750.63 ^ clkbuf_5_5_0_clonenet_1__476578_/Y (BUFx24_ASAP7_75t_R)
  40.46  791.10 ^ clkbuf_7_21__f_clonenet_1__476578_/Y (BUFx24_ASAP7_75t_R)
  55.47  846.57 ^ wire77956/Y (BUFx12_ASAP7_75t_R)
  46.78  893.35 ^ wire77955/Y (BUFx12f_ASAP7_75t_R)
  74.45  967.80 ^ clkbuf_leaf_208_clonenet_1__476578_/Y (BUFx24_ASAP7_75t_R)
   0.78  968.58 ^ rdata_q[7443]$_DFFE_PP_/CLK (DFFHQNx1_ASAP7_75t_R)
  30.00  998.58   clock uncertainty
   0.00  998.58   clock reconvergence pessimism
  19.20 1017.77   library hold time
        1017.77   data required time
---------------------------------------------------------
        1017.77   data required time
        -834.96   data arrival time
---------------------------------------------------------
        -182.82   slack (VIOLATED)


Startpoint: mem_rdata[3714] (input port clocked by vclk_mem)
Endpoint: rdata_q[3714]$_DFFE_PP_
          (rising edge-triggered flip-flop clocked by core_clock)
Path Group: core_clock
Path Type: min

  Delay    Time   Description
---------------------------------------------------------
   0.00    0.00   clock vclk_mem (rise edge)
 800.00  800.00   clock network delay (ideal)
  10.00  810.00 v input external delay
   0.00  810.00 v mem_rdata[3714] (in)
  25.41  835.41 v input4739/Y (BUFx2_ASAP7_75t_R)
   0.09  835.49 v rdata_q[3714]$_DFFE_PP_/D (DFFHQNx1_ASAP7_75t_R)
         835.49   data arrival time

   0.00    0.00   clock core_clock (rise edge)
   0.00    0.00   clock source latency
   0.00    0.00 ^ clk (in)
  52.14   52.14 ^ wire77954/Y (BUFx16f_ASAP7_75t_R)
  60.83  112.97 ^ wire77953/Y (BUFx10_ASAP7_75t_R)
  54.54  167.51 ^ clkbuf_0_clk/Y (BUFx24_ASAP7_75t_R)
  36.55  204.05 ^ clkbuf_1_1_0_clk/Y (BUFx24_ASAP7_75t_R)
  37.35  241.40 ^ clkbuf_1_1_1_clk/Y (BUFx24_ASAP7_75t_R)
  34.62  276.02 ^ delaybuf_50_core_clock/Y (BUFx24_ASAP7_75t_R)
  34.19  310.21 ^ clkbuf_2_3_0_clk/Y (BUFx24_ASAP7_75t_R)
  39.10  349.31 ^ clkbuf_3_6_0_clk/Y (BUFx24_ASAP7_75t_R)
  44.07  393.38 ^ clkbuf_leaf_7_clk/Y (BUFx24_ASAP7_75t_R)
  37.83  431.21 ^ clone_1__792305_/GCLK (ICGx1_ASAP7_75t_R)
  43.85  475.06 ^ clkbuf_0_clonenet_1__476578_/Y (BUFx24_ASAP7_75t_R)
  37.76  512.83 ^ clkbuf_1_0_0_clonenet_1__476578_/Y (BUFx24_ASAP7_75t_R)
  37.88  550.71 ^ clkbuf_1_0_1_clonenet_1__476578_/Y (BUFx24_ASAP7_75t_R)
  37.82  588.53 ^ clkbuf_2_0_0_clonenet_1__476578_/Y (BUFx24_ASAP7_75t_R)
  38.77  627.30 ^ clkbuf_2_0_1_clonenet_1__476578_/Y (BUFx24_ASAP7_75t_R)
  42.60  669.91 ^ clkbuf_3_1_0_clonenet_1__476578_/Y (BUFx24_ASAP7_75t_R)
  39.10  709.01 ^ clkbuf_4_2_0_clonenet_1__476578_/Y (BUFx24_ASAP7_75t_R)
  41.62  750.63 ^ clkbuf_5_5_0_clonenet_1__476578_/Y (BUFx24_ASAP7_75t_R)
  40.46  791.10 ^ clkbuf_7_21__f_clonenet_1__476578_/Y (BUFx24_ASAP7_75t_R)
  55.47  846.57 ^ wire77956/Y (BUFx12_ASAP7_75t_R)
  46.78  893.35 ^ wire77955/Y (BUFx12f_ASAP7_75t_R)
  74.45  967.80 ^ clkbuf_leaf_208_clonenet_1__476578_/Y (BUFx24_ASAP7_75t_R)
   1.09  968.89 ^ rdata_q[3714]$_DFFE_PP_/CLK (DFFHQNx1_ASAP7_75t_R)
  30.00  998.89   clock uncertainty
   0.00  998.89   clock reconvergence pessimism
  19.34 1018.23   library hold time
        1018.23   data required time
---------------------------------------------------------
        1018.23   data required time
        -835.49   data arrival time
---------------------------------------------------------
        -182.73   slack (VIOLATED)


Startpoint: out_pix_data[59]$_DFFE_PN0P_
            (rising edge-triggered flip-flop clocked by core_clock)
Endpoint: out_pix_data[59] (output port clocked by vclk_core_clock)
Path Group: vclk_core_clock
Path Type: min

  Delay    Time   Description
---------------------------------------------------------
   0.00    0.00   clock core_clock (rise edge)
   0.00    0.00   clock source latency
   0.00    0.00 ^ clk (in)
  50.29   50.29 ^ wire77954/Y (BUFx16f_ASAP7_75t_R)
  59.51  109.80 ^ wire77953/Y (BUFx10_ASAP7_75t_R)
  52.70  162.51 ^ clkbuf_0_clk/Y (BUFx24_ASAP7_75t_R)
  35.60  198.11 ^ clkbuf_1_1_0_clk/Y (BUFx24_ASAP7_75t_R)
  36.30  234.41 ^ clkbuf_1_1_1_clk/Y (BUFx24_ASAP7_75t_R)
  33.76  268.17 ^ delaybuf_50_core_clock/Y (BUFx24_ASAP7_75t_R)
  33.50  301.66 ^ clkbuf_2_3_0_clk/Y (BUFx24_ASAP7_75t_R)
  37.88  339.54 ^ clkbuf_3_6_0_clk/Y (BUFx24_ASAP7_75t_R)
  34.15  373.69 ^ delaybuf_16_core_clock/Y (BUFx24_ASAP7_75t_R)
  30.95  404.64 ^ delaybuf_17_core_clock/Y (BUFx24_ASAP7_75t_R)
  30.74  435.38 ^ delaybuf_18_core_clock/Y (BUFx24_ASAP7_75t_R)
  30.74  466.12 ^ delaybuf_19_core_clock/Y (BUFx24_ASAP7_75t_R)
  30.80  496.92 ^ delaybuf_20_core_clock/Y (BUFx24_ASAP7_75t_R)
  30.97  527.89 ^ delaybuf_21_core_clock/Y (BUFx24_ASAP7_75t_R)
  30.85  558.74 ^ delaybuf_22_core_clock/Y (BUFx24_ASAP7_75t_R)
  30.99  589.73 ^ delaybuf_23_core_clock/Y (BUFx24_ASAP7_75t_R)
  30.78  620.51 ^ delaybuf_24_core_clock/Y (BUFx24_ASAP7_75t_R)
  30.86  651.37 ^ delaybuf_25_core_clock/Y (BUFx24_ASAP7_75t_R)
  31.73  683.10 ^ clkbuf_leaf_8_clk/Y (BUFx24_ASAP7_75t_R)
  28.40  711.50 ^ _792307_/GCLK (ICGx1_ASAP7_75t_R)
  39.61  751.10 ^ clkbuf_0__476580_/Y (BUFx24_ASAP7_75t_R)
  37.24  788.34 ^ clkbuf_1_1_0__476580_/Y (BUFx24_ASAP7_75t_R)
  39.04  827.38 ^ clkbuf_2_3_0__476580_/Y (BUFx24_ASAP7_75t_R)
  38.87  866.26 ^ clkbuf_4_14_0__476580_/Y (BUFx24_ASAP7_75t_R)
   2.82  869.07 ^ out_pix_data[59]$_DFFE_PN0P_/CLK (DFFASRHQNx1_ASAP7_75t_R)
  79.12  948.20 ^ out_pix_data[59]$_DFFE_PN0P_/QN (DFFASRHQNx1_ASAP7_75t_R)
  55.72 1003.91 v _773193_/Y (INVx1_ASAP7_75t_R)
  75.63 1079.54 v wire18358/Y (BUFx6f_ASAP7_75t_R)
  14.50 1094.04 v out_pix_data[59] (out)
        1094.04   data arrival time

   0.00    0.00   clock vclk_core_clock (rise edge)
 800.00  800.00   clock network delay (ideal)
   0.00  800.00   clock reconvergence pessimism
-500.00  300.00   output external delay
         300.00   data required time
---------------------------------------------------------
         300.00   data required time
        -1094.04   data arrival time
---------------------------------------------------------
         794.04   slack (MET)


Startpoint: out_pix_data[54]$_DFFE_PN0P_
            (rising edge-triggered flip-flop clocked by core_clock)
Endpoint: out_pix_data[54] (output port clocked by vclk_core_clock)
Path Group: vclk_core_clock
Path Type: min

  Delay    Time   Description
---------------------------------------------------------
   0.00    0.00   clock core_clock (rise edge)
   0.00    0.00   clock source latency
   0.00    0.00 ^ clk (in)
  50.29   50.29 ^ wire77954/Y (BUFx16f_ASAP7_75t_R)
  59.51  109.80 ^ wire77953/Y (BUFx10_ASAP7_75t_R)
  52.70  162.51 ^ clkbuf_0_clk/Y (BUFx24_ASAP7_75t_R)
  35.60  198.11 ^ clkbuf_1_1_0_clk/Y (BUFx24_ASAP7_75t_R)
  36.30  234.41 ^ clkbuf_1_1_1_clk/Y (BUFx24_ASAP7_75t_R)
  33.76  268.17 ^ delaybuf_50_core_clock/Y (BUFx24_ASAP7_75t_R)
  33.50  301.66 ^ clkbuf_2_3_0_clk/Y (BUFx24_ASAP7_75t_R)
  37.88  339.54 ^ clkbuf_3_6_0_clk/Y (BUFx24_ASAP7_75t_R)
  34.15  373.69 ^ delaybuf_16_core_clock/Y (BUFx24_ASAP7_75t_R)
  30.95  404.64 ^ delaybuf_17_core_clock/Y (BUFx24_ASAP7_75t_R)
  30.74  435.38 ^ delaybuf_18_core_clock/Y (BUFx24_ASAP7_75t_R)
  30.74  466.12 ^ delaybuf_19_core_clock/Y (BUFx24_ASAP7_75t_R)
  30.80  496.92 ^ delaybuf_20_core_clock/Y (BUFx24_ASAP7_75t_R)
  30.97  527.89 ^ delaybuf_21_core_clock/Y (BUFx24_ASAP7_75t_R)
  30.85  558.74 ^ delaybuf_22_core_clock/Y (BUFx24_ASAP7_75t_R)
  30.99  589.73 ^ delaybuf_23_core_clock/Y (BUFx24_ASAP7_75t_R)
  30.78  620.51 ^ delaybuf_24_core_clock/Y (BUFx24_ASAP7_75t_R)
  30.86  651.37 ^ delaybuf_25_core_clock/Y (BUFx24_ASAP7_75t_R)
  31.73  683.10 ^ clkbuf_leaf_8_clk/Y (BUFx24_ASAP7_75t_R)
  28.40  711.50 ^ _792307_/GCLK (ICGx1_ASAP7_75t_R)
  39.61  751.10 ^ clkbuf_0__476580_/Y (BUFx24_ASAP7_75t_R)
  37.24  788.34 ^ clkbuf_1_1_0__476580_/Y (BUFx24_ASAP7_75t_R)
  39.04  827.38 ^ clkbuf_2_3_0__476580_/Y (BUFx24_ASAP7_75t_R)
  38.87  866.26 ^ clkbuf_4_14_0__476580_/Y (BUFx24_ASAP7_75t_R)
   3.05  869.30 ^ out_pix_data[54]$_DFFE_PN0P_/CLK (DFFASRHQNx1_ASAP7_75t_R)
  79.38  948.69 ^ out_pix_data[54]$_DFFE_PN0P_/QN (DFFASRHQNx1_ASAP7_75t_R)
  54.81 1003.49 v _773198_/Y (INVx1_ASAP7_75t_R)
  79.31 1082.81 v wire18363/Y (BUFx6f_ASAP7_75t_R)
  14.12 1096.93 v out_pix_data[54] (out)
        1096.93   data arrival time

   0.00    0.00   clock vclk_core_clock (rise edge)
 800.00  800.00   clock network delay (ideal)
   0.00  800.00   clock reconvergence pessimism
-500.00  300.00   output external delay
         300.00   data required time
---------------------------------------------------------
         300.00   data required time
        -1096.93   data arrival time
---------------------------------------------------------
         796.93   slack (MET)


Startpoint: out_pix_data[32]$_DFFE_PN0P_
            (rising edge-triggered flip-flop clocked by core_clock)
Endpoint: out_pix_data[32] (output port clocked by vclk_core_clock)
Path Group: vclk_core_clock
Path Type: min

  Delay    Time   Description
---------------------------------------------------------
   0.00    0.00   clock core_clock (rise edge)
   0.00    0.00   clock source latency
   0.00    0.00 ^ clk (in)
  50.29   50.29 ^ wire77954/Y (BUFx16f_ASAP7_75t_R)
  59.51  109.80 ^ wire77953/Y (BUFx10_ASAP7_75t_R)
  52.70  162.51 ^ clkbuf_0_clk/Y (BUFx24_ASAP7_75t_R)
  35.60  198.11 ^ clkbuf_1_1_0_clk/Y (BUFx24_ASAP7_75t_R)
  36.30  234.41 ^ clkbuf_1_1_1_clk/Y (BUFx24_ASAP7_75t_R)
  33.76  268.17 ^ delaybuf_50_core_clock/Y (BUFx24_ASAP7_75t_R)
  33.50  301.66 ^ clkbuf_2_3_0_clk/Y (BUFx24_ASAP7_75t_R)
  37.88  339.54 ^ clkbuf_3_6_0_clk/Y (BUFx24_ASAP7_75t_R)
  34.15  373.69 ^ delaybuf_16_core_clock/Y (BUFx24_ASAP7_75t_R)
  30.95  404.64 ^ delaybuf_17_core_clock/Y (BUFx24_ASAP7_75t_R)
  30.74  435.38 ^ delaybuf_18_core_clock/Y (BUFx24_ASAP7_75t_R)
  30.74  466.12 ^ delaybuf_19_core_clock/Y (BUFx24_ASAP7_75t_R)
  30.80  496.92 ^ delaybuf_20_core_clock/Y (BUFx24_ASAP7_75t_R)
  30.97  527.89 ^ delaybuf_21_core_clock/Y (BUFx24_ASAP7_75t_R)
  30.85  558.74 ^ delaybuf_22_core_clock/Y (BUFx24_ASAP7_75t_R)
  30.99  589.73 ^ delaybuf_23_core_clock/Y (BUFx24_ASAP7_75t_R)
  30.78  620.51 ^ delaybuf_24_core_clock/Y (BUFx24_ASAP7_75t_R)
  30.86  651.37 ^ delaybuf_25_core_clock/Y (BUFx24_ASAP7_75t_R)
  31.73  683.10 ^ clkbuf_leaf_8_clk/Y (BUFx24_ASAP7_75t_R)
  28.40  711.50 ^ _792307_/GCLK (ICGx1_ASAP7_75t_R)
  39.61  751.10 ^ clkbuf_0__476580_/Y (BUFx24_ASAP7_75t_R)
  37.24  788.34 ^ clkbuf_1_1_0__476580_/Y (BUFx24_ASAP7_75t_R)
  39.04  827.38 ^ clkbuf_2_3_0__476580_/Y (BUFx24_ASAP7_75t_R)
  38.81  866.19 ^ clkbuf_4_15_0__476580_/Y (BUFx24_ASAP7_75t_R)
   1.18  867.37 ^ out_pix_data[32]$_DFFE_PN0P_/CLK (DFFASRHQNx1_ASAP7_75t_R)
  76.91  944.28 ^ out_pix_data[32]$_DFFE_PN0P_/QN (DFFASRHQNx1_ASAP7_75t_R)
  61.47 1005.75 v _773220_/Y (INVx1_ASAP7_75t_R)
  89.84 1095.59 v wire18387/Y (BUFx6f_ASAP7_75t_R)
   8.53 1104.12 v out_pix_data[32] (out)
        1104.12   data arrival time

   0.00    0.00   clock vclk_core_clock (rise edge)
 800.00  800.00   clock network delay (ideal)
   0.00  800.00   clock reconvergence pessimism
-500.00  300.00   output external delay
         300.00   data required time
---------------------------------------------------------
         300.00   data required time
        -1104.12   data arrival time
---------------------------------------------------------
         804.12   slack (MET)


Startpoint: m_addr[6]$_DFFE_PN0P_
            (rising edge-triggered flip-flop clocked by core_clock)
Endpoint: mem_addr[105] (output port clocked by vclk_mem)
Path Group: vclk_mem
Path Type: min

  Delay    Time   Description
---------------------------------------------------------
   0.00    0.00   clock core_clock (rise edge)
   0.00    0.00   clock source latency
   0.00    0.00 ^ clk (in)
  50.29   50.29 ^ wire77954/Y (BUFx16f_ASAP7_75t_R)
  59.51  109.80 ^ wire77953/Y (BUFx10_ASAP7_75t_R)
  52.70  162.51 ^ clkbuf_0_clk/Y (BUFx24_ASAP7_75t_R)
  35.60  198.11 ^ clkbuf_1_1_0_clk/Y (BUFx24_ASAP7_75t_R)
  36.30  234.41 ^ clkbuf_1_1_1_clk/Y (BUFx24_ASAP7_75t_R)
  35.07  269.48 ^ clkbuf_2_2_0_clk/Y (BUFx24_ASAP7_75t_R)
  36.23  305.71 ^ clkbuf_3_5_0_clk/Y (BUFx24_ASAP7_75t_R)
  38.05  343.76 ^ clkbuf_leaf_6_clk/Y (BUFx24_ASAP7_75t_R)
  32.09  375.84 ^ delaybuf_40_core_clock/Y (BUFx24_ASAP7_75t_R)
  33.32  409.16 ^ delaybuf_41_core_clock/Y (BUFx24_ASAP7_75t_R)
  35.18  444.34 ^ delaybuf_38_core_clock/Y (BUFx24_ASAP7_75t_R)
  32.71  477.04 ^ delaybuf_39_core_clock/Y (BUFx24_ASAP7_75t_R)
  30.74  507.78 ^ _792316_/GCLK (ICGx1_ASAP7_75t_R)
  41.22  549.00 ^ clkbuf_0__476589_/Y (BUFx24_ASAP7_75t_R)
  37.02  586.03 ^ clkbuf_1_0_0__476589_/Y (BUFx24_ASAP7_75t_R)
  39.36  625.38 ^ clkbuf_1_0_1__476589_/Y (BUFx24_ASAP7_75t_R)
  39.11  664.50 ^ clkbuf_2_0_0__476589_/Y (BUFx24_ASAP7_75t_R)
  38.43  702.92 ^ clkbuf_2_0_1__476589_/Y (BUFx24_ASAP7_75t_R)
  38.62  741.54 ^ clkbuf_3_0_0__476589_/Y (BUFx24_ASAP7_75t_R)
  41.21  782.75 ^ clkbuf_4_0_0__476589_/Y (BUFx24_ASAP7_75t_R)
  46.71  829.46 ^ clkbuf_leaf_36__476589_/Y (BUFx24_ASAP7_75t_R)
   1.51  830.97 ^ m_addr[6]$_DFFE_PN0P_/CLK (DFFASRHQNx1_ASAP7_75t_R)
  86.55  917.51 ^ m_addr[6]$_DFFE_PN0P_/QN (DFFASRHQNx1_ASAP7_75t_R)
  35.50  953.02 v _770756_/Y (INVx1_ASAP7_75t_R)
  38.50  991.52 v output9573/Y (BUFx2_ASAP7_75t_R)
   0.02  991.54 v mem_addr[105] (out)
         991.54   data arrival time

   0.00    0.00   clock vclk_mem (rise edge)
 800.00  800.00   clock network delay (ideal)
   0.00  800.00   clock reconvergence pessimism
-500.00  300.00   output external delay
         300.00   data required time
---------------------------------------------------------
         300.00   data required time
        -991.54   data arrival time
---------------------------------------------------------
         691.54   slack (MET)


Startpoint: m_addr[6]$_DFFE_PN0P_
            (rising edge-triggered flip-flop clocked by core_clock)
Endpoint: mem_addr[138] (output port clocked by vclk_mem)
Path Group: vclk_mem
Path Type: min

  Delay    Time   Description
---------------------------------------------------------
   0.00    0.00   clock core_clock (rise edge)
   0.00    0.00   clock source latency
   0.00    0.00 ^ clk (in)
  50.29   50.29 ^ wire77954/Y (BUFx16f_ASAP7_75t_R)
  59.51  109.80 ^ wire77953/Y (BUFx10_ASAP7_75t_R)
  52.70  162.51 ^ clkbuf_0_clk/Y (BUFx24_ASAP7_75t_R)
  35.60  198.11 ^ clkbuf_1_1_0_clk/Y (BUFx24_ASAP7_75t_R)
  36.30  234.41 ^ clkbuf_1_1_1_clk/Y (BUFx24_ASAP7_75t_R)
  35.07  269.48 ^ clkbuf_2_2_0_clk/Y (BUFx24_ASAP7_75t_R)
  36.23  305.71 ^ clkbuf_3_5_0_clk/Y (BUFx24_ASAP7_75t_R)
  38.05  343.76 ^ clkbuf_leaf_6_clk/Y (BUFx24_ASAP7_75t_R)
  32.09  375.84 ^ delaybuf_40_core_clock/Y (BUFx24_ASAP7_75t_R)
  33.32  409.16 ^ delaybuf_41_core_clock/Y (BUFx24_ASAP7_75t_R)
  35.18  444.34 ^ delaybuf_38_core_clock/Y (BUFx24_ASAP7_75t_R)
  32.71  477.04 ^ delaybuf_39_core_clock/Y (BUFx24_ASAP7_75t_R)
  30.74  507.78 ^ _792316_/GCLK (ICGx1_ASAP7_75t_R)
  41.22  549.00 ^ clkbuf_0__476589_/Y (BUFx24_ASAP7_75t_R)
  37.02  586.03 ^ clkbuf_1_0_0__476589_/Y (BUFx24_ASAP7_75t_R)
  39.36  625.38 ^ clkbuf_1_0_1__476589_/Y (BUFx24_ASAP7_75t_R)
  39.11  664.50 ^ clkbuf_2_0_0__476589_/Y (BUFx24_ASAP7_75t_R)
  38.43  702.92 ^ clkbuf_2_0_1__476589_/Y (BUFx24_ASAP7_75t_R)
  38.62  741.54 ^ clkbuf_3_0_0__476589_/Y (BUFx24_ASAP7_75t_R)
  41.21  782.75 ^ clkbuf_4_0_0__476589_/Y (BUFx24_ASAP7_75t_R)
  46.71  829.46 ^ clkbuf_leaf_36__476589_/Y (BUFx24_ASAP7_75t_R)
   1.51  830.97 ^ m_addr[6]$_DFFE_PN0P_/CLK (DFFASRHQNx1_ASAP7_75t_R)
  86.55  917.51 ^ m_addr[6]$_DFFE_PN0P_/QN (DFFASRHQNx1_ASAP7_75t_R)
  35.50  953.02 v _770756_/Y (INVx1_ASAP7_75t_R)
  38.60  991.62 v output9602/Y (BUFx2_ASAP7_75t_R)
   0.02  991.64 v mem_addr[138] (out)
         991.64   data arrival time

   0.00    0.00   clock vclk_mem (rise edge)
 800.00  800.00   clock network delay (ideal)
   0.00  800.00   clock reconvergence pessimism
-500.00  300.00   output external delay
         300.00   data required time
---------------------------------------------------------
         300.00   data required time
        -991.64   data arrival time
---------------------------------------------------------
         691.64   slack (MET)


Startpoint: m_addr[6]$_DFFE_PN0P_
            (rising edge-triggered flip-flop clocked by core_clock)
Endpoint: mem_addr[512] (output port clocked by vclk_mem)
Path Group: vclk_mem
Path Type: min

  Delay    Time   Description
---------------------------------------------------------
   0.00    0.00   clock core_clock (rise edge)
   0.00    0.00   clock source latency
   0.00    0.00 ^ clk (in)
  50.29   50.29 ^ wire77954/Y (BUFx16f_ASAP7_75t_R)
  59.51  109.80 ^ wire77953/Y (BUFx10_ASAP7_75t_R)
  52.70  162.51 ^ clkbuf_0_clk/Y (BUFx24_ASAP7_75t_R)
  35.60  198.11 ^ clkbuf_1_1_0_clk/Y (BUFx24_ASAP7_75t_R)
  36.30  234.41 ^ clkbuf_1_1_1_clk/Y (BUFx24_ASAP7_75t_R)
  35.07  269.48 ^ clkbuf_2_2_0_clk/Y (BUFx24_ASAP7_75t_R)
  36.23  305.71 ^ clkbuf_3_5_0_clk/Y (BUFx24_ASAP7_75t_R)
  38.05  343.76 ^ clkbuf_leaf_6_clk/Y (BUFx24_ASAP7_75t_R)
  32.09  375.84 ^ delaybuf_40_core_clock/Y (BUFx24_ASAP7_75t_R)
  33.32  409.16 ^ delaybuf_41_core_clock/Y (BUFx24_ASAP7_75t_R)
  35.18  444.34 ^ delaybuf_38_core_clock/Y (BUFx24_ASAP7_75t_R)
  32.71  477.04 ^ delaybuf_39_core_clock/Y (BUFx24_ASAP7_75t_R)
  30.74  507.78 ^ _792316_/GCLK (ICGx1_ASAP7_75t_R)
  41.22  549.00 ^ clkbuf_0__476589_/Y (BUFx24_ASAP7_75t_R)
  37.02  586.03 ^ clkbuf_1_0_0__476589_/Y (BUFx24_ASAP7_75t_R)
  39.36  625.38 ^ clkbuf_1_0_1__476589_/Y (BUFx24_ASAP7_75t_R)
  39.11  664.50 ^ clkbuf_2_0_0__476589_/Y (BUFx24_ASAP7_75t_R)
  38.43  702.92 ^ clkbuf_2_0_1__476589_/Y (BUFx24_ASAP7_75t_R)
  38.62  741.54 ^ clkbuf_3_0_0__476589_/Y (BUFx24_ASAP7_75t_R)
  41.21  782.75 ^ clkbuf_4_0_0__476589_/Y (BUFx24_ASAP7_75t_R)
  46.71  829.46 ^ clkbuf_leaf_36__476589_/Y (BUFx24_ASAP7_75t_R)
   1.51  830.97 ^ m_addr[6]$_DFFE_PN0P_/CLK (DFFASRHQNx1_ASAP7_75t_R)
  86.55  917.51 ^ m_addr[6]$_DFFE_PN0P_/QN (DFFASRHQNx1_ASAP7_75t_R)
  35.50  953.02 v _770756_/Y (INVx1_ASAP7_75t_R)
  38.74  991.75 v output9944/Y (BUFx2_ASAP7_75t_R)
   0.03  991.78 v mem_addr[512] (out)
         991.78   data arrival time

   0.00    0.00   clock vclk_mem (rise edge)
 800.00  800.00   clock network delay (ideal)
   0.00  800.00   clock reconvergence pessimism
-500.00  300.00   output external delay
         300.00   data required time
---------------------------------------------------------
         300.00   data required time
        -991.78   data arrival time
---------------------------------------------------------
         691.78   slack (MET)


Startpoint: c_d2[350]$_DFFE_PP_
            (rising edge-triggered flip-flop clocked by core_clock)
Endpoint: pair_q[346][18]$_DFFE_PP_
          (rising edge-triggered flip-flop clocked by core_clock)
Path Group: core_clock
Path Type: max

  Delay    Time   Description
---------------------------------------------------------
   0.00    0.00   clock core_clock (rise edge)
   0.00    0.00   clock source latency
   0.00    0.00 ^ clk (in)
  52.14   52.14 ^ wire77954/Y (BUFx16f_ASAP7_75t_R)
  60.83  112.97 ^ wire77953/Y (BUFx10_ASAP7_75t_R)
  54.54  167.51 ^ clkbuf_0_clk/Y (BUFx24_ASAP7_75t_R)
  36.55  204.05 ^ clkbuf_1_1_0_clk/Y (BUFx24_ASAP7_75t_R)
  37.35  241.40 ^ clkbuf_1_1_1_clk/Y (BUFx24_ASAP7_75t_R)
  36.12  277.52 ^ clkbuf_2_2_0_clk/Y (BUFx24_ASAP7_75t_R)
  37.24  314.76 ^ clkbuf_3_5_0_clk/Y (BUFx24_ASAP7_75t_R)
  39.34  354.11 ^ clkbuf_leaf_6_clk/Y (BUFx24_ASAP7_75t_R)
  32.73  386.83 ^ delaybuf_40_core_clock/Y (BUFx24_ASAP7_75t_R)
  33.94  420.77 ^ delaybuf_41_core_clock/Y (BUFx24_ASAP7_75t_R)
  36.13  456.90 ^ delaybuf_38_core_clock/Y (BUFx24_ASAP7_75t_R)
  33.36  490.25 ^ delaybuf_39_core_clock/Y (BUFx24_ASAP7_75t_R)
  35.03  525.28 ^ _792316_/GCLK (ICGx1_ASAP7_75t_R)
  44.83  570.10 ^ clkbuf_0__476589_/Y (BUFx24_ASAP7_75t_R)
  37.71  607.81 ^ clkbuf_1_1_0__476589_/Y (BUFx24_ASAP7_75t_R)
  38.68  646.49 ^ clkbuf_1_1_1__476589_/Y (BUFx24_ASAP7_75t_R)
  39.48  685.98 ^ clkbuf_2_3_0__476589_/Y (BUFx24_ASAP7_75t_R)
  39.50  725.47 ^ clkbuf_2_3_1__476589_/Y (BUFx24_ASAP7_75t_R)
  39.51  764.98 ^ clkbuf_3_7_0__476589_/Y (BUFx24_ASAP7_75t_R)
  44.80  809.78 ^ clkbuf_4_15_0__476589_/Y (BUFx24_ASAP7_75t_R)
  46.19  855.97 ^ clkbuf_leaf_12__476589_/Y (BUFx24_ASAP7_75t_R)
   1.77  857.74 ^ c_d2[350]$_DFFE_PP_/CLK (DFFHQNx3_ASAP7_75t_R)
 117.32  975.06 ^ c_d2[350]$_DFFE_PP_/QN (DFFHQNx3_ASAP7_75t_R)
  53.62 1028.68 ^ place72235/Y (BUFx6f_ASAP7_75t_R)
  54.77 1083.45 ^ place72234/Y (BUFx6f_ASAP7_75t_R)
  74.54 1157.99 ^ place72219/Y (BUFx3_ASAP7_75t_R)
  95.31 1253.31 ^ place72218/Y (BUFx3_ASAP7_75t_R)
 118.53 1371.84 ^ place72217/Y (BUFx3_ASAP7_75t_R)
  60.29 1432.13 v _659867_/Y (NOR2x1_ASAP7_75t_R)
  43.62 1475.75 ^ _841009_/CON (FAx1_ASAP7_75t_R)
  27.76 1503.51 v _841009_/SN (FAx1_ASAP7_75t_R)
  31.11 1534.61 ^ _619269_/Y (INVx1_ASAP7_75t_R)
  65.45 1600.06 v _840973_/SN (FAx1_ASAP7_75t_R)
  32.48 1632.54 ^ _573299_/Y (INVx1_ASAP7_75t_R)
  76.44 1708.99 v _840921_/SN (FAx1_ASAP7_75t_R)
  33.97 1742.96 ^ _671749_/Y (INVx1_ASAP7_75t_R)
  36.14 1779.09 v _840868_/CON (FAx1_ASAP7_75t_R)
  26.97 1806.06 ^ _840868_/SN (FAx1_ASAP7_75t_R)
  30.39 1836.46 v _617556_/Y (INVx1_ASAP7_75t_R)
  38.97 1875.43 ^ _840814_/CON (FAx1_ASAP7_75t_R)
  26.13 1901.56 v _840814_/SN (FAx1_ASAP7_75t_R)
  29.87 1931.43 ^ _680925_/Y (INVx1_ASAP7_75t_R)
  75.34 2006.77 ^ _840765_/SN (FAx1_ASAP7_75t_R)
  27.71 2034.48 v _574911_/Y (INVx1_ASAP7_75t_R)
  57.06 2091.54 ^ _852188_/CON (HAxp5_ASAP7_75t_R)
  58.49 2150.03 v _852188_/SN (HAxp5_ASAP7_75t_R)
  49.74 2199.77 v _662729_/Y (AND3x1_ASAP7_75t_R)
  37.28 2237.05 v _662730_/Y (AO21x1_ASAP7_75t_R)
  72.38 2309.43 v _662731_/Y (OR5x1_ASAP7_75t_R)
  61.20 2370.63 v _662733_/Y (OA211x2_ASAP7_75t_R)
  55.46 2426.09 v _662736_/Y (AO221x1_ASAP7_75t_R)
  44.47 2470.55 v _662739_/Y (OA21x2_ASAP7_75t_R)
  37.84 2508.39 v _662740_/Y (OA21x2_ASAP7_75t_R)
  37.22 2545.61 v _662741_/Y (OA21x2_ASAP7_75t_R)
  50.80 2596.41 ^ _662742_/Y (XNOR2x2_ASAP7_75t_R)
   0.74 2597.15 ^ pair_q[346][18]$_DFFE_PP_/D (DFFHQNx1_ASAP7_75t_R)
        2597.15   data arrival time

1000.00 1000.00   clock core_clock (rise edge)
   0.00 1000.00   clock source latency
   0.00 1000.00 ^ clk (in)
  50.29 1050.29 ^ wire77954/Y (BUFx16f_ASAP7_75t_R)
  59.51 1109.80 ^ wire77953/Y (BUFx10_ASAP7_75t_R)
  52.70 1162.51 ^ clkbuf_0_clk/Y (BUFx24_ASAP7_75t_R)
  35.60 1198.11 ^ clkbuf_1_1_0_clk/Y (BUFx24_ASAP7_75t_R)
  36.30 1234.41 ^ clkbuf_1_1_1_clk/Y (BUFx24_ASAP7_75t_R)
  35.07 1269.48 ^ clkbuf_2_2_0_clk/Y (BUFx24_ASAP7_75t_R)
  36.23 1305.71 ^ clkbuf_3_5_0_clk/Y (BUFx24_ASAP7_75t_R)
  38.05 1343.76 ^ clkbuf_leaf_6_clk/Y (BUFx24_ASAP7_75t_R)
  30.54 1374.29 ^ _792304_/GCLK (ICGx1_ASAP7_75t_R)
  39.69 1413.98 ^ clkbuf_0__476577_/Y (BUFx24_ASAP7_75t_R)
  36.78 1450.76 ^ clkbuf_1_0_0__476577_/Y (BUFx24_ASAP7_75t_R)
  36.65 1487.41 ^ clkbuf_1_0_1__476577_/Y (BUFx24_ASAP7_75t_R)
  35.98 1523.39 ^ clkbuf_2_0_0__476577_/Y (BUFx24_ASAP7_75t_R)
  38.45 1561.83 ^ clkbuf_2_0_1__476577_/Y (BUFx24_ASAP7_75t_R)
  42.87 1604.70 ^ clkbuf_2_0_2__476577_/Y (BUFx24_ASAP7_75t_R)
  38.17 1642.87 ^ clkbuf_3_1_0__476577_/Y (BUFx24_ASAP7_75t_R)
  40.42 1683.30 ^ clkbuf_4_2_0__476577_/Y (BUFx24_ASAP7_75t_R)
  39.43 1722.72 ^ clkbuf_5_4_0__476577_/Y (BUFx24_ASAP7_75t_R)
  46.93 1769.65 ^ clkbuf_6_9_0__476577_/Y (BUFx24_ASAP7_75t_R)
  62.44 1832.09 ^ clkbuf_leaf_537__476577_/Y (BUFx24_ASAP7_75t_R)
   0.37 1832.46 ^ pair_q[346][18]$_DFFE_PP_/CLK (DFFHQNx1_ASAP7_75t_R)
-150.00 1682.46   clock uncertainty
  10.35 1692.81   clock reconvergence pessimism
 -18.77 1674.04   library setup time
        1674.04   data required time
---------------------------------------------------------
        1674.04   data required time
        -2597.15   data arrival time
---------------------------------------------------------
        -923.11   slack (VIOLATED)


Startpoint: c_d2[10]$_DFFE_PP_
            (rising edge-triggered flip-flop clocked by core_clock)
Endpoint: pair_q[325][17]$_DFFE_PP_
          (rising edge-triggered flip-flop clocked by core_clock)
Path Group: core_clock
Path Type: max

  Delay    Time   Description
---------------------------------------------------------
   0.00    0.00   clock core_clock (rise edge)
   0.00    0.00   clock source latency
   0.00    0.00 ^ clk (in)
  52.14   52.14 ^ wire77954/Y (BUFx16f_ASAP7_75t_R)
  60.83  112.97 ^ wire77953/Y (BUFx10_ASAP7_75t_R)
  54.54  167.51 ^ clkbuf_0_clk/Y (BUFx24_ASAP7_75t_R)
  36.55  204.05 ^ clkbuf_1_1_0_clk/Y (BUFx24_ASAP7_75t_R)
  37.35  241.40 ^ clkbuf_1_1_1_clk/Y (BUFx24_ASAP7_75t_R)
  36.12  277.52 ^ clkbuf_2_2_0_clk/Y (BUFx24_ASAP7_75t_R)
  37.24  314.76 ^ clkbuf_3_5_0_clk/Y (BUFx24_ASAP7_75t_R)
  39.34  354.11 ^ clkbuf_leaf_6_clk/Y (BUFx24_ASAP7_75t_R)
  32.73  386.83 ^ delaybuf_40_core_clock/Y (BUFx24_ASAP7_75t_R)
  33.94  420.77 ^ delaybuf_41_core_clock/Y (BUFx24_ASAP7_75t_R)
  36.13  456.90 ^ delaybuf_38_core_clock/Y (BUFx24_ASAP7_75t_R)
  33.36  490.25 ^ delaybuf_39_core_clock/Y (BUFx24_ASAP7_75t_R)
  35.03  525.28 ^ _792316_/GCLK (ICGx1_ASAP7_75t_R)
  44.83  570.10 ^ clkbuf_0__476589_/Y (BUFx24_ASAP7_75t_R)
  38.11  608.21 ^ clkbuf_1_0_0__476589_/Y (BUFx24_ASAP7_75t_R)
  40.43  648.64 ^ clkbuf_1_0_1__476589_/Y (BUFx24_ASAP7_75t_R)
  40.60  689.24 ^ clkbuf_2_1_0__476589_/Y (BUFx24_ASAP7_75t_R)
  39.51  728.74 ^ clkbuf_2_1_1__476589_/Y (BUFx24_ASAP7_75t_R)
  41.45  770.19 ^ clkbuf_3_2_0__476589_/Y (BUFx24_ASAP7_75t_R)
  47.48  817.67 ^ clkbuf_4_5_0__476589_/Y (BUFx24_ASAP7_75t_R)
  59.23  876.91 ^ clkbuf_leaf_46__476589_/Y (BUFx24_ASAP7_75t_R)
   1.90  878.81 ^ c_d2[10]$_DFFE_PP_/CLK (DFFHQNx3_ASAP7_75t_R)
 119.31  998.12 ^ c_d2[10]$_DFFE_PP_/QN (DFFHQNx3_ASAP7_75t_R)
  53.47 1051.59 ^ place77498/Y (BUFx6f_ASAP7_75t_R)
  47.32 1098.91 ^ place77497/Y (BUFx6f_ASAP7_75t_R)
  46.23 1145.14 ^ place77496/Y (BUFx6f_ASAP7_75t_R)
  37.57 1182.71 ^ place77485/Y (BUFx3_ASAP7_75t_R)
 127.11 1309.82 ^ place77484/Y (BUFx3_ASAP7_75t_R)
  90.17 1399.99 v _678982_/Y (NOR2x1_ASAP7_75t_R)
  48.95 1448.94 ^ _835658_/CON (FAx1_ASAP7_75t_R)
  29.18 1478.12 v _835658_/SN (FAx1_ASAP7_75t_R)
  29.62 1507.74 ^ _491286_/Y (INVx1_ASAP7_75t_R)
  66.82 1574.56 v _835583_/SN (FAx1_ASAP7_75t_R)
  33.42 1607.99 ^ _491791_/Y (INVx1_ASAP7_75t_R)
  85.11 1693.10 v _835568_/SN (FAx1_ASAP7_75t_R)
  39.49 1732.59 ^ _491704_/Y (INVx1_ASAP7_75t_R)
  72.03 1804.62 v _835548_/SN (FAx1_ASAP7_75t_R)
  32.38 1837.00 ^ _491436_/Y (INVx1_ASAP7_75t_R)
  70.54 1907.54 v _835531_/SN (FAx1_ASAP7_75t_R)
  32.91 1940.45 ^ _595387_/Y (INVx1_ASAP7_75t_R)
  59.70 2000.14 ^ _835516_/SN (FAx1_ASAP7_75t_R)
  23.76 2023.90 v _490998_/Y (INVx1_ASAP7_75t_R)
 128.45 2152.35 v _871776_/SN (HAxp5_ASAP7_75t_R)
  73.16 2225.51 v _589636_/Y (OR3x1_ASAP7_75t_R)
  30.66 2256.17 v _589637_/Y (OA21x2_ASAP7_75t_R)
  46.10 2302.26 v _589638_/Y (OA31x2_ASAP7_75t_R)
  52.22 2354.49 v _589641_/Y (AO221x1_ASAP7_75t_R)
  42.13 2396.61 v _589642_/Y (OA21x2_ASAP7_75t_R)
  41.74 2438.35 v _589643_/Y (OA21x2_ASAP7_75t_R)
  38.47 2476.81 v _589644_/Y (OA21x2_ASAP7_75t_R)
  37.54 2514.36 v _589645_/Y (OA21x2_ASAP7_75t_R)
  50.83 2565.19 ^ _589646_/Y (XOR2x2_ASAP7_75t_R)
   0.10 2565.28 ^ pair_q[325][17]$_DFFE_PP_/D (DFFHQNx1_ASAP7_75t_R)
        2565.28   data arrival time

1000.00 1000.00   clock core_clock (rise edge)
   0.00 1000.00   clock source latency
   0.00 1000.00 ^ clk (in)
  50.29 1050.29 ^ wire77954/Y (BUFx16f_ASAP7_75t_R)
  59.51 1109.80 ^ wire77953/Y (BUFx10_ASAP7_75t_R)
  52.70 1162.51 ^ clkbuf_0_clk/Y (BUFx24_ASAP7_75t_R)
  35.60 1198.11 ^ clkbuf_1_1_0_clk/Y (BUFx24_ASAP7_75t_R)
  36.30 1234.41 ^ clkbuf_1_1_1_clk/Y (BUFx24_ASAP7_75t_R)
  35.07 1269.48 ^ clkbuf_2_2_0_clk/Y (BUFx24_ASAP7_75t_R)
  36.23 1305.71 ^ clkbuf_3_5_0_clk/Y (BUFx24_ASAP7_75t_R)
  38.05 1343.76 ^ clkbuf_leaf_6_clk/Y (BUFx24_ASAP7_75t_R)
  30.54 1374.29 ^ _792304_/GCLK (ICGx1_ASAP7_75t_R)
  39.69 1413.98 ^ clkbuf_0__476577_/Y (BUFx24_ASAP7_75t_R)
  36.78 1450.76 ^ clkbuf_1_0_0__476577_/Y (BUFx24_ASAP7_75t_R)
  36.65 1487.41 ^ clkbuf_1_0_1__476577_/Y (BUFx24_ASAP7_75t_R)
  35.70 1523.11 ^ clkbuf_2_1_0__476577_/Y (BUFx24_ASAP7_75t_R)
  38.46 1561.57 ^ clkbuf_2_1_1__476577_/Y (BUFx24_ASAP7_75t_R)
  38.99 1600.56 ^ clkbuf_2_1_2__476577_/Y (BUFx24_ASAP7_75t_R)
  37.78 1638.34 ^ clkbuf_3_3_0__476577_/Y (BUFx24_ASAP7_75t_R)
  38.32 1676.65 ^ clkbuf_4_7_0__476577_/Y (BUFx24_ASAP7_75t_R)
  39.14 1715.79 ^ clkbuf_5_15_0__476577_/Y (BUFx24_ASAP7_75t_R)
  46.17 1761.96 ^ clkbuf_6_31_0__476577_/Y (BUFx24_ASAP7_75t_R)
  52.99 1814.95 ^ clkbuf_leaf_137__476577_/Y (BUFx24_ASAP7_75t_R)
   0.87 1815.83 ^ pair_q[325][17]$_DFFE_PP_/CLK (DFFHQNx1_ASAP7_75t_R)
-150.00 1665.83   clock uncertainty
  10.35 1676.18   clock reconvergence pessimism
 -15.41 1660.77   library setup time
        1660.77   data required time
---------------------------------------------------------
        1660.77   data required time
        -2565.28   data arrival time
---------------------------------------------------------
        -904.52   slack (VIOLATED)


Startpoint: c_d2[350]$_DFFE_PP_
            (rising edge-triggered flip-flop clocked by core_clock)
Endpoint: pair_q[71][18]$_DFFE_PP_
          (rising edge-triggered flip-flop clocked by core_clock)
Path Group: core_clock
Path Type: max

  Delay    Time   Description
---------------------------------------------------------
   0.00    0.00   clock core_clock (rise edge)
   0.00    0.00   clock source latency
   0.00    0.00 ^ clk (in)
  52.14   52.14 ^ wire77954/Y (BUFx16f_ASAP7_75t_R)
  60.83  112.97 ^ wire77953/Y (BUFx10_ASAP7_75t_R)
  54.54  167.51 ^ clkbuf_0_clk/Y (BUFx24_ASAP7_75t_R)
  36.55  204.05 ^ clkbuf_1_1_0_clk/Y (BUFx24_ASAP7_75t_R)
  37.35  241.40 ^ clkbuf_1_1_1_clk/Y (BUFx24_ASAP7_75t_R)
  36.12  277.52 ^ clkbuf_2_2_0_clk/Y (BUFx24_ASAP7_75t_R)
  37.24  314.76 ^ clkbuf_3_5_0_clk/Y (BUFx24_ASAP7_75t_R)
  39.34  354.11 ^ clkbuf_leaf_6_clk/Y (BUFx24_ASAP7_75t_R)
  32.73  386.83 ^ delaybuf_40_core_clock/Y (BUFx24_ASAP7_75t_R)
  33.94  420.77 ^ delaybuf_41_core_clock/Y (BUFx24_ASAP7_75t_R)
  36.13  456.90 ^ delaybuf_38_core_clock/Y (BUFx24_ASAP7_75t_R)
  33.36  490.25 ^ delaybuf_39_core_clock/Y (BUFx24_ASAP7_75t_R)
  35.03  525.28 ^ _792316_/GCLK (ICGx1_ASAP7_75t_R)
  44.83  570.10 ^ clkbuf_0__476589_/Y (BUFx24_ASAP7_75t_R)
  37.71  607.81 ^ clkbuf_1_1_0__476589_/Y (BUFx24_ASAP7_75t_R)
  38.68  646.49 ^ clkbuf_1_1_1__476589_/Y (BUFx24_ASAP7_75t_R)
  39.48  685.98 ^ clkbuf_2_3_0__476589_/Y (BUFx24_ASAP7_75t_R)
  39.50  725.47 ^ clkbuf_2_3_1__476589_/Y (BUFx24_ASAP7_75t_R)
  39.51  764.98 ^ clkbuf_3_7_0__476589_/Y (BUFx24_ASAP7_75t_R)
  44.80  809.78 ^ clkbuf_4_15_0__476589_/Y (BUFx24_ASAP7_75t_R)
  46.19  855.97 ^ clkbuf_leaf_12__476589_/Y (BUFx24_ASAP7_75t_R)
   1.77  857.74 ^ c_d2[350]$_DFFE_PP_/CLK (DFFHQNx3_ASAP7_75t_R)
 117.32  975.06 ^ c_d2[350]$_DFFE_PP_/QN (DFFHQNx3_ASAP7_75t_R)
  53.62 1028.68 ^ place72235/Y (BUFx6f_ASAP7_75t_R)
  54.77 1083.45 ^ place72234/Y (BUFx6f_ASAP7_75t_R)
  74.54 1157.99 ^ place72219/Y (BUFx3_ASAP7_75t_R)
  95.31 1253.31 ^ place72218/Y (BUFx3_ASAP7_75t_R)
 115.04 1368.35 ^ place72216/Y (BUFx3_ASAP7_75t_R)
  53.93 1422.28 v _651002_/Y (NOR2x1_ASAP7_75t_R)
  43.26 1465.54 ^ _820135_/CON (FAx1_ASAP7_75t_R)
  28.22 1493.76 v _820135_/SN (FAx1_ASAP7_75t_R)
  31.22 1524.98 ^ _501479_/Y (INVx1_ASAP7_75t_R)
  65.26 1590.24 v _846459_/SN (FAx1_ASAP7_75t_R)
  30.64 1620.88 ^ _500752_/Y (INVx1_ASAP7_75t_R)
  65.03 1685.91 v _820087_/SN (FAx1_ASAP7_75t_R)
  30.60 1716.50 ^ _502595_/Y (INVx1_ASAP7_75t_R)
  67.43 1783.94 v _820118_/SN (FAx1_ASAP7_75t_R)
  33.22 1817.16 ^ _502175_/Y (INVx1_ASAP7_75t_R)
  64.18 1881.34 v _820133_/SN (FAx1_ASAP7_75t_R)
  28.65 1909.99 ^ _776927_/Y (INVx1_ASAP7_75t_R)
  67.42 1977.40 ^ _819888_/SN (FAx1_ASAP7_75t_R)
  24.95 2002.35 v _578057_/Y (INVx1_ASAP7_75t_R)
  54.34 2056.69 ^ _869031_/CON (HAxp5_ASAP7_75t_R)
  57.13 2113.82 v _869031_/SN (HAxp5_ASAP7_75t_R)
  43.72 2157.53 v _545959_/Y (AND3x1_ASAP7_75t_R)
  38.86 2196.39 v _545960_/Y (AO21x1_ASAP7_75t_R)
  72.00 2268.39 v _546103_/Y (OR5x1_ASAP7_75t_R)
  61.58 2329.97 v _546105_/Y (OA211x2_ASAP7_75t_R)
  55.21 2385.18 v _546108_/Y (AO221x1_ASAP7_75t_R)
  43.39 2428.57 v _546111_/Y (OA21x2_ASAP7_75t_R)
  37.09 2465.66 v _546112_/Y (OA21x2_ASAP7_75t_R)
  37.13 2502.78 v _546113_/Y (OA21x2_ASAP7_75t_R)
  56.63 2559.42 ^ _546114_/Y (XNOR2x2_ASAP7_75t_R)
   2.74 2562.15 ^ pair_q[71][18]$_DFFE_PP_/D (DFFHQNx1_ASAP7_75t_R)
        2562.15   data arrival time

1000.00 1000.00   clock core_clock (rise edge)
   0.00 1000.00   clock source latency
   0.00 1000.00 ^ clk (in)
  50.29 1050.29 ^ wire77954/Y (BUFx16f_ASAP7_75t_R)
  59.51 1109.80 ^ wire77953/Y (BUFx10_ASAP7_75t_R)
  52.70 1162.51 ^ clkbuf_0_clk/Y (BUFx24_ASAP7_75t_R)
  35.60 1198.11 ^ clkbuf_1_1_0_clk/Y (BUFx24_ASAP7_75t_R)
  36.30 1234.41 ^ clkbuf_1_1_1_clk/Y (BUFx24_ASAP7_75t_R)
  35.07 1269.48 ^ clkbuf_2_2_0_clk/Y (BUFx24_ASAP7_75t_R)
  36.23 1305.71 ^ clkbuf_3_5_0_clk/Y (BUFx24_ASAP7_75t_R)
  38.05 1343.76 ^ clkbuf_leaf_6_clk/Y (BUFx24_ASAP7_75t_R)
  30.54 1374.29 ^ _792304_/GCLK (ICGx1_ASAP7_75t_R)
  39.69 1413.98 ^ clkbuf_0__476577_/Y (BUFx24_ASAP7_75t_R)
  36.78 1450.76 ^ clkbuf_1_0_0__476577_/Y (BUFx24_ASAP7_75t_R)
  36.65 1487.41 ^ clkbuf_1_0_1__476577_/Y (BUFx24_ASAP7_75t_R)
  35.98 1523.39 ^ clkbuf_2_0_0__476577_/Y (BUFx24_ASAP7_75t_R)
  38.45 1561.83 ^ clkbuf_2_0_1__476577_/Y (BUFx24_ASAP7_75t_R)
  42.87 1604.70 ^ clkbuf_2_0_2__476577_/Y (BUFx24_ASAP7_75t_R)
  38.17 1642.87 ^ clkbuf_3_1_0__476577_/Y (BUFx24_ASAP7_75t_R)
  40.42 1683.30 ^ clkbuf_4_2_0__476577_/Y (BUFx24_ASAP7_75t_R)
  39.43 1722.72 ^ clkbuf_5_4_0__476577_/Y (BUFx24_ASAP7_75t_R)
  45.23 1767.95 ^ clkbuf_6_8_0__476577_/Y (BUFx24_ASAP7_75t_R)
  53.11 1821.06 ^ clkbuf_leaf_536__476577_/Y (BUFx24_ASAP7_75t_R)
   1.64 1822.70 ^ pair_q[71][18]$_DFFE_PP_/CLK (DFFHQNx1_ASAP7_75t_R)
-150.00 1672.70   clock uncertainty
  10.35 1683.05   clock reconvergence pessimism
 -22.48 1660.57   library setup time
        1660.57   data required time
---------------------------------------------------------
        1660.57   data required time
        -2562.15   data arrival time
---------------------------------------------------------
        -901.58   slack (VIOLATED)


Startpoint: out_pix_data[141]$_DFFE_PN0P_
            (rising edge-triggered flip-flop clocked by core_clock)
Endpoint: out_pix_data[141] (output port clocked by vclk_core_clock)
Path Group: vclk_core_clock
Path Type: max

  Delay    Time   Description
---------------------------------------------------------
   0.00    0.00   clock core_clock (rise edge)
   0.00    0.00   clock source latency
   0.00    0.00 ^ clk (in)
  52.14   52.14 ^ wire77954/Y (BUFx16f_ASAP7_75t_R)
  60.83  112.97 ^ wire77953/Y (BUFx10_ASAP7_75t_R)
  54.54  167.51 ^ clkbuf_0_clk/Y (BUFx24_ASAP7_75t_R)
  36.55  204.05 ^ clkbuf_1_1_0_clk/Y (BUFx24_ASAP7_75t_R)
  37.35  241.40 ^ clkbuf_1_1_1_clk/Y (BUFx24_ASAP7_75t_R)
  34.62  276.02 ^ delaybuf_50_core_clock/Y (BUFx24_ASAP7_75t_R)
  34.19  310.21 ^ clkbuf_2_3_0_clk/Y (BUFx24_ASAP7_75t_R)
  39.10  349.31 ^ clkbuf_3_6_0_clk/Y (BUFx24_ASAP7_75t_R)
  34.89  384.20 ^ delaybuf_16_core_clock/Y (BUFx24_ASAP7_75t_R)
  31.42  415.62 ^ delaybuf_17_core_clock/Y (BUFx24_ASAP7_75t_R)
  31.17  446.79 ^ delaybuf_18_core_clock/Y (BUFx24_ASAP7_75t_R)
  31.16  477.96 ^ delaybuf_19_core_clock/Y (BUFx24_ASAP7_75t_R)
  31.22  509.17 ^ delaybuf_20_core_clock/Y (BUFx24_ASAP7_75t_R)
  31.45  540.62 ^ delaybuf_21_core_clock/Y (BUFx24_ASAP7_75t_R)
  31.26  571.88 ^ delaybuf_22_core_clock/Y (BUFx24_ASAP7_75t_R)
  31.47  603.35 ^ delaybuf_23_core_clock/Y (BUFx24_ASAP7_75t_R)
  31.21  634.56 ^ delaybuf_24_core_clock/Y (BUFx24_ASAP7_75t_R)
  31.31  665.87 ^ delaybuf_25_core_clock/Y (BUFx24_ASAP7_75t_R)
  32.63  698.50 ^ clkbuf_leaf_8_clk/Y (BUFx24_ASAP7_75t_R)
  32.71  731.21 ^ _792307_/GCLK (ICGx1_ASAP7_75t_R)
  43.32  774.53 ^ clkbuf_0__476580_/Y (BUFx24_ASAP7_75t_R)
  38.88  813.40 ^ clkbuf_1_0_0__476580_/Y (BUFx24_ASAP7_75t_R)
  41.82  855.23 ^ clkbuf_2_1_0__476580_/Y (BUFx24_ASAP7_75t_R)
  45.73  900.96 ^ clkbuf_4_7_0__476580_/Y (BUFx24_ASAP7_75t_R)
   2.75  903.70 ^ out_pix_data[141]$_DFFE_PN0P_/CLK (DFFASRHQNx1_ASAP7_75t_R)
  88.29  992.00 v out_pix_data[141]$_DFFE_PN0P_/QN (DFFASRHQNx1_ASAP7_75t_R)
 128.00 1119.99 ^ _773111_/Y (INVx1_ASAP7_75t_R)
 170.12 1290.11 ^ place62148/Y (BUFx3_ASAP7_75t_R)
 152.53 1442.64 ^ wire18449/Y (BUFx12f_ASAP7_75t_R)
  26.84 1469.48 ^ out_pix_data[141] (out)
        1469.48   data arrival time

1000.00 1000.00   clock vclk_core_clock (rise edge)
 800.00 1800.00   clock network delay (ideal)
   0.00 1800.00   clock reconvergence pessimism
-200.00 1600.00   output external delay
        1600.00   data required time
---------------------------------------------------------
        1600.00   data required time
        -1469.48   data arrival time
---------------------------------------------------------
         130.52   slack (MET)


Startpoint: out_pix_data[21]$_DFFE_PN0P_
            (rising edge-triggered flip-flop clocked by core_clock)
Endpoint: out_pix_data[21] (output port clocked by vclk_core_clock)
Path Group: vclk_core_clock
Path Type: max

  Delay    Time   Description
---------------------------------------------------------
   0.00    0.00   clock core_clock (rise edge)
   0.00    0.00   clock source latency
   0.00    0.00 ^ clk (in)
  52.14   52.14 ^ wire77954/Y (BUFx16f_ASAP7_75t_R)
  60.83  112.97 ^ wire77953/Y (BUFx10_ASAP7_75t_R)
  54.54  167.51 ^ clkbuf_0_clk/Y (BUFx24_ASAP7_75t_R)
  36.55  204.05 ^ clkbuf_1_1_0_clk/Y (BUFx24_ASAP7_75t_R)
  37.35  241.40 ^ clkbuf_1_1_1_clk/Y (BUFx24_ASAP7_75t_R)
  34.62  276.02 ^ delaybuf_50_core_clock/Y (BUFx24_ASAP7_75t_R)
  34.19  310.21 ^ clkbuf_2_3_0_clk/Y (BUFx24_ASAP7_75t_R)
  39.10  349.31 ^ clkbuf_3_6_0_clk/Y (BUFx24_ASAP7_75t_R)
  34.89  384.20 ^ delaybuf_16_core_clock/Y (BUFx24_ASAP7_75t_R)
  31.42  415.62 ^ delaybuf_17_core_clock/Y (BUFx24_ASAP7_75t_R)
  31.17  446.79 ^ delaybuf_18_core_clock/Y (BUFx24_ASAP7_75t_R)
  31.16  477.96 ^ delaybuf_19_core_clock/Y (BUFx24_ASAP7_75t_R)
  31.22  509.17 ^ delaybuf_20_core_clock/Y (BUFx24_ASAP7_75t_R)
  31.45  540.62 ^ delaybuf_21_core_clock/Y (BUFx24_ASAP7_75t_R)
  31.26  571.88 ^ delaybuf_22_core_clock/Y (BUFx24_ASAP7_75t_R)
  31.47  603.35 ^ delaybuf_23_core_clock/Y (BUFx24_ASAP7_75t_R)
  31.21  634.56 ^ delaybuf_24_core_clock/Y (BUFx24_ASAP7_75t_R)
  31.31  665.87 ^ delaybuf_25_core_clock/Y (BUFx24_ASAP7_75t_R)
  32.63  698.50 ^ clkbuf_leaf_8_clk/Y (BUFx24_ASAP7_75t_R)
  32.71  731.21 ^ _792307_/GCLK (ICGx1_ASAP7_75t_R)
  43.32  774.53 ^ clkbuf_0__476580_/Y (BUFx24_ASAP7_75t_R)
  38.88  813.40 ^ clkbuf_1_0_0__476580_/Y (BUFx24_ASAP7_75t_R)
  41.82  855.23 ^ clkbuf_2_1_0__476580_/Y (BUFx24_ASAP7_75t_R)
  46.48  901.71 ^ clkbuf_4_4_0__476580_/Y (BUFx24_ASAP7_75t_R)
   4.54  906.25 ^ out_pix_data[21]$_DFFE_PN0P_/CLK (DFFASRHQNx1_ASAP7_75t_R)
  89.26  995.51 v out_pix_data[21]$_DFFE_PN0P_/QN (DFFASRHQNx1_ASAP7_75t_R)
 110.91 1106.42 ^ _773231_/Y (INVx1_ASAP7_75t_R)
 155.80 1262.22 ^ place62103/Y (BUFx3_ASAP7_75t_R)
 153.58 1415.79 ^ wire55417/Y (BUFx6f_ASAP7_75t_R)
   7.45 1423.25 ^ out_pix_data[21] (out)
        1423.25   data arrival time

1000.00 1000.00   clock vclk_core_clock (rise edge)
 800.00 1800.00   clock network delay (ideal)
   0.00 1800.00   clock reconvergence pessimism
-200.00 1600.00   output external delay
        1600.00   data required time
---------------------------------------------------------
        1600.00   data required time
        -1423.25   data arrival time
---------------------------------------------------------
         176.75   slack (MET)


Startpoint: out_pix_data[74]$_DFFE_PN0P_
            (rising edge-triggered flip-flop clocked by core_clock)
Endpoint: out_pix_data[74] (output port clocked by vclk_core_clock)
Path Group: vclk_core_clock
Path Type: max

  Delay    Time   Description
---------------------------------------------------------
   0.00    0.00   clock core_clock (rise edge)
   0.00    0.00   clock source latency
   0.00    0.00 ^ clk (in)
  52.14   52.14 ^ wire77954/Y (BUFx16f_ASAP7_75t_R)
  60.83  112.97 ^ wire77953/Y (BUFx10_ASAP7_75t_R)
  54.54  167.51 ^ clkbuf_0_clk/Y (BUFx24_ASAP7_75t_R)
  36.55  204.05 ^ clkbuf_1_1_0_clk/Y (BUFx24_ASAP7_75t_R)
  37.35  241.40 ^ clkbuf_1_1_1_clk/Y (BUFx24_ASAP7_75t_R)
  34.62  276.02 ^ delaybuf_50_core_clock/Y (BUFx24_ASAP7_75t_R)
  34.19  310.21 ^ clkbuf_2_3_0_clk/Y (BUFx24_ASAP7_75t_R)
  39.10  349.31 ^ clkbuf_3_6_0_clk/Y (BUFx24_ASAP7_75t_R)
  34.89  384.20 ^ delaybuf_16_core_clock/Y (BUFx24_ASAP7_75t_R)
  31.42  415.62 ^ delaybuf_17_core_clock/Y (BUFx24_ASAP7_75t_R)
  31.17  446.79 ^ delaybuf_18_core_clock/Y (BUFx24_ASAP7_75t_R)
  31.16  477.96 ^ delaybuf_19_core_clock/Y (BUFx24_ASAP7_75t_R)
  31.22  509.17 ^ delaybuf_20_core_clock/Y (BUFx24_ASAP7_75t_R)
  31.45  540.62 ^ delaybuf_21_core_clock/Y (BUFx24_ASAP7_75t_R)
  31.26  571.88 ^ delaybuf_22_core_clock/Y (BUFx24_ASAP7_75t_R)
  31.47  603.35 ^ delaybuf_23_core_clock/Y (BUFx24_ASAP7_75t_R)
  31.21  634.56 ^ delaybuf_24_core_clock/Y (BUFx24_ASAP7_75t_R)
  31.31  665.87 ^ delaybuf_25_core_clock/Y (BUFx24_ASAP7_75t_R)
  32.63  698.50 ^ clkbuf_leaf_8_clk/Y (BUFx24_ASAP7_75t_R)
  32.71  731.21 ^ _792307_/GCLK (ICGx1_ASAP7_75t_R)
  43.32  774.53 ^ clkbuf_0__476580_/Y (BUFx24_ASAP7_75t_R)
  38.40  812.92 ^ clkbuf_1_1_0__476580_/Y (BUFx24_ASAP7_75t_R)
  40.52  853.44 ^ clkbuf_2_3_0__476580_/Y (BUFx24_ASAP7_75t_R)
  41.62  895.06 ^ clkbuf_4_13_0__476580_/Y (BUFx24_ASAP7_75t_R)
   2.42  897.48 ^ out_pix_data[74]$_DFFE_PN0P_/CLK (DFFASRHQNx1_ASAP7_75t_R)
 157.90 1055.38 v out_pix_data[74]$_DFFE_PN0P_/QN (DFFASRHQNx1_ASAP7_75t_R)
 215.19 1270.57 ^ _773178_/Y (INVx1_ASAP7_75t_R)
 122.20 1392.77 ^ wire18338/Y (BUFx6f_ASAP7_75t_R)
   4.97 1397.74 ^ out_pix_data[74] (out)
        1397.74   data arrival time

1000.00 1000.00   clock vclk_core_clock (rise edge)
 800.00 1800.00   clock network delay (ideal)
   0.00 1800.00   clock reconvergence pessimism
-200.00 1600.00   output external delay
        1600.00   data required time
---------------------------------------------------------
        1600.00   data required time
        -1397.74   data arrival time
---------------------------------------------------------
         202.26   slack (MET)


Startpoint: m_1h[4]$_DFFE_PN0P_
            (rising edge-triggered flip-flop clocked by core_clock)
Endpoint: mem_wdata[668] (output port clocked by vclk_mem)
Path Group: vclk_mem
Path Type: max

  Delay    Time   Description
---------------------------------------------------------
   0.00    0.00   clock core_clock (rise edge)
   0.00    0.00   clock source latency
   0.00    0.00 ^ clk (in)
  52.14   52.14 ^ wire77954/Y (BUFx16f_ASAP7_75t_R)
  60.83  112.97 ^ wire77953/Y (BUFx10_ASAP7_75t_R)
  54.54  167.51 ^ clkbuf_0_clk/Y (BUFx24_ASAP7_75t_R)
  36.55  204.05 ^ clkbuf_1_1_0_clk/Y (BUFx24_ASAP7_75t_R)
  37.35  241.40 ^ clkbuf_1_1_1_clk/Y (BUFx24_ASAP7_75t_R)
  36.12  277.52 ^ clkbuf_2_2_0_clk/Y (BUFx24_ASAP7_75t_R)
  37.24  314.76 ^ clkbuf_3_5_0_clk/Y (BUFx24_ASAP7_75t_R)
  39.34  354.11 ^ clkbuf_leaf_6_clk/Y (BUFx24_ASAP7_75t_R)
  32.73  386.83 ^ delaybuf_40_core_clock/Y (BUFx24_ASAP7_75t_R)
  33.94  420.77 ^ delaybuf_41_core_clock/Y (BUFx24_ASAP7_75t_R)
  36.13  456.90 ^ delaybuf_38_core_clock/Y (BUFx24_ASAP7_75t_R)
  33.36  490.25 ^ delaybuf_39_core_clock/Y (BUFx24_ASAP7_75t_R)
  35.03  525.28 ^ _792316_/GCLK (ICGx1_ASAP7_75t_R)
  44.83  570.10 ^ clkbuf_0__476589_/Y (BUFx24_ASAP7_75t_R)
  38.11  608.21 ^ clkbuf_1_0_0__476589_/Y (BUFx24_ASAP7_75t_R)
  40.43  648.64 ^ clkbuf_1_0_1__476589_/Y (BUFx24_ASAP7_75t_R)
  40.40  689.04 ^ clkbuf_2_0_0__476589_/Y (BUFx24_ASAP7_75t_R)
  39.46  728.49 ^ clkbuf_2_0_1__476589_/Y (BUFx24_ASAP7_75t_R)
  39.80  768.29 ^ clkbuf_3_0_0__476589_/Y (BUFx24_ASAP7_75t_R)
  41.22  809.51 ^ clkbuf_4_1_0__476589_/Y (BUFx24_ASAP7_75t_R)
  42.65  852.16 ^ clkbuf_leaf_28__476589_/Y (BUFx24_ASAP7_75t_R)
   1.78  853.94 ^ m_1h[4]$_DFFE_PN0P_/CLK (DFFASRHQNx1_ASAP7_75t_R)
 192.27 1046.20 ^ m_1h[4]$_DFFE_PN0P_/QN (DFFASRHQNx1_ASAP7_75t_R)
 108.48 1154.68 ^ place67158/Y (BUFx6f_ASAP7_75t_R)
  58.24 1212.92 ^ place67157/Y (BUFx6f_ASAP7_75t_R)
  70.98 1283.90 ^ place67156/Y (BUFx6f_ASAP7_75t_R)
  59.05 1342.95 ^ place67155/Y (BUFx6f_ASAP7_75t_R)
  87.49 1430.44 ^ place67154/Y (BUFx3_ASAP7_75t_R)
 116.61 1547.06 ^ place67153/Y (BUFx3_ASAP7_75t_R)
 117.86 1664.92 ^ place67152/Y (BUFx3_ASAP7_75t_R)
 120.95 1785.86 ^ place67151/Y (BUFx3_ASAP7_75t_R)
 209.78 1995.65 ^ place67150/Y (BUFx3_ASAP7_75t_R)
 149.96 2145.60 ^ place67149/Y (BUFx3_ASAP7_75t_R)
 148.26 2293.86 ^ place67148/Y (BUFx3_ASAP7_75t_R)
 103.27 2397.13 v _750481_/Y (NOR2x1_ASAP7_75t_R)
  44.40 2441.54 v output16377/Y (BUFx2_ASAP7_75t_R)
   0.25 2441.79 v mem_wdata[668] (out)
        2441.79   data arrival time

1000.00 1000.00   clock vclk_mem (rise edge)
 800.00 1800.00   clock network delay (ideal)
   0.00 1800.00   clock reconvergence pessimism
-100.00 1700.00   output external delay
        1700.00   data required time
---------------------------------------------------------
        1700.00   data required time
        -2441.79   data arrival time
---------------------------------------------------------
        -741.79   slack (VIOLATED)


Startpoint: m_1h[4]$_DFFE_PN0P_
            (rising edge-triggered flip-flop clocked by core_clock)
Endpoint: mem_wdata[676] (output port clocked by vclk_mem)
Path Group: vclk_mem
Path Type: max

  Delay    Time   Description
---------------------------------------------------------
   0.00    0.00   clock core_clock (rise edge)
   0.00    0.00   clock source latency
   0.00    0.00 ^ clk (in)
  52.14   52.14 ^ wire77954/Y (BUFx16f_ASAP7_75t_R)
  60.83  112.97 ^ wire77953/Y (BUFx10_ASAP7_75t_R)
  54.54  167.51 ^ clkbuf_0_clk/Y (BUFx24_ASAP7_75t_R)
  36.55  204.05 ^ clkbuf_1_1_0_clk/Y (BUFx24_ASAP7_75t_R)
  37.35  241.40 ^ clkbuf_1_1_1_clk/Y (BUFx24_ASAP7_75t_R)
  36.12  277.52 ^ clkbuf_2_2_0_clk/Y (BUFx24_ASAP7_75t_R)
  37.24  314.76 ^ clkbuf_3_5_0_clk/Y (BUFx24_ASAP7_75t_R)
  39.34  354.11 ^ clkbuf_leaf_6_clk/Y (BUFx24_ASAP7_75t_R)
  32.73  386.83 ^ delaybuf_40_core_clock/Y (BUFx24_ASAP7_75t_R)
  33.94  420.77 ^ delaybuf_41_core_clock/Y (BUFx24_ASAP7_75t_R)
  36.13  456.90 ^ delaybuf_38_core_clock/Y (BUFx24_ASAP7_75t_R)
  33.36  490.25 ^ delaybuf_39_core_clock/Y (BUFx24_ASAP7_75t_R)
  35.03  525.28 ^ _792316_/GCLK (ICGx1_ASAP7_75t_R)
  44.83  570.10 ^ clkbuf_0__476589_/Y (BUFx24_ASAP7_75t_R)
  38.11  608.21 ^ clkbuf_1_0_0__476589_/Y (BUFx24_ASAP7_75t_R)
  40.43  648.64 ^ clkbuf_1_0_1__476589_/Y (BUFx24_ASAP7_75t_R)
  40.40  689.04 ^ clkbuf_2_0_0__476589_/Y (BUFx24_ASAP7_75t_R)
  39.46  728.49 ^ clkbuf_2_0_1__476589_/Y (BUFx24_ASAP7_75t_R)
  39.80  768.29 ^ clkbuf_3_0_0__476589_/Y (BUFx24_ASAP7_75t_R)
  41.22  809.51 ^ clkbuf_4_1_0__476589_/Y (BUFx24_ASAP7_75t_R)
  42.65  852.16 ^ clkbuf_leaf_28__476589_/Y (BUFx24_ASAP7_75t_R)
   1.78  853.94 ^ m_1h[4]$_DFFE_PN0P_/CLK (DFFASRHQNx1_ASAP7_75t_R)
 192.27 1046.20 ^ m_1h[4]$_DFFE_PN0P_/QN (DFFASRHQNx1_ASAP7_75t_R)
 108.48 1154.68 ^ place67158/Y (BUFx6f_ASAP7_75t_R)
  58.24 1212.92 ^ place67157/Y (BUFx6f_ASAP7_75t_R)
  70.98 1283.90 ^ place67156/Y (BUFx6f_ASAP7_75t_R)
  59.05 1342.95 ^ place67155/Y (BUFx6f_ASAP7_75t_R)
  87.49 1430.44 ^ place67154/Y (BUFx3_ASAP7_75t_R)
 116.61 1547.06 ^ place67153/Y (BUFx3_ASAP7_75t_R)
 117.86 1664.92 ^ place67152/Y (BUFx3_ASAP7_75t_R)
 120.95 1785.86 ^ place67151/Y (BUFx3_ASAP7_75t_R)
 209.78 1995.65 ^ place67150/Y (BUFx3_ASAP7_75t_R)
 149.96 2145.60 ^ place67149/Y (BUFx3_ASAP7_75t_R)
 148.26 2293.86 ^ place67148/Y (BUFx3_ASAP7_75t_R)
 103.70 2397.56 v _750472_/Y (NOR2x1_ASAP7_75t_R)
  43.21 2440.77 v output16466/Y (BUFx2_ASAP7_75t_R)
   0.14 2440.91 v mem_wdata[676] (out)
        2440.91   data arrival time

1000.00 1000.00   clock vclk_mem (rise edge)
 800.00 1800.00   clock network delay (ideal)
   0.00 1800.00   clock reconvergence pessimism
-100.00 1700.00   output external delay
        1700.00   data required time
---------------------------------------------------------
        1700.00   data required time
        -2440.91   data arrival time
---------------------------------------------------------
        -740.91   slack (VIOLATED)


Startpoint: m_1h[4]$_DFFE_PN0P_
            (rising edge-triggered flip-flop clocked by core_clock)
Endpoint: mem_wdata[640] (output port clocked by vclk_mem)
Path Group: vclk_mem
Path Type: max

  Delay    Time   Description
---------------------------------------------------------
   0.00    0.00   clock core_clock (rise edge)
   0.00    0.00   clock source latency
   0.00    0.00 ^ clk (in)
  52.14   52.14 ^ wire77954/Y (BUFx16f_ASAP7_75t_R)
  60.83  112.97 ^ wire77953/Y (BUFx10_ASAP7_75t_R)
  54.54  167.51 ^ clkbuf_0_clk/Y (BUFx24_ASAP7_75t_R)
  36.55  204.05 ^ clkbuf_1_1_0_clk/Y (BUFx24_ASAP7_75t_R)
  37.35  241.40 ^ clkbuf_1_1_1_clk/Y (BUFx24_ASAP7_75t_R)
  36.12  277.52 ^ clkbuf_2_2_0_clk/Y (BUFx24_ASAP7_75t_R)
  37.24  314.76 ^ clkbuf_3_5_0_clk/Y (BUFx24_ASAP7_75t_R)
  39.34  354.11 ^ clkbuf_leaf_6_clk/Y (BUFx24_ASAP7_75t_R)
  32.73  386.83 ^ delaybuf_40_core_clock/Y (BUFx24_ASAP7_75t_R)
  33.94  420.77 ^ delaybuf_41_core_clock/Y (BUFx24_ASAP7_75t_R)
  36.13  456.90 ^ delaybuf_38_core_clock/Y (BUFx24_ASAP7_75t_R)
  33.36  490.25 ^ delaybuf_39_core_clock/Y (BUFx24_ASAP7_75t_R)
  35.03  525.28 ^ _792316_/GCLK (ICGx1_ASAP7_75t_R)
  44.83  570.10 ^ clkbuf_0__476589_/Y (BUFx24_ASAP7_75t_R)
  38.11  608.21 ^ clkbuf_1_0_0__476589_/Y (BUFx24_ASAP7_75t_R)
  40.43  648.64 ^ clkbuf_1_0_1__476589_/Y (BUFx24_ASAP7_75t_R)
  40.40  689.04 ^ clkbuf_2_0_0__476589_/Y (BUFx24_ASAP7_75t_R)
  39.46  728.49 ^ clkbuf_2_0_1__476589_/Y (BUFx24_ASAP7_75t_R)
  39.80  768.29 ^ clkbuf_3_0_0__476589_/Y (BUFx24_ASAP7_75t_R)
  41.22  809.51 ^ clkbuf_4_1_0__476589_/Y (BUFx24_ASAP7_75t_R)
  42.65  852.16 ^ clkbuf_leaf_28__476589_/Y (BUFx24_ASAP7_75t_R)
   1.78  853.94 ^ m_1h[4]$_DFFE_PN0P_/CLK (DFFASRHQNx1_ASAP7_75t_R)
 192.27 1046.20 ^ m_1h[4]$_DFFE_PN0P_/QN (DFFASRHQNx1_ASAP7_75t_R)
 108.48 1154.68 ^ place67158/Y (BUFx6f_ASAP7_75t_R)
  58.24 1212.92 ^ place67157/Y (BUFx6f_ASAP7_75t_R)
  70.98 1283.90 ^ place67156/Y (BUFx6f_ASAP7_75t_R)
  59.05 1342.95 ^ place67155/Y (BUFx6f_ASAP7_75t_R)
  87.49 1430.44 ^ place67154/Y (BUFx3_ASAP7_75t_R)
 116.61 1547.06 ^ place67153/Y (BUFx3_ASAP7_75t_R)
 117.86 1664.92 ^ place67152/Y (BUFx3_ASAP7_75t_R)
 120.95 1785.86 ^ place67151/Y (BUFx3_ASAP7_75t_R)
 209.78 1995.65 ^ place67150/Y (BUFx3_ASAP7_75t_R)
 149.96 2145.60 ^ place67149/Y (BUFx3_ASAP7_75t_R)
 148.26 2293.86 ^ place67148/Y (BUFx3_ASAP7_75t_R)
 104.45 2398.32 v _750511_/Y (NOR2x1_ASAP7_75t_R)
  42.14 2440.46 v output16067/Y (BUFx2_ASAP7_75t_R)
   0.06 2440.53 v mem_wdata[640] (out)
        2440.53   data arrival time

1000.00 1000.00   clock vclk_mem (rise edge)
 800.00 1800.00   clock network delay (ideal)
   0.00 1800.00   clock reconvergence pessimism
-100.00 1700.00   output external delay
        1700.00   data required time
---------------------------------------------------------
        1700.00   data required time
        -2440.53   data arrival time
---------------------------------------------------------
        -740.53   slack (VIOLATED)


max slew

Pin                                    Limit    Slew   Slack
------------------------------------------------------------
_500299_/A                            320.00  592.97 -272.97 (VIOLATED)
_749765_/B                            320.00  582.63 -262.63 (VIOLATED)
place68264/A                          320.00  582.61 -262.61 (VIOLATED)
_477467_/A                            320.00  577.39 -257.39 (VIOLATED)
place67700/A                          320.00  571.42 -251.42 (VIOLATED)
_747094_/B                            320.00  571.32 -251.32 (VIOLATED)
place68260/A                          320.00  570.98 -250.98 (VIOLATED)
in_data_q[35]$_DFFE_PN0P_/QN          320.00  569.64 -249.64 (VIOLATED)
_596666_/A                            320.00  557.99 -237.99 (VIOLATED)
_492301_/A                            320.00  552.33 -232.33 (VIOLATED)
place66912/A                          320.00  544.83 -224.83 (VIOLATED)
place67709/A                          320.00  537.17 -217.17 (VIOLATED)
_747095_/B                            320.00  537.09 -217.09 (VIOLATED)
_774810_/A                            320.00  531.12 -211.12 (VIOLATED)
place68276/A                          320.00  525.71 -205.71 (VIOLATED)
_749766_/B                            320.00  525.71 -205.71 (VIOLATED)
place68273/A                          320.00  518.51 -198.51 (VIOLATED)
in_data_q[34]$_DFFE_PN0P_/QN          320.00  516.71 -196.71 (VIOLATED)
_766341_/A2                           320.00  516.33 -196.33 (VIOLATED)
_644238_/A                            320.00  509.61 -189.61 (VIOLATED)
place77874/A                          320.00  509.56 -189.56 (VIOLATED)
m_ce[9]$_DFFE_PN0P_/RESETN            320.00  506.09 -186.09 (VIOLATED)
place67878/A                          320.00  506.03 -186.03 (VIOLATED)
_741828_/A                            320.00  505.83 -185.83 (VIOLATED)
place68846/A                          320.00  503.64 -183.64 (VIOLATED)
place68839/A                          320.00  503.54 -183.54 (VIOLATED)
_766389_/A                            320.00  503.13 -183.13 (VIOLATED)
_749844_/B                            320.00  501.92 -181.92 (VIOLATED)
m_ce[13]$_DFFE_PN0P_/QN               320.00  501.02 -181.02 (VIOLATED)
_750021_/B                            320.00  500.21 -180.21 (VIOLATED)
m_ce[8]$_DFFE_PN0P_/RESETN            320.00  498.35 -178.35 (VIOLATED)
place68849/A                          320.00  493.61 -173.61 (VIOLATED)
_749940_/B                            320.00  492.46 -172.46 (VIOLATED)
place68241/A                          320.00  492.44 -172.44 (VIOLATED)
m_ce[2]$_DFFE_PN0P_/RESETN            320.00  492.36 -172.36 (VIOLATED)
_771622_/A                            320.00  492.35 -172.35 (VIOLATED)
place68867/A                          320.00  491.06 -171.06 (VIOLATED)
_751085_/B                            320.00  490.41 -170.41 (VIOLATED)
in_data_q[124]$_DFFE_PN0P_/QN         320.00  490.02 -170.02 (VIOLATED)
place68578/A                          320.00  489.65 -169.65 (VIOLATED)
_749965_/B                            320.00  489.65 -169.65 (VIOLATED)
place68869/A                          320.00  489.27 -169.27 (VIOLATED)
_750023_/B                            320.00  489.25 -169.25 (VIOLATED)
m_ce[3]$_DFFE_PN0P_/RESETN            320.00  489.18 -169.18 (VIOLATED)
place68236/A                          320.00  488.74 -168.74 (VIOLATED)
in_data_q[37]$_DFFE_PN0P_/QN          320.00  488.31 -168.31 (VIOLATED)
in_data_q[122]$_DFFE_PN0P_/QN         320.00  487.51 -167.51 (VIOLATED)
_771623_/A                            320.00  484.42 -164.42 (VIOLATED)
m_ce[1]$_DFFE_PN0P_/RESETN            320.00  483.40 -163.40 (VIOLATED)
part_q[63][1]$_DFFE_PP_/D             320.00  482.70 -162.70 (VIOLATED)
_648892_/B                            320.00  480.41 -160.41 (VIOLATED)
m_ce[6]$_DFFE_PN0P_/RESETN            320.00  479.42 -159.42 (VIOLATED)
_595310_/A                            320.00  479.14 -159.14 (VIOLATED)
place68572/A                          320.00  478.82 -158.82 (VIOLATED)
place66374/A                          320.00  478.60 -158.60 (VIOLATED)
place67465/A                          320.00  478.15 -158.15 (VIOLATED)
_540335_/A                            320.00  478.03 -158.03 (VIOLATED)
in_data_q[14]$_DFFE_PN0P_/QN          320.00  477.68 -157.68 (VIOLATED)
_705482_/A                            320.00  472.87 -152.87 (VIOLATED)
_779912_/A                            320.00  471.98 -151.98 (VIOLATED)
_648886_/B                            320.00  470.05 -150.05 (VIOLATED)
part_q[50][10]$_DFFE_PP_/QN           320.00  468.49 -148.49 (VIOLATED)
place68465/A                          320.00  467.83 -147.83 (VIOLATED)
_749962_/B                            320.00  467.82 -147.82 (VIOLATED)
place68300/A                          320.00  466.64 -146.64 (VIOLATED)
_614510_/B                            320.00  466.56 -146.56 (VIOLATED)
_749945_/B                            320.00  466.55 -146.55 (VIOLATED)
_722112_/B                            320.00  466.37 -146.37 (VIOLATED)
place68460/A                          320.00  466.17 -146.17 (VIOLATED)
place68876/A                          320.00  466.00 -146.00 (VIOLATED)
place67488/A                          320.00  465.98 -145.98 (VIOLATED)
in_data_q[17]$_DFFE_PN0P_/QN          320.00  465.52 -145.52 (VIOLATED)
_749847_/B                            320.00  465.11 -145.11 (VIOLATED)
m_ce[7]$_DFFE_PN0P_/RESETN            320.00  463.85 -143.85 (VIOLATED)
place67766/A                          320.00  463.82 -143.82 (VIOLATED)
_750024_/B                            320.00  463.81 -143.81 (VIOLATED)
_750075_/B                            320.00  462.74 -142.74 (VIOLATED)
place67427/A                          320.00  462.54 -142.54 (VIOLATED)
_774808_/A                            320.00  462.16 -142.16 (VIOLATED)
_549131_/A                            320.00  459.13 -139.13 (VIOLATED)
place67761/A                          320.00  458.05 -138.05 (VIOLATED)
place68297/A                          320.00  457.80 -137.80 (VIOLATED)
_838287_/CI                           320.00  457.64 -137.64 (VIOLATED)
place68878/A                          320.00  457.62 -137.62 (VIOLATED)
rdata_q[5809]$_DFFE_PP_/QN            320.00  457.05 -137.05 (VIOLATED)
in_data_q[121]$_DFFE_PN0P_/QN         320.00  456.67 -136.67 (VIOLATED)
in_data_q[32]$_DFFE_PN0P_/QN          320.00  456.04 -136.04 (VIOLATED)
in_data_q[75]$_DFFE_PN0P_/QN          320.00  455.70 -135.70 (VIOLATED)
output10002/A                         320.00  454.89 -134.89 (VIOLATED)
output9890/A                          320.00  454.88 -134.88 (VIOLATED)
output9680/A                          320.00  454.86 -134.86 (VIOLATED)
output9571/A                          320.00  454.85 -134.85 (VIOLATED)
output9962/A                          320.00  454.85 -134.85 (VIOLATED)
output9810/A                          320.00  454.83 -134.83 (VIOLATED)
output9780/A                          320.00  454.82 -134.82 (VIOLATED)
output9762/A                          320.00  454.78 -134.78 (VIOLATED)
output9690/A                          320.00  454.75 -134.75 (VIOLATED)
output9590/A                          320.00  454.70 -134.70 (VIOLATED)
output9852/A                          320.00  454.69 -134.69 (VIOLATED)
output9720/A                          320.00  454.64 -134.64 (VIOLATED)
output9922/A                          320.00  454.62 -134.62 (VIOLATED)
output9790/A                          320.00  454.57 -134.57 (VIOLATED)
output9741/A                          320.00  454.56 -134.56 (VIOLATED)
output9871/A                          320.00  454.49 -134.49 (VIOLATED)
output9862/A                          320.00  454.34 -134.34 (VIOLATED)
output9651/A                          320.00  454.13 -134.13 (VIOLATED)
place67123/A                          320.00  454.12 -134.12 (VIOLATED)
output9800/A                          320.00  453.98 -133.98 (VIOLATED)
output9842/A                          320.00  453.97 -133.97 (VIOLATED)
output9900/A                          320.00  453.82 -133.82 (VIOLATED)
output9971/A                          320.00  453.61 -133.61 (VIOLATED)
_863160_/A                            320.00  453.60 -133.60 (VIOLATED)
place66618/A                          320.00  453.43 -133.43 (VIOLATED)
place66380/A                          320.00  453.42 -133.42 (VIOLATED)
output9700/A                          320.00  453.36 -133.36 (VIOLATED)
output9752/A                          320.00  453.25 -133.25 (VIOLATED)
output9771/A                          320.00  453.11 -133.11 (VIOLATED)
output9982/A                          320.00  453.05 -133.05 (VIOLATED)
output9662/A                          320.00  453.02 -133.02 (VIOLATED)
output9730/A                          320.00  452.87 -132.87 (VIOLATED)
output9622/A                          320.00  452.62 -132.62 (VIOLATED)
output9932/A                          320.00  452.31 -132.31 (VIOLATED)
output9830/A                          320.00  452.05 -132.05 (VIOLATED)
output9822/A                          320.00  452.00 -132.00 (VIOLATED)
output9991/A                          320.00  452.00 -132.00 (VIOLATED)
output9613/A                          320.00  451.98 -131.98 (VIOLATED)
output9619/A                          320.00  451.95 -131.95 (VIOLATED)
output9710/A                          320.00  451.94 -131.94 (VIOLATED)
output9920/A                          320.00  451.93 -131.93 (VIOLATED)
place66347/A                          320.00  451.91 -131.91 (VIOLATED)
output9630/A                          320.00  451.88 -131.88 (VIOLATED)
output9820/A                          320.00  451.88 -131.88 (VIOLATED)
output9879/A                          320.00  451.88 -131.88 (VIOLATED)
output9913/A                          320.00  451.87 -131.87 (VIOLATED)
output9722/A                          320.00  451.86 -131.86 (VIOLATED)
output9570/A                          320.00  451.85 -131.85 (VIOLATED)
output9992/A                          320.00  451.84 -131.84 (VIOLATED)
output9620/A                          320.00  451.83 -131.83 (VIOLATED)
output9910/A                          320.00  451.82 -131.82 (VIOLATED)
output9719/A                          320.00  451.81 -131.81 (VIOLATED)
output9580/A                          320.00  451.81 -131.81 (VIOLATED)
output9671/A                          320.00  451.81 -131.81 (VIOLATED)
output9930/A                          320.00  451.79 -131.79 (VIOLATED)
output9610/A                          320.00  451.77 -131.77 (VIOLATED)
output9909/A                          320.00  451.77 -131.77 (VIOLATED)
m_ce[11]$_DFFE_PN0P_/RESETN           320.00  451.76 -131.76 (VIOLATED)
output9699/A                          320.00  451.75 -131.75 (VIOLATED)
m_ce[0]$_DFFE_PN0P_/RESETN            320.00  451.73 -131.73 (VIOLATED)
output9880/A                          320.00  451.73 -131.73 (VIOLATED)
output9952/A                          320.00  451.73 -131.73 (VIOLATED)
output9942/A                          320.00  451.73 -131.73 (VIOLATED)
output9609/A                          320.00  451.70 -131.70 (VIOLATED)
output9641/A                          320.00  451.69 -131.69 (VIOLATED)
output9809/A                          320.00  451.68 -131.68 (VIOLATED)
output9739/A                          320.00  451.67 -131.67 (VIOLATED)
output9851/A                          320.00  451.67 -131.67 (VIOLATED)
output9970/A                          320.00  451.67 -131.67 (VIOLATED)
output9779/A                          320.00  451.66 -131.66 (VIOLATED)
output9600/A                          320.00  451.65 -131.65 (VIOLATED)
output9599/A                          320.00  451.65 -131.65 (VIOLATED)
output9829/A                          320.00  451.65 -131.65 (VIOLATED)
output9819/A                          320.00  451.59 -131.59 (VIOLATED)
output9940/A                          320.00  451.58 -131.58 (VIOLATED)
_770758_/Y                            320.00  451.56 -131.56 (VIOLATED)
output9751/A                          320.00  451.54 -131.54 (VIOLATED)
output9899/A                          320.00  451.54 -131.54 (VIOLATED)
output9689/A                          320.00  451.54 -131.54 (VIOLATED)
output9951/A                          320.00  451.52 -131.52 (VIOLATED)
output9761/A                          320.00  451.50 -131.50 (VIOLATED)
output9679/A                          320.00  451.49 -131.49 (VIOLATED)
output9870/A                          320.00  451.49 -131.49 (VIOLATED)
place66834/A                          320.00  451.49 -131.49 (VIOLATED)
output9639/A                          320.00  451.46 -131.46 (VIOLATED)
ce_d1[11]$_DFFE_PN0P_/RESETN          320.00  451.46 -131.46 (VIOLATED)
output9650/A                          320.00  451.44 -131.44 (VIOLATED)
output9729/A                          320.00  451.43 -131.43 (VIOLATED)
_709831_/A                            320.00  451.42 -131.42 (VIOLATED)
output9839/A                          320.00  451.38 -131.38 (VIOLATED)
output9961/A                          320.00  451.35 -131.35 (VIOLATED)
output9919/A                          320.00  451.35 -131.35 (VIOLATED)
output10001/A                         320.00  451.33 -131.33 (VIOLATED)
output9661/A                          320.00  451.31 -131.31 (VIOLATED)
output9629/A                          320.00  451.31 -131.31 (VIOLATED)
output9889/A                          320.00  451.29 -131.29 (VIOLATED)
output9980/A                          320.00  451.24 -131.24 (VIOLATED)
output9770/A                          320.00  451.20 -131.20 (VIOLATED)
output9670/A                          320.00  451.20 -131.20 (VIOLATED)
output9813/A                          320.00  451.20 -131.20 (VIOLATED)
output9789/A                          320.00  451.17 -131.17 (VIOLATED)
output9713/A                          320.00  451.15 -131.15 (VIOLATED)
output9709/A                          320.00  451.12 -131.12 (VIOLATED)
output9589/A                          320.00  451.10 -131.10 (VIOLATED)
output9861/A                          320.00  451.04 -131.04 (VIOLATED)
ce_d1[19]$_DFFE_PN0P_/RESETN          320.00  451.00 -131.00 (VIOLATED)
output9799/A                          320.00  450.99 -130.99 (VIOLATED)
output9929/A                          320.00  450.95 -130.95 (VIOLATED)
output9579/A                          320.00  450.83 -130.83 (VIOLATED)
output9841/A                          320.00  450.79 -130.79 (VIOLATED)
_770759_/Y                            320.00  450.71 -130.71 (VIOLATED)
place77866/A                          320.00  450.67 -130.67 (VIOLATED)
place67487/A                          320.00  450.20 -130.20 (VIOLATED)
_596516_/A                            320.00  449.92 -129.92 (VIOLATED)
m_ce[48]$_DFFE_PN0P_/RESETN           320.00  449.72 -129.72 (VIOLATED)
m_ce[40]$_DFFE_PN0P_/RESETN           320.00  449.64 -129.64 (VIOLATED)
m_ce[22]$_DFFE_PN0P_/RESETN           320.00  449.43 -129.43 (VIOLATED)
_766342_/A1                           320.00  449.31 -129.31 (VIOLATED)
m_ce[24]$_DFFE_PN0P_/RESETN           320.00  449.27 -129.27 (VIOLATED)
place66350/A                          320.00  449.01 -129.01 (VIOLATED)
m_1h[12]$_DFFE_PN0P_/QN               320.00  448.83 -128.83 (VIOLATED)
m_ce[47]$_DFFE_PN0P_/RESETN           320.00  448.73 -128.73 (VIOLATED)
_549046_/A                            320.00  448.70 -128.70 (VIOLATED)
_767328_/B                            320.00  448.58 -128.58 (VIOLATED)
_767392_/B                            320.00  448.58 -128.58 (VIOLATED)
_769932_/B                            320.00  448.57 -128.57 (VIOLATED)
_769929_/B                            320.00  448.57 -128.57 (VIOLATED)
_770219_/D                            320.00  448.56 -128.56 (VIOLATED)
_770225_/D                            320.00  448.55 -128.55 (VIOLATED)
_769487_/D                            320.00  448.55 -128.55 (VIOLATED)
_769499_/D                            320.00  448.52 -128.52 (VIOLATED)
_767448_/B                            320.00  448.49 -128.49 (VIOLATED)
_769935_/B                            320.00  448.49 -128.49 (VIOLATED)
_769511_/D                            320.00  448.36 -128.36 (VIOLATED)
_770231_/D                            320.00  448.31 -128.31 (VIOLATED)
_791989_/D                            320.00  448.11 -128.11 (VIOLATED)
_792104_/D                            320.00  447.99 -127.99 (VIOLATED)
m_ce[23]$_DFFE_PN0P_/RESETN           320.00  447.84 -127.84 (VIOLATED)
_767266_/B                            320.00  447.74 -127.74 (VIOLATED)
_769926_/B                            320.00  447.74 -127.74 (VIOLATED)
_769475_/D                            320.00  447.52 -127.52 (VIOLATED)
_770213_/D                            320.00  447.48 -127.48 (VIOLATED)
_791843_/B                            320.00  447.27 -127.27 (VIOLATED)
_792055_/B                            320.00  447.21 -127.21 (VIOLATED)
_767506_/B                            320.00  447.13 -127.13 (VIOLATED)
_769938_/B                            320.00  447.08 -127.08 (VIOLATED)
_770200_/D                            320.00  447.07 -127.07 (VIOLATED)
_769458_/D                            320.00  447.07 -127.07 (VIOLATED)
_769537_/D                            320.00  447.06 -127.06 (VIOLATED)
_770243_/D                            320.00  447.06 -127.06 (VIOLATED)
_767193_/B                            320.00  447.06 -127.06 (VIOLATED)
_767565_/B                            320.00  447.05 -127.05 (VIOLATED)
_769921_/B                            320.00  447.03 -127.03 (VIOLATED)
_769941_/B                            320.00  447.02 -127.02 (VIOLATED)
_769524_/D                            320.00  447.01 -127.01 (VIOLATED)
_770237_/D                            320.00  447.00 -127.00 (VIOLATED)
_869199_/A                            320.00  446.86 -126.86 (VIOLATED)
place67475/A                          320.00  445.12 -125.12 (VIOLATED)
place68684/A                          320.00  444.36 -124.36 (VIOLATED)
_748962_/B                            320.00  444.35 -124.35 (VIOLATED)
_780800_/A                            320.00  444.03 -124.03 (VIOLATED)
_557473_/A                            320.00  443.60 -123.60 (VIOLATED)
place69111/A                          320.00  443.50 -123.50 (VIOLATED)
_512207_/Y                            320.00  443.16 -123.16 (VIOLATED)
place68253/A                          320.00  441.86 -121.86 (VIOLATED)
rdata_q[3027]$_DFFE_PP_/QN            320.00  441.69 -121.69 (VIOLATED)
_749941_/B                            320.00  441.66 -121.66 (VIOLATED)
place68435/A                          320.00  441.25 -121.25 (VIOLATED)
_767945_/B                            320.00  440.85 -120.85 (VIOLATED)
_767946_/A2                           320.00  440.83 -120.83 (VIOLATED)
_767949_/B                            320.00  440.77 -120.77 (VIOLATED)
_767951_/B                            320.00  440.76 -120.76 (VIOLATED)
_767952_/A2                           320.00  440.72 -120.72 (VIOLATED)
_768973_/A1                           320.00  440.70 -120.70 (VIOLATED)
_767950_/A2                           320.00  440.69 -120.69 (VIOLATED)
_770142_/A                            320.00  440.63 -120.63 (VIOLATED)
_769765_/A                            320.00  440.63 -120.63 (VIOLATED)
_770433_/C                            320.00  440.62 -120.62 (VIOLATED)
_769762_/C                            320.00  440.60 -120.60 (VIOLATED)
_769776_/C                            320.00  440.56 -120.56 (VIOLATED)
_769774_/C                            320.00  440.53 -120.53 (VIOLATED)
_744744_/B                            320.00  440.46 -120.46 (VIOLATED)
_735338_/B                            320.00  440.45 -120.45 (VIOLATED)
place68632/A                          320.00  440.45 -120.45 (VIOLATED)
_770402_/C                            320.00  440.41 -120.41 (VIOLATED)
_770430_/A                            320.00  440.31 -120.31 (VIOLATED)
_544465_/A                            320.00  439.94 -119.94 (VIOLATED)
place69110/A                          320.00  439.88 -119.88 (VIOLATED)
place67472/A                          320.00  439.79 -119.79 (VIOLATED)
_769749_/A1                           320.00  439.67 -119.67 (VIOLATED)
_773027_/A                            320.00  439.50 -119.50 (VIOLATED)
place67294/A                          320.00  439.41 -119.41 (VIOLATED)
_758299_/B                            320.00  439.20 -119.20 (VIOLATED)
_758548_/B                            320.00  439.20 -119.20 (VIOLATED)
m_ce[4]$_DFFE_PN0P_/RESETN            320.00  439.16 -119.16 (VIOLATED)
_768939_/A1                           320.00  439.12 -119.12 (VIOLATED)
rdata_q[3029]$_DFFE_PP_/QN            320.00  439.09 -119.09 (VIOLATED)
_758672_/D                            320.00  439.03 -119.03 (VIOLATED)
_758477_/B                            320.00  438.84 -118.84 (VIOLATED)
_769744_/C                            320.00  438.63 -118.63 (VIOLATED)
rdata_q[6432]$_DFFE_PP_/QN            320.00  438.53 -118.53 (VIOLATED)
_758499_/B                            320.00  438.36 -118.36 (VIOLATED)
output9975/A                          320.00  438.31 -118.31 (VIOLATED)
output9814/A                          320.00  438.31 -118.31 (VIOLATED)
output9865/A                          320.00  438.30 -118.30 (VIOLATED)
output9855/A                          320.00  438.30 -118.30 (VIOLATED)
output9824/A                          320.00  438.30 -118.30 (VIOLATED)
output10005/A                         320.00  438.29 -118.29 (VIOLATED)
output9935/A                          320.00  438.28 -118.28 (VIOLATED)
output9965/A                          320.00  438.28 -118.28 (VIOLATED)
output9755/A                          320.00  438.28 -118.28 (VIOLATED)
output9783/A                          320.00  438.27 -118.27 (VIOLATED)
output9834/A                          320.00  438.27 -118.27 (VIOLATED)
output9995/A                          320.00  438.26 -118.26 (VIOLATED)
output9985/A                          320.00  438.25 -118.25 (VIOLATED)
output9644/A                          320.00  438.24 -118.24 (VIOLATED)
output9744/A                          320.00  438.24 -118.24 (VIOLATED)
output9724/A                          320.00  438.23 -118.23 (VIOLATED)
rdata_q[5803]$_DFFE_PP_/QN            320.00  438.21 -118.21 (VIOLATED)
output9593/A                          320.00  438.18 -118.18 (VIOLATED)
output9693/A                          320.00  438.16 -118.16 (VIOLATED)
output9634/A                          320.00  438.11 -118.11 (VIOLATED)
_530743_/Y                            320.00  438.07 -118.07 (VIOLATED)
output9703/A                          320.00  438.06 -118.06 (VIOLATED)
output9850/A                          320.00  437.97 -117.97 (VIOLATED)
output9945/A                          320.00  437.88 -117.88 (VIOLATED)
output9654/A                          320.00  437.87 -117.87 (VIOLATED)
output9883/A                          320.00  437.78 -117.78 (VIOLATED)
output9674/A                          320.00  437.74 -117.74 (VIOLATED)
_770118_/A1                           320.00  437.73 -117.73 (VIOLATED)
_770401_/A1                           320.00  437.71 -117.71 (VIOLATED)
output9793/A                          320.00  437.70 -117.70 (VIOLATED)
output9845/A                          320.00  437.70 -117.70 (VIOLATED)
output9614/A                          320.00  437.68 -117.68 (VIOLATED)
output9603/A                          320.00  437.66 -117.66 (VIOLATED)
output9624/A                          320.00  437.66 -117.66 (VIOLATED)
output9893/A                          320.00  437.64 -117.64 (VIOLATED)
output9665/A                          320.00  437.64 -117.64 (VIOLATED)
output9649/A                          320.00  437.64 -117.64 (VIOLATED)
output9714/A                          320.00  437.62 -117.62 (VIOLATED)
output9874/A                          320.00  437.61 -117.61 (VIOLATED)
output9955/A                          320.00  437.59 -117.59 (VIOLATED)
output9914/A                          320.00  437.56 -117.56 (VIOLATED)
output9774/A                          320.00  437.51 -117.51 (VIOLATED)
output9924/A                          320.00  437.46 -117.46 (VIOLATED)
output9683/A                          320.00  437.44 -117.44 (VIOLATED)
output9803/A                          320.00  437.44 -117.44 (VIOLATED)
output9990/A                          320.00  437.39 -117.39 (VIOLATED)
output9903/A                          320.00  437.37 -117.37 (VIOLATED)
output9574/A                          320.00  437.32 -117.32 (VIOLATED)
output9734/A                          320.00  437.30 -117.30 (VIOLATED)
output9950/A                          320.00  437.13 -117.13 (VIOLATED)
output9765/A                          320.00  437.09 -117.09 (VIOLATED)
output9749/A                          320.00  437.04 -117.04 (VIOLATED)
place69112/A                          320.00  437.02 -117.02 (VIOLATED)
output9583/A                          320.00  436.97 -116.97 (VIOLATED)
_770755_/Y                            320.00  436.88 -116.88 (VIOLATED)
_768390_/A                            320.00  436.69 -116.69 (VIOLATED)
_769123_/A1                           320.00  436.67 -116.67 (VIOLATED)
_768391_/A1                           320.00  436.66 -116.66 (VIOLATED)
_768367_/A                            320.00  436.66 -116.66 (VIOLATED)
_769122_/A                            320.00  436.65 -116.65 (VIOLATED)
_768371_/A1                           320.00  436.64 -116.64 (VIOLATED)
_768362_/A2                           320.00  436.57 -116.57 (VIOLATED)
_768357_/B                            320.00  436.56 -116.56 (VIOLATED)
_770497_/A1                           320.00  435.98 -115.98 (VIOLATED)
_791886_/A1                           320.00  435.96 -115.96 (VIOLATED)
_791994_/A1                           320.00  435.95 -115.95 (VIOLATED)
_791870_/B                            320.00  435.92 -115.92 (VIOLATED)
place67126/A                          320.00  435.89 -115.89 (VIOLATED)
place61439/A                          320.00  435.82 -115.82 (VIOLATED)
_770501_/A1                           320.00  435.75 -115.75 (VIOLATED)
_791901_/A                            320.00  435.75 -115.75 (VIOLATED)
_792061_/A                            320.00  435.47 -115.47 (VIOLATED)
_791866_/C                            320.00  435.44 -115.44 (VIOLATED)
_768624_/B                            320.00  435.39 -115.39 (VIOLATED)
_769238_/A                            320.00  435.38 -115.38 (VIOLATED)
_769241_/A                            320.00  435.37 -115.37 (VIOLATED)
_792005_/A1                           320.00  435.34 -115.34 (VIOLATED)
_769234_/A                            320.00  435.25 -115.25 (VIOLATED)
_766200_/B1                           320.00  435.18 -115.18 (VIOLATED)
_766202_/B1                           320.00  435.18 -115.18 (VIOLATED)
_770693_/B                            320.00  435.09 -115.09 (VIOLATED)
_766197_/A                            320.00  435.04 -115.04 (VIOLATED)
_573438_/A                            320.00  435.04 -115.04 (VIOLATED)
_770657_/B                            320.00  435.02 -115.02 (VIOLATED)
_770652_/A                            320.00  435.01 -115.01 (VIOLATED)
_741347_/A                            320.00  434.99 -114.99 (VIOLATED)
_770667_/A1                           320.00  434.97 -114.97 (VIOLATED)
_770663_/A                            320.00  434.97 -114.97 (VIOLATED)
_770644_/C                            320.00  434.95 -114.95 (VIOLATED)
_768622_/A2                           320.00  434.94 -114.94 (VIOLATED)
_770648_/A1                           320.00  434.90 -114.90 (VIOLATED)
_768621_/B                            320.00  434.85 -114.85 (VIOLATED)
place68249/A                          320.00  434.85 -114.85 (VIOLATED)
_766208_/B1                           320.00  434.84 -114.84 (VIOLATED)
_770673_/B                            320.00  434.79 -114.79 (VIOLATED)
in_data_q[36]$_DFFE_PN0P_/QN          320.00  434.78 -114.78 (VIOLATED)
_621501_/A                            320.00  434.77 -114.77 (VIOLATED)
_770525_/A                            320.00  434.72 -114.72 (VIOLATED)
_741352_/A                            320.00  434.69 -114.69 (VIOLATED)
_766220_/B1                           320.00  434.43 -114.43 (VIOLATED)
_768469_/A2                           320.00  434.34 -114.34 (VIOLATED)
_766205_/B1                           320.00  434.33 -114.33 (VIOLATED)
_768466_/A2                           320.00  434.32 -114.32 (VIOLATED)
_769146_/B                            320.00  434.30 -114.30 (VIOLATED)
_741349_/A                            320.00  434.28 -114.28 (VIOLATED)
output9818/A                          320.00  434.28 -114.28 (VIOLATED)
output9960/A                          320.00  434.27 -114.27 (VIOLATED)
output9669/A                          320.00  434.27 -114.27 (VIOLATED)
output9608/A                          320.00  434.27 -114.27 (VIOLATED)
_727774_/A                            320.00  434.27 -114.27 (VIOLATED)
output9760/A                          320.00  434.26 -114.26 (VIOLATED)
output9878/A                          320.00  434.24 -114.24 (VIOLATED)
output9648/A                          320.00  434.24 -114.24 (VIOLATED)
_741369_/A                            320.00  434.24 -114.24 (VIOLATED)
output9750/A                          320.00  434.24 -114.24 (VIOLATED)
output9898/A                          320.00  434.23 -114.23 (VIOLATED)
output9939/A                          320.00  434.23 -114.23 (VIOLATED)
output9969/A                          320.00  434.23 -114.23 (VIOLATED)
output9788/A                          320.00  434.22 -114.22 (VIOLATED)
output9888/A                          320.00  434.22 -114.22 (VIOLATED)
output9904/A                          320.00  434.22 -114.22 (VIOLATED)
output10000/A                         320.00  434.21 -114.21 (VIOLATED)
output9989/A                          320.00  434.21 -114.21 (VIOLATED)
_766214_/B1                           320.00  434.21 -114.21 (VIOLATED)
output9808/A                          320.00  434.21 -114.21 (VIOLATED)
output9928/A                          320.00  434.20 -114.20 (VIOLATED)
output9860/A                          320.00  434.20 -114.20 (VIOLATED)
output9704/A                          320.00  434.20 -114.20 (VIOLATED)
_741361_/A                            320.00  434.20 -114.20 (VIOLATED)
output9918/A                          320.00  434.19 -114.19 (VIOLATED)
output9628/A                          320.00  434.19 -114.19 (VIOLATED)
output9598/A                          320.00  434.19 -114.19 (VIOLATED)
_769144_/B                            320.00  434.18 -114.18 (VIOLATED)
output9838/A                          320.00  434.17 -114.17 (VIOLATED)
_769247_/A2                           320.00  434.17 -114.17 (VIOLATED)
output9979/A                          320.00  434.17 -114.17 (VIOLATED)
output9798/A                          320.00  434.15 -114.15 (VIOLATED)
output9604/A                          320.00  434.15 -114.15 (VIOLATED)
output9708/A                          320.00  434.15 -114.15 (VIOLATED)
output9618/A                          320.00  434.14 -114.14 (VIOLATED)
output9588/A                          320.00  434.13 -114.13 (VIOLATED)
output9638/A                          320.00  434.12 -114.12 (VIOLATED)
output9828/A                          320.00  434.11 -114.11 (VIOLATED)
_741359_/A                            320.00  434.10 -114.10 (VIOLATED)
output9578/A                          320.00  434.10 -114.10 (VIOLATED)
output9698/A                          320.00  434.10 -114.10 (VIOLATED)
_766212_/B1                           320.00  434.09 -114.09 (VIOLATED)
output9569/A                          320.00  434.08 -114.08 (VIOLATED)
output9869/A                          320.00  434.08 -114.08 (VIOLATED)
output9738/A                          320.00  434.06 -114.06 (VIOLATED)
output9908/A                          320.00  434.06 -114.06 (VIOLATED)
output9778/A                          320.00  434.04 -114.04 (VIOLATED)
output9718/A                          320.00  434.04 -114.04 (VIOLATED)
_769246_/B                            320.00  434.04 -114.04 (VIOLATED)
output9660/A                          320.00  434.02 -114.02 (VIOLATED)
_741365_/A                            320.00  434.02 -114.02 (VIOLATED)
output9949/A                          320.00  434.00 -114.00 (VIOLATED)
output9804/A                          320.00  433.99 -113.99 (VIOLATED)
output9748/A                          320.00  433.98 -113.98 (VIOLATED)
output9728/A                          320.00  433.98 -113.98 (VIOLATED)
output9688/A                          320.00  433.98 -113.98 (VIOLATED)
output9678/A                          320.00  433.95 -113.95 (VIOLATED)
output9769/A                          320.00  433.95 -113.95 (VIOLATED)
_741363_/A                            320.00  433.94 -113.94 (VIOLATED)
_770534_/A1                           320.00  433.94 -113.94 (VIOLATED)
_770538_/B                            320.00  433.93 -113.93 (VIOLATED)
_768441_/A                            320.00  433.93 -113.93 (VIOLATED)
_766218_/B1                           320.00  433.92 -113.92 (VIOLATED)
_769142_/A1                           320.00  433.92 -113.92 (VIOLATED)
_766216_/B1                           320.00  433.92 -113.92 (VIOLATED)
output9849/A                          320.00  433.91 -113.91 (VIOLATED)
_769245_/A2                           320.00  433.90 -113.90 (VIOLATED)
_768635_/A2                           320.00  433.90 -113.90 (VIOLATED)
_768949_/A                            320.00  433.84 -113.84 (VIOLATED)
_768417_/C                            320.00  433.83 -113.83 (VIOLATED)
place61495/A                          320.00  433.74 -113.74 (VIOLATED)
_770760_/Y                            320.00  433.65 -113.65 (VIOLATED)
_769152_/A1                           320.00  433.60 -113.60 (VIOLATED)
_768459_/A                            320.00  433.59 -113.59 (VIOLATED)
_749761_/B                            320.00  433.54 -113.54 (VIOLATED)
_758360_/B                            320.00  433.54 -113.54 (VIOLATED)
_741354_/A                            320.00  433.54 -113.54 (VIOLATED)
_770472_/A2                           320.00  433.49 -113.49 (VIOLATED)
place68206/A                          320.00  433.47 -113.47 (VIOLATED)
_770474_/B                            320.00  433.38 -113.38 (VIOLATED)
_770101_/C                            320.00  433.31 -113.31 (VIOLATED)
_764412_/A2                           320.00  433.17 -113.17 (VIOLATED)
_764513_/A2                           320.00  433.13 -113.13 (VIOLATED)
_768599_/A1                           320.00  433.12 -113.12 (VIOLATED)
_768586_/A                            320.00  433.09 -113.09 (VIOLATED)
_768587_/A1                           320.00  433.08 -113.08 (VIOLATED)
_768598_/A                            320.00  433.07 -113.07 (VIOLATED)
_762284_/C                            320.00  433.00 -113.00 (VIOLATED)
_762164_/C                            320.00  433.00 -113.00 (VIOLATED)
_768614_/A1                           320.00  432.98 -112.98 (VIOLATED)
_769127_/A                            320.00  432.97 -112.97 (VIOLATED)
_768416_/A1                           320.00  432.92 -112.92 (VIOLATED)
_769217_/A                            320.00  432.88 -112.88 (VIOLATED)
_764523_/A2                           320.00  432.81 -112.81 (VIOLATED)
_762173_/C                            320.00  432.74 -112.74 (VIOLATED)
_759957_/B                            320.00  432.73 -112.73 (VIOLATED)
_759968_/B                            320.00  432.68 -112.68 (VIOLATED)
m_ce[15]$_DFFE_PN0P_/RESETN           320.00  432.68 -112.68 (VIOLATED)
_766210_/B1                           320.00  432.62 -112.62 (VIOLATED)
_764417_/A2                           320.00  432.55 -112.55 (VIOLATED)
_764436_/A2                           320.00  432.54 -112.54 (VIOLATED)
_760004_/B                            320.00  432.52 -112.52 (VIOLATED)
_762292_/C                            320.00  432.50 -112.50 (VIOLATED)
_764558_/A2                           320.00  432.34 -112.34 (VIOLATED)
_765057_/A                            320.00  432.27 -112.27 (VIOLATED)
_762336_/C                            320.00  432.20 -112.20 (VIOLATED)
_770105_/C                            320.00  432.15 -112.15 (VIOLATED)
_762216_/C                            320.00  432.06 -112.06 (VIOLATED)
rdata_q[5966]$_DFFE_PP_/QN            320.00  431.91 -111.91 (VIOLATED)
_762329_/C                            320.00  431.62 -111.62 (VIOLATED)
_760011_/B                            320.00  431.59 -111.59 (VIOLATED)
_764433_/A2                           320.00  431.51 -111.51 (VIOLATED)
_762209_/C                            320.00  431.47 -111.47 (VIOLATED)
_770409_/A                            320.00  431.46 -111.46 (VIOLATED)
_764552_/A2                           320.00  431.43 -111.43 (VIOLATED)
_770411_/A1                           320.00  431.37 -111.37 (VIOLATED)
place67474/A                          320.00  431.24 -111.24 (VIOLATED)
_792032_/C                            320.00  430.91 -110.91 (VIOLATED)
_792147_/A1                           320.00  430.89 -110.89 (VIOLATED)
place68568/A                          320.00  430.87 -110.87 (VIOLATED)
_792085_/A1                           320.00  430.83 -110.83 (VIOLATED)
_792169_/A                            320.00  430.75 -110.75 (VIOLATED)
_791972_/A1                           320.00  430.74 -110.74 (VIOLATED)
_791976_/A1                           320.00  430.74 -110.74 (VIOLATED)
_772392_/A                            320.00  430.73 -110.73 (VIOLATED)
_792027_/B                            320.00  430.72 -110.72 (VIOLATED)
_540166_/A                            320.00  430.54 -110.54 (VIOLATED)
_766340_/A1                           320.00  430.53 -110.53 (VIOLATED)
_767939_/C                            320.00  430.52 -110.52 (VIOLATED)
_770090_/A1                           320.00  430.35 -110.35 (VIOLATED)
_770081_/C                            320.00  430.34 -110.34 (VIOLATED)
m_1h[14]$_DFFE_PN0P_/QN               320.00  430.32 -110.32 (VIOLATED)
_742603_/B                            320.00  430.31 -110.31 (VIOLATED)
_770391_/C                            320.00  430.26 -110.26 (VIOLATED)
_768891_/B                            320.00  430.26 -110.26 (VIOLATED)
m_ce[17]$_DFFE_PN0P_/RESETN           320.00  430.24 -110.24 (VIOLATED)
_767922_/A                            320.00  430.22 -110.22 (VIOLATED)
_769728_/A1                           320.00  430.11 -110.11 (VIOLATED)
_770091_/C                            320.00  430.00 -110.00 (VIOLATED)
_767940_/A1                           320.00  430.00 -110.00 (VIOLATED)
_769717_/C                            320.00  429.98 -109.98 (VIOLATED)
_770084_/C                            320.00  429.89 -109.89 (VIOLATED)
_758387_/B                            320.00  429.80 -109.80 (VIOLATED)
_758415_/B                            320.00  429.80 -109.80 (VIOLATED)
_758453_/B                            320.00  429.76 -109.76 (VIOLATED)
_758655_/D                            320.00  429.75 -109.75 (VIOLATED)
_758281_/B                            320.00  429.73 -109.73 (VIOLATED)
_758292_/B                            320.00  429.71 -109.71 (VIOLATED)
_764529_/A2                           320.00  429.49 -109.49 (VIOLATED)
_648889_/B                            320.00  429.45 -109.45 (VIOLATED)
_769755_/A                            320.00  429.42 -109.42 (VIOLATED)
place61437/A                          320.00  429.40 -109.40 (VIOLATED)
place61438/A                          320.00  429.35 -109.35 (VIOLATED)
_768902_/C                            320.00  429.26 -109.26 (VIOLATED)
_771608_/A                            320.00  429.17 -109.17 (VIOLATED)
_770373_/C                            320.00  429.10 -109.10 (VIOLATED)
_742004_/A                            320.00  429.09 -109.09 (VIOLATED)
_863136_/A                            320.00  429.00 -109.00 (VIOLATED)
_762299_/C                            320.00  428.78 -108.78 (VIOLATED)
_768826_/C                            320.00  428.75 -108.75 (VIOLATED)
_762181_/C                            320.00  428.74 -108.74 (VIOLATED)
_764420_/A2                           320.00  428.62 -108.62 (VIOLATED)
_770337_/A                            320.00  428.49 -108.49 (VIOLATED)
_769642_/B                            320.00  428.31 -108.31 (VIOLATED)
_748610_/B                            320.00  428.18 -108.18 (VIOLATED)
place68707/A                          320.00  428.18 -108.18 (VIOLATED)
place67460/A                          320.00  428.10 -108.10 (VIOLATED)
output9848/A                          320.00  428.09 -108.09 (VIOLATED)
output9938/A                          320.00  428.09 -108.09 (VIOLATED)
output9577/A                          320.00  428.09 -108.09 (VIOLATED)
output9659/A                          320.00  428.08 -108.08 (VIOLATED)
output9687/A                          320.00  428.08 -108.08 (VIOLATED)
output9787/A                          320.00  428.08 -108.08 (VIOLATED)
rdata_q[3036]$_DFFE_PP_/QN            320.00  428.06 -108.06 (VIOLATED)
output9595/A                          320.00  428.06 -108.06 (VIOLATED)
output9897/A                          320.00  428.05 -108.05 (VIOLATED)
output9677/A                          320.00  428.03 -108.03 (VIOLATED)
output9968/A                          320.00  428.03 -108.03 (VIOLATED)
output9695/A                          320.00  428.01 -108.01 (VIOLATED)
output9907/A                          320.00  428.01 -108.01 (VIOLATED)
_770032_/C                            320.00  428.00 -108.00 (VIOLATED)
output9795/A                          320.00  427.99 -107.99 (VIOLATED)
_673131_/B                            320.00  427.99 -107.99 (VIOLATED)
output9747/A                          320.00  427.99 -107.99 (VIOLATED)
output9587/A                          320.00  427.98 -107.98 (VIOLATED)
output9737/A                          320.00  427.97 -107.97 (VIOLATED)
output9797/A                          320.00  427.95 -107.95 (VIOLATED)
output9877/A                          320.00  427.94 -107.94 (VIOLATED)
output9637/A                          320.00  427.87 -107.87 (VIOLATED)
_579246_/A                            320.00  427.87 -107.87 (VIOLATED)
output9988/A                          320.00  427.86 -107.86 (VIOLATED)
output9837/A                          320.00  427.86 -107.86 (VIOLATED)
output9597/A                          320.00  427.84 -107.84 (VIOLATED)
output9917/A                          320.00  427.82 -107.82 (VIOLATED)
output9647/A                          320.00  427.80 -107.80 (VIOLATED)
output9697/A                          320.00  427.77 -107.77 (VIOLATED)
output9617/A                          320.00  427.75 -107.75 (VIOLATED)
output9776/A                          320.00  427.71 -107.71 (VIOLATED)
output9685/A                          320.00  427.71 -107.71 (VIOLATED)
output9885/A                          320.00  427.71 -107.71 (VIOLATED)
output9816/A                          320.00  427.71 -107.71 (VIOLATED)
output9896/A                          320.00  427.71 -107.71 (VIOLATED)
output9967/A                          320.00  427.71 -107.71 (VIOLATED)
output9957/A                          320.00  427.70 -107.70 (VIOLATED)
_764430_/A2                           320.00  427.70 -107.70 (VIOLATED)
output9767/A                          320.00  427.70 -107.70 (VIOLATED)
output9937/A                          320.00  427.70 -107.70 (VIOLATED)
output9916/A                          320.00  427.70 -107.70 (VIOLATED)
output9656/A                          320.00  427.69 -107.69 (VIOLATED)
output9926/A                          320.00  427.69 -107.69 (VIOLATED)
output10007/A                         320.00  427.69 -107.69 (VIOLATED)
_764423_/A2                           320.00  427.69 -107.69 (VIOLATED)
output9707/A                          320.00  427.69 -107.69 (VIOLATED)
output9826/A                          320.00  427.69 -107.69 (VIOLATED)
_764426_/A2                           320.00  427.69 -107.69 (VIOLATED)
output9806/A                          320.00  427.68 -107.68 (VIOLATED)
output9836/A                          320.00  427.68 -107.68 (VIOLATED)
output9726/A                          320.00  427.68 -107.68 (VIOLATED)
output9706/A                          320.00  427.67 -107.67 (VIOLATED)
output9977/A                          320.00  427.67 -107.67 (VIOLATED)
output9786/A                          320.00  427.66 -107.66 (VIOLATED)
output9785/A                          320.00  427.65 -107.65 (VIOLATED)
_764535_/A2                           320.00  427.65 -107.65 (VIOLATED)
_764540_/A2                           320.00  427.65 -107.65 (VIOLATED)
_764546_/A2                           320.00  427.64 -107.64 (VIOLATED)
output9876/A                          320.00  427.64 -107.64 (VIOLATED)
output9606/A                          320.00  427.64 -107.64 (VIOLATED)
output9696/A                          320.00  427.64 -107.64 (VIOLATED)
output9667/A                          320.00  427.63 -107.63 (VIOLATED)
output9796/A                          320.00  427.63 -107.63 (VIOLATED)
output9887/A                          320.00  427.62 -107.62 (VIOLATED)
output9585/A                          320.00  427.61 -107.61 (VIOLATED)
output9857/A                          320.00  427.61 -107.61 (VIOLATED)
output9987/A                          320.00  427.61 -107.61 (VIOLATED)
output9757/A                          320.00  427.60 -107.60 (VIOLATED)
output9576/A                          320.00  427.59 -107.59 (VIOLATED)
output9717/A                          320.00  427.59 -107.59 (VIOLATED)
output9948/A                          320.00  427.58 -107.58 (VIOLATED)
output9746/A                          320.00  427.58 -107.58 (VIOLATED)
output9736/A                          320.00  427.57 -107.57 (VIOLATED)
output9616/A                          320.00  427.57 -107.57 (VIOLATED)
output9827/A                          320.00  427.56 -107.56 (VIOLATED)
output9886/A                          320.00  427.56 -107.56 (VIOLATED)
output9626/A                          320.00  427.55 -107.55 (VIOLATED)
output9868/A                          320.00  427.54 -107.54 (VIOLATED)
output9847/A                          320.00  427.53 -107.53 (VIOLATED)
output9947/A                          320.00  427.53 -107.53 (VIOLATED)
output9758/A                          320.00  427.52 -107.52 (VIOLATED)
output9777/A                          320.00  427.52 -107.52 (VIOLATED)
output9596/A                          320.00  427.51 -107.51 (VIOLATED)
output9716/A                          320.00  427.50 -107.50 (VIOLATED)
output9807/A                          320.00  427.49 -107.49 (VIOLATED)
output9686/A                          320.00  427.49 -107.49 (VIOLATED)
output9657/A                          320.00  427.47 -107.47 (VIOLATED)
output9636/A                          320.00  427.47 -107.47 (VIOLATED)
output9676/A                          320.00  427.47 -107.47 (VIOLATED)
output9958/A                          320.00  427.44 -107.44 (VIOLATED)
output9867/A                          320.00  427.44 -107.44 (VIOLATED)
output9906/A                          320.00  427.42 -107.42 (VIOLATED)
_764016_/B                            320.00  427.38 -107.38 (VIOLATED)
output9567/A                          320.00  427.37 -107.37 (VIOLATED)
output9998/A                          320.00  427.37 -107.37 (VIOLATED)
output9672/A                          320.00  427.37 -107.37 (VIOLATED)
output9801/A                          320.00  427.36 -107.36 (VIOLATED)
output9691/A                          320.00  427.35 -107.35 (VIOLATED)
output9701/A                          320.00  427.34 -107.34 (VIOLATED)
output9732/A                          320.00  427.32 -107.32 (VIOLATED)
output9943/A                          320.00  427.30 -107.30 (VIOLATED)
output9607/A                          320.00  427.29 -107.29 (VIOLATED)
output9727/A                          320.00  427.28 -107.28 (VIOLATED)
output9953/A                          320.00  427.27 -107.27 (VIOLATED)
output9591/A                          320.00  427.27 -107.27 (VIOLATED)
output9646/A                          320.00  427.26 -107.26 (VIOLATED)
output9817/A                          320.00  427.25 -107.25 (VIOLATED)
output9642/A                          320.00  427.23 -107.23 (VIOLATED)
output9993/A                          320.00  427.23 -107.23 (VIOLATED)
output9895/A                          320.00  427.23 -107.23 (VIOLATED)
output9627/A                          320.00  427.21 -107.21 (VIOLATED)
output9742/A                          320.00  427.21 -107.21 (VIOLATED)
output9586/A                          320.00  427.20 -107.20 (VIOLATED)
output9631/A                          320.00  427.20 -107.20 (VIOLATED)
output9931/A                          320.00  427.20 -107.20 (VIOLATED)
output9832/A                          320.00  427.19 -107.19 (VIOLATED)
output9973/A                          320.00  427.18 -107.18 (VIOLATED)
output9581/A                          320.00  427.18 -107.18 (VIOLATED)
output9632/A                          320.00  427.18 -107.18 (VIOLATED)
output9652/A                          320.00  427.16 -107.16 (VIOLATED)
output9933/A                          320.00  427.16 -107.16 (VIOLATED)
output9997/A                          320.00  427.15 -107.15 (VIOLATED)
output9621/A                          320.00  427.15 -107.15 (VIOLATED)
output9872/A                          320.00  427.13 -107.13 (VIOLATED)
output9858/A                          320.00  427.12 -107.12 (VIOLATED)
output9972/A                          320.00  427.12 -107.12 (VIOLATED)
output9831/A                          320.00  427.11 -107.11 (VIOLATED)
_770762_/Y                            320.00  427.10 -107.10 (VIOLATED)
output9843/A                          320.00  427.10 -107.10 (VIOLATED)
output9772/A                          320.00  427.10 -107.10 (VIOLATED)
output9821/A                          320.00  427.08 -107.08 (VIOLATED)
output9891/A                          320.00  427.08 -107.08 (VIOLATED)
output9927/A                          320.00  427.07 -107.07 (VIOLATED)
output9963/A                          320.00  427.06 -107.06 (VIOLATED)
output9881/A                          320.00  427.06 -107.06 (VIOLATED)
output9863/A                          320.00  427.04 -107.04 (VIOLATED)
output9921/A                          320.00  427.01 -107.01 (VIOLATED)
output9601/A                          320.00  427.01 -107.01 (VIOLATED)
output9853/A                          320.00  427.01 -107.01 (VIOLATED)
place68417/A                          320.00  427.01 -107.01 (VIOLATED)
output9668/A                          320.00  426.99 -106.99 (VIOLATED)
output9611/A                          320.00  426.99 -106.99 (VIOLATED)
output9901/A                          320.00  426.97 -106.97 (VIOLATED)
_744699_/B                            320.00  426.96 -106.96 (VIOLATED)
output9681/A                          320.00  426.96 -106.96 (VIOLATED)
output9568/A                          320.00  426.95 -106.95 (VIOLATED)
output9572/A                          320.00  426.94 -106.94 (VIOLATED)
output9768/A                          320.00  426.89 -106.89 (VIOLATED)
place68388/A                          320.00  426.88 -106.88 (VIOLATED)
_768821_/B                            320.00  426.86 -106.86 (VIOLATED)
output9731/A                          320.00  426.86 -106.86 (VIOLATED)
output9978/A                          320.00  426.86 -106.86 (VIOLATED)
output9781/A                          320.00  426.86 -106.86 (VIOLATED)
_772899_/A                            320.00  426.85 -106.85 (VIOLATED)
_770761_/Y                            320.00  426.83 -106.83 (VIOLATED)
m_ce[14]$_DFFE_PN0P_/RESETN           320.00  426.79 -106.79 (VIOLATED)
output9753/A                          320.00  426.74 -106.74 (VIOLATED)
output9663/A                          320.00  426.68 -106.68 (VIOLATED)
output10003/A                         320.00  426.63 -106.63 (VIOLATED)
output9711/A                          320.00  426.57 -106.57 (VIOLATED)
output9911/A                          320.00  426.57 -106.57 (VIOLATED)
output9791/A                          320.00  426.51 -106.51 (VIOLATED)
output9811/A                          320.00  426.51 -106.51 (VIOLATED)
output9983/A                          320.00  426.47 -106.47 (VIOLATED)
output9763/A                          320.00  426.43 -106.43 (VIOLATED)
output9721/A                          320.00  426.43 -106.43 (VIOLATED)
_770757_/Y                            320.00  426.30 -106.30 (VIOLATED)
place67125/A                          320.00  425.92 -105.92 (VIOLATED)
rdata_q[5963]$_DFFE_PP_/QN            320.00  425.60 -105.60 (VIOLATED)
_769951_/C                            320.00  425.49 -105.49 (VIOLATED)
_762202_/C                            320.00  425.43 -105.43 (VIOLATED)
part_q[79][2]$_DFFE_PP_/QN            320.00  425.37 -105.37 (VIOLATED)
_759975_/B                            320.00  425.36 -105.36 (VIOLATED)
_741344_/Y                            320.00  424.98 -104.98 (VIOLATED)
_651077_/B                            320.00  424.92 -104.92 (VIOLATED)
place68743/A                          320.00  424.87 -104.87 (VIOLATED)
_766347_/A1                           320.00  424.86 -104.86 (VIOLATED)
_744755_/B                            320.00  424.57 -104.57 (VIOLATED)
_769550_/B                            320.00  424.47 -104.47 (VIOLATED)
m_1h[7]$_DFFE_PN0P_/QN                320.00  424.40 -104.40 (VIOLATED)
m_ce[16]$_DFFE_PN0P_/RESETN           320.00  424.38 -104.38 (VIOLATED)
place68721/A                          320.00  424.32 -104.32 (VIOLATED)
_748611_/B                            320.00  424.29 -104.29 (VIOLATED)
_767685_/C                            320.00  424.29 -104.29 (VIOLATED)
_735347_/B                            320.00  424.10 -104.10 (VIOLATED)
_762195_/C                            320.00  424.00 -104.00 (VIOLATED)
_778634_/A                            320.00  423.76 -103.76 (VIOLATED)
_762321_/C                            320.00  423.68 -103.68 (VIOLATED)
place61435/A                          320.00  423.66 -103.66 (VIOLATED)
_762313_/C                            320.00  423.64 -103.64 (VIOLATED)
_762306_/C                            320.00  423.60 -103.60 (VIOLATED)
_762188_/C                            320.00  423.49 -103.49 (VIOLATED)
place61436/A                          320.00  423.48 -103.48 (VIOLATED)
_769287_/B                            320.00  423.41 -103.41 (VIOLATED)
_617734_/A                            320.00  422.75 -102.75 (VIOLATED)
_771811_/A                            320.00  422.22 -102.22 (VIOLATED)
_764444_/B                            320.00  422.17 -102.17 (VIOLATED)
_762162_/Y                            320.00  422.09 -102.09 (VIOLATED)
m_ce[12]$_DFFE_PN0P_/RESETN           320.00  422.02 -102.02 (VIOLATED)
place68981/A                          320.00  421.86 -101.86 (VIOLATED)
_671818_/B                            320.00  421.77 -101.77 (VIOLATED)
_717465_/B                            320.00  421.75 -101.75 (VIOLATED)
_749528_/B                            320.00  421.70 -101.70 (VIOLATED)
place68100/A                          320.00  421.68 -101.68 (VIOLATED)
_750035_/B                            320.00  421.52 -101.52 (VIOLATED)
rdata_q[6340]$_DFFE_PP_/QN            320.00  421.26 -101.26 (VIOLATED)
part_q[63][2]$_DFFE_PP_/D             320.00  421.09 -101.09 (VIOLATED)
output9635/A                          320.00  420.69 -100.69 (VIOLATED)
output9884/A                          320.00  420.69 -100.69 (VIOLATED)
output9999/A                          320.00  420.69 -100.69 (VIOLATED)
output9645/A                          320.00  420.69 -100.69 (VIOLATED)
output9745/A                          320.00  420.69 -100.69 (VIOLATED)
output9766/A                          320.00  420.68 -100.68 (VIOLATED)
output9735/A                          320.00  420.68 -100.68 (VIOLATED)
output9725/A                          320.00  420.68 -100.68 (VIOLATED)
output9859/A                          320.00  420.67 -100.67 (VIOLATED)
output9956/A                          320.00  420.67 -100.67 (VIOLATED)
output9694/A                          320.00  420.66 -100.66 (VIOLATED)
place69073/A                          320.00  420.66 -100.66 (VIOLATED)
output9625/A                          320.00  420.66 -100.66 (VIOLATED)
output9976/A                          320.00  420.65 -100.65 (VIOLATED)
output9875/A                          320.00  420.65 -100.65 (VIOLATED)
output9784/A                          320.00  420.64 -100.64 (VIOLATED)
output9575/A                          320.00  420.64 -100.64 (VIOLATED)
output9959/A                          320.00  420.64 -100.64 (VIOLATED)
output10006/A                         320.00  420.63 -100.63 (VIOLATED)
output9666/A                          320.00  420.62 -100.62 (VIOLATED)
output9605/A                          320.00  420.62 -100.62 (VIOLATED)
place67691/A                          320.00  420.62 -100.62 (VIOLATED)
output9856/A                          320.00  420.59 -100.59 (VIOLATED)
output9794/A                          320.00  420.59 -100.59 (VIOLATED)
output9894/A                          320.00  420.56 -100.56 (VIOLATED)
output9775/A                          320.00  420.56 -100.56 (VIOLATED)
_747093_/B                            320.00  420.54 -100.54 (VIOLATED)
output9966/A                          320.00  420.53 -100.53 (VIOLATED)
output9905/A                          320.00  420.50 -100.50 (VIOLATED)
output9658/A                          320.00  420.50 -100.50 (VIOLATED)
output9759/A                          320.00  420.49 -100.49 (VIOLATED)
output9584/A                          320.00  420.48 -100.48 (VIOLATED)
output9684/A                          320.00  420.48 -100.48 (VIOLATED)
output9655/A                          320.00  420.48 -100.48 (VIOLATED)
output9866/A                          320.00  420.48 -100.48 (VIOLATED)
output9815/A                          320.00  420.48 -100.48 (VIOLATED)
output9805/A                          320.00  420.48 -100.48 (VIOLATED)
output9915/A                          320.00  420.46 -100.46 (VIOLATED)
output9936/A                          320.00  420.45 -100.45 (VIOLATED)
output9715/A                          320.00  420.45 -100.45 (VIOLATED)
output9925/A                          320.00  420.43 -100.43 (VIOLATED)
output9946/A                          320.00  420.43 -100.43 (VIOLATED)
output9675/A                          320.00  420.43 -100.43 (VIOLATED)
output9996/A                          320.00  420.43 -100.43 (VIOLATED)
output9705/A                          320.00  420.43 -100.43 (VIOLATED)
output9846/A                          320.00  420.43 -100.43 (VIOLATED)
output9615/A                          320.00  420.43 -100.43 (VIOLATED)
output9835/A                          320.00  420.43 -100.43 (VIOLATED)
output9756/A                          320.00  420.43 -100.43 (VIOLATED)
output9594/A                          320.00  420.43 -100.43 (VIOLATED)
output9825/A                          320.00  420.43 -100.43 (VIOLATED)
output9986/A                          320.00  420.42 -100.42 (VIOLATED)
_790872_/Y                            320.00  420.26 -100.26 (VIOLATED)
m_ce[13]$_DFFE_PN0P_/RESETN           320.00  420.23 -100.23 (VIOLATED)
_759982_/B                            320.00  420.18 -100.18 (VIOLATED)
_759990_/B                            320.00  420.16 -100.16 (VIOLATED)
_772900_/A                            320.00  420.06 -100.06 (VIOLATED)
_746099_/B                            320.00  420.02 -100.02 (VIOLATED)
_763806_/C                            320.00  419.89  -99.89 (VIOLATED)
_763801_/C                            320.00  419.88  -99.88 (VIOLATED)
_769769_/A3                           320.00  419.88  -99.88 (VIOLATED)
_769767_/B                            320.00  419.87  -99.87 (VIOLATED)
_763785_/C                            320.00  419.84  -99.84 (VIOLATED)
_763732_/B                            320.00  419.83  -99.83 (VIOLATED)
_763751_/B                            320.00  419.81  -99.81 (VIOLATED)
_769776_/B1                           320.00  419.79  -99.79 (VIOLATED)
place67599/A                          320.00  419.77  -99.77 (VIOLATED)
_763790_/C                            320.00  419.75  -99.75 (VIOLATED)
_759998_/C                            320.00  419.72  -99.72 (VIOLATED)
_763739_/B                            320.00  419.68  -99.68 (VIOLATED)
_769746_/B1                           320.00  419.65  -99.65 (VIOLATED)
_760061_/D                            320.00  419.61  -99.61 (VIOLATED)
_749963_/B                            320.00  419.60  -99.60 (VIOLATED)
_769748_/B1                           320.00  419.59  -99.59 (VIOLATED)
_763757_/B                            320.00  419.58  -99.58 (VIOLATED)
place67744/A                          320.00  419.53  -99.53 (VIOLATED)
_763775_/B                            320.00  419.43  -99.43 (VIOLATED)
place68475/A                          320.00  419.33  -99.33 (VIOLATED)
_769743_/B1                           320.00  419.32  -99.32 (VIOLATED)
_769744_/B1                           320.00  419.30  -99.30 (VIOLATED)
_763763_/B                            320.00  419.28  -99.28 (VIOLATED)
_557627_/A                            320.00  419.28  -99.28 (VIOLATED)
_557628_/A1                           320.00  419.26  -99.26 (VIOLATED)
_749895_/B                            320.00  419.26  -99.26 (VIOLATED)
_763825_/C                            320.00  419.22  -99.22 (VIOLATED)
_763812_/C                            320.00  419.21  -99.21 (VIOLATED)
_741668_/A                            320.00  419.10  -99.10 (VIOLATED)
_769735_/B1                           320.00  419.05  -99.05 (VIOLATED)
_763817_/C                            320.00  419.04  -99.04 (VIOLATED)
_526179_/A1                           320.00  419.03  -99.03 (VIOLATED)
_526178_/A                            320.00  419.02  -99.02 (VIOLATED)
_763769_/B                            320.00  419.02  -99.02 (VIOLATED)
_763745_/B                            320.00  419.01  -99.01 (VIOLATED)
_769739_/B1                           320.00  419.00  -99.00 (VIOLATED)
_769738_/B1                           320.00  418.98  -98.98 (VIOLATED)
_763796_/C                            320.00  418.97  -98.97 (VIOLATED)
_547373_/A1                           320.00  418.94  -98.94 (VIOLATED)
_763730_/Y                            320.00  418.94  -98.94 (VIOLATED)
place69071/A                          320.00  418.94  -98.94 (VIOLATED)
_769733_/B1                           320.00  418.94  -98.94 (VIOLATED)
_759955_/Y                            320.00  418.90  -98.90 (VIOLATED)
_482167_/A                            320.00  418.84  -98.84 (VIOLATED)
_769605_/B1                           320.00  418.69  -98.69 (VIOLATED)
_769571_/B1                           320.00  418.58  -98.58 (VIOLATED)
_769570_/B1                           320.00  418.56  -98.56 (VIOLATED)
_769580_/B1                           320.00  418.55  -98.55 (VIOLATED)
_769606_/B1                           320.00  418.50  -98.50 (VIOLATED)
_769575_/B1                           320.00  418.48  -98.48 (VIOLATED)
_746453_/B                            320.00  418.42  -98.42 (VIOLATED)
_769781_/B1                           320.00  418.34  -98.34 (VIOLATED)
_750072_/B                            320.00  418.31  -98.31 (VIOLATED)
place69026/A                          320.00  418.30  -98.30 (VIOLATED)
_587079_/A                            320.00  418.30  -98.30 (VIOLATED)
_769603_/B1                           320.00  418.28  -98.28 (VIOLATED)
_769602_/B1                           320.00  418.28  -98.28 (VIOLATED)
_536352_/A                            320.00  418.26  -98.26 (VIOLATED)
place66377/A                          320.00  418.22  -98.22 (VIOLATED)
place67938/A                          320.00  418.17  -98.17 (VIOLATED)
_750093_/B                            320.00  418.16  -98.16 (VIOLATED)
_772700_/A                            320.00  418.09  -98.09 (VIOLATED)
_536353_/A1                           320.00  417.97  -97.97 (VIOLATED)
_769590_/B1                           320.00  417.62  -97.62 (VIOLATED)
_741709_/A                            320.00  417.62  -97.62 (VIOLATED)
place68245/A                          320.00  417.59  -97.59 (VIOLATED)
_744685_/B                            320.00  417.55  -97.55 (VIOLATED)
_734030_/A                            320.00  417.44  -97.44 (VIOLATED)
in_data_q[102]$_DFFE_PN0P_/QN         320.00  417.39  -97.39 (VIOLATED)
_717316_/B                            320.00  417.37  -97.37 (VIOLATED)
_509058_/A                            320.00  417.25  -97.25 (VIOLATED)
_672698_/A                            320.00  417.22  -97.22 (VIOLATED)
_509059_/A1                           320.00  417.19  -97.19 (VIOLATED)
m_ce[5]$_DFFE_PN0P_/RESETN            320.00  417.18  -97.18 (VIOLATED)
_498594_/A                            320.00  417.10  -97.10 (VIOLATED)
_498595_/A1                           320.00  417.03  -97.03 (VIOLATED)
_746630_/B                            320.00  416.96  -96.96 (VIOLATED)
_772543_/A                            320.00  416.24  -96.24 (VIOLATED)
_741959_/A                            320.00  416.21  -96.21 (VIOLATED)
place68984/A                          320.00  415.93  -95.93 (VIOLATED)
place68233/A                          320.00  415.92  -95.92 (VIOLATED)
place67738/A                          320.00  415.92  -95.92 (VIOLATED)
_744684_/B                            320.00  415.78  -95.78 (VIOLATED)
_769640_/B1                           320.00  415.78  -95.78 (VIOLATED)
_744784_/B                            320.00  415.48  -95.48 (VIOLATED)
_769639_/B1                           320.00  415.39  -95.39 (VIOLATED)
_519451_/A                            320.00  415.25  -95.25 (VIOLATED)
_519452_/A1                           320.00  415.23  -95.23 (VIOLATED)
place68220/A                          320.00  415.17  -95.17 (VIOLATED)
_749762_/B                            320.00  415.17  -95.17 (VIOLATED)
place61214/A                          320.00  415.09  -95.09 (VIOLATED)
_746276_/B                            320.00  414.82  -94.82 (VIOLATED)
_769629_/A3                           320.00  414.66  -94.66 (VIOLATED)
place68551/A                          320.00  414.65  -94.65 (VIOLATED)
_759488_/B                            320.00  414.51  -94.51 (VIOLATED)
_744734_/B                            320.00  414.50  -94.50 (VIOLATED)
_759482_/B                            320.00  414.49  -94.49 (VIOLATED)
in_data_q[111]$_DFFE_PN0P_/QN         320.00  414.49  -94.49 (VIOLATED)
place61215/A                          320.00  414.35  -94.35 (VIOLATED)
place61216/A                          320.00  414.34  -94.34 (VIOLATED)
_744867_/B                            320.00  414.32  -94.32 (VIOLATED)
_759525_/B                            320.00  414.20  -94.20 (VIOLATED)
_769715_/B1                           320.00  414.09  -94.09 (VIOLATED)
_769710_/B1                           320.00  414.08  -94.08 (VIOLATED)
_769702_/B1                           320.00  414.06  -94.06 (VIOLATED)
_762705_/C                            320.00  413.99  -93.99 (VIOLATED)
_762653_/C                            320.00  413.97  -93.97 (VIOLATED)
_762660_/C                            320.00  413.94  -93.94 (VIOLATED)
part_q[79][1]$_DFFE_PP_/QN            320.00  413.92  -93.92 (VIOLATED)
_762711_/C                            320.00  413.82  -93.82 (VIOLATED)
_759532_/B                            320.00  413.76  -93.76 (VIOLATED)
_762749_/C                            320.00  413.68  -93.68 (VIOLATED)
_749964_/B                            320.00  413.53  -93.53 (VIOLATED)
place67932/A                          320.00  413.50  -93.50 (VIOLATED)
_762698_/C                            320.00  413.48  -93.48 (VIOLATED)
place68485/A                          320.00  413.41  -93.41 (VIOLATED)
_544455_/A                            320.00  413.29  -93.29 (VIOLATED)
_750748_/B                            320.00  413.25  -93.25 (VIOLATED)
in_data_q[59]$_DFFE_PN0P_/QN          320.00  413.17  -93.17 (VIOLATED)
_746182_/B                            320.00  413.16  -93.16 (VIOLATED)
_749998_/B                            320.00  412.93  -92.93 (VIOLATED)
place68621/A                          320.00  412.90  -92.90 (VIOLATED)
_755688_/A                            320.00  412.79  -92.79 (VIOLATED)
_791949_/A2                           320.00  412.77  -92.77 (VIOLATED)
_791956_/A2                           320.00  412.76  -92.76 (VIOLATED)
_791954_/A2                           320.00  412.75  -92.75 (VIOLATED)
_791951_/A2                           320.00  412.74  -92.74 (VIOLATED)
_791959_/A2                           320.00  412.71  -92.71 (VIOLATED)
rdata_q[3028]$_DFFE_PP_/QN            320.00  412.67  -92.67 (VIOLATED)
in_data_q[78]$_DFFE_PN0P_/QN          320.00  412.66  -92.66 (VIOLATED)
_791962_/A2                           320.00  412.66  -92.66 (VIOLATED)
_638948_/A                            320.00  412.64  -92.64 (VIOLATED)
_762692_/C                            320.00  412.64  -92.64 (VIOLATED)
_760377_/B                            320.00  412.59  -92.59 (VIOLATED)
_760384_/B                            320.00  412.57  -92.57 (VIOLATED)
_755689_/A1                           320.00  412.52  -92.52 (VIOLATED)
_770388_/A2                           320.00  412.50  -92.50 (VIOLATED)
_762743_/C                            320.00  412.41  -92.41 (VIOLATED)
_760419_/B                            320.00  412.31  -92.31 (VIOLATED)
_770383_/A2                           320.00  412.29  -92.29 (VIOLATED)
part_q[63][4]$_DFFE_PP_/QN            320.00  412.24  -92.24 (VIOLATED)
_770382_/A2                           320.00  412.21  -92.21 (VIOLATED)
rdata_q[5663]$_DFFE_PP_/QN            320.00  412.18  -92.18 (VIOLATED)
_770363_/A2                           320.00  412.17  -92.17 (VIOLATED)
_770376_/A2                           320.00  411.95  -91.95 (VIOLATED)
_760426_/B                            320.00  411.95  -91.95 (VIOLATED)
place66383/A                          320.00  411.85  -91.85 (VIOLATED)
_770377_/A2                           320.00  411.81  -91.81 (VIOLATED)
_741660_/A                            320.00  411.70  -91.70 (VIOLATED)
_770373_/A2                           320.00  411.67  -91.67 (VIOLATED)
_770374_/A2                           320.00  411.67  -91.67 (VIOLATED)
_604432_/A                            320.00  411.58  -91.58 (VIOLATED)
place68419/A                          320.00  411.56  -91.56 (VIOLATED)
in_data_q[20]$_DFFE_PN0P_/QN          320.00  411.52  -91.52 (VIOLATED)
place68471/A                          320.00  411.44  -91.44 (VIOLATED)
_770300_/A2                           320.00  411.18  -91.18 (VIOLATED)
_717298_/B                            320.00  411.16  -91.16 (VIOLATED)
place68635/A                          320.00  411.03  -91.03 (VIOLATED)
_750000_/B                            320.00  411.03  -91.03 (VIOLATED)
_770441_/A2                           320.00  411.03  -91.03 (VIOLATED)
_770440_/A2                           320.00  411.02  -91.02 (VIOLATED)
_770402_/A2                           320.00  411.01  -91.01 (VIOLATED)
_770403_/A2                           320.00  410.99  -90.99 (VIOLATED)
_770400_/A2                           320.00  410.99  -90.99 (VIOLATED)
hv_q[2]$_DFFE_PN0P_/QN                320.00  410.98  -90.98 (VIOLATED)
_770395_/A2                           320.00  410.96  -90.96 (VIOLATED)
_770396_/A2                           320.00  410.96  -90.96 (VIOLATED)
place68480/A                          320.00  410.85  -90.85 (VIOLATED)
place67504/A                          320.00  410.85  -90.85 (VIOLATED)
_770252_/A2                           320.00  410.84  -90.84 (VIOLATED)
_770251_/A2                           320.00  410.82  -90.82 (VIOLATED)
_749961_/B                            320.00  410.79  -90.79 (VIOLATED)
place68454/A                          320.00  410.47  -90.47 (VIOLATED)
_762666_/C                            320.00  410.31  -90.31 (VIOLATED)
_762717_/C                            320.00  410.20  -90.20 (VIOLATED)
in_data_q[16]$_DFFE_PN0P_/QN          320.00  409.98  -89.98 (VIOLATED)
_772427_/A                            320.00  409.88  -89.88 (VIOLATED)
place68228/A                          320.00  409.87  -89.87 (VIOLATED)
rdata_q[6174]$_DFFE_PP_/QN            320.00  409.77  -89.77 (VIOLATED)
_631569_/A                            320.00  409.46  -89.46 (VIOLATED)
place61213/A                          320.00  409.39  -89.39 (VIOLATED)
_760391_/B                            320.00  409.21  -89.21 (VIOLATED)
_759495_/B                            320.00  409.11  -89.11 (VIOLATED)
in_data_q[38]$_DFFE_PN0P_/QN          320.00  409.05  -89.05 (VIOLATED)
_757258_/A1                           320.00  409.01  -89.01 (VIOLATED)
place66601/A                          320.00  408.94  -88.94 (VIOLATED)
_642154_/A                            320.00  408.93  -88.93 (VIOLATED)
part_q[3][11]$_DFFE_PP_/QN            320.00  408.90  -88.90 (VIOLATED)
_762686_/C                            320.00  408.69  -88.69 (VIOLATED)
place68616/A                          320.00  408.64  -88.64 (VIOLATED)
_762737_/C                            320.00  408.45  -88.45 (VIOLATED)
_596782_/A                            320.00  408.38  -88.38 (VIOLATED)
place69055/A                          320.00  408.32  -88.32 (VIOLATED)
place67431/A                          320.00  408.25  -88.25 (VIOLATED)
place68692/A                          320.00  408.17  -88.17 (VIOLATED)
in_data_q[138]$_DFFE_PN0P_/QN         320.00  408.16  -88.16 (VIOLATED)
_753911_/A1                           320.00  408.13  -88.13 (VIOLATED)
_757876_/A1                           320.00  408.08  -88.08 (VIOLATED)
_757875_/A                            320.00  408.07  -88.07 (VIOLATED)
_763669_/B                            320.00  407.88  -87.88 (VIOLATED)
_757122_/A1                           320.00  407.83  -87.83 (VIOLATED)
_754678_/A1                           320.00  407.80  -87.80 (VIOLATED)
_757868_/A1                           320.00  407.79  -87.79 (VIOLATED)
_754396_/A1                           320.00  407.77  -87.77 (VIOLATED)
_754458_/A                            320.00  407.77  -87.77 (VIOLATED)
_757910_/A1                           320.00  407.68  -87.68 (VIOLATED)
_757033_/A1                           320.00  407.67  -87.67 (VIOLATED)
_757049_/A                            320.00  407.62  -87.62 (VIOLATED)
_745828_/B                            320.00  407.56  -87.56 (VIOLATED)
place68637/A                          320.00  407.49  -87.49 (VIOLATED)
_749750_/B                            320.00  407.48  -87.48 (VIOLATED)
in_data_q[143]$_DFFE_PN0P_/QN         320.00  407.44  -87.44 (VIOLATED)
_762730_/C                            320.00  407.43  -87.43 (VIOLATED)
in_data_q[15]$_DFFE_PN0P_/QN          320.00  407.42  -87.42 (VIOLATED)
place68074/A                          320.00  407.42  -87.42 (VIOLATED)
_757959_/A                            320.00  407.25  -87.25 (VIOLATED)
_671824_/B                            320.00  407.20  -87.20 (VIOLATED)
_762680_/C                            320.00  407.11  -87.11 (VIOLATED)
_760398_/B                            320.00  407.04  -87.04 (VIOLATED)
_760405_/B                            320.00  407.04  -87.04 (VIOLATED)
_760412_/B                            320.00  406.97  -86.97 (VIOLATED)
_755416_/A1                           320.00  406.95  -86.95 (VIOLATED)
_760194_/B                            320.00  406.72  -86.72 (VIOLATED)
_760318_/B                            320.00  406.72  -86.72 (VIOLATED)
_760192_/Y                            320.00  406.68  -86.68 (VIOLATED)
_762724_/C                            320.00  406.59  -86.59 (VIOLATED)
_762673_/C                            320.00  406.55  -86.55 (VIOLATED)
_760612_/B                            320.00  406.22  -86.22 (VIOLATED)
_760619_/B                            320.00  406.20  -86.20 (VIOLATED)
_760657_/B                            320.00  406.07  -86.07 (VIOLATED)
place66898/A                          320.00  406.04  -86.04 (VIOLATED)
place66382/A                          320.00  405.98  -85.98 (VIOLATED)
place66829/A                          320.00  405.95  -85.95 (VIOLATED)
_763348_/B                            320.00  405.94  -85.94 (VIOLATED)
_766342_/A2                           320.00  405.91  -85.91 (VIOLATED)
in_data_q[145]$_DFFE_PN0P_/QN         320.00  405.89  -85.89 (VIOLATED)
_760662_/B                            320.00  405.85  -85.85 (VIOLATED)
_764349_/C                            320.00  405.67  -85.67 (VIOLATED)
_755017_/A                            320.00  405.59  -85.59 (VIOLATED)
_764143_/B                            320.00  405.53  -85.53 (VIOLATED)
_772388_/A                            320.00  405.47  -85.47 (VIOLATED)
_771822_/Y                            320.00  405.45  -85.45 (VIOLATED)
_762651_/Y                            320.00  405.43  -85.43 (VIOLATED)
_772836_/A                            320.00  405.26  -85.26 (VIOLATED)
rdata_q[5806]$_DFFE_PP_/QN            320.00  405.21  -85.21 (VIOLATED)
place68448/A                          320.00  405.00  -85.00 (VIOLATED)
_748961_/B                            320.00  404.53  -84.53 (VIOLATED)
place68676/A                          320.00  404.52  -84.52 (VIOLATED)
place68566/A                          320.00  404.48  -84.48 (VIOLATED)
_757917_/A                            320.00  404.02  -84.02 (VIOLATED)
_757225_/A                            320.00  403.94  -83.94 (VIOLATED)
_766349_/A2                           320.00  403.93  -83.93 (VIOLATED)
_772404_/A                            320.00  403.86  -83.86 (VIOLATED)
_574285_/A                            320.00  403.71  -83.71 (VIOLATED)
_772892_/A                            320.00  403.66  -83.66 (VIOLATED)
_754741_/A                            320.00  403.53  -83.53 (VIOLATED)
_766338_/A2                           320.00  403.47  -83.47 (VIOLATED)
place66662/A                          320.00  403.42  -83.42 (VIOLATED)
place69057/A                          320.00  403.28  -83.28 (VIOLATED)
_760628_/B                            320.00  403.23  -83.23 (VIOLATED)
_757138_/A                            320.00  403.02  -83.02 (VIOLATED)
_597833_/B                            320.00  402.88  -82.88 (VIOLATED)
in_data_q[104]$_DFFE_PN0P_/QN         320.00  402.85  -82.85 (VIOLATED)
_757171_/A1                           320.00  402.74  -82.74 (VIOLATED)
_548254_/A                            320.00  402.72  -82.72 (VIOLATED)
in_data_q[18]$_DFFE_PN0P_/QN          320.00  402.63  -82.63 (VIOLATED)
place67467/A                          320.00  402.46  -82.46 (VIOLATED)
_766339_/A1                           320.00  402.46  -82.46 (VIOLATED)
m_1h[15]$_DFFE_PN0P_/QN               320.00  402.44  -82.44 (VIOLATED)
_776109_/A                            320.00  402.42  -82.42 (VIOLATED)
_766397_/A                            320.00  402.14  -82.14 (VIOLATED)
place68716/A                          320.00  401.99  -81.99 (VIOLATED)
in_data_q[136]$_DFFE_PN0P_/QN         320.00  401.97  -81.97 (VIOLATED)
place67308/A                          320.00  401.83  -81.83 (VIOLATED)
place66597/A                          320.00  401.77  -81.77 (VIOLATED)
_733677_/A                            320.00  401.76  -81.76 (VIOLATED)
_759509_/B                            320.00  401.61  -81.61 (VIOLATED)
_759501_/B                            320.00  401.61  -81.61 (VIOLATED)
_759517_/C                            320.00  401.59  -81.59 (VIOLATED)
_759580_/D                            320.00  401.57  -81.57 (VIOLATED)
_759480_/Y                            320.00  401.42  -81.42 (VIOLATED)
place66345/A                          320.00  401.34  -81.34 (VIOLATED)
_771814_/Y                            320.00  401.09  -81.09 (VIOLATED)
_725269_/A                            320.00  400.83  -80.83 (VIOLATED)
_745012_/A                            320.00  400.66  -80.66 (VIOLATED)
place67305/A                          320.00  400.56  -80.56 (VIOLATED)
_481244_/A                            320.00  400.54  -80.54 (VIOLATED)
_762161_/C                            320.00  400.43  -80.43 (VIOLATED)
_762033_/C                            320.00  400.40  -80.40 (VIOLATED)
_745025_/A                            320.00  400.40  -80.40 (VIOLATED)
_762040_/C                            320.00  400.31  -80.31 (VIOLATED)
_762171_/C                            320.00  400.20  -80.20 (VIOLATED)
place67785/A                          320.00  400.20  -80.20 (VIOLATED)
place67790/A                          320.00  400.17  -80.17 (VIOLATED)
_769344_/B                            320.00  400.13  -80.13 (VIOLATED)
_744972_/A                            320.00  400.12  -80.12 (VIOLATED)
_755139_/A1                           320.00  400.07  -80.07 (VIOLATED)
_769342_/A1                           320.00  400.06  -80.06 (VIOLATED)
_864676_/B                            320.00  399.91  -79.91 (VIOLATED)
_769799_/A2                           320.00  399.88  -79.88 (VIOLATED)
m_out$_DFFE_PN0P_/RESETN              320.00  399.83  -79.83 (VIOLATED)
rdata_q[5660]$_DFFE_PP_/QN            320.00  399.82  -79.82 (VIOLATED)
_762084_/C                            320.00  399.79  -79.79 (VIOLATED)
_744990_/A                            320.00  399.69  -79.69 (VIOLATED)
_762215_/C                            320.00  399.60  -79.60 (VIOLATED)
_864786_/A                            320.00  399.57  -79.57 (VIOLATED)
_750078_/B                            320.00  399.54  -79.54 (VIOLATED)
_744976_/A                            320.00  399.51  -79.51 (VIOLATED)
_744933_/A                            320.00  399.49  -79.49 (VIOLATED)
place68215/A                          320.00  399.43  -79.43 (VIOLATED)
_746005_/B                            320.00  399.42  -79.42 (VIOLATED)
in_data_q[39]$_DFFE_PN0P_/QN          320.00  399.42  -79.42 (VIOLATED)
_772830_/A                            320.00  399.30  -79.30 (VIOLATED)
_766340_/A2                           320.00  399.23  -79.23 (VIOLATED)
_864773_/B                            320.00  399.20  -79.20 (VIOLATED)
m_ce[5]$_DFFE_PN0P_/QN                320.00  399.12  -79.12 (VIOLATED)
_864788_/A                            320.00  399.02  -79.02 (VIOLATED)
_767191_/B                            320.00  399.01  -79.01 (VIOLATED)
_762076_/C                            320.00  398.95  -78.95 (VIOLATED)
_769014_/C                            320.00  398.91  -78.91 (VIOLATED)
_762208_/C                            320.00  398.78  -78.78 (VIOLATED)
_764563_/B                            320.00  398.71  -78.71 (VIOLATED)
_771828_/A                            320.00  398.60  -78.60 (VIOLATED)
_744915_/A                            320.00  398.50  -78.50 (VIOLATED)
_744916_/A                            320.00  398.50  -78.50 (VIOLATED)
_573458_/A                            320.00  398.48  -78.48 (VIOLATED)
_745001_/A                            320.00  398.37  -78.37 (VIOLATED)
_745051_/A                            320.00  398.36  -78.36 (VIOLATED)
_744988_/A                            320.00  398.31  -78.31 (VIOLATED)
_744930_/A                            320.00  398.29  -78.29 (VIOLATED)
rdata_q[5800]$_DFFE_PP_/QN            320.00  398.25  -78.25 (VIOLATED)
_744994_/A                            320.00  398.23  -78.23 (VIOLATED)
_744993_/A                            320.00  398.16  -78.16 (VIOLATED)
part_q[37][14]$_DFFE_PP_/QN           320.00  398.05  -78.05 (VIOLATED)
place67753/A                          320.00  397.97  -77.97 (VIOLATED)
place61212/A                          320.00  397.97  -77.97 (VIOLATED)
_772397_/A                            320.00  397.94  -77.94 (VIOLATED)
_717319_/B                            320.00  397.89  -77.89 (VIOLATED)
_745032_/A                            320.00  397.73  -77.73 (VIOLATED)
place67913/A                          320.00  397.70  -77.70 (VIOLATED)
_625337_/A                            320.00  397.68  -77.68 (VIOLATED)
place62148/A                          320.00  397.67  -77.67 (VIOLATED)
_753457_/A1                           320.00  397.61  -77.61 (VIOLATED)
_753124_/A1                           320.00  397.58  -77.58 (VIOLATED)
_752806_/A1                           320.00  397.47  -77.47 (VIOLATED)
_753115_/A1                           320.00  397.31  -77.31 (VIOLATED)
place68784/A                          320.00  397.30  -77.30 (VIOLATED)
_750074_/B                            320.00  397.10  -77.10 (VIOLATED)
place67759/A                          320.00  397.09  -77.09 (VIOLATED)
_744995_/A                            320.00  396.98  -76.98 (VIOLATED)
_537604_/A                            320.00  396.92  -76.92 (VIOLATED)
place68370/A                          320.00  396.88  -76.88 (VIOLATED)
place66346/A                          320.00  396.87  -76.87 (VIOLATED)
_758587_/A                            320.00  396.77  -76.77 (VIOLATED)
_744997_/A                            320.00  396.75  -76.75 (VIOLATED)
_758036_/A1                           320.00  396.75  -76.75 (VIOLATED)
_762030_/C                            320.00  396.68  -76.68 (VIOLATED)
_761918_/C                            320.00  396.67  -76.67 (VIOLATED)
_745922_/B                            320.00  396.67  -76.67 (VIOLATED)
_760639_/B                            320.00  396.65  -76.65 (VIOLATED)
_760644_/B                            320.00  396.65  -76.65 (VIOLATED)
in_data_q[76]$_DFFE_PN0P_/QN          320.00  396.64  -76.64 (VIOLATED)
_762039_/C                            320.00  396.60  -76.60 (VIOLATED)
_761924_/C                            320.00  396.59  -76.59 (VIOLATED)
_744923_/A                            320.00  396.57  -76.57 (VIOLATED)
_760652_/B                            320.00  396.54  -76.54 (VIOLATED)
_772703_/A                            320.00  396.51  -76.51 (VIOLATED)
place67784/A                          320.00  396.43  -76.43 (VIOLATED)
_762180_/C                            320.00  396.41  -76.41 (VIOLATED)
_641590_/A                            320.00  396.35  -76.35 (VIOLATED)
_762047_/C                            320.00  396.33  -76.33 (VIOLATED)
wire18377/A                           320.00  396.22  -76.22 (VIOLATED)
_750036_/B                            320.00  396.07  -76.07 (VIOLATED)
_762083_/C                            320.00  396.04  -76.04 (VIOLATED)
place68992/A                          320.00  396.03  -76.03 (VIOLATED)
_761963_/C                            320.00  395.88  -75.88 (VIOLATED)
out_d1$_DFFE_PN0P_/RESETN             320.00  395.85  -75.85 (VIOLATED)
_744711_/B                            320.00  395.73  -75.73 (VIOLATED)
_760722_/A                            320.00  395.69  -75.69 (VIOLATED)
place66884/A                          320.00  395.64  -75.64 (VIOLATED)
_760670_/B                            320.00  395.53  -75.53 (VIOLATED)
_760774_/B                            320.00  395.53  -75.53 (VIOLATED)
_760610_/Y                            320.00  395.52  -75.52 (VIOLATED)
_741812_/A                            320.00  395.44  -75.44 (VIOLATED)
in_data_q[72]$_DFFE_PN0P_/QN          320.00  395.40  -75.40 (VIOLATED)
place67840/A                          320.00  395.38  -75.38 (VIOLATED)
_744697_/B                            320.00  395.21  -75.21 (VIOLATED)
_762075_/C                            320.00  395.06  -75.06 (VIOLATED)
_761957_/C                            320.00  395.04  -75.04 (VIOLATED)
_745053_/A                            320.00  394.97  -74.97 (VIOLATED)
_770275_/B                            320.00  394.88  -74.88 (VIOLATED)
_769546_/B                            320.00  394.87  -74.87 (VIOLATED)
_769584_/A1                           320.00  394.85  -74.85 (VIOLATED)
_768756_/C                            320.00  394.84  -74.84 (VIOLATED)
_769555_/A1                           320.00  394.79  -74.79 (VIOLATED)
_769554_/A                            320.00  394.77  -74.77 (VIOLATED)
_772183_/A                            320.00  394.67  -74.67 (VIOLATED)
_769768_/A1                           320.00  394.60  -74.60 (VIOLATED)
_769778_/A1                           320.00  394.59  -74.59 (VIOLATED)
_770445_/A1                           320.00  394.56  -74.56 (VIOLATED)
_770398_/C                            320.00  394.53  -74.53 (VIOLATED)
_769742_/A                            320.00  394.51  -74.51 (VIOLATED)
_768945_/B                            320.00  394.49  -74.49 (VIOLATED)
_769756_/B                            320.00  394.47  -74.47 (VIOLATED)
_769606_/C                            320.00  394.46  -74.46 (VIOLATED)
_768955_/C                            320.00  394.46  -74.46 (VIOLATED)
_770410_/A1                           320.00  394.42  -74.42 (VIOLATED)
_770425_/B                            320.00  394.42  -74.42 (VIOLATED)
_769603_/C                            320.00  394.42  -74.42 (VIOLATED)
place69119/A                          320.00  394.39  -74.39 (VIOLATED)
_758268_/B                            320.00  394.37  -74.37 (VIOLATED)
_768786_/C                            320.00  394.36  -74.36 (VIOLATED)
_764681_/C                            320.00  394.35  -74.35 (VIOLATED)
_758544_/B                            320.00  394.35  -74.35 (VIOLATED)
_768977_/A1                           320.00  394.35  -74.35 (VIOLATED)
_768790_/C                            320.00  394.31  -74.31 (VIOLATED)
_770308_/B                            320.00  394.21  -74.21 (VIOLATED)
_768803_/A                            320.00  394.13  -74.13 (VIOLATED)
rdata_q[6447]$_DFFE_PP_/QN            320.00  394.12  -74.12 (VIOLATED)
_758468_/B                            320.00  394.10  -74.10 (VIOLATED)
_744934_/A                            320.00  394.10  -74.10 (VIOLATED)
_769791_/B                            320.00  394.08  -74.08 (VIOLATED)
_792181_/A                            320.00  393.98  -73.98 (VIOLATED)
_792095_/A                            320.00  393.96  -73.96 (VIOLATED)
_758668_/B                            320.00  393.93  -73.93 (VIOLATED)
_791966_/A1                           320.00  393.91  -73.91 (VIOLATED)
place77868/A                          320.00  393.89  -73.89 (VIOLATED)
_792174_/A                            320.00  393.89  -73.89 (VIOLATED)
_792088_/A                            320.00  393.88  -73.88 (VIOLATED)
_772395_/A                            320.00  393.87  -73.87 (VIOLATED)
c_cnt[7]$_DFFE_PN0P_/RESETN           320.00  393.80  -73.80 (VIOLATED)
_754135_/B                            320.00  393.79  -73.79 (VIOLATED)
_754136_/A2                           320.00  393.77  -73.77 (VIOLATED)
c_cnt[6]$_DFFE_PN0P_/RESETN           320.00  393.74  -73.74 (VIOLATED)
_744553_/B                            320.00  393.74  -73.74 (VIOLATED)
_769599_/A                            320.00  393.71  -73.71 (VIOLATED)
_791977_/B                            320.00  393.70  -73.70 (VIOLATED)
_792078_/A1                           320.00  393.69  -73.69 (VIOLATED)
place68520/A                          320.00  393.68  -73.68 (VIOLATED)
_751618_/B                            320.00  393.64  -73.64 (VIOLATED)
_744922_/A                            320.00  393.62  -73.62 (VIOLATED)
_751619_/A2                           320.00  393.58  -73.58 (VIOLATED)
place67503/A                          320.00  393.57  -73.57 (VIOLATED)
m_addr[7]$_DFFE_PN0P_/RESETN          320.00  393.54  -73.54 (VIOLATED)
_754138_/B                            320.00  393.53  -73.53 (VIOLATED)
_769716_/A                            320.00  393.51  -73.51 (VIOLATED)
_717292_/B                            320.00  393.51  -73.51 (VIOLATED)
_754139_/A2                           320.00  393.51  -73.51 (VIOLATED)
rdata_q[5801]$_DFFE_PP_/QN            320.00  393.46  -73.46 (VIOLATED)
_758492_/B                            320.00  393.44  -73.44 (VIOLATED)
_751623_/A2                           320.00  393.41  -73.41 (VIOLATED)
place68439/A                          320.00  393.39  -73.39 (VIOLATED)
_766344_/A1                           320.00  393.37  -73.37 (VIOLATED)
_746928_/A                            320.00  393.30  -73.30 (VIOLATED)
_746962_/A                            320.00  393.29  -73.29 (VIOLATED)
_768870_/B                            320.00  393.27  -73.27 (VIOLATED)
_768887_/A1                           320.00  393.24  -73.24 (VIOLATED)
_746921_/A                            320.00  393.23  -73.23 (VIOLATED)
_770370_/A1                           320.00  393.22  -73.22 (VIOLATED)
_770348_/B                            320.00  393.21  -73.21 (VIOLATED)
m_1h[10]$_DFFE_PN0P_/QN               320.00  393.21  -73.21 (VIOLATED)
_769623_/B                            320.00  393.20  -73.20 (VIOLATED)
_745138_/B                            320.00  393.20  -73.20 (VIOLATED)
_768843_/A                            320.00  393.19  -73.19 (VIOLATED)
_769711_/A                            320.00  393.17  -73.17 (VIOLATED)
_769656_/B                            320.00  393.14  -73.14 (VIOLATED)
_751622_/B                            320.00  393.12  -73.12 (VIOLATED)
_744350_/B                            320.00  393.12  -73.12 (VIOLATED)
_744938_/A                            320.00  393.09  -73.09 (VIOLATED)
_746911_/A                            320.00  393.08  -73.08 (VIOLATED)
_746882_/A                            320.00  393.04  -73.04 (VIOLATED)
_769722_/A1                           320.00  393.04  -73.04 (VIOLATED)
_746907_/A                            320.00  393.03  -73.03 (VIOLATED)
_746954_/A                            320.00  393.02  -73.02 (VIOLATED)
m_addr[4]$_DFFE_PN0P_/RESETN          320.00  393.01  -73.01 (VIOLATED)
_773024_/A                            320.00  393.00  -73.00 (VIOLATED)
_746862_/A                            320.00  392.99  -72.99 (VIOLATED)
_754422_/A2                           320.00  392.99  -72.99 (VIOLATED)
_768911_/C                            320.00  392.95  -72.95 (VIOLATED)
_746946_/A                            320.00  392.83  -72.83 (VIOLATED)
_637837_/A                            320.00  392.82  -72.82 (VIOLATED)
_769726_/C                            320.00  392.75  -72.75 (VIOLATED)
_769706_/B                            320.00  392.73  -72.73 (VIOLATED)
_746961_/A                            320.00  392.73  -72.73 (VIOLATED)
_754421_/B                            320.00  392.67  -72.67 (VIOLATED)
_751998_/A2                           320.00  392.66  -72.66 (VIOLATED)
m_addr[3]$_DFFE_PN0P_/RESETN          320.00  392.64  -72.64 (VIOLATED)
_762201_/C                            320.00  392.60  -72.60 (VIOLATED)
_768794_/A1                           320.00  392.58  -72.58 (VIOLATED)
_766390_/A                            320.00  392.50  -72.50 (VIOLATED)
_751997_/B                            320.00  392.48  -72.48 (VIOLATED)
_538181_/A1                           320.00  392.44  -72.44 (VIOLATED)
_566794_/A1                           320.00  392.43  -72.43 (VIOLATED)
m_addr[6]$_DFFE_PN0P_/RESETN          320.00  392.36  -72.36 (VIOLATED)
_535903_/A1                           320.00  392.34  -72.34 (VIOLATED)
_535902_/A                            320.00  392.34  -72.34 (VIOLATED)
_559527_/A                            320.00  392.22  -72.22 (VIOLATED)
_746894_/A                            320.00  392.15  -72.15 (VIOLATED)
_768987_/C                            320.00  392.14  -72.14 (VIOLATED)
_762069_/C                            320.00  392.10  -72.10 (VIOLATED)
_559528_/A1                           320.00  392.05  -72.05 (VIOLATED)
_769638_/A                            320.00  392.00  -72.00 (VIOLATED)
place69116/A                          320.00  392.00  -72.00 (VIOLATED)
m_ce[12]$_DFFE_PN0P_/QN               320.00  391.98  -71.98 (VIOLATED)
_770338_/A                            320.00  391.94  -71.94 (VIOLATED)
_769631_/C                            320.00  391.93  -71.93 (VIOLATED)
_762046_/C                            320.00  391.93  -71.93 (VIOLATED)
_761930_/C                            320.00  391.89  -71.89 (VIOLATED)
rdata_q[7434]$_DFFE_PP_/QN            320.00  391.87  -71.87 (VIOLATED)
_762154_/A                            320.00  391.79  -71.79 (VIOLATED)
_745045_/A                            320.00  391.74  -71.74 (VIOLATED)
_762219_/A1                           320.00  391.73  -71.73 (VIOLATED)
_773031_/A                            320.00  391.70  -71.70 (VIOLATED)
_746849_/A                            320.00  391.69  -71.69 (VIOLATED)
_762278_/A                            320.00  391.66  -71.66 (VIOLATED)
_762459_/B                            320.00  391.65  -71.65 (VIOLATED)
_770311_/A                            320.00  391.64  -71.64 (VIOLATED)
_768828_/A1                           320.00  391.62  -71.62 (VIOLATED)
_762339_/A1                           320.00  391.59  -71.59 (VIOLATED)
_752809_/A1                           320.00  391.54  -71.54 (VIOLATED)
_754414_/A2                           320.00  391.54  -71.54 (VIOLATED)
_746878_/A                            320.00  391.53  -71.53 (VIOLATED)
rdata_q[6602]$_DFFE_PP_/QN            320.00  391.52  -71.52 (VIOLATED)
_774045_/B                            320.00  391.51  -71.51 (VIOLATED)
_751633_/B                            320.00  391.46  -71.46 (VIOLATED)
_762399_/A1                           320.00  391.43  -71.43 (VIOLATED)
_762194_/C                            320.00  391.42  -71.42 (VIOLATED)
_648552_/B                            320.00  391.38  -71.38 (VIOLATED)
_754413_/B                            320.00  391.36  -71.36 (VIOLATED)
_751634_/A2                           320.00  391.32  -71.32 (VIOLATED)
_754143_/B                            320.00  391.28  -71.28 (VIOLATED)
_739156_/B                            320.00  391.24  -71.24 (VIOLATED)
_754144_/A2                           320.00  391.22  -71.22 (VIOLATED)
_739212_/B                            320.00  391.21  -71.21 (VIOLATED)
_762061_/C                            320.00  391.17  -71.17 (VIOLATED)
_762397_/C                            320.00  391.12  -71.12 (VIOLATED)
_665601_/A                            320.00  391.11  -71.11 (VIOLATED)
_739153_/B                            320.00  391.08  -71.08 (VIOLATED)
_762699_/A1                           320.00  391.02  -71.02 (VIOLATED)
_762458_/A1                           320.00  391.01  -71.01 (VIOLATED)
_744970_/A                            320.00  390.98  -70.98 (VIOLATED)
_762187_/C                            320.00  390.95  -70.95 (VIOLATED)
_762054_/C                            320.00  390.94  -70.94 (VIOLATED)
_762580_/A1                           320.00  390.94  -70.94 (VIOLATED)
_766386_/A                            320.00  390.88  -70.88 (VIOLATED)
place68079/A                          320.00  390.84  -70.84 (VIOLATED)
in_data_q[49]$_DFFE_PN0P_/QN          320.00  390.83  -70.83 (VIOLATED)
_481914_/A1                           320.00  390.77  -70.77 (VIOLATED)
_757294_/A1                           320.00  390.77  -70.77 (VIOLATED)
_749756_/B                            320.00  390.75  -70.75 (VIOLATED)
place68148/A                          320.00  390.73  -70.73 (VIOLATED)
_751630_/B                            320.00  390.72  -70.72 (VIOLATED)
_751631_/A2                           320.00  390.70  -70.70 (VIOLATED)
_810373_/A                            320.00  390.68  -70.68 (VIOLATED)
m_ce[16]$_DFFE_PN0P_/QN               320.00  390.62  -70.62 (VIOLATED)
_752494_/A1                           320.00  390.59  -70.59 (VIOLATED)
_746915_/A                            320.00  390.53  -70.53 (VIOLATED)
_762527_/C                            320.00  390.50  -70.50 (VIOLATED)
place66933/A                          320.00  390.50  -70.50 (VIOLATED)
_746848_/A                            320.00  390.48  -70.48 (VIOLATED)
_762579_/A1                           320.00  390.48  -70.48 (VIOLATED)
_518320_/A2                           320.00  390.43  -70.43 (VIOLATED)
_502012_/A2                           320.00  390.43  -70.43 (VIOLATED)
_708670_/A2                           320.00  390.24  -70.24 (VIOLATED)
_551677_/B1                           320.00  390.23  -70.23 (VIOLATED)
_538222_/A1                           320.00  390.23  -70.23 (VIOLATED)
_707310_/A2                           320.00  390.18  -70.18 (VIOLATED)
_538221_/A                            320.00  390.16  -70.16 (VIOLATED)
_555363_/A2                           320.00  390.16  -70.16 (VIOLATED)
_554074_/A2                           320.00  390.12  -70.12 (VIOLATED)
_762645_/B                            320.00  390.07  -70.07 (VIOLATED)
_756618_/A1                           320.00  390.06  -70.06 (VIOLATED)
_771827_/A                            320.00  390.05  -70.05 (VIOLATED)
_751989_/A2                           320.00  390.04  -70.04 (VIOLATED)
_762031_/Y                            320.00  390.04  -70.04 (VIOLATED)
_587654_/A                            320.00  390.01  -70.01 (VIOLATED)
place68543/A                          320.00  389.98  -69.98 (VIOLATED)
_755412_/A2                           320.00  389.93  -69.93 (VIOLATED)
_481920_/B                            320.00  389.86  -69.86 (VIOLATED)
_773038_/A                            320.00  389.86  -69.86 (VIOLATED)
_671821_/B                            320.00  389.84  -69.84 (VIOLATED)
_757259_/A2                           320.00  389.65  -69.65 (VIOLATED)
_746884_/A                            320.00  389.63  -69.63 (VIOLATED)
_762749_/B                            320.00  389.62  -69.62 (VIOLATED)
_751988_/B                            320.00  389.61  -69.61 (VIOLATED)
_532334_/A1                           320.00  389.58  -69.58 (VIOLATED)
_755142_/A2                           320.00  389.56  -69.56 (VIOLATED)
_762643_/B                            320.00  389.51  -69.51 (VIOLATED)
_756700_/A1                           320.00  389.50  -69.50 (VIOLATED)
place68994/A                          320.00  389.45  -69.45 (VIOLATED)
_757172_/A2                           320.00  389.37  -69.37 (VIOLATED)
_754860_/A2                           320.00  389.37  -69.37 (VIOLATED)
place66379/A                          320.00  389.34  -69.34 (VIOLATED)
_532333_/A                            320.00  389.31  -69.31 (VIOLATED)
_744733_/B                            320.00  389.24  -69.24 (VIOLATED)
_772439_/A                            320.00  389.17  -69.17 (VIOLATED)
place77765/A                          320.00  389.12  -69.12 (VIOLATED)
place77760/A                          320.00  389.04  -69.04 (VIOLATED)
_555362_/A1                           320.00  388.94  -68.94 (VIOLATED)
_745027_/A                            320.00  388.92  -68.92 (VIOLATED)
_744931_/A                            320.00  388.88  -68.88 (VIOLATED)
_555361_/A                            320.00  388.87  -68.87 (VIOLATED)
_762711_/B                            320.00  388.81  -68.81 (VIOLATED)
place66900/A                          320.00  388.81  -68.81 (VIOLATED)
part_q[68][18]$_DFFE_PP_/QN           320.00  388.78  -68.78 (VIOLATED)
_744928_/A                            320.00  388.75  -68.75 (VIOLATED)
place67476/A                          320.00  388.67  -68.67 (VIOLATED)
_746919_/A                            320.00  388.65  -68.65 (VIOLATED)
_739178_/B                            320.00  388.48  -68.48 (VIOLATED)
_761340_/A                            320.00  388.47  -68.47 (VIOLATED)
_761214_/A1                           320.00  388.47  -68.47 (VIOLATED)
_739087_/B                            320.00  388.46  -68.46 (VIOLATED)
_745055_/A                            320.00  388.44  -68.44 (VIOLATED)
_758490_/A1                           320.00  388.42  -68.42 (VIOLATED)
place61161/A                          320.00  388.42  -68.42 (VIOLATED)
_758768_/A1                           320.00  388.41  -68.41 (VIOLATED)
_739082_/B                            320.00  388.35  -68.35 (VIOLATED)
place61160/A                          320.00  388.28  -68.28 (VIOLATED)
place66841/A                          320.00  388.28  -68.28 (VIOLATED)
_758150_/B                            320.00  388.24  -68.24 (VIOLATED)
_762596_/B                            320.00  388.22  -68.22 (VIOLATED)
part_q[37][18]$_DFFE_PP_/QN           320.00  388.16  -68.16 (VIOLATED)
_739066_/B                            320.00  388.16  -68.16 (VIOLATED)
_556814_/A                            320.00  388.16  -68.16 (VIOLATED)
in_data_q[110]$_DFFE_PN0P_/QN         320.00  388.14  -68.14 (VIOLATED)
_739164_/B                            320.00  388.11  -68.11 (VIOLATED)
_739046_/B                            320.00  388.09  -68.09 (VIOLATED)
_752952_/A1                           320.00  388.08  -68.08 (VIOLATED)
_479872_/A                            320.00  388.07  -68.07 (VIOLATED)
_762705_/B                            320.00  387.96  -67.96 (VIOLATED)
_748966_/B                            320.00  387.90  -67.90 (VIOLATED)
place68730/A                          320.00  387.89  -67.89 (VIOLATED)
_692931_/B                            320.00  387.89  -67.89 (VIOLATED)
place66660/A                          320.00  387.86  -67.86 (VIOLATED)
place68185/A                          320.00  387.77  -67.77 (VIOLATED)
place66349/A                          320.00  387.74  -67.74 (VIOLATED)
_755462_/A2                           320.00  387.73  -67.73 (VIOLATED)
_749936_/B                            320.00  387.73  -67.73 (VIOLATED)
_755967_/A1                           320.00  387.68  -67.68 (VIOLATED)
_760635_/B                            320.00  387.63  -67.63 (VIOLATED)
_762477_/C                            320.00  387.61  -67.61 (VIOLATED)
_762654_/A1                           320.00  387.59  -67.59 (VIOLATED)
place67821/A                          320.00  387.55  -67.55 (VIOLATED)
_761951_/C                            320.00  387.54  -67.54 (VIOLATED)
_746857_/A                            320.00  387.50  -67.50 (VIOLATED)
_762354_/C                            320.00  387.39  -67.39 (VIOLATED)
_762356_/A1                           320.00  387.37  -67.37 (VIOLATED)
_762415_/B                            320.00  387.30  -67.30 (VIOLATED)
_762585_/B                            320.00  387.30  -67.30 (VIOLATED)
_755809_/A1                           320.00  387.24  -67.24 (VIOLATED)
_710737_/B                            320.00  387.24  -67.24 (VIOLATED)
_758080_/A1                           320.00  387.23  -67.23 (VIOLATED)
_762414_/A1                           320.00  387.21  -67.21 (VIOLATED)
place68382/A                          320.00  387.19  -67.19 (VIOLATED)
_762068_/C                            320.00  387.07  -67.07 (VIOLATED)
_755182_/A2                           320.00  387.06  -67.06 (VIOLATED)
_741996_/A                            320.00  387.03  -67.03 (VIOLATED)
_754416_/B                            320.00  386.98  -66.98 (VIOLATED)
place68728/A                          320.00  386.95  -66.95 (VIOLATED)
in_data_q[135]$_DFFE_PN0P_/QN         320.00  386.95  -66.95 (VIOLATED)
_746963_/A                            320.00  386.86  -66.86 (VIOLATED)
_762469_/C                            320.00  386.86  -66.86 (VIOLATED)
place66842/A                          320.00  386.84  -66.84 (VIOLATED)
_757698_/A1                           320.00  386.84  -66.84 (VIOLATED)
_762535_/A1                           320.00  386.83  -66.83 (VIOLATED)
ce_d2[11]$_DFFE_PN0P_/RESETN          320.00  386.81  -66.81 (VIOLATED)
_757274_/A2                           320.00  386.80  -66.80 (VIOLATED)
_762587_/B                            320.00  386.74  -66.74 (VIOLATED)
rdata_q[5968]$_DFFE_PP_/QN            320.00  386.71  -66.71 (VIOLATED)
_756171_/A1                           320.00  386.67  -66.67 (VIOLATED)
place67304/A                          320.00  386.62  -66.62 (VIOLATED)
place66293/A                          320.00  386.59  -66.59 (VIOLATED)
m_1h[32]$_DFFE_PN0P_/QN               320.00  386.58  -66.58 (VIOLATED)
place61261/A                          320.00  386.58  -66.58 (VIOLATED)
_763780_/A2                           320.00  386.56  -66.56 (VIOLATED)
_755435_/A2                           320.00  386.54  -66.54 (VIOLATED)
_755158_/A2                           320.00  386.53  -66.53 (VIOLATED)
_757265_/A2                           320.00  386.50  -66.50 (VIOLATED)
_763666_/A2                           320.00  386.49  -66.49 (VIOLATED)
place68623/A                          320.00  386.47  -66.47 (VIOLATED)
_762542_/A1                           320.00  386.47  -66.47 (VIOLATED)
place68348/A                          320.00  386.39  -66.39 (VIOLATED)
_747154_/B                            320.00  386.36  -66.36 (VIOLATED)
_762105_/A                            320.00  386.33  -66.33 (VIOLATED)
_762661_/A1                           320.00  386.33  -66.33 (VIOLATED)
_763601_/A2                           320.00  386.32  -66.32 (VIOLATED)
_762594_/B                            320.00  386.31  -66.31 (VIOLATED)
_771629_/A                            320.00  386.29  -66.29 (VIOLATED)
_762541_/A1                           320.00  386.24  -66.24 (VIOLATED)
_695500_/B                            320.00  386.24  -66.24 (VIOLATED)
_761944_/C                            320.00  386.21  -66.21 (VIOLATED)
hv_q[1]$_DFFE_PN0P_/QN                320.00  386.20  -66.20 (VIOLATED)
_755444_/A2                           320.00  386.19  -66.19 (VIOLATED)
_746943_/A                            320.00  386.17  -66.17 (VIOLATED)
_526045_/A                            320.00  386.16  -66.16 (VIOLATED)
_755426_/A2                           320.00  386.16  -66.16 (VIOLATED)
_753276_/A1                           320.00  386.15  -66.15 (VIOLATED)
_763727_/A2                           320.00  386.11  -66.11 (VIOLATED)
_758353_/B                            320.00  386.00  -66.00 (VIOLATED)
_751391_/A1                           320.00  385.99  -65.99 (VIOLATED)
_751822_/A1                           320.00  385.97  -65.97 (VIOLATED)
_755471_/A2                           320.00  385.94  -65.94 (VIOLATED)
_757268_/A2                           320.00  385.94  -65.94 (VIOLATED)
_754296_/A1                           320.00  385.94  -65.94 (VIOLATED)
_753461_/B2                           320.00  385.84  -65.84 (VIOLATED)
_762060_/C                            320.00  385.81  -65.81 (VIOLATED)
_762053_/C                            320.00  385.81  -65.81 (VIOLATED)
_751817_/A1                           320.00  385.81  -65.81 (VIOLATED)
_755166_/A2                           320.00  385.81  -65.81 (VIOLATED)
_761937_/C                            320.00  385.81  -65.81 (VIOLATED)
_752177_/A1                           320.00  385.78  -65.78 (VIOLATED)
_756903_/A1                           320.00  385.76  -65.76 (VIOLATED)
_764080_/A1                           320.00  385.75  -65.75 (VIOLATED)
_755453_/A2                           320.00  385.73  -65.73 (VIOLATED)
rdata_q[6441]$_DFFE_PP_/QN            320.00  385.68  -65.68 (VIOLATED)
place68828/A                          320.00  385.62  -65.62 (VIOLATED)
_764178_/A1                           320.00  385.62  -65.62 (VIOLATED)
_764347_/B2                           320.00  385.62  -65.62 (VIOLATED)
_764264_/A1                           320.00  385.58  -65.58 (VIOLATED)
_762176_/A1                           320.00  385.44  -65.44 (VIOLATED)
_771825_/A                            320.00  385.42  -65.42 (VIOLATED)
_772540_/A                            320.00  385.42  -65.42 (VIOLATED)
_757277_/A2                           320.00  385.34  -65.34 (VIOLATED)
_757564_/A1                           320.00  385.32  -65.32 (VIOLATED)
_756314_/A                            320.00  385.32  -65.32 (VIOLATED)
_756315_/A1                           320.00  385.30  -65.30 (VIOLATED)
_751985_/A1                           320.00  385.27  -65.27 (VIOLATED)
_757609_/A1                           320.00  385.26  -65.26 (VIOLATED)
_754884_/A2                           320.00  385.22  -65.22 (VIOLATED)
_757654_/A1                           320.00  385.18  -65.18 (VIOLATED)
_755190_/A2                           320.00  385.17  -65.17 (VIOLATED)
_757184_/A2                           320.00  385.14  -65.14 (VIOLATED)
_749999_/B                            320.00  385.12  -65.12 (VIOLATED)
place68629/A                          320.00  385.11  -65.11 (VIOLATED)
_762408_/B                            320.00  385.07  -65.07 (VIOLATED)
_762536_/A1                           320.00  385.06  -65.06 (VIOLATED)
_754417_/A2                           320.00  385.03  -65.03 (VIOLATED)
_762407_/A1                           320.00  385.03  -65.03 (VIOLATED)
_762347_/C                            320.00  384.96  -64.96 (VIOLATED)
place68400/A                          320.00  384.95  -64.95 (VIOLATED)
_757271_/A2                           320.00  384.94  -64.94 (VIOLATED)
_757262_/A2                           320.00  384.94  -64.94 (VIOLATED)
_755174_/A2                           320.00  384.93  -64.93 (VIOLATED)
_762349_/A1                           320.00  384.93  -64.93 (VIOLATED)
_755150_/A2                           320.00  384.92  -64.92 (VIOLATED)
place68104/A                          320.00  384.88  -64.88 (VIOLATED)
in_data_q[47]$_DFFE_PN0P_/QN          320.00  384.87  -64.87 (VIOLATED)
_761916_/Y                            320.00  384.85  -64.85 (VIOLATED)
_762287_/A1                           320.00  384.82  -64.82 (VIOLATED)
rdata_q[5967]$_DFFE_PP_/QN            320.00  384.73  -64.73 (VIOLATED)
place68825/A                          320.00  384.70  -64.70 (VIOLATED)
_750019_/B                            320.00  384.69  -64.69 (VIOLATED)
_751396_/B                            320.00  384.66  -64.66 (VIOLATED)
_758038_/A1                           320.00  384.64  -64.64 (VIOLATED)
_755534_/A1                           320.00  384.64  -64.64 (VIOLATED)
_754572_/A1                           320.00  384.63  -64.63 (VIOLATED)
_756994_/A1                           320.00  384.62  -64.62 (VIOLATED)
_746908_/A                            320.00  384.58  -64.58 (VIOLATED)
_762227_/A                            320.00  384.55  -64.55 (VIOLATED)
_751991_/B                            320.00  384.50  -64.50 (VIOLATED)
_751992_/A2                           320.00  384.50  -64.50 (VIOLATED)
_744975_/A                            320.00  384.48  -64.48 (VIOLATED)
_764557_/A1                           320.00  384.44  -64.44 (VIOLATED)
_773004_/A                            320.00  384.44  -64.44 (VIOLATED)
_754707_/A2                           320.00  384.38  -64.38 (VIOLATED)
_604811_/B                            320.00  384.37  -64.37 (VIOLATED)
_681333_/B                            320.00  384.27  -64.27 (VIOLATED)
_762167_/A1                           320.00  384.20  -64.20 (VIOLATED)
_757473_/A                            320.00  384.19  -64.19 (VIOLATED)
_757474_/A1                           320.00  384.17  -64.17 (VIOLATED)
_764434_/A1                           320.00  384.10  -64.10 (VIOLATED)
_831378_/CI                           320.00  384.07  -64.07 (VIOLATED)
_764372_/A1                           320.00  384.06  -64.06 (VIOLATED)
_773025_/A                            320.00  384.05  -64.05 (VIOLATED)
_757188_/A2                           320.00  384.02  -64.02 (VIOLATED)
_760021_/B                            320.00  383.99  -63.99 (VIOLATED)
_754892_/A2                           320.00  383.98  -63.98 (VIOLATED)
_760030_/B                            320.00  383.95  -63.95 (VIOLATED)
_746863_/A                            320.00  383.92  -63.92 (VIOLATED)
_741664_/A                            320.00  383.91  -63.91 (VIOLATED)
_754706_/B                            320.00  383.88  -63.88 (VIOLATED)
_718791_/B                            320.00  383.88  -63.88 (VIOLATED)
_746959_/A                            320.00  383.88  -63.88 (VIOLATED)
_762097_/A                            320.00  383.81  -63.81 (VIOLATED)
_764311_/A1                           320.00  383.80  -63.80 (VIOLATED)
rdata_q[3196]$_DFFE_PP_/QN            320.00  383.74  -63.74 (VIOLATED)
_746847_/A                            320.00  383.73  -63.73 (VIOLATED)
_764221_/A1                           320.00  383.68  -63.68 (VIOLATED)
_760069_/B                            320.00  383.67  -63.67 (VIOLATED)
_772554_/A                            320.00  383.62  -63.62 (VIOLATED)
coef_q[187]$_DFFE_PN0P_/RESETN        320.00  383.61  -63.61 (VIOLATED)
coef_q[5]$_DFFE_PN0P_/RESETN          320.00  383.58  -63.58 (VIOLATED)
_772430_/A                            320.00  383.57  -63.57 (VIOLATED)
_746951_/A                            320.00  383.54  -63.54 (VIOLATED)
_847576_/A                            320.00  383.51  -63.51 (VIOLATED)
_746916_/A                            320.00  383.49  -63.49 (VIOLATED)
_746985_/A                            320.00  383.38  -63.38 (VIOLATED)
_762036_/A1                           320.00  383.37  -63.37 (VIOLATED)
_752336_/A2                           320.00  383.34  -63.34 (VIOLATED)
_510089_/Y                            320.00  383.32  -63.32 (VIOLATED)
in_data_q[144]$_DFFE_PN0P_/QN         320.00  383.31  -63.31 (VIOLATED)
_746945_/A                            320.00  383.30  -63.30 (VIOLATED)
_746929_/A                            320.00  383.25  -63.25 (VIOLATED)
_745026_/A                            320.00  383.05  -63.05 (VIOLATED)
coef_q[142]$_DFFE_PN0P_/RESETN        320.00  383.00  -63.00 (VIOLATED)
_700063_/A                            320.00  382.98  -62.98 (VIOLATED)
_761974_/A1                           320.00  382.96  -62.96 (VIOLATED)
_753473_/A2                           320.00  382.91  -62.91 (VIOLATED)
_744532_/B                            320.00  382.91  -62.91 (VIOLATED)
_757365_/A1                           320.00  382.89  -62.89 (VIOLATED)
_772839_/A                            320.00  382.88  -62.88 (VIOLATED)
_700066_/A                            320.00  382.87  -62.87 (VIOLATED)
_762295_/A1                           320.00  382.77  -62.77 (VIOLATED)
rdata_q[3192]$_DFFE_PP_/QN            320.00  382.77  -62.77 (VIOLATED)
_760076_/C                            320.00  382.66  -62.66 (VIOLATED)
_757176_/A2                           320.00  382.64  -62.64 (VIOLATED)
_756748_/A2                           320.00  382.61  -62.61 (VIOLATED)
_754909_/A2                           320.00  382.60  -62.60 (VIOLATED)
_758129_/A1                           320.00  382.59  -62.59 (VIOLATED)
_764601_/A1                           320.00  382.57  -62.57 (VIOLATED)
_757196_/A2                           320.00  382.55  -62.55 (VIOLATED)
_764500_/A1                           320.00  382.52  -62.52 (VIOLATED)
_700069_/A                            320.00  382.41  -62.41 (VIOLATED)
_754868_/A2                           320.00  382.36  -62.36 (VIOLATED)
_757080_/A1                           320.00  382.33  -62.33 (VIOLATED)
coef_q[3]$_DFFE_PN0P_/RESETN          320.00  382.30  -62.30 (VIOLATED)
rdata_q[2061]$_DFFE_PP_/QN            320.00  382.30  -62.30 (VIOLATED)
_746927_/A                            320.00  382.30  -62.30 (VIOLATED)
_760128_/D                            320.00  382.28  -62.28 (VIOLATED)
_700072_/A                            320.00  382.26  -62.26 (VIOLATED)
_741947_/A                            320.00  382.17  -62.17 (VIOLATED)
_761862_/A1                           320.00  382.16  -62.16 (VIOLATED)
coef_q[0]$_DFFE_PN0P_/RESETN          320.00  382.11  -62.11 (VIOLATED)
_753744_/B2                           320.00  381.96  -61.96 (VIOLATED)
_761861_/A                            320.00  381.94  -61.94 (VIOLATED)
ce_d2[19]$_DFFE_PN0P_/RESETN          320.00  381.86  -61.86 (VIOLATED)
coef_q[11]$_DFFE_PN0P_/RESETN         320.00  381.84  -61.84 (VIOLATED)
place67746/A                          320.00  381.76  -61.76 (VIOLATED)
_756614_/A1                           320.00  381.75  -61.75 (VIOLATED)
_757107_/A2                           320.00  381.68  -61.68 (VIOLATED)
_764401_/A1                           320.00  381.67  -61.67 (VIOLATED)
part_q[48][18]$_DFFE_PP_/QN           320.00  381.58  -61.58 (VIOLATED)
place67436/A                          320.00  381.54  -61.54 (VIOLATED)
_750090_/B                            320.00  381.53  -61.53 (VIOLATED)
place67901/A                          320.00  381.53  -61.53 (VIOLATED)
_753260_/A1                           320.00  381.51  -61.51 (VIOLATED)
_700075_/A                            320.00  381.49  -61.49 (VIOLATED)
place69065/A                          320.00  381.48  -61.48 (VIOLATED)
place66141/A                          320.00  381.47  -61.47 (VIOLATED)
_754585_/A2                           320.00  381.47  -61.47 (VIOLATED)
_757085_/A2                           320.00  381.46  -61.46 (VIOLATED)
m_1h[19]$_DFFE_PN0P_/QN               320.00  381.45  -61.45 (VIOLATED)
_746861_/A                            320.00  381.37  -61.37 (VIOLATED)
in_data_q[126]$_DFFE_PN0P_/QN         320.00  381.30  -61.30 (VIOLATED)
coef_q[4]$_DFFE_PN0P_/RESETN          320.00  381.24  -61.24 (VIOLATED)
_753754_/A2                           320.00  381.23  -61.23 (VIOLATED)
place67751/A                          320.00  381.20  -61.20 (VIOLATED)
place66142/A                          320.00  381.15  -61.15 (VIOLATED)
_764344_/B2                           320.00  381.09  -61.09 (VIOLATED)
_717301_/B                            320.00  381.04  -61.04 (VIOLATED)
_759192_/A1                           320.00  380.87  -60.87 (VIOLATED)
_759126_/A                            320.00  380.86  -60.86 (VIOLATED)
_759128_/A1                           320.00  380.84  -60.84 (VIOLATED)
_757099_/A2                           320.00  380.84  -60.84 (VIOLATED)
_758908_/B                            320.00  380.82  -60.82 (VIOLATED)
_754609_/A2                           320.00  380.76  -60.76 (VIOLATED)
_761707_/A                            320.00  380.68  -60.68 (VIOLATED)
_744864_/B                            320.00  380.67  -60.67 (VIOLATED)
_764412_/B1                           320.00  380.65  -60.65 (VIOLATED)
_762234_/A                            320.00  380.63  -60.63 (VIOLATED)
_764513_/B1                           320.00  380.61  -60.61 (VIOLATED)
_750073_/B                            320.00  380.55  -60.55 (VIOLATED)
coef_q[95]$_DFFE_PN0P_/RESETN         320.00  380.54  -60.54 (VIOLATED)
_764523_/B1                           320.00  380.53  -60.53 (VIOLATED)
_750665_/B                            320.00  380.51  -60.51 (VIOLATED)
_764417_/B1                           320.00  380.48  -60.48 (VIOLATED)
_764436_/B1                           320.00  380.47  -60.47 (VIOLATED)
_759060_/A                            320.00  380.47  -60.47 (VIOLATED)
_761708_/A1                           320.00  380.46  -60.46 (VIOLATED)
_764558_/B1                           320.00  380.41  -60.41 (VIOLATED)
_752937_/A1                           320.00  380.39  -60.39 (VIOLATED)
_761621_/A1                           320.00  380.34  -60.34 (VIOLATED)
_741824_/A                            320.00  380.33  -60.33 (VIOLATED)
_761624_/B                            320.00  380.33  -60.33 (VIOLATED)
_700078_/A                            320.00  380.33  -60.33 (VIOLATED)
_752335_/B                            320.00  380.30  -60.30 (VIOLATED)
_761505_/A1                           320.00  380.28  -60.28 (VIOLATED)
_764535_/B1                           320.00  380.24  -60.24 (VIOLATED)
_762945_/A1                           320.00  380.23  -60.23 (VIOLATED)
_764540_/B1                           320.00  380.23  -60.23 (VIOLATED)
_760038_/B                            320.00  380.20  -60.20 (VIOLATED)
_764546_/B1                           320.00  380.20  -60.20 (VIOLATED)
part_q[13][16]$_DFFE_PP_/QN           320.00  380.18  -60.18 (VIOLATED)
place69059/A                          320.00  380.16  -60.16 (VIOLATED)
_768689_/A1                           320.00  380.14  -60.14 (VIOLATED)
_768691_/C                            320.00  380.13  -60.13 (VIOLATED)
_758378_/B                            320.00  380.13  -60.13 (VIOLATED)
_758408_/B                            320.00  380.13  -60.13 (VIOLATED)
_768681_/A1                           320.00  380.11  -60.11 (VIOLATED)
_758441_/B                            320.00  380.10  -60.10 (VIOLATED)
_764423_/B1                           320.00  380.09  -60.09 (VIOLATED)
_758647_/B                            320.00  380.09  -60.09 (VIOLATED)
_764426_/B1                           320.00  380.08  -60.08 (VIOLATED)
_764552_/B1                           320.00  380.07  -60.07 (VIOLATED)
_770220_/A1                           320.00  380.06  -60.06 (VIOLATED)
_764430_/B1                           320.00  380.04  -60.04 (VIOLATED)
place67845/A                          320.00  380.03  -60.03 (VIOLATED)
_761524_/A1                           320.00  380.00  -60.00 (VIOLATED)
_770226_/A1                           320.00  380.00  -60.00 (VIOLATED)
_770224_/A1                           320.00  379.99  -59.99 (VIOLATED)
_700081_/A                            320.00  379.98  -59.98 (VIOLATED)
part_q[28][7]$_DFFE_PP_/D             320.00  379.98  -59.98 (VIOLATED)
_764433_/B1                           320.00  379.98  -59.98 (VIOLATED)
place67904/A                          320.00  379.96  -59.96 (VIOLATED)
_758267_/Y                            320.00  379.95  -59.95 (VIOLATED)
_761713_/B                            320.00  379.94  -59.94 (VIOLATED)
_770218_/A1                           320.00  379.91  -59.91 (VIOLATED)
_768683_/C                            320.00  379.91  -59.91 (VIOLATED)
_768697_/A1                           320.00  379.88  -59.88 (VIOLATED)
_501792_/A                            320.00  379.88  -59.88 (VIOLATED)
_657683_/A                            320.00  379.86  -59.86 (VIOLATED)
_764420_/B1                           320.00  379.81  -59.81 (VIOLATED)
_739348_/A                            320.00  379.80  -59.80 (VIOLATED)
_761801_/A1                           320.00  379.79  -59.79 (VIOLATED)
_764529_/B1                           320.00  379.78  -59.78 (VIOLATED)
_757520_/A1                           320.00  379.76  -59.76 (VIOLATED)
_756225_/A1                           320.00  379.75  -59.75 (VIOLATED)
_480610_/A                            320.00  379.73  -59.73 (VIOLATED)
_758171_/A1                           320.00  379.73  -59.73 (VIOLATED)
_761192_/B                            320.00  379.72  -59.72 (VIOLATED)
_746960_/A                            320.00  379.71  -59.71 (VIOLATED)
in_data_q[61]$_DFFE_PN0P_/QN          320.00  379.64  -59.64 (VIOLATED)
coef_q[27]$_DFFE_PN0P_/RESETN         320.00  379.58  -59.58 (VIOLATED)
_768699_/C                            320.00  379.56  -59.56 (VIOLATED)
_760320_/B                            320.00  379.49  -59.49 (VIOLATED)
_760327_/B                            320.00  379.48  -59.48 (VIOLATED)
_772434_/A                            320.00  379.44  -59.44 (VIOLATED)
_760363_/B                            320.00  379.39  -59.39 (VIOLATED)
_770232_/A1                           320.00  379.38  -59.38 (VIOLATED)
_770230_/A1                           320.00  379.31  -59.31 (VIOLATED)
_758170_/A                            320.00  379.27  -59.27 (VIOLATED)
_758831_/A                            320.00  379.27  -59.27 (VIOLATED)
place68736/A                          320.00  379.24  -59.24 (VIOLATED)
in_data_q[134]$_DFFE_PN0P_/QN         320.00  379.22  -59.22 (VIOLATED)
_746903_/A                            320.00  379.21  -59.21 (VIOLATED)
_792192_/C                            320.00  379.13  -59.13 (VIOLATED)
_746982_/A                            320.00  379.11  -59.11 (VIOLATED)
_760370_/B                            320.00  378.97  -58.97 (VIOLATED)
_772721_/A                            320.00  378.96  -58.96 (VIOLATED)
_656373_/B                            320.00  378.95  -58.95 (VIOLATED)
coef_q[47]$_DFFE_PN0P_/RESETN         320.00  378.94  -58.94 (VIOLATED)
_757652_/A1                           320.00  378.90  -58.90 (VIOLATED)
_757695_/A1                           320.00  378.89  -58.89 (VIOLATED)
_791986_/A1                           320.00  378.79  -58.79 (VIOLATED)
_570269_/A                            320.00  378.73  -58.73 (VIOLATED)
_759396_/B                            320.00  378.73  -58.73 (VIOLATED)
_759459_/A                            320.00  378.72  -58.72 (VIOLATED)
rdata_q[2107]$_DFFE_PP_/QN            320.00  378.71  -58.71 (VIOLATED)
_758755_/A                            320.00  378.70  -58.70 (VIOLATED)
_759262_/B                            320.00  378.68  -58.68 (VIOLATED)
_791990_/A1                           320.00  378.65  -58.65 (VIOLATED)
_760061_/B                            320.00  378.63  -58.63 (VIOLATED)
_760116_/A                            320.00  378.61  -58.61 (VIOLATED)
_759347_/A                            320.00  378.57  -58.57 (VIOLATED)
_760233_/A                            320.00  378.55  -58.55 (VIOLATED)
_760076_/A                            320.00  378.51  -58.51 (VIOLATED)
_569639_/A                            320.00  378.50  -58.50 (VIOLATED)
_760296_/A                            320.00  378.43  -58.43 (VIOLATED)
_792190_/A1                           320.00  378.42  -58.42 (VIOLATED)
_700084_/A                            320.00  378.40  -58.40 (VIOLATED)
_760128_/A                            320.00  378.39  -58.39 (VIOLATED)
_758655_/B                            320.00  378.36  -58.36 (VIOLATED)
_763974_/B                            320.00  378.36  -58.36 (VIOLATED)
in_data_q[77]$_DFFE_PN0P_/QN          320.00  378.36  -58.36 (VIOLATED)
in_data_q[103]$_DFFE_PN0P_/QN         320.00  378.32  -58.32 (VIOLATED)
coef_q[75]$_DFFE_PN0P_/RESETN         320.00  378.31  -58.31 (VIOLATED)
_760473_/A                            320.00  378.31  -58.31 (VIOLATED)
part_q[37][11]$_DFFE_PP_/QN           320.00  378.31  -58.31 (VIOLATED)
_741857_/A                            320.00  378.29  -58.29 (VIOLATED)
_760413_/A                            320.00  378.27  -58.27 (VIOLATED)
_739253_/A                            320.00  378.25  -58.25 (VIOLATED)
_762043_/A1                           320.00  378.23  -58.23 (VIOLATED)
_746944_/A                            320.00  378.23  -58.23 (VIOLATED)
_756539_/A1                           320.00  378.21  -58.21 (VIOLATED)
coef_q[91]$_DFFE_PN0P_/RESETN         320.00  378.17  -58.17 (VIOLATED)
_759580_/B                            320.00  378.15  -58.15 (VIOLATED)
_760589_/A                            320.00  378.15  -58.15 (VIOLATED)
_739158_/A                            320.00  378.13  -58.13 (VIOLATED)
_762880_/B2                           320.00  378.13  -58.13 (VIOLATED)
_759879_/B                            320.00  378.13  -58.13 (VIOLATED)
_760168_/A                            320.00  378.08  -58.08 (VIOLATED)
_752174_/A1                           320.00  378.07  -58.07 (VIOLATED)
_739214_/A                            320.00  378.05  -58.05 (VIOLATED)
_768673_/A1                           320.00  378.01  -58.01 (VIOLATED)
_770367_/B1                           320.00  377.99  -57.99 (VIOLATED)
_770355_/B1                           320.00  377.98  -57.98 (VIOLATED)
_770345_/B1                           320.00  377.96  -57.96 (VIOLATED)
_770346_/B1                           320.00  377.95  -57.95 (VIOLATED)
_770320_/B1                           320.00  377.93  -57.93 (VIOLATED)
_770315_/B1                           320.00  377.92  -57.92 (VIOLATED)
_739302_/B                            320.00  377.92  -57.92 (VIOLATED)
rdata_q[5804]$_DFFE_PP_/QN            320.00  377.81  -57.81 (VIOLATED)
_760755_/A                            320.00  377.80  -57.80 (VIOLATED)
_770214_/A1                           320.00  377.74  -57.74 (VIOLATED)
_754698_/A2                           320.00  377.64  -57.64 (VIOLATED)
_760004_/A                            320.00  377.61  -57.61 (VIOLATED)
_762336_/A                            320.00  377.57  -57.57 (VIOLATED)
_760814_/A                            320.00  377.56  -57.56 (VIOLATED)
_770212_/A1                           320.00  377.53  -57.53 (VIOLATED)
_759403_/A                            320.00  377.49  -57.49 (VIOLATED)
_770330_/A2                           320.00  377.45  -57.45 (VIOLATED)
_770336_/B1                           320.00  377.45  -57.44 (VIOLATED)
_770335_/B1                           320.00  377.43  -57.43 (VIOLATED)
place61260/A                          320.00  377.41  -57.41 (VIOLATED)
_770333_/B1                           320.00  377.38  -57.38 (VIOLATED)
_760927_/A                            320.00  377.38  -57.38 (VIOLATED)
rdata_q[6449]$_DFFE_PP_/QN            320.00  377.36  -57.36 (VIOLATED)
_743994_/B                            320.00  377.35  -57.35 (VIOLATED)
_768676_/C                            320.00  377.34  -57.34 (VIOLATED)
_770433_/B1                           320.00  377.30  -57.30 (VIOLATED)
_770432_/B1                           320.00  377.30  -57.30 (VIOLATED)
_770437_/B1                           320.00  377.27  -57.27 (VIOLATED)
_770293_/A2                           320.00  377.25  -57.25 (VIOLATED)
_770436_/A3                           320.00  377.24  -57.24 (VIOLATED)
_770420_/B1                           320.00  377.18  -57.18 (VIOLATED)
_762216_/A                            320.00  377.18  -57.18 (VIOLATED)
part_q[48][5]$_DFFE_PP_/QN            320.00  377.15  -57.15 (VIOLATED)
_758462_/A                            320.00  377.10  -57.10 (VIOLATED)
_770418_/B1                           320.00  377.07  -57.07 (VIOLATED)
_760982_/A                            320.00  377.05  -57.05 (VIOLATED)
_770258_/A2                           320.00  377.00  -57.00 (VIOLATED)
coef_q[179]$_DFFE_PN0P_/RESETN        320.00  377.00  -57.00 (VIOLATED)
_766337_/A2                           320.00  376.97  -56.97 (VIOLATED)
place68225/A                          320.00  376.97  -56.97 (VIOLATED)
_601991_/B                            320.00  376.94  -56.94 (VIOLATED)
_770449_/B1                           320.00  376.84  -56.84 (VIOLATED)
_744683_/B                            320.00  376.82  -56.82 (VIOLATED)
_758443_/A                            320.00  376.81  -56.81 (VIOLATED)
_761981_/A1                           320.00  376.79  -56.79 (VIOLATED)
_745000_/A                            320.00  376.76  -56.76 (VIOLATED)
_768704_/A1                           320.00  376.76  -56.76 (VIOLATED)
_605365_/B                            320.00  376.74  -56.74 (VIOLATED)
_764534_/A1                           320.00  376.72  -56.72 (VIOLATED)
_648567_/B                            320.00  376.67  -56.67 (VIOLATED)
_744966_/A                            320.00  376.62  -56.62 (VIOLATED)
_757361_/A1                           320.00  376.62  -56.62 (VIOLATED)
_768706_/C                            320.00  376.61  -56.61 (VIOLATED)
_758127_/A1                           320.00  376.61  -56.61 (VIOLATED)
_755518_/A1                           320.00  376.59  -56.59 (VIOLATED)
coef_q[24]$_DFFE_PN0P_/RESETN         320.00  376.59  -56.59 (VIOLATED)
_754697_/B                            320.00  376.58  -56.58 (VIOLATED)
_690199_/B                            320.00  376.53  -56.53 (VIOLATED)
place66843/A                          320.00  376.51  -56.51 (VIOLATED)
_758641_/A                            320.00  376.50  -56.50 (VIOLATED)
_770236_/A1                           320.00  376.47  -56.47 (VIOLATED)
coef_q[83]$_DFFE_PN0P_/RESETN         320.00  376.42  -56.42 (VIOLATED)
coef_q[2]$_DFFE_PN0P_/RESETN          320.00  376.41  -56.41 (VIOLATED)
place67482/A                          320.00  376.41  -56.41 (VIOLATED)
coef_q[99]$_DFFE_PN0P_/RESETN         320.00  376.33  -56.33 (VIOLATED)
_770238_/A1                           320.00  376.33  -56.33 (VIOLATED)
coef_q[7]$_DFFE_PN0P_/RESETN          320.00  376.32  -56.32 (VIOLATED)
_760335_/B                            320.00  376.31  -56.31 (VIOLATED)
place67444/A                          320.00  376.30  -56.30 (VIOLATED)
_692925_/B                            320.00  376.29  -56.29 (VIOLATED)
_766341_/A1                           320.00  376.28  -56.28 (VIOLATED)
_752627_/A1                           320.00  376.26  -56.26 (VIOLATED)
_746901_/A                            320.00  376.25  -56.25 (VIOLATED)
coef_q[123]$_DFFE_PN0P_/RESETN        320.00  376.23  -56.23 (VIOLATED)
_752497_/A1                           320.00  376.22  -56.22 (VIOLATED)
m_1h[13]$_DFFE_PN0P_/QN               320.00  376.22  -56.22 (VIOLATED)
coef_q[111]$_DFFE_PN0P_/RESETN        320.00  376.19  -56.19 (VIOLATED)
coef_q[127]$_DFFE_PN0P_/RESETN        320.00  376.18  -56.18 (VIOLATED)
coef_q[79]$_DFFE_PN0P_/RESETN         320.00  376.17  -56.17 (VIOLATED)
coef_q[107]$_DFFE_PN0P_/RESETN        320.00  376.15  -56.15 (VIOLATED)
coef_q[182]$_DFFE_PN0P_/RESETN        320.00  376.12  -56.12 (VIOLATED)
coef_q[35]$_DFFE_PN0P_/RESETN         320.00  376.11  -56.11 (VIOLATED)
_768661_/C                            320.00  376.07  -56.07 (VIOLATED)
part_q[10][8]$_DFFE_PP_/QN            320.00  376.04  -56.04 (VIOLATED)
_768711_/A1                           320.00  376.02  -56.02 (VIOLATED)
place61211/A                          320.00  376.01  -56.01 (VIOLATED)
_770201_/A1                           320.00  375.97  -55.97 (VIOLATED)
_770244_/A1                           320.00  375.96  -55.96 (VIOLATED)
_770199_/A1                           320.00  375.96  -55.96 (VIOLATED)
_770242_/A1                           320.00  375.96  -55.96 (VIOLATED)
_768713_/C                            320.00  375.95  -55.95 (VIOLATED)
_768657_/C                            320.00  375.95  -55.95 (VIOLATED)
_768655_/Y                            320.00  375.95  -55.95 (VIOLATED)
_745033_/A                            320.00  375.94  -55.94 (VIOLATED)
_744971_/A                            320.00  375.93  -55.93 (VIOLATED)
_766388_/A                            320.00  375.91  -55.91 (VIOLATED)
place68890/A                          320.00  375.91  -55.91 (VIOLATED)
m_ce[14]$_DFFE_PN0P_/QN               320.00  375.90  -55.90 (VIOLATED)
coef_q[103]$_DFFE_PN0P_/RESETN        320.00  375.86  -55.86 (VIOLATED)
coef_q[19]$_DFFE_PN0P_/RESETN         320.00  375.83  -55.83 (VIOLATED)
coef_q[119]$_DFFE_PN0P_/RESETN        320.00  375.76  -55.76 (VIOLATED)
_747080_/B                            320.00  375.74  -55.74 (VIOLATED)
part_q[63][9]$_DFFE_PP_/QN            320.00  375.73  -55.73 (VIOLATED)
place67576/A                          320.00  375.71  -55.71 (VIOLATED)
place68483/A                          320.00  375.69  -55.69 (VIOLATED)
rdata_q[7433]$_DFFE_PP_/QN            320.00  375.69  -55.69 (VIOLATED)
coef_q[15]$_DFFE_PN0P_/RESETN         320.00  375.68  -55.68 (VIOLATED)
_759968_/A                            320.00  375.66  -55.66 (VIOLATED)
_759367_/A                            320.00  375.63  -55.63 (VIOLATED)
_744535_/B                            320.00  375.60  -55.60 (VIOLATED)
_700087_/A                            320.00  375.60  -55.60 (VIOLATED)
_745005_/A                            320.00  375.59  -55.59 (VIOLATED)
c_d2[187]$_DFFE_PP_/D                 320.00  375.59  -55.59 (VIOLATED)
_759431_/A                            320.00  375.59  -55.59 (VIOLATED)
_839973_/A                            320.00  375.58  -55.58 (VIOLATED)
_758269_/Y                            320.00  375.56  -55.56 (VIOLATED)
coef_q[163]$_DFFE_PN0P_/RESETN        320.00  375.55  -55.55 (VIOLATED)
_744985_/A                            320.00  375.54  -55.54 (VIOLATED)
rdata_q[7432]$_DFFE_PP_/QN            320.00  375.53  -55.53 (VIOLATED)
_750489_/B                            320.00  375.53  -55.53 (VIOLATED)
_764389_/A1                           320.00  375.52  -55.52 (VIOLATED)
_756464_/A1                           320.00  375.51  -55.51 (VIOLATED)
_760631_/B                            320.00  375.51  -55.51 (VIOLATED)
place68259/A                          320.00  375.33  -55.33 (VIOLATED)
coef_q[59]$_DFFE_PN0P_/RESETN         320.00  375.21  -55.21 (VIOLATED)
coef_q[90]$_DFFE_PN0P_/RESETN         320.00  375.20  -55.20 (VIOLATED)
coef_q[23]$_DFFE_PN0P_/RESETN         320.00  375.20  -55.20 (VIOLATED)
_700090_/A                            320.00  375.19  -55.19 (VIOLATED)
_745009_/A                            320.00  375.17  -55.17 (VIOLATED)
_739206_/A                            320.00  375.17  -55.17 (VIOLATED)
coef_q[172]$_DFFE_PN0P_/RESETN        320.00  375.15  -55.15 (VIOLATED)
_739144_/A                            320.00  375.13  -55.13 (VIOLATED)
place67975/A                          320.00  375.13  -55.13 (VIOLATED)
coef_q[71]$_DFFE_PN0P_/RESETN         320.00  375.11  -55.11 (VIOLATED)
coef_q[139]$_DFFE_PN0P_/RESETN        320.00  375.06  -55.06 (VIOLATED)
_754856_/A1                           320.00  375.05  -55.05 (VIOLATED)
_754702_/A2                           320.00  375.04  -55.04 (VIOLATED)
_761870_/A                            320.00  374.99  -54.99 (VIOLATED)
_762452_/A                            320.00  374.98  -54.98 (VIOLATED)
_762389_/A                            320.00  374.97  -54.97 (VIOLATED)
coef_q[171]$_DFFE_PN0P_/RESETN        320.00  374.94  -54.94 (VIOLATED)
_764330_/B2                           320.00  374.93  -54.93 (VIOLATED)
rdata_q[4697]$_DFFE_PP_/QN            320.00  374.90  -54.90 (VIOLATED)
_744929_/A                            320.00  374.86  -54.86 (VIOLATED)
part_q[37][2]$_DFFE_PP_/QN            320.00  374.86  -54.86 (VIOLATED)
_745018_/A                            320.00  374.83  -54.83 (VIOLATED)
coef_q[115]$_DFFE_PN0P_/RESETN        320.00  374.81  -54.81 (VIOLATED)
_745695_/B                            320.00  374.80  -54.80 (VIOLATED)
coef_q[67]$_DFFE_PN0P_/RESETN         320.00  374.79  -54.79 (VIOLATED)
_745052_/A                            320.00  374.78  -54.78 (VIOLATED)
place77764/A                          320.00  374.74  -54.74 (VIOLATED)
place77761/A                          320.00  374.70  -54.70 (VIOLATED)
part_q[78][14]$_DFFE_PP_/QN           320.00  374.65  -54.65 (VIOLATED)
_746845_/A                            320.00  374.62  -54.62 (VIOLATED)
_743481_/B                            320.00  374.59  -54.59 (VIOLATED)
coef_q[51]$_DFFE_PN0P_/RESETN         320.00  374.59  -54.59 (VIOLATED)
_764061_/A1                           320.00  374.52  -54.52 (VIOLATED)
_752308_/A1                           320.00  374.51  -54.51 (VIOLATED)
_743304_/B                            320.00  374.49  -54.49 (VIOLATED)
_764158_/A1                           320.00  374.49  -54.49 (VIOLATED)
_763730_/B                            320.00  374.48  -54.48 (VIOLATED)
_754701_/B                            320.00  374.47  -54.47 (VIOLATED)
_760844_/B                            320.00  374.44  -54.44 (VIOLATED)
_760837_/B                            320.00  374.44  -54.44 (VIOLATED)
_719673_/B                            320.00  374.43  -54.43 (VIOLATED)
_757607_/A1                           320.00  374.42  -54.42 (VIOLATED)
_757472_/A1                           320.00  374.41  -54.41 (VIOLATED)
_764242_/A1                           320.00  374.39  -54.39 (VIOLATED)
_757471_/A                            320.00  374.39  -54.39 (VIOLATED)
_760882_/B                            320.00  374.37  -54.37 (VIOLATED)
place66378/A                          320.00  374.32  -54.32 (VIOLATED)
place66500/A                          320.00  374.30  -54.30 (VIOLATED)
_761871_/A1                           320.00  374.30  -54.30 (VIOLATED)
_762268_/A                            320.00  374.29  -54.29 (VIOLATED)
_757290_/A1                           320.00  374.28  -54.28 (VIOLATED)
_758168_/A                            320.00  374.24  -54.24 (VIOLATED)
_758169_/A1                           320.00  374.24  -54.24 (VIOLATED)
ce_d2[18]$_DFFE_PN0P_/RESETN          320.00  374.23  -54.23 (VIOLATED)
_758078_/A1                           320.00  374.17  -54.17 (VIOLATED)
_760890_/B                            320.00  374.15  -54.15 (VIOLATED)
_739177_/A                            320.00  374.14  -54.14 (VIOLATED)
_739087_/A                            320.00  374.12  -54.12 (VIOLATED)
_597848_/B                            320.00  374.12  -54.12 (VIOLATED)
_751586_/A1                           320.00  374.08  -54.08 (VIOLATED)
_745315_/B                            320.00  374.05  -54.05 (VIOLATED)
_762415_/A                            320.00  374.03  -54.03 (VIOLATED)
_757562_/A1                           320.00  374.01  -54.01 (VIOLATED)
_762353_/A                            320.00  373.99  -53.99 (VIOLATED)
_756310_/A1                           320.00  373.99  -53.99 (VIOLATED)
_761204_/A1                           320.00  373.91  -53.91 (VIOLATED)
rdata_q[5964]$_DFFE_PP_/QN            320.00  373.83  -53.83 (VIOLATED)
_761135_/A1                           320.00  373.76  -53.76 (VIOLATED)
coef_q[43]$_DFFE_PN0P_/RESETN         320.00  373.65  -53.65 (VIOLATED)
_762231_/A                            320.00  373.62  -53.62 (VIOLATED)
_745063_/A                            320.00  373.62  -53.62 (VIOLATED)
rdata_q[3348]$_DFFE_PP_/QN            320.00  373.60  -53.60 (VIOLATED)
_764502_/A                            320.00  373.59  -53.59 (VIOLATED)
_744963_/A                            320.00  373.54  -53.54 (VIOLATED)
_761207_/A1                           320.00  373.53  -53.53 (VIOLATED)
_722100_/B                            320.00  373.53  -53.53 (VIOLATED)
_760642_/A1                           320.00  373.53  -53.53 (VIOLATED)
_760748_/A1                           320.00  373.52  -53.52 (VIOLATED)
_764042_/A1                           320.00  373.48  -53.48 (VIOLATED)
_760349_/B                            320.00  373.46  -53.46 (VIOLATED)
_760342_/B                            320.00  373.46  -53.46 (VIOLATED)
_760356_/B                            320.00  373.44  -53.44 (VIOLATED)
_756387_/A1                           320.00  373.39  -53.39 (VIOLATED)
_760053_/B                            320.00  373.37  -53.37 (VIOLATED)
_760046_/B                            320.00  373.37  -53.37 (VIOLATED)
_760318_/Y                            320.00  373.35  -53.35 (VIOLATED)
_760060_/B                            320.00  373.34  -53.34 (VIOLATED)
place67992/A                          320.00  373.34  -53.34 (VIOLATED)
_760702_/A1                           320.00  373.31  -53.31 (VIOLATED)
_760019_/Y                            320.00  373.27  -53.27 (VIOLATED)
_761031_/A1                           320.00  373.26  -53.26 (VIOLATED)
_760196_/B                            320.00  373.24  -53.24 (VIOLATED)
_760203_/B                            320.00  373.23  -53.23 (VIOLATED)
_756218_/A1                           320.00  373.21  -53.21 (VIOLATED)
rdata_q[6440]$_DFFE_PP_/QN            320.00  373.21  -53.21 (VIOLATED)
_755794_/A1                           320.00  373.20  -53.20 (VIOLATED)
_757518_/A1                           320.00  373.20  -53.20 (VIOLATED)
_750097_/B                            320.00  373.19  -53.19 (VIOLATED)
_751969_/A1                           320.00  373.18  -53.18 (VIOLATED)
part_q[3][7]$_DFFE_PP_/QN             320.00  373.18  -53.18 (VIOLATED)
_760239_/B                            320.00  373.17  -53.17 (VIOLATED)
_760924_/A1                           320.00  373.12  -53.12 (VIOLATED)
coef_q[31]$_DFFE_PN0P_/RESETN         320.00  372.99  -52.99 (VIOLATED)
_764007_/A1                           320.00  372.95  -52.95 (VIOLATED)
_745060_/A                            320.00  372.93  -52.93 (VIOLATED)
_593394_/B                            320.00  372.86  -52.86 (VIOLATED)
_760247_/B                            320.00  372.81  -52.81 (VIOLATED)
_772393_/A                            320.00  372.71  -52.71 (VIOLATED)
_758131_/A1                           320.00  372.63  -52.63 (VIOLATED)
_756094_/A                            320.00  372.63  -52.63 (VIOLATED)
_757476_/A1                           320.00  372.63  -52.63 (VIOLATED)
_751638_/A1                           320.00  372.63  -52.63 (VIOLATED)
_758173_/A1                           320.00  372.62  -52.62 (VIOLATED)
_757522_/A1                           320.00  372.62  -52.62 (VIOLATED)
_756231_/A1                           320.00  372.62  -52.62 (VIOLATED)
_604805_/B                            320.00  372.61  -52.61 (VIOLATED)
_477982_/Y                            320.00  372.58  -52.58 (VIOLATED)
place66908/A                          320.00  372.58  -52.58 (VIOLATED)
coef_q[1]$_DFFE_PN0P_/RESETN          320.00  372.53  -52.53 (VIOLATED)
_772901_/A                            320.00  372.52  -52.52 (VIOLATED)
_752330_/A2                           320.00  372.49  -52.49 (VIOLATED)
_595829_/B                            320.00  372.46  -52.46 (VIOLATED)
_746956_/A                            320.00  372.45  -52.45 (VIOLATED)
_665602_/A                            320.00  372.42  -52.42 (VIOLATED)
_594720_/A                            320.00  372.42  -52.42 (VIOLATED)
_764421_/A1                           320.00  372.39  -52.39 (VIOLATED)
rdata_q[6111]$_DFFE_PP_/QN            320.00  372.24  -52.24 (VIOLATED)
place61158/A                          320.00  372.24  -52.24 (VIOLATED)
_772716_/A                            320.00  372.12  -52.12 (VIOLATED)
_758307_/Y                            320.00  372.09  -52.09 (VIOLATED)
part_q[68][1]$_DFFE_PP_/QN            320.00  372.04  -52.04 (VIOLATED)
_760655_/A1                           320.00  371.95  -51.95 (VIOLATED)
place67951/A                          320.00  371.95  -51.95 (VIOLATED)
_750094_/B                            320.00  371.94  -51.94 (VIOLATED)
part_q[79][16]$_DFFE_PP_/QN           320.00  371.89  -51.89 (VIOLATED)
_764359_/A1                           320.00  371.81  -51.81 (VIOLATED)
part_q[10][9]$_DFFE_PP_/QN            320.00  371.71  -51.71 (VIOLATED)
rdata_q[4200]$_DFFE_PP_/QN            320.00  371.68  -51.68 (VIOLATED)
_761211_/A1                           320.00  371.46  -51.46 (VIOLATED)
_695482_/B                            320.00  371.45  -51.45 (VIOLATED)
a_sym[6][0]$_DFFE_PN0P_/QN            320.00  371.44  -51.44 (VIOLATED)
part_q[37][9]$_DFFE_PP_/QN            320.00  371.36  -51.36 (VIOLATED)
_760929_/A1                           320.00  371.27  -51.27 (VIOLATED)
_749944_/B                            320.00  371.10  -51.10 (VIOLATED)
_717447_/B                            320.00  371.06  -51.06 (VIOLATED)
place68288/A                          320.00  371.05  -51.05 (VIOLATED)
_760210_/B                            320.00  371.02  -51.02 (VIOLATED)
place68344/A                          320.00  370.88  -50.88 (VIOLATED)
_764285_/A1                           320.00  370.87  -50.87 (VIOLATED)
_761721_/A                            320.00  370.81  -50.81 (VIOLATED)
_669302_/B                            320.00  370.80  -50.80 (VIOLATED)
place66376/A                          320.00  370.80  -50.80 (VIOLATED)
_744713_/B                            320.00  370.78  -50.78 (VIOLATED)
_746512_/B                            320.00  370.75  -50.75 (VIOLATED)
place68996/A                          320.00  370.73  -50.73 (VIOLATED)
place68312/A                          320.00  370.70  -50.70 (VIOLATED)
_760708_/A1                           320.00  370.70  -50.70 (VIOLATED)
_749946_/B                            320.00  370.69  -50.69 (VIOLATED)
_752329_/B                            320.00  370.67  -50.67 (VIOLATED)
_746158_/B                            320.00  370.67  -50.67 (VIOLATED)
_764075_/B2                           320.00  370.62  -50.62 (VIOLATED)
_717307_/B                            320.00  370.50  -50.50 (VIOLATED)
place67994/A                          320.00  370.42  -50.42 (VIOLATED)
_746689_/B                            320.00  370.41  -50.41 (VIOLATED)
_764038_/B2                           320.00  370.41  -50.41 (VIOLATED)
_744996_/A                            320.00  370.40  -50.40 (VIOLATED)
_760852_/B                            320.00  370.38  -50.38 (VIOLATED)
part_q[3][0]$_DFFE_PP_/QN             320.00  370.20  -50.20 (VIOLATED)
_477011_/A                            320.00  370.19  -50.19 (VIOLATED)
_749968_/B                            320.00  370.17  -50.17 (VIOLATED)
place68899/A                          320.00  370.11  -50.11 (VIOLATED)
_746335_/B                            320.00  370.05  -50.05 (VIOLATED)
_764021_/B2                           320.00  369.97  -49.97 (VIOLATED)
_764417_/A1                           320.00  369.97  -49.97 (VIOLATED)
_772833_/A                            320.00  369.93  -49.93 (VIOLATED)
place69003/A                          320.00  369.82  -49.82 (VIOLATED)
rdata_q[5812]$_DFFE_PP_/QN            320.00  369.81  -49.81 (VIOLATED)
place68893/A                          320.00  369.79  -49.79 (VIOLATED)
coef_q[174]$_DFFE_PN0P_/RESETN        320.00  369.71  -49.71 (VIOLATED)
_747173_/B                            320.00  369.70  -49.70 (VIOLATED)
_764433_/A1                           320.00  369.68  -49.68 (VIOLATED)
_763830_/B                            320.00  369.62  -49.62 (VIOLATED)
_761722_/A1                           320.00  369.54  -49.54 (VIOLATED)
_671812_/B                            320.00  369.48  -49.48 (VIOLATED)
_764228_/A1                           320.00  369.44  -49.44 (VIOLATED)
_763194_/B                            320.00  369.41  -49.41 (VIOLATED)
_763348_/A1                           320.00  369.40  -49.40 (VIOLATED)
_763196_/B                            320.00  369.39  -49.39 (VIOLATED)
_764045_/B                            320.00  369.37  -49.37 (VIOLATED)
_669462_/B                            320.00  369.35  -49.35 (VIOLATED)
_763149_/A                            320.00  369.27  -49.27 (VIOLATED)
_744871_/B                            320.00  369.23  -49.23 (VIOLATED)
_764057_/B2                           320.00  369.20  -49.20 (VIOLATED)
coef_q[158]$_DFFE_PN0P_/RESETN        320.00  369.14  -49.14 (VIOLATED)
_766407_/B                            320.00  369.13  -49.13 (VIOLATED)
_769106_/A2                           320.00  369.11  -49.11 (VIOLATED)
_759359_/A                            320.00  369.09  -49.09 (VIOLATED)
_759421_/A                            320.00  369.08  -49.08 (VIOLATED)
_768407_/B                            320.00  369.06  -49.06 (VIOLATED)
_759957_/A                            320.00  369.05  -49.05 (VIOLATED)
_769391_/B                            320.00  369.04  -49.04 (VIOLATED)
_768394_/A                            320.00  369.04  -49.04 (VIOLATED)
_768352_/B                            320.00  369.04  -49.04 (VIOLATED)
in_data_q[11]$_DFFE_PN0P_/QN          320.00  369.03  -49.03 (VIOLATED)
_746851_/A                            320.00  369.01  -49.01 (VIOLATED)
coef_q[188]$_DFFE_PN0P_/RESETN        320.00  368.98  -48.98 (VIOLATED)
place68667/A                          320.00  368.97  -48.97 (VIOLATED)
place68530/A                          320.00  368.94  -48.94 (VIOLATED)
_746958_/A                            320.00  368.94  -48.94 (VIOLATED)
_749966_/B                            320.00  368.91  -48.91 (VIOLATED)
_772398_/A                            320.00  368.91  -48.91 (VIOLATED)
_764523_/A1                           320.00  368.85  -48.85 (VIOLATED)
_746846_/A                            320.00  368.81  -48.81 (VIOLATED)
_744554_/B                            320.00  368.80  -48.80 (VIOLATED)
_746900_/A                            320.00  368.78  -48.78 (VIOLATED)
_760224_/B                            320.00  368.69  -48.69 (VIOLATED)
_760217_/B                            320.00  368.69  -48.69 (VIOLATED)
_745070_/A                            320.00  368.68  -48.68 (VIOLATED)
_760232_/B                            320.00  368.67  -48.67 (VIOLATED)
place68682/A                          320.00  368.66  -48.66 (VIOLATED)
in_data_q[139]$_DFFE_PN0P_/QN         320.00  368.66  -48.66 (VIOLATED)
_744924_/A                            320.00  368.65  -48.65 (VIOLATED)
_760194_/Y                            320.00  368.62  -48.62 (VIOLATED)
_746905_/A                            320.00  368.59  -48.59 (VIOLATED)
_764552_/A1                           320.00  368.56  -48.56 (VIOLATED)
_760868_/B                            320.00  368.48  -48.48 (VIOLATED)
_760860_/B                            320.00  368.47  -48.47 (VIOLATED)
_760835_/Y                            320.00  368.47  -48.47 (VIOLATED)
_760875_/B                            320.00  368.47  -48.47 (VIOLATED)
_760899_/B                            320.00  368.47  -48.47 (VIOLATED)
coef_q[132]$_DFFE_PN0P_/RESETN        320.00  368.45  -48.45 (VIOLATED)
_746864_/A                            320.00  368.38  -48.38 (VIOLATED)
coef_q[186]$_DFFE_PN0P_/RESETN        320.00  368.30  -48.30 (VIOLATED)
_746912_/A                            320.00  368.30  -48.30 (VIOLATED)
_746844_/A                            320.00  368.29  -48.29 (VIOLATED)
_746955_/A                            320.00  368.22  -48.22 (VIOLATED)
_764456_/A                            320.00  368.21  -48.21 (VIOLATED)
_648564_/B                            320.00  368.21  -48.21 (VIOLATED)
_772144_/A                            320.00  368.19  -48.19 (VIOLATED)
_746856_/A                            320.00  368.18  -48.18 (VIOLATED)
place68643/A                          320.00  368.17  -48.17 (VIOLATED)
_750001_/B                            320.00  368.15  -48.15 (VIOLATED)
_764496_/A                            320.00  368.13  -48.13 (VIOLATED)
_746952_/A                            320.00  368.10  -48.10 (VIOLATED)
_758933_/B                            320.00  368.09  -48.09 (VIOLATED)
_758941_/B                            320.00  368.09  -48.09 (VIOLATED)
_746977_/A                            320.00  368.05  -48.05 (VIOLATED)
_760083_/B                            320.00  368.05  -48.05 (VIOLATED)
_760089_/B                            320.00  368.05  -48.05 (VIOLATED)
_760121_/B                            320.00  368.00  -48.00 (VIOLATED)
_758984_/B                            320.00  367.95  -47.95 (VIOLATED)
_746978_/A                            320.00  367.93  -47.93 (VIOLATED)
place68773/A                          320.00  367.91  -47.91 (VIOLATED)
place68403/A                          320.00  367.87  -47.87 (VIOLATED)
_754984_/A2                           320.00  367.87  -47.87 (VIOLATED)
_773006_/A                            320.00  367.87  -47.87 (VIOLATED)
in_data_q[22]$_DFFE_PN0P_/QN          320.00  367.86  -47.86 (VIOLATED)
_605530_/B                            320.00  367.86  -47.86 (VIOLATED)
_748262_/B                            320.00  367.85  -47.85 (VIOLATED)
_689478_/B                            320.00  367.82  -47.82 (VIOLATED)
coef_q[63]$_DFFE_PN0P_/RESETN         320.00  367.74  -47.74 (VIOLATED)
coef_q[155]$_DFFE_PN0P_/RESETN        320.00  367.74  -47.74 (VIOLATED)
coef_q[166]$_DFFE_PN0P_/RESETN        320.00  367.73  -47.73 (VIOLATED)
_758995_/B                            320.00  367.72  -47.72 (VIOLATED)
coef_q[156]$_DFFE_PN0P_/RESETN        320.00  367.70  -47.70 (VIOLATED)
place68309/A                          320.00  367.68  -47.68 (VIOLATED)
coef_q[178]$_DFFE_PN0P_/RESETN        320.00  367.67  -47.67 (VIOLATED)
_754983_/B                            320.00  367.64  -47.64 (VIOLATED)
_623386_/A                            320.00  367.59  -47.59 (VIOLATED)
coef_q[154]$_DFFE_PN0P_/RESETN        320.00  367.57  -47.57 (VIOLATED)
coef_q[164]$_DFFE_PN0P_/RESETN        320.00  367.49  -47.49 (VIOLATED)
place68674/A                          320.00  367.46  -47.46 (VIOLATED)
_754973_/B                            320.00  367.46  -47.46 (VIOLATED)
part_q[13][13]$_DFFE_PP_/QN           320.00  367.43  -47.43 (VIOLATED)
place68645/A                          320.00  367.34  -47.34 (VIOLATED)
_739066_/A                            320.00  367.32  -47.32 (VIOLATED)
_760127_/B                            320.00  367.31  -47.31 (VIOLATED)
_739162_/A                            320.00  367.31  -47.31 (VIOLATED)
_762408_/A                            320.00  367.19  -47.19 (VIOLATED)
_746947_/A                            320.00  367.16  -47.16 (VIOLATED)
_762345_/A                            320.00  367.16  -47.16 (VIOLATED)
_746904_/A                            320.00  367.06  -47.06 (VIOLATED)
in_data_q[13]$_DFFE_PN0P_/QN          320.00  367.06  -47.06 (VIOLATED)
a_sym[5][6]$_DFFE_PN0P_/QN            320.00  367.01  -47.01 (VIOLATED)
coef_q[87]$_DFFE_PN0P_/RESETN         320.00  366.95  -46.95 (VIOLATED)
in_data_q[142]$_DFFE_PN0P_/QN         320.00  366.90  -46.90 (VIOLATED)
_762224_/A                            320.00  366.90  -46.90 (VIOLATED)
coef_q[147]$_DFFE_PN0P_/RESETN        320.00  366.88  -46.88 (VIOLATED)
coef_q[167]$_DFFE_PN0P_/RESETN        320.00  366.87  -46.87 (VIOLATED)
coef_q[122]$_DFFE_PN0P_/RESETN        320.00  366.86  -46.86 (VIOLATED)
a_sym[5][1]$_DFFE_PN0P_/QN            320.00  366.71  -46.71 (VIOLATED)
_479722_/A                            320.00  366.69  -46.69 (VIOLATED)
_766354_/A2                           320.00  366.54  -46.54 (VIOLATED)
_625215_/A                            320.00  366.51  -46.51 (VIOLATED)
_747878_/B                            320.00  366.51  -46.51 (VIOLATED)
place68509/A                          320.00  366.47  -46.47 (VIOLATED)
place68765/A                          320.00  366.34  -46.34 (VIOLATED)
place68199/A                          320.00  366.33  -46.33 (VIOLATED)
wire18378/A                           320.00  366.31  -46.31 (VIOLATED)
place68189/A                          320.00  366.30  -46.30 (VIOLATED)
in_data_q[40]$_DFFE_PN0P_/QN          320.00  366.30  -46.30 (VIOLATED)
_763926_/B                            320.00  366.15  -46.15 (VIOLATED)
place67943/A                          320.00  366.13  -46.13 (VIOLATED)
coef_q[131]$_DFFE_PN0P_/RESETN        320.00  366.12  -46.12 (VIOLATED)
_744961_/B                            320.00  366.12  -46.12 (VIOLATED)
in_data_q[31]$_DFFE_PN0P_/QN          320.00  366.06  -46.06 (VIOLATED)
place68906/A                          320.00  365.98  -45.98 (VIOLATED)
_719688_/B                            320.00  365.97  -45.97 (VIOLATED)
part_q[3][14]$_DFFE_PP_/QN            320.00  365.95  -45.95 (VIOLATED)
_750027_/B                            320.00  365.94  -45.94 (VIOLATED)
place68766/A                          320.00  365.86  -45.86 (VIOLATED)
_631406_/A                            320.00  365.75  -45.75 (VIOLATED)
_758949_/B                            320.00  365.73  -45.73 (VIOLATED)
place66189/A                          320.00  365.70  -45.70 (VIOLATED)
_579168_/A                            320.00  365.66  -45.66 (VIOLATED)
place68153/A                          320.00  365.59  -45.59 (VIOLATED)
in_data_q[43]$_DFFE_PN0P_/QN          320.00  365.59  -45.59 (VIOLATED)
place68752/A                          320.00  365.49  -45.49 (VIOLATED)
place67868/A                          320.00  365.47  -45.47 (VIOLATED)
coef_q[138]$_DFFE_PN0P_/RESETN        320.00  365.42  -45.42 (VIOLATED)
coef_q[140]$_DFFE_PN0P_/RESETN        320.00  365.41  -45.41 (VIOLATED)
_689466_/B                            320.00  365.41  -45.41 (VIOLATED)
coef_q[146]$_DFFE_PN0P_/RESETN        320.00  365.41  -45.41 (VIOLATED)
coef_q[180]$_DFFE_PN0P_/RESETN        320.00  365.39  -45.39 (VIOLATED)
in_data_q[58]$_DFFE_PN0P_/QN          320.00  365.39  -45.39 (VIOLATED)
_752648_/A2                           320.00  365.31  -45.31 (VIOLATED)
_752656_/A2                           320.00  365.31  -45.31 (VIOLATED)
coef_q[162]$_DFFE_PN0P_/RESETN        320.00  365.27  -45.27 (VIOLATED)
_752647_/B                            320.00  365.25  -45.25 (VIOLATED)
_752655_/B                            320.00  365.22  -45.22 (VIOLATED)
place67418/A                          320.00  365.21  -45.21 (VIOLATED)
_728111_/B                            320.00  365.20  -45.20 (VIOLATED)
place66663/A                          320.00  365.17  -45.17 (VIOLATED)
place67419/A                          320.00  365.13  -45.13 (VIOLATED)
place77869/Y                          320.00  365.07  -45.07 (VIOLATED)
_742773_/B                            320.00  364.94  -44.94 (VIOLATED)
_648561_/B                            320.00  364.89  -44.89 (VIOLATED)
_760096_/B                            320.00  364.86  -44.86 (VIOLATED)
_749753_/B                            320.00  364.80  -44.80 (VIOLATED)
place68112/A                          320.00  364.68  -44.68 (VIOLATED)
_669480_/B                            320.00  364.63  -44.63 (VIOLATED)
_689312_/B                            320.00  364.52  -44.52 (VIOLATED)
_764754_/B                            320.00  364.51  -44.51 (VIOLATED)
_772832_/A                            320.00  364.51  -44.51 (VIOLATED)
place68962/A                          320.00  364.41  -44.41 (VIOLATED)
_750033_/B                            320.00  364.41  -44.41 (VIOLATED)
_746859_/A                            320.00  364.38  -44.38 (VIOLATED)
_766289_/A                            320.00  364.33  -44.33 (VIOLATED)
rdata_q[5805]$_DFFE_PP_/QN            320.00  364.27  -44.27 (VIOLATED)
_765161_/B                            320.00  364.26  -44.26 (VIOLATED)
place68908/A                          320.00  364.22  -44.22 (VIOLATED)
_764954_/B                            320.00  364.19  -44.19 (VIOLATED)
out_d2$_DFFE_PN0P_/RESETN             320.00  364.14  -44.14 (VIOLATED)
place67911/A                          320.00  364.06  -44.06 (VIOLATED)
_765010_/B                            320.00  364.06  -44.06 (VIOLATED)
in_data_q[60]$_DFFE_PN0P_/QN          320.00  364.04  -44.04 (VIOLATED)
_838287_/B                            320.00  363.97  -43.97 (VIOLATED)
part_q[29][11]$_DFFE_PP_/QN           320.00  363.91  -43.91 (VIOLATED)
_765215_/B                            320.00  363.83  -43.83 (VIOLATED)
_765167_/B                            320.00  363.74  -43.74 (VIOLATED)
_761535_/A1                           320.00  363.70  -43.70 (VIOLATED)
_744721_/B                            320.00  363.68  -43.68 (VIOLATED)
_760947_/B                            320.00  363.68  -43.68 (VIOLATED)
_760955_/B                            320.00  363.65  -43.65 (VIOLATED)
_589585_/A                            320.00  363.64  -43.64 (VIOLATED)
_748222_/A                            320.00  363.56  -43.56 (VIOLATED)
_765107_/B                            320.00  363.56  -43.56 (VIOLATED)
place66348/A                          320.00  363.56  -43.56 (VIOLATED)
rdata_q[2109]$_DFFE_PP_/QN            320.00  363.53  -43.53 (VIOLATED)
_656367_/B                            320.00  363.52  -43.52 (VIOLATED)
_764513_/A1                           320.00  363.51  -43.51 (VIOLATED)
_748226_/A                            320.00  363.50  -43.50 (VIOLATED)
_754974_/A2                           320.00  363.49  -43.49 (VIOLATED)
_760988_/B                            320.00  363.47  -43.47 (VIOLATED)
_764412_/A1                           320.00  363.45  -43.45 (VIOLATED)
_748173_/A                            320.00  363.41  -43.41 (VIOLATED)
part_q[3][13]$_DFFE_PP_/QN            320.00  363.40  -43.40 (VIOLATED)
place68964/A                          320.00  363.39  -43.39 (VIOLATED)
_754978_/A2                           320.00  363.38  -43.38 (VIOLATED)
_748161_/A                            320.00  363.33  -43.33 (VIOLATED)
_764052_/B2                           320.00  363.32  -43.32 (VIOLATED)
_801136_/B                            320.00  363.26  -43.26 (VIOLATED)
place66620/A                          320.00  363.21  -43.21 (VIOLATED)
_605536_/B                            320.00  363.21  -43.21 (VIOLATED)
_765327_/C                            320.00  363.14  -43.14 (VIOLATED)
_773037_/A                            320.00  363.12  -43.12 (VIOLATED)
_766402_/A                            320.00  363.12  -43.12 (VIOLATED)
_760995_/B                            320.00  363.09  -43.09 (VIOLATED)
place69069/A                          320.00  363.04  -43.04 (VIOLATED)
_764018_/B2                           320.00  363.04  -43.04 (VIOLATED)
_765151_/B                            320.00  363.01  -43.01 (VIOLATED)
_680061_/B                            320.00  363.00  -43.00 (VIOLATED)
_748205_/A                            320.00  362.93  -42.93 (VIOLATED)
place68319/A                          320.00  362.92  -42.92 (VIOLATED)
_748164_/A                            320.00  362.91  -42.91 (VIOLATED)
_759466_/C                            320.00  362.88  -42.88 (VIOLATED)
part_q[68][4]$_DFFE_PP_/QN            320.00  362.88  -42.88 (VIOLATED)
in_data_q[119]$_DFFE_PN0P_/QN         320.00  362.84  -42.84 (VIOLATED)
_759940_/A                            320.00  362.83  -42.83 (VIOLATED)
_759526_/A                            320.00  362.82  -42.82 (VIOLATED)
_748154_/A                            320.00  362.81  -42.81 (VIOLATED)
part_q[63][12]$_DFFE_PP_/QN           320.00  362.71  -42.71 (VIOLATED)
_744691_/B                            320.00  362.56  -42.56 (VIOLATED)
place68499/A                          320.00  362.56  -42.56 (VIOLATED)
_748231_/B                            320.00  362.52  -42.52 (VIOLATED)
_748162_/A                            320.00  362.40  -42.40 (VIOLATED)
_760030_/A                            320.00  362.35  -42.35 (VIOLATED)
_759304_/A                            320.00  362.30  -42.30 (VIOLATED)
_764934_/B                            320.00  362.28  -42.28 (VIOLATED)
place66221/A                          320.00  362.26  -42.26 (VIOLATED)
_764447_/A                            320.00  362.25  -42.25 (VIOLATED)
place62127/A                          320.00  362.23  -42.23 (VIOLATED)
_839972_/A                            320.00  362.21  -42.21 (VIOLATED)
_604787_/B                            320.00  362.17  -42.17 (VIOLATED)
_772902_/A                            320.00  362.17  -42.17 (VIOLATED)
_748168_/A                            320.00  362.14  -42.14 (VIOLATED)
_748167_/A                            320.00  362.11  -42.11 (VIOLATED)
_748219_/A                            320.00  362.09  -42.09 (VIOLATED)
_748220_/A                            320.00  362.08  -42.08 (VIOLATED)
_765051_/B                            320.00  362.08  -42.08 (VIOLATED)
_748227_/A                            320.00  362.05  -42.05 (VIOLATED)
_773007_/A                            320.00  362.01  -42.01 (VIOLATED)
place68759/A                          320.00  361.95  -41.95 (VIOLATED)
_748165_/A                            320.00  361.93  -41.93 (VIOLATED)
_766339_/A2                           320.00  361.92  -41.92 (VIOLATED)
_766301_/A                            320.00  361.91  -41.91 (VIOLATED)
_748197_/A                            320.00  361.91  -41.91 (VIOLATED)
_825516_/A                            320.00  361.86  -41.86 (VIOLATED)
_744953_/A                            320.00  361.85  -41.85 (VIOLATED)
_721023_/B                            320.00  361.80  -41.80 (VIOLATED)
_746850_/A                            320.00  361.79  -41.79 (VIOLATED)
_746895_/A                            320.00  361.78  -41.78 (VIOLATED)
_764886_/B                            320.00  361.71  -41.71 (VIOLATED)
_765018_/B                            320.00  361.69  -41.69 (VIOLATED)
_739247_/A                            320.00  361.66  -41.66 (VIOLATED)
_765114_/B                            320.00  361.65  -41.65 (VIOLATED)
_739180_/A                            320.00  361.60  -41.60 (VIOLATED)
_762874_/B2                           320.00  361.59  -41.59 (VIOLATED)
_765224_/B                            320.00  361.56  -41.56 (VIOLATED)
_761534_/A                            320.00  361.54  -41.54 (VIOLATED)
_765335_/C                            320.00  361.52  -41.52 (VIOLATED)
_739089_/A                            320.00  361.50  -41.50 (VIOLATED)
_717295_/B                            320.00  361.49  -41.49 (VIOLATED)
_761259_/A2                           320.00  361.44  -41.44 (VIOLATED)
_758976_/B                            320.00  361.37  -41.37 (VIOLATED)
a_sym[5][7]$_DFFE_PN0P_/QN            320.00  361.37  -41.37 (VIOLATED)
_758958_/B                            320.00  361.36  -41.36 (VIOLATED)
_758966_/B                            320.00  361.36  -41.36 (VIOLATED)
_758932_/Y                            320.00  361.35  -41.35 (VIOLATED)
_763367_/B                            320.00  361.34  -41.34 (VIOLATED)
_750753_/B                            320.00  361.33  -41.33 (VIOLATED)
_754977_/B                            320.00  361.32  -41.32 (VIOLATED)
place69101/A                          320.00  361.28  -41.28 (VIOLATED)
_761262_/B1                           320.00  361.23  -41.23 (VIOLATED)
_717462_/B                            320.00  361.20  -41.20 (VIOLATED)
_748083_/A                            320.00  361.19  -41.19 (VIOLATED)
m_ce[0]$_DFFE_PN0P_/QN                320.00  361.18  -41.18 (VIOLATED)
_745232_/B                            320.00  361.14  -41.14 (VIOLATED)
_773111_/Y                            320.00  361.13  -41.13 (VIOLATED)
_773033_/A                            320.00  361.10  -41.10 (VIOLATED)
_762292_/A                            320.00  360.98  -40.98 (VIOLATED)
_761278_/A2                           320.00  360.97  -40.97 (VIOLATED)
_748228_/A                            320.00  360.92  -40.92 (VIOLATED)
_763130_/B                            320.00  360.91  -40.91 (VIOLATED)
_744935_/A                            320.00  360.86  -40.86 (VIOLATED)
in_data_q[113]$_DFFE_PN0P_/QN         320.00  360.80  -40.80 (VIOLATED)
_745011_/A                            320.00  360.78  -40.78 (VIOLATED)
_744957_/A                            320.00  360.74  -40.74 (VIOLATED)
_762173_/A                            320.00  360.74  -40.74 (VIOLATED)
_665736_/A                            320.00  360.73  -40.73 (VIOLATED)
_760741_/B1                           320.00  360.72  -40.72 (VIOLATED)
_760637_/A1                           320.00  360.72  -40.72 (VIOLATED)
_744983_/A                            320.00  360.72  -40.72 (VIOLATED)
_761379_/A1                           320.00  360.71  -40.71 (VIOLATED)
part_q[21][3]$_DFFE_PP_/QN            320.00  360.70  -40.70 (VIOLATED)
_760156_/A1                           320.00  360.68  -40.68 (VIOLATED)
out_d3$_DFFE_PN0P_/RESETN             320.00  360.65  -40.65 (VIOLATED)
_760689_/A1                           320.00  360.65  -40.65 (VIOLATED)
_744956_/A                            320.00  360.64  -40.64 (VIOLATED)
_759924_/A1                           320.00  360.63  -40.63 (VIOLATED)
_741159_/B                            320.00  360.61  -40.61 (VIOLATED)
_760794_/A1                           320.00  360.60  -40.60 (VIOLATED)
in_data_q[131]$_DFFE_PN0P_/QN         320.00  360.55  -40.55 (VIOLATED)
place68488/A                          320.00  360.51  -40.51 (VIOLATED)
_759985_/A1                           320.00  360.49  -40.49 (VIOLATED)
_760912_/A1                           320.00  360.49  -40.49 (VIOLATED)
_759750_/A1                           320.00  360.47  -40.47 (VIOLATED)
_792282_/B                            320.00  360.39  -40.39 (VIOLATED)
_761281_/B1                           320.00  360.39  -40.39 (VIOLATED)
_766348_/A2                           320.00  360.37  -40.37 (VIOLATED)
_744946_/A                            320.00  360.35  -40.35 (VIOLATED)
_826281_/CI                           320.00  360.34  -40.34 (VIOLATED)
_748092_/A                            320.00  360.34  -40.34 (VIOLATED)
_760049_/A1                           320.00  360.31  -40.31 (VIOLATED)
_748137_/A                            320.00  360.31  -40.31 (VIOLATED)
_748158_/A                            320.00  360.30  -40.30 (VIOLATED)
_747424_/B                            320.00  360.29  -40.29 (VIOLATED)
rdata_q[5347]$_DFFE_PP_/QN            320.00  360.28  -40.28 (VIOLATED)
_748153_/A                            320.00  360.28  -40.28 (VIOLATED)
_759925_/A1                           320.00  360.27  -40.27 (VIOLATED)
place66352/A                          320.00  360.23  -40.23 (VIOLATED)
_689481_/B                            320.00  360.20  -40.20 (VIOLATED)
coef_q[191]$_DFFE_PN0P_/RESETN        320.00  360.14  -40.14 (VIOLATED)
place77869/A                          320.00  360.10  -40.10 (VIOLATED)
_759690_/A1                           320.00  360.06  -40.06 (VIOLATED)
_748066_/A                            320.00  360.04  -40.04 (VIOLATED)
coef_q[183]$_DFFE_PN0P_/RESETN        320.00  360.00  -40.00 (VIOLATED)
coef_q[170]$_DFFE_PN0P_/RESETN        320.00  359.99  -39.99 (VIOLATED)
place69063/A                          320.00  359.99  -39.99 (VIOLATED)
_762328_/A                            320.00  359.98  -39.98 (VIOLATED)
_746010_/B                            320.00  359.94  -39.94 (VIOLATED)
coef_q[130]$_DFFE_PN0P_/RESETN        320.00  359.93  -39.93 (VIOLATED)
_761018_/A1                           320.00  359.92  -39.92 (VIOLATED)
_773026_/A                            320.00  359.92  -39.92 (VIOLATED)
_765204_/B                            320.00  359.90  -39.90 (VIOLATED)
rdata_q[5246]$_DFFE_PP_/QN            320.00  359.88  -39.88 (VIOLATED)
_759806_/A1                           320.00  359.88  -39.88 (VIOLATED)
place67803/A                          320.00  359.83  -39.83 (VIOLATED)
_744965_/A                            320.00  359.82  -39.82 (VIOLATED)
_773008_/A                            320.00  359.74  -39.74 (VIOLATED)
_760115_/B                            320.00  359.74  -39.74 (VIOLATED)
_765371_/C                            320.00  359.65  -39.65 (VIOLATED)
coef_q[106]$_DFFE_PN0P_/RESETN        320.00  359.62  -39.62 (VIOLATED)
_765262_/B                            320.00  359.61  -39.61 (VIOLATED)
_792262_/B                            320.00  359.59  -39.59 (VIOLATED)
_750080_/B                            320.00  359.58  -39.58 (VIOLATED)
_739138_/A                            320.00  359.57  -39.57 (VIOLATED)
place68896/A                          320.00  359.54  -39.54 (VIOLATED)
_739207_/A                            320.00  359.52  -39.52 (VIOLATED)
_748065_/A                            320.00  359.49  -39.49 (VIOLATED)
_744967_/A                            320.00  359.48  -39.48 (VIOLATED)
_760109_/B                            320.00  359.47  -39.47 (VIOLATED)
_760103_/B                            320.00  359.47  -39.47 (VIOLATED)
_763322_/B                            320.00  359.45  -39.45 (VIOLATED)
_792261_/B                            320.00  359.41  -39.41 (VIOLATED)
coef_q[175]$_DFFE_PN0P_/RESETN        320.00  359.39  -39.39 (VIOLATED)
rdata_q[5807]$_DFFE_PP_/QN            320.00  359.38  -39.38 (VIOLATED)
rdata_q[5650]$_DFFE_PP_/QN            320.00  359.37  -39.37 (VIOLATED)
_792260_/B                            320.00  359.26  -39.26 (VIOLATED)
_760082_/Y                            320.00  359.22  -39.22 (VIOLATED)
coef_q[151]$_DFFE_PN0P_/RESETN        320.00  359.20  -39.20 (VIOLATED)
coef_q[135]$_DFFE_PN0P_/RESETN        320.00  359.20  -39.20 (VIOLATED)
_739354_/A                            320.00  359.18  -39.18 (VIOLATED)
_739306_/B                            320.00  359.17  -39.17 (VIOLATED)
_761200_/A1                           320.00  359.10  -39.10 (VIOLATED)
_665901_/A                            320.00  359.08  -39.08 (VIOLATED)
_765299_/D                            320.00  359.08  -39.08 (VIOLATED)
_765243_/D                            320.00  359.05  -39.05 (VIOLATED)
_764539_/A1                           320.00  359.03  -39.03 (VIOLATED)
_765237_/D                            320.00  359.02  -39.02 (VIOLATED)
_765293_/D                            320.00  358.96  -38.96 (VIOLATED)
_761378_/A                            320.00  358.96  -38.96 (VIOLATED)
_604784_/B                            320.00  358.93  -38.93 (VIOLATED)
coef_q[159]$_DFFE_PN0P_/RESETN        320.00  358.90  -38.90 (VIOLATED)
_764424_/A1                           320.00  358.90  -38.90 (VIOLATED)
_745981_/B                            320.00  358.79  -38.79 (VIOLATED)
_747098_/B                            320.00  358.78  -38.78 (VIOLATED)
place67735/A                          320.00  358.78  -38.78 (VIOLATED)
place68286/A                          320.00  358.77  -38.77 (VIOLATED)
part_q[63][11]$_DFFE_PP_/QN           320.00  358.72  -38.72 (VIOLATED)
_764362_/A1                           320.00  358.64  -38.64 (VIOLATED)
_765249_/D                            320.00  358.63  -38.63 (VIOLATED)
_748090_/A                            320.00  358.62  -38.62 (VIOLATED)
coef_q[143]$_DFFE_PN0P_/RESETN        320.00  358.60  -38.60 (VIOLATED)
_744712_/B                            320.00  358.58  -38.58 (VIOLATED)
coef_q[148]$_DFFE_PN0P_/RESETN        320.00  358.56  -38.56 (VIOLATED)
_753817_/B                            320.00  358.47  -38.47 (VIOLATED)
place68838/A                          320.00  358.43  -38.43 (VIOLATED)
_759757_/A1                           320.00  358.40  -38.40 (VIOLATED)
_545352_/A                            320.00  358.37  -38.37 (VIOLATED)
place66499/A                          320.00  358.35  -38.35 (VIOLATED)
_759993_/A1                           320.00  358.31  -38.31 (VIOLATED)
_768935_/A1                           320.00  358.31  -38.31 (VIOLATED)
oskid_d[154]$_DFFE_PN0P_/RESETN       320.00  358.28  -38.28 (VIOLATED)
_765306_/D                            320.00  358.27  -38.27 (VIOLATED)
part_q[28][5]$_DFFE_PP_/D             320.00  358.24  -38.24 (VIOLATED)
_744724_/B                            320.00  358.20  -38.20 (VIOLATED)
_765541_/B                            320.00  358.15  -38.15 (VIOLATED)
coef_q[153]$_DFFE_PN0P_/RESETN        320.00  358.15  -38.15 (VIOLATED)
part_q[14][3]$_DFFE_PP_/QN            320.00  358.15  -38.15 (VIOLATED)
place69120/A                          320.00  358.05  -38.05 (VIOLATED)
_744999_/A                            320.00  358.05  -38.05 (VIOLATED)
_763327_/C                            320.00  358.05  -38.05 (VIOLATED)
_756039_/B                            320.00  357.97  -37.97 (VIOLATED)
coef_q[98]$_DFFE_PN0P_/RESETN         320.00  357.97  -37.97 (VIOLATED)
place66220/A                          320.00  357.94  -37.94 (VIOLATED)
place61259/A                          320.00  357.92  -37.92 (VIOLATED)
_760904_/A1                           320.00  357.92  -37.92 (VIOLATED)
_761190_/A1                           320.00  357.90  -37.90 (VIOLATED)
_753818_/A2                           320.00  357.90  -37.90 (VIOLATED)
part_q[50][7]$_DFFE_PP_/QN            320.00  357.89  -37.89 (VIOLATED)
_761007_/B1                           320.00  357.88  -37.88 (VIOLATED)
_768295_/C                            320.00  357.86  -37.86 (VIOLATED)
place67622/A                          320.00  357.82  -37.82 (VIOLATED)
_767481_/A1                           320.00  357.82  -37.82 (VIOLATED)
_761067_/A1                           320.00  357.78  -37.78 (VIOLATED)
_760908_/B1                           320.00  357.76  -37.76 (VIOLATED)
_761012_/A1                           320.00  357.75  -37.75 (VIOLATED)
_750020_/B                            320.00  357.75  -37.75 (VIOLATED)
_555620_/A                            320.00  357.72  -37.72 (VIOLATED)
_801357_/CI                           320.00  357.69  -37.69 (VIOLATED)
place67583/A                          320.00  357.67  -37.67 (VIOLATED)
_766396_/A                            320.00  357.65  -37.65 (VIOLATED)
_761196_/A1                           320.00  357.64  -37.64 (VIOLATED)
rdata_q[3106]$_DFFE_PP_/QN            320.00  357.62  -37.62 (VIOLATED)
_765287_/D                            320.00  357.60  -37.60 (VIOLATED)
_759696_/A1                           320.00  357.58  -37.58 (VIOLATED)
place67805/A                          320.00  357.57  -37.57 (VIOLATED)
_760069_/A                            320.00  357.57  -37.57 (VIOLATED)
_750054_/B                            320.00  357.54  -37.54 (VIOLATED)
_759339_/A                            320.00  357.54  -37.54 (VIOLATED)
_656376_/B                            320.00  357.50  -37.50 (VIOLATED)
coef_q[66]$_DFFE_PN0P_/RESETN         320.00  357.46  -37.46 (VIOLATED)
_766350_/A2                           320.00  357.38  -37.38 (VIOLATED)
rdata_q[5818]$_DFFE_PP_/QN            320.00  357.38  -37.38 (VIOLATED)
_771829_/A                            320.00  357.36  -37.36 (VIOLATED)
place68857/A                          320.00  357.34  -37.34 (VIOLATED)
_761216_/A1                           320.00  357.34  -37.34 (VIOLATED)
_745056_/A                            320.00  357.34  -37.34 (VIOLATED)
_765498_/B                            320.00  357.32  -37.32 (VIOLATED)
_750022_/B                            320.00  357.31  -37.31 (VIOLATED)
_772834_/A                            320.00  357.31  -37.31 (VIOLATED)
_765881_/A2                           320.00  357.30  -37.30 (VIOLATED)
oskid_d[147]$_DFFE_PN0P_/D            320.00  357.29  -37.29 (VIOLATED)
_759812_/A1                           320.00  357.28  -37.28 (VIOLATED)
_745070_/B                            320.00  357.27  -37.27 (VIOLATED)
_748160_/A                            320.00  357.26  -37.26 (VIOLATED)
_760056_/A1                           320.00  357.26  -37.26 (VIOLATED)
_760824_/A1                           320.00  357.25  -37.25 (VIOLATED)
place68285/A                          320.00  357.25  -37.25 (VIOLATED)
_760713_/A1                           320.00  357.24  -37.24 (VIOLATED)
_759445_/A                            320.00  357.24  -37.24 (VIOLATED)
_760766_/A1                           320.00  357.24  -37.24 (VIOLATED)
_714463_/B                            320.00  357.23  -37.23 (VIOLATED)
_792259_/B                            320.00  357.23  -37.23 (VIOLATED)
_760660_/A1                           320.00  357.22  -37.22 (VIOLATED)
place66595/A                          320.00  357.22  -37.22 (VIOLATED)
in_data_q[33]$_DFFE_PN0P_/QN          320.00  357.21  -37.21 (VIOLATED)
_765230_/D                            320.00  357.18  -37.18 (VIOLATED)
_759382_/A                            320.00  357.18  -37.18 (VIOLATED)
_669474_/B                            320.00  357.16  -37.16 (VIOLATED)
_759982_/A                            320.00  357.14  -37.14 (VIOLATED)
_760720_/A1                           320.00  357.14  -37.14 (VIOLATED)
_760770_/A1                           320.00  357.10  -37.10 (VIOLATED)
_759736_/B                            320.00  357.08  -37.08 (VIOLATED)
_770427_/A1                           320.00  357.07  -37.07 (VIOLATED)
_759730_/B                            320.00  357.07  -37.07 (VIOLATED)
_760694_/A1                           320.00  357.06  -37.06 (VIOLATED)
_760641_/A1                           320.00  357.01  -37.01 (VIOLATED)
_769775_/A                            320.00  356.89  -36.89 (VIOLATED)
_759768_/B                            320.00  356.89  -36.89 (VIOLATED)
_748138_/A                            320.00  356.88  -36.88 (VIOLATED)
_770428_/A                            320.00  356.88  -36.88 (VIOLATED)
_764206_/A1                           320.00  356.87  -36.87 (VIOLATED)
coef_q[190]$_DFFE_PN0P_/RESETN        320.00  356.85  -36.85 (VIOLATED)
_761220_/A1                           320.00  356.82  -36.82 (VIOLATED)
_746979_/A                            320.00  356.82  -36.82 (VIOLATED)
_760516_/A1                           320.00  356.78  -36.78 (VIOLATED)
coef_q[169]$_DFFE_PN0P_/RESETN        320.00  356.62  -36.62 (VIOLATED)
_772835_/A                            320.00  356.62  -36.62 (VIOLATED)
_770429_/A1                           320.00  356.61  -36.61 (VIOLATED)
_739189_/A                            320.00  356.59  -36.59 (VIOLATED)
_739110_/A                            320.00  356.57  -36.57 (VIOLATED)
_766333_/A1                           320.00  356.56  -36.56 (VIOLATED)
place67416/A                          320.00  356.56  -36.56 (VIOLATED)
_764021_/A1                           320.00  356.55  -36.55 (VIOLATED)
_765280_/D                            320.00  356.55  -36.55 (VIOLATED)
_765215_/D                            320.00  356.54  -36.54 (VIOLATED)
_765268_/D                            320.00  356.53  -36.53 (VIOLATED)
clone_4__792305_/SE                   320.00  356.52  -36.52 (VIOLATED)
_765442_/A1                           320.00  356.51  -36.51 (VIOLATED)
coef_q[34]$_DFFE_PN0P_/RESETN         320.00  356.51  -36.51 (VIOLATED)
_759775_/B                            320.00  356.51  -36.51 (VIOLATED)
_763325_/A1                           320.00  356.51  -36.51 (VIOLATED)
_689454_/B                            320.00  356.50  -36.50 (VIOLATED)
place77875/Y                          320.00  356.49  -36.49 (VIOLATED)
_765224_/D                            320.00  356.47  -36.47 (VIOLATED)
m_1h[20]$_DFFE_PN0P_/QN               320.00  356.47  -36.47 (VIOLATED)
_762429_/A                            320.00  356.45  -36.45 (VIOLATED)
_744898_/A                            320.00  356.44  -36.44 (VIOLATED)
_744899_/A                            320.00  356.44  -36.44 (VIOLATED)
_762368_/A                            320.00  356.43  -36.43 (VIOLATED)
_744881_/A                            320.00  356.40  -36.40 (VIOLATED)
_744884_/A                            320.00  356.39  -36.39 (VIOLATED)
_744889_/A                            320.00  356.39  -36.39 (VIOLATED)
_759250_/A1                           320.00  356.39  -36.39 (VIOLATED)
_765262_/D                            320.00  356.37  -36.37 (VIOLATED)
_765312_/D                            320.00  356.37  -36.37 (VIOLATED)
_750030_/B                            320.00  356.36  -36.36 (VIOLATED)
_744890_/A                            320.00  356.35  -36.35 (VIOLATED)
_765318_/D                            320.00  356.35  -36.35 (VIOLATED)
_739252_/A                            320.00  356.34  -36.34 (VIOLATED)
_759505_/A1                           320.00  356.33  -36.33 (VIOLATED)
_744885_/A                            320.00  356.33  -36.33 (VIOLATED)
_762879_/B2                           320.00  356.31  -36.31 (VIOLATED)
place69033/A                          320.00  356.31  -36.31 (VIOLATED)
place68935/A                          320.00  356.31  -36.31 (VIOLATED)
_760344_/A1                           320.00  356.29  -36.29 (VIOLATED)
a_sym[15][6]$_DFFE_PN0P_/RESETN       320.00  356.29  -36.29 (VIOLATED)
_744882_/A                            320.00  356.29  -36.29 (VIOLATED)
place68830/A                          320.00  356.26  -36.26 (VIOLATED)
a_sym[19][6]$_DFFE_PN0P_/RESETN       320.00  356.25  -36.25 (VIOLATED)
a_sym[7][6]$_DFFE_PN0P_/RESETN        320.00  356.23  -36.23 (VIOLATED)
_748126_/A                            320.00  356.20  -36.20 (VIOLATED)
_745833_/B                            320.00  356.20  -36.20 (VIOLATED)
a_sym[15][7]$_DFFE_PN0P_/RESETN       320.00  356.19  -36.19 (VIOLATED)
a_sym[7][7]$_DFFE_PN0P_/RESETN        320.00  356.19  -36.19 (VIOLATED)
place68859/A                          320.00  356.16  -36.16 (VIOLATED)
_765256_/D                            320.00  356.15  -36.15 (VIOLATED)
_739209_/A                            320.00  356.14  -36.14 (VIOLATED)
_739147_/A                            320.00  356.13  -36.13 (VIOLATED)
_744874_/A                            320.00  356.13  -36.13 (VIOLATED)
place61400/A                          320.00  356.10  -36.10 (VIOLATED)
_764075_/A1                           320.00  356.08  -36.08 (VIOLATED)
_714460_/B                            320.00  356.07  -36.07 (VIOLATED)
_864423_/A                            320.00  356.06  -36.06 (VIOLATED)
_744878_/A                            320.00  356.06  -36.06 (VIOLATED)
place67442/A                          320.00  356.04  -36.04 (VIOLATED)
_744876_/A                            320.00  356.04  -36.04 (VIOLATED)
_759748_/B                            320.00  356.02  -36.02 (VIOLATED)
_759755_/B                            320.00  356.02  -36.02 (VIOLATED)
_744873_/A                            320.00  356.01  -36.01 (VIOLATED)
_744879_/A                            320.00  355.99  -35.99 (VIOLATED)
_763987_/A1                           320.00  355.99  -35.99 (VIOLATED)
_759762_/B                            320.00  355.98  -35.98 (VIOLATED)
part_q[10][16]$_DFFE_PP_/QN           320.00  355.95  -35.95 (VIOLATED)
_768969_/A1                           320.00  355.93  -35.93 (VIOLATED)
_761637_/A1                           320.00  355.92  -35.92 (VIOLATED)
_768970_/A                            320.00  355.91  -35.91 (VIOLATED)
a_sym[17][6]$_DFFE_PN0P_/RESETN       320.00  355.89  -35.89 (VIOLATED)
_766385_/A                            320.00  355.87  -35.87 (VIOLATED)
_742950_/B                            320.00  355.85  -35.85 (VIOLATED)
place68503/A                          320.00  355.84  -35.84 (VIOLATED)
place68446/A                          320.00  355.81  -35.81 (VIOLATED)
_747165_/B                            320.00  355.81  -35.81 (VIOLATED)
_744872_/A                            320.00  355.80  -35.80 (VIOLATED)
_762246_/A                            320.00  355.80  -35.80 (VIOLATED)
_763238_/B                            320.00  355.79  -35.79 (VIOLATED)
m_1h[18]$_DFFE_PN0P_/QN               320.00  355.78  -35.78 (VIOLATED)
_762329_/A                            320.00  355.76  -35.76 (VIOLATED)
_750724_/B                            320.00  355.75  -35.75 (VIOLATED)
_744926_/A                            320.00  355.74  -35.74 (VIOLATED)
in_data_q[157]$_DFFE_PN0P_/QN         320.00  355.73  -35.73 (VIOLATED)
a_sym[9][6]$_DFFE_PN0P_/RESETN        320.00  355.70  -35.70 (VIOLATED)
_764392_/A1                           320.00  355.66  -35.66 (VIOLATED)
_759930_/A1                           320.00  355.65  -35.65 (VIOLATED)
_767532_/A1                           320.00  355.64  -35.64 (VIOLATED)
coef_q[129]$_DFFE_PN0P_/RESETN        320.00  355.60  -35.60 (VIOLATED)
m_ce[6]$_DFFE_PN0P_/QN                320.00  355.59  -35.59 (VIOLATED)
_764400_/A1                           320.00  355.59  -35.59 (VIOLATED)
coef_q[137]$_DFFE_PN0P_/RESETN        320.00  355.57  -35.57 (VIOLATED)
_744877_/A                            320.00  355.56  -35.56 (VIOLATED)
coef_q[145]$_DFFE_PN0P_/RESETN        320.00  355.54  -35.54 (VIOLATED)
a_sym[23][6]$_DFFE_PN0P_/RESETN       320.00  355.48  -35.48 (VIOLATED)
m_ce[17]$_DFFE_PN0P_/QN               320.00  355.47  -35.47 (VIOLATED)
place67464/A                          320.00  355.45  -35.45 (VIOLATED)
coef_q[185]$_DFFE_PN0P_/RESETN        320.00  355.43  -35.43 (VIOLATED)
in_data_q[70]$_DFFE_PN0P_/QN          320.00  355.36  -35.36 (VIOLATED)
coef_q[177]$_DFFE_PN0P_/RESETN        320.00  355.36  -35.36 (VIOLATED)
_764128_/A                            320.00  355.36  -35.36 (VIOLATED)
_764433_/B2                           320.00  355.35  -35.35 (VIOLATED)
_764454_/A                            320.00  355.31  -35.31 (VIOLATED)
_761528_/A1                           320.00  355.31  -35.31 (VIOLATED)
_763466_/C                            320.00  355.30  -35.30 (VIOLATED)
_764552_/B2                           320.00  355.30  -35.30 (VIOLATED)
_744887_/A                            320.00  355.30  -35.30 (VIOLATED)
_761386_/A1                           320.00  355.30  -35.30 (VIOLATED)
_761724_/B                            320.00  355.28  -35.28 (VIOLATED)
_719685_/B                            320.00  355.28  -35.28 (VIOLATED)
_748073_/A                            320.00  355.23  -35.23 (VIOLATED)
_760163_/A1                           320.00  355.22  -35.22 (VIOLATED)
_748128_/A                            320.00  355.21  -35.21 (VIOLATED)
_669317_/B                            320.00  355.19  -35.19 (VIOLATED)
_756040_/A2                           320.00  355.19  -35.19 (VIOLATED)
coef_q[26]$_DFFE_PN0P_/RESETN         320.00  355.17  -35.17 (VIOLATED)
part_q[68][2]$_DFFE_PP_/QN            320.00  355.11  -35.11 (VIOLATED)
_759113_/A1                           320.00  355.10  -35.10 (VIOLATED)
rdata_q[6446]$_DFFE_PP_/QN            320.00  355.10  -35.10 (VIOLATED)
_760750_/A1                           320.00  355.09  -35.09 (VIOLATED)
_750057_/B                            320.00  355.08  -35.08 (VIOLATED)
rdata_q[7436]$_DFFE_PP_/QN            320.00  355.08  -35.08 (VIOLATED)
place67610/A                          320.00  355.08  -35.08 (VIOLATED)
_760646_/A1                           320.00  355.07  -35.07 (VIOLATED)
_624208_/A                            320.00  355.00  -35.00 (VIOLATED)
coef_q[50]$_DFFE_PN0P_/RESETN         320.00  354.99  -34.99 (VIOLATED)
_624209_/A                            320.00  354.97  -34.97 (VIOLATED)
_762209_/A                            320.00  354.97  -34.97 (VIOLATED)
_760701_/A1                           320.00  354.95  -34.95 (VIOLATED)
_744897_/A                            320.00  354.94  -34.94 (VIOLATED)
_744888_/A                            320.00  354.93  -34.93 (VIOLATED)
_760946_/Y                            320.00  354.93  -34.93 (VIOLATED)
_760968_/B                            320.00  354.93  -34.93 (VIOLATED)
_760975_/B                            320.00  354.93  -34.93 (VIOLATED)
_760981_/B                            320.00  354.93  -34.93 (VIOLATED)
_744886_/A                            320.00  354.93  -34.93 (VIOLATED)
_751903_/A1                           320.00  354.91  -34.91 (VIOLATED)
_751479_/A1                           320.00  354.90  -34.90 (VIOLATED)
_759112_/B                            320.00  354.90  -34.90 (VIOLATED)
_772366_/A                            320.00  354.88  -34.88 (VIOLATED)
_744883_/A                            320.00  354.88  -34.88 (VIOLATED)
_744895_/A                            320.00  354.85  -34.85 (VIOLATED)
a_sym[11][6]$_DFFE_PN0P_/RESETN       320.00  354.83  -34.83 (VIOLATED)
_754338_/A1                           320.00  354.83  -34.83 (VIOLATED)
in_data_q[125]$_DFFE_PN0P_/QN         320.00  354.82  -34.82 (VIOLATED)
a_sym[13][7]$_DFFE_PN0P_/RESETN       320.00  354.81  -34.81 (VIOLATED)
_605359_/B                            320.00  354.79  -34.79 (VIOLATED)
_772347_/Y                            320.00  354.76  -34.76 (VIOLATED)
_764291_/A1                           320.00  354.75  -34.75 (VIOLATED)
_756925_/A1                           320.00  354.74  -34.74 (VIOLATED)
_764333_/B2                           320.00  354.72  -34.72 (VIOLATED)
rdata_q[6134]$_DFFE_PP_/QN            320.00  354.72  -34.72 (VIOLATED)
_761391_/A1                           320.00  354.71  -34.71 (VIOLATED)
a_sym[19][7]$_DFFE_PN0P_/RESETN       320.00  354.71  -34.71 (VIOLATED)
_744892_/A                            320.00  354.70  -34.70 (VIOLATED)
coef_q[58]$_DFFE_PN0P_/RESETN         320.00  354.67  -34.67 (VIOLATED)
_766398_/A                            320.00  354.67  -34.67 (VIOLATED)
_624210_/A                            320.00  354.67  -34.67 (VIOLATED)
_764246_/A1                           320.00  354.66  -34.66 (VIOLATED)
_759742_/B                            320.00  354.64  -34.64 (VIOLATED)
_760522_/A1                           320.00  354.61  -34.61 (VIOLATED)
a_sym[6][6]$_DFFE_PN0P_/QN            320.00  354.59  -34.59 (VIOLATED)
a_sym[4][1]$_DFFE_PN0P_/QN            320.00  354.59  -34.59 (VIOLATED)
_751898_/A1                           320.00  354.59  -34.59 (VIOLATED)
_747695_/A                            320.00  354.52  -34.52 (VIOLATED)
_747563_/A                            320.00  354.51  -34.51 (VIOLATED)
place68057/A                          320.00  354.46  -34.46 (VIOLATED)
part_q[63][0]$_DFFE_PP_/D             320.00  354.44  -34.44 (VIOLATED)
_763598_/C                            320.00  354.43  -34.43 (VIOLATED)
_760466_/A1                           320.00  354.42  -34.42 (VIOLATED)
_767995_/A                            320.00  354.41  -34.41 (VIOLATED)
_763533_/A1                           320.00  354.41  -34.41 (VIOLATED)
_752243_/A1                           320.00  354.37  -34.37 (VIOLATED)
_764070_/A1                           320.00  354.27  -34.27 (VIOLATED)
_771609_/A                            320.00  354.27  -34.27 (VIOLATED)
_744896_/A                            320.00  354.27  -34.27 (VIOLATED)
_753814_/B                            320.00  354.27  -34.27 (VIOLATED)
_753815_/A2                           320.00  354.26  -34.26 (VIOLATED)
a_sym[10][6]$_DFFE_PN0P_/RESETN       320.00  354.26  -34.26 (VIOLATED)
_747574_/A                            320.00  354.25  -34.25 (VIOLATED)
_763459_/B                            320.00  354.25  -34.25 (VIOLATED)
_744732_/B                            320.00  354.24  -34.24 (VIOLATED)
_744894_/A                            320.00  354.21  -34.21 (VIOLATED)
_759354_/A                            320.00  354.20  -34.20 (VIOLATED)
_624211_/A                            320.00  354.19  -34.19 (VIOLATED)
place68538/A                          320.00  354.19  -34.19 (VIOLATED)
_760021_/A                            320.00  354.18  -34.18 (VIOLATED)
_759293_/A                            320.00  354.18  -34.18 (VIOLATED)
_764181_/A                            320.00  354.17  -34.17 (VIOLATED)
_747578_/A                            320.00  354.15  -34.15 (VIOLATED)
_744875_/A                            320.00  354.12  -34.12 (VIOLATED)
_763337_/B                            320.00  354.12  -34.12 (VIOLATED)
_747637_/A                            320.00  354.09  -34.09 (VIOLATED)
_768336_/A1                           320.00  354.07  -34.07 (VIOLATED)
_759729_/Y                            320.00  354.05  -34.05 (VIOLATED)
_748120_/A                            320.00  354.00  -34.00 (VIOLATED)
_763457_/A1                           320.00  353.95  -33.95 (VIOLATED)
_747655_/A                            320.00  353.95  -33.95 (VIOLATED)
_760351_/A1                           320.00  353.94  -33.94 (VIOLATED)
place68807/A                          320.00  353.93  -33.93 (VIOLATED)
coef_q[150]$_DFFE_PN0P_/RESETN        320.00  353.88  -33.88 (VIOLATED)
_744893_/A                            320.00  353.88  -33.88 (VIOLATED)
_754614_/A1                           320.00  353.88  -33.88 (VIOLATED)
_767991_/A                            320.00  353.88  -33.88 (VIOLATED)
place68805/A                          320.00  353.87  -33.87 (VIOLATED)
_747590_/A                            320.00  353.80  -33.80 (VIOLATED)
_747592_/A                            320.00  353.80  -33.80 (VIOLATED)
_757015_/A1                           320.00  353.80  -33.80 (VIOLATED)
_762093_/B                            320.00  353.78  -33.78 (VIOLATED)
_750017_/B                            320.00  353.78  -33.78 (VIOLATED)
_762101_/B                            320.00  353.77  -33.77 (VIOLATED)
_763332_/B                            320.00  353.75  -33.75 (VIOLATED)
a_sym[13][6]$_DFFE_PN0P_/RESETN       320.00  353.71  -33.71 (VIOLATED)
place67585/A                          320.00  353.70  -33.70 (VIOLATED)
a_sym[3][6]$_DFFE_PN0P_/RESETN        320.00  353.69  -33.69 (VIOLATED)
_758160_/B                            320.00  353.67  -33.67 (VIOLATED)
part_q[21][0]$_DFFE_PP_/QN            320.00  353.67  -33.67 (VIOLATED)
_747647_/A                            320.00  353.65  -33.65 (VIOLATED)
_747553_/A                            320.00  353.60  -33.60 (VIOLATED)
_747565_/A                            320.00  353.60  -33.60 (VIOLATED)
place66351/A                          320.00  353.59  -33.59 (VIOLATED)
place67985/A                          320.00  353.54  -33.54 (VIOLATED)
in_data_q[123]$_DFFE_PN0P_/QN         320.00  353.53  -33.53 (VIOLATED)
_762150_/B                            320.00  353.52  -33.52 (VIOLATED)
part_q[35][16]$_DFFE_PP_/QN           320.00  353.49  -33.49 (VIOLATED)
_624212_/A                            320.00  353.49  -33.49 (VIOLATED)
in_data_q[55]$_DFFE_PN0P_/QN          320.00  353.49  -33.49 (VIOLATED)
rdata_q[6685]$_DFFE_PP_/QN            320.00  353.44  -33.44 (VIOLATED)
_627825_/A                            320.00  353.41  -33.41 (VIOLATED)
a_sym[10][7]$_DFFE_PN0P_/RESETN       320.00  353.36  -33.36 (VIOLATED)
coef_q[41]$_DFFE_PN0P_/RESETN         320.00  353.35  -33.35 (VIOLATED)
_747651_/A                            320.00  353.30  -33.30 (VIOLATED)
_763462_/C                            320.00  353.28  -33.28 (VIOLATED)
rdata_q[3344]$_DFFE_PP_/QN            320.00  353.27  -33.27 (VIOLATED)
_744900_/A                            320.00  353.27  -33.27 (VIOLATED)
_762142_/B                            320.00  353.25  -33.25 (VIOLATED)
_751483_/B                            320.00  353.22  -33.22 (VIOLATED)
_718788_/B                            320.00  353.21  -33.21 (VIOLATED)
coef_q[42]$_DFFE_PN0P_/RESETN         320.00  353.19  -33.19 (VIOLATED)
wire18339/A                           320.00  353.19  -33.19 (VIOLATED)
_745143_/B                            320.00  353.19  -33.19 (VIOLATED)
rdata_q[6350]$_DFFE_PP_/QN            320.00  353.18  -33.18 (VIOLATED)
part_q[51][4]$_DFFE_PP_/QN            320.00  353.12  -33.12 (VIOLATED)
_756037_/A2                           320.00  353.11  -33.11 (VIOLATED)
_746902_/A                            320.00  353.09  -33.09 (VIOLATED)
place67843/A                          320.00  353.07  -33.07 (VIOLATED)
in_data_q[67]$_DFFE_PN0P_/QN          320.00  353.06  -33.06 (VIOLATED)
m_ce[4]$_DFFE_PN0P_/QN                320.00  353.06  -33.06 (VIOLATED)
_764162_/A1                           320.00  353.05  -33.05 (VIOLATED)
_764064_/A1                           320.00  352.99  -32.99 (VIOLATED)
a_sym[2][7]$_DFFE_PN0P_/RESETN        320.00  352.94  -32.94 (VIOLATED)
a_sym[10][0]$_DFFE_PN0P_/RESETN       320.00  352.92  -32.92 (VIOLATED)
_690202_/B                            320.00  352.92  -32.92 (VIOLATED)
rdata_q[3170]$_DFFE_PP_/QN            320.00  352.91  -32.91 (VIOLATED)
_719501_/B                            320.00  352.90  -32.90 (VIOLATED)
_690214_/B                            320.00  352.88  -32.88 (VIOLATED)
in_data_q[94]$_DFFE_PN0P_/QN          320.00  352.88  -32.88 (VIOLATED)
_762873_/B2                           320.00  352.85  -32.85 (VIOLATED)
_739246_/A                            320.00  352.81  -32.81 (VIOLATED)
_767992_/A1                           320.00  352.74  -32.74 (VIOLATED)
_739172_/A                            320.00  352.72  -32.72 (VIOLATED)
a_sym[18][7]$_DFFE_PN0P_/RESETN       320.00  352.71  -32.71 (VIOLATED)
coef_q[134]$_DFFE_PN0P_/RESETN        320.00  352.70  -32.70 (VIOLATED)
_739073_/A                            320.00  352.70  -32.70 (VIOLATED)
coef_q[57]$_DFFE_PN0P_/RESETN         320.00  352.68  -32.68 (VIOLATED)
part_q[4][15]$_DFFE_PP_/QN            320.00  352.63  -32.63 (VIOLATED)
_750754_/B                            320.00  352.61  -32.61 (VIOLATED)
place66880/A                          320.00  352.57  -32.57 (VIOLATED)
_747681_/A                            320.00  352.54  -32.54 (VIOLATED)
_762117_/B                            320.00  352.54  -32.54 (VIOLATED)
_759388_/A                            320.00  352.50  -32.50 (VIOLATED)
place67295/Y                          320.00  352.50  -32.50 (VIOLATED)
coef_q[161]$_DFFE_PN0P_/RESETN        320.00  352.50  -32.50 (VIOLATED)
_762126_/B                            320.00  352.48  -32.48 (VIOLATED)
_624213_/A                            320.00  352.48  -32.48 (VIOLATED)
_771632_/A                            320.00  352.48  -32.48 (VIOLATED)
_605362_/B                            320.00  352.46  -32.46 (VIOLATED)
place67734/A                          320.00  352.40  -32.40 (VIOLATED)
_762284_/A                            320.00  352.36  -32.36 (VIOLATED)
_762109_/B                            320.00  352.35  -32.35 (VIOLATED)
_762134_/B                            320.00  352.34  -32.34 (VIOLATED)
_756196_/A1                           320.00  352.28  -32.28 (VIOLATED)
place66612/A                          320.00  352.24  -32.24 (VIOLATED)
_767997_/A                            320.00  352.23  -32.23 (VIOLATED)
rdata_q[5965]$_DFFE_PP_/QN            320.00  352.23  -32.23 (VIOLATED)
_748331_/A                            320.00  352.20  -32.20 (VIOLATED)
a_sym[14][7]$_DFFE_PN0P_/RESETN       320.00  352.16  -32.16 (VIOLATED)
_768341_/C                            320.00  352.15  -32.15 (VIOLATED)
_756036_/B                            320.00  352.11  -32.11 (VIOLATED)
_767998_/A1                           320.00  352.09  -32.09 (VIOLATED)
_766347_/A2                           320.00  352.05  -32.05 (VIOLATED)
_759389_/A1                           320.00  352.03  -32.03 (VIOLATED)
_759512_/A1                           320.00  352.03  -32.03 (VIOLATED)
_672409_/A                            320.00  352.02  -32.02 (VIOLATED)
_863132_/A                            320.00  352.00  -32.00 (VIOLATED)
rdata_q[2616]$_DFFE_PP_/QN            320.00  351.99  -31.99 (VIOLATED)
_744961_/A                            320.00  351.95  -31.95 (VIOLATED)
_748103_/A                            320.00  351.91  -31.91 (VIOLATED)
_762164_/A                            320.00  351.90  -31.90 (VIOLATED)
_769760_/A                            320.00  351.87  -31.87 (VIOLATED)
_756007_/A1                           320.00  351.80  -31.80 (VIOLATED)
_745995_/B                            320.00  351.73  -31.73 (VIOLATED)
_624214_/A                            320.00  351.72  -31.72 (VIOLATED)
_761265_/A2                           320.00  351.70  -31.70 (VIOLATED)
_756192_/A1                           320.00  351.69  -31.69 (VIOLATED)
_764515_/B                            320.00  351.65  -31.65 (VIOLATED)
_585941_/A                            320.00  351.64  -31.64 (VIOLATED)
_747580_/A                            320.00  351.63  -31.63 (VIOLATED)
_762091_/Y                            320.00  351.60  -31.60 (VIOLATED)
_753784_/B2                           320.00  351.59  -31.59 (VIOLATED)
_750738_/B                            320.00  351.58  -31.58 (VIOLATED)
coef_q[125]$_DFFE_PN0P_/RESETN        320.00  351.57  -31.57 (VIOLATED)
place69038/A                          320.00  351.49  -31.49 (VIOLATED)
_763634_/A2                           320.00  351.44  -31.44 (VIOLATED)
a_sym[1][6]$_DFFE_PN0P_/RESETN        320.00  351.44  -31.44 (VIOLATED)
place68473/A                          320.00  351.44  -31.44 (VIOLATED)
_763756_/A2                           320.00  351.44  -31.44 (VIOLATED)
a_sym[18][6]$_DFFE_PN0P_/RESETN       320.00  351.43  -31.43 (VIOLATED)
_763695_/A2                           320.00  351.42  -31.42 (VIOLATED)
_749717_/B                            320.00  351.42  -31.42 (VIOLATED)
_763576_/A2                           320.00  351.42  -31.42 (VIOLATED)
a_sym[18][0]$_DFFE_PN0P_/RESETN       320.00  351.37  -31.37 (VIOLATED)
_763582_/A2                           320.00  351.34  -31.34 (VIOLATED)
part_q[37][8]$_DFFE_PP_/QN            320.00  351.33  -31.33 (VIOLATED)
a_sym[22][7]$_DFFE_PN0P_/RESETN       320.00  351.32  -31.32 (VIOLATED)
_753505_/B2                           320.00  351.31  -31.31 (VIOLATED)
_772840_/A                            320.00  351.28  -31.28 (VIOLATED)
_764038_/A1                           320.00  351.26  -31.26 (VIOLATED)
_714478_/B                            320.00  351.26  -31.26 (VIOLATED)
_747567_/A                            320.00  351.25  -31.25 (VIOLATED)
rdata_q[4583]$_DFFE_PP_/QN            320.00  351.23  -31.23 (VIOLATED)
_748143_/A                            320.00  351.22  -31.22 (VIOLATED)
_689315_/B                            320.00  351.22  -31.22 (VIOLATED)
place68928/A                          320.00  351.22  -31.22 (VIOLATED)
_748077_/A                            320.00  351.18  -31.18 (VIOLATED)
_744878_/B                            320.00  351.18  -31.18 (VIOLATED)
rdata_q[5652]$_DFFE_PP_/QN            320.00  351.17  -31.17 (VIOLATED)
_747687_/A                            320.00  351.16  -31.16 (VIOLATED)
rdata_q[6436]$_DFFE_PP_/QN            320.00  351.15  -31.15 (VIOLATED)
_747731_/B                            320.00  351.12  -31.12 (VIOLATED)
_748076_/A                            320.00  351.12  -31.12 (VIOLATED)
_481687_/A                            320.00  351.09  -31.09 (VIOLATED)
_747689_/A                            320.00  351.09  -31.09 (VIOLATED)
coef_q[117]$_DFFE_PN0P_/RESETN        320.00  351.04  -31.04 (VIOLATED)
_721029_/B                            320.00  351.03  -31.03 (VIOLATED)
_605548_/B                            320.00  351.00  -31.00 (VIOLATED)
_772713_/A                            320.00  351.00  -31.00 (VIOLATED)
_747693_/A                            320.00  351.00  -31.00 (VIOLATED)
_748129_/A                            320.00  350.96  -30.96 (VIOLATED)
_764003_/A1                           320.00  350.93  -30.93 (VIOLATED)
_638607_/A                            320.00  350.91  -30.91 (VIOLATED)
_759257_/A1                           320.00  350.91  -30.91 (VIOLATED)
place67612/A                          320.00  350.89  -30.89 (VIOLATED)
_638610_/A                            320.00  350.84  -30.84 (VIOLATED)
rdata_q[6365]$_DFFE_PP_/QN            320.00  350.83  -30.84 (VIOLATED)
_770405_/A1                           320.00  350.82  -30.82 (VIOLATED)
coef_q[33]$_DFFE_PN0P_/RESETN         320.00  350.82  -30.82 (VIOLATED)
_766259_/A                            320.00  350.82  -30.82 (VIOLATED)
place69002/A                          320.00  350.78  -30.78 (VIOLATED)
_763701_/A2                           320.00  350.78  -30.78 (VIOLATED)
_719489_/B                            320.00  350.76  -30.76 (VIOLATED)
_743795_/A                            320.00  350.76  -30.76 (VIOLATED)
_770116_/C                            320.00  350.75  -30.75 (VIOLATED)
_750757_/B                            320.00  350.74  -30.74 (VIOLATED)
_743604_/A                            320.00  350.74  -30.74 (VIOLATED)
_767957_/A1                           320.00  350.71  -30.71 (VIOLATED)
_765145_/B                            320.00  350.71  -30.71 (VIOLATED)
_747758_/B                            320.00  350.70  -30.70 (VIOLATED)
_767956_/A                            320.00  350.70  -30.70 (VIOLATED)
_743642_/A                            320.00  350.69  -30.69 (VIOLATED)
_764494_/A                            320.00  350.69  -30.69 (VIOLATED)
_748155_/A                            320.00  350.67  -30.67 (VIOLATED)
_743548_/A                            320.00  350.65  -30.65 (VIOLATED)
in_data_q[128]$_DFFE_PN0P_/QN         320.00  350.62  -30.62 (VIOLATED)
_747569_/A                            320.00  350.62  -30.62 (VIOLATED)
place67210/A                          320.00  350.62  -30.62 (VIOLATED)
_764423_/A1                           320.00  350.60  -30.60 (VIOLATED)
_743606_/A                            320.00  350.57  -30.57 (VIOLATED)
_764029_/B2                           320.00  350.56  -30.56 (VIOLATED)
_767960_/A1                           320.00  350.55  -30.55 (VIOLATED)
_638613_/A                            320.00  350.52  -30.52 (VIOLATED)
_744536_/B                            320.00  350.52  -30.52 (VIOLATED)
_749894_/B                            320.00  350.51  -30.51 (VIOLATED)
rdata_q[3017]$_DFFE_PP_/QN            320.00  350.51  -30.51 (VIOLATED)
_745834_/B                            320.00  350.46  -30.46 (VIOLATED)
_747559_/A                            320.00  350.43  -30.43 (VIOLATED)
_743659_/A                            320.00  350.42  -30.42 (VIOLATED)
_767540_/A1                           320.00  350.41  -30.41 (VIOLATED)
_744940_/A                            320.00  350.39  -30.39 (VIOLATED)
_752240_/A1                           320.00  350.38  -30.38 (VIOLATED)
_764063_/B2                           320.00  350.37  -30.37 (VIOLATED)
_743543_/A                            320.00  350.36  -30.36 (VIOLATED)
_748169_/A                            320.00  350.35  -30.35 (VIOLATED)
_767959_/A                            320.00  350.32  -30.32 (VIOLATED)
_748082_/A                            320.00  350.32  -30.32 (VIOLATED)
_746349_/B                            320.00  350.30  -30.30 (VIOLATED)
_746526_/B                            320.00  350.29  -30.29 (VIOLATED)
part_q[63][10]$_DFFE_PP_/QN           320.00  350.29  -30.29 (VIOLATED)
_747555_/A                            320.00  350.27  -30.27 (VIOLATED)
in_data_q[91]$_DFFE_PN0P_/QN          320.00  350.26  -30.26 (VIOLATED)
_745837_/B                            320.00  350.24  -30.24 (VIOLATED)
_743531_/A                            320.00  350.21  -30.21 (VIOLATED)
a_sym[6][1]$_DFFE_PN0P_/QN            320.00  350.19  -30.19 (VIOLATED)
rdata_q[5961]$_DFFE_PP_/QN            320.00  350.18  -30.18 (VIOLATED)
_763644_/A2                           320.00  350.18  -30.18 (VIOLATED)
_772296_/Y                            320.00  350.18  -30.18 (VIOLATED)
_746172_/B                            320.00  350.16  -30.16 (VIOLATED)
_759186_/A1                           320.00  350.13  -30.13 (VIOLATED)
_638616_/A                            320.00  350.12  -30.12 (VIOLATED)
_759410_/A                            320.00  350.11  -30.11 (VIOLATED)
_748102_/A                            320.00  350.09  -30.09 (VIOLATED)
place67461/A                          320.00  350.08  -30.08 (VIOLATED)
_760011_/A                            320.00  350.04  -30.04 (VIOLATED)
_748096_/A                            320.00  350.04  -30.04 (VIOLATED)
in_data_q[116]$_DFFE_PN0P_/QN         320.00  350.01  -30.01 (VIOLATED)
_741157_/B                            320.00  350.00  -30.00 (VIOLATED)
_764535_/A1                           320.00  349.98  -29.98 (VIOLATED)
_624215_/A                            320.00  349.97  -29.97 (VIOLATED)
_752562_/A1                           320.00  349.92  -29.92 (VIOLATED)
_747641_/A                            320.00  349.91  -29.91 (VIOLATED)
_767962_/A                            320.00  349.91  -29.91 (VIOLATED)
_767963_/A1                           320.00  349.89  -29.89 (VIOLATED)
_747697_/A                            320.00  349.88  -29.88 (VIOLATED)
_764927_/B                            320.00  349.87  -29.87 (VIOLATED)
_767964_/A                            320.00  349.86  -29.86 (VIOLATED)
_773029_/A                            320.00  349.85  -29.85 (VIOLATED)
_765046_/B                            320.00  349.84  -29.84 (VIOLATED)
_767965_/A1                           320.00  349.83  -29.83 (VIOLATED)
_763762_/A2                           320.00  349.82  -29.82 (VIOLATED)
_748098_/A                            320.00  349.81  -29.81 (VIOLATED)
_747586_/A                            320.00  349.79  -29.79 (VIOLATED)
_764472_/A                            320.00  349.76  -29.76 (VIOLATED)
_747685_/A                            320.00  349.75  -29.75 (VIOLATED)
_766353_/A2                           320.00  349.71  -29.71 (VIOLATED)
_744927_/A                            320.00  349.71  -29.71 (VIOLATED)
_739156_/A                            320.00  349.71  -29.71 (VIOLATED)
_745050_/A                            320.00  349.69  -29.69 (VIOLATED)
_744942_/A                            320.00  349.69  -29.69 (VIOLATED)
_739211_/A                            320.00  349.68  -29.68 (VIOLATED)
_743663_/A                            320.00  349.68  -29.68 (VIOLATED)
_743695_/A                            320.00  349.66  -29.66 (VIOLATED)
coef_q[196]$_DFFE_PN0P_/RESETN        320.00  349.62  -29.62 (VIOLATED)
place66669/A                          320.00  349.61  -29.61 (VIOLATED)
rdata_q[6444]$_DFFE_PP_/QN            320.00  349.61  -29.61 (VIOLATED)
coef_q[81]$_DFFE_PN0P_/RESETN         320.00  349.57  -29.57 (VIOLATED)
coef_q[192]$_DFFE_PN0P_/RESETN        320.00  349.56  -29.56 (VIOLATED)
_746011_/B                            320.00  349.51  -29.51 (VIOLATED)
coef_q[65]$_DFFE_PN0P_/RESETN         320.00  349.49  -29.49 (VIOLATED)
_762396_/A                            320.00  349.49  -29.49 (VIOLATED)
_767728_/A                            320.00  349.47  -29.47 (VIOLATED)
coef_q[77]$_DFFE_PN0P_/RESETN         320.00  349.47  -29.47 (VIOLATED)
a_sym[5][7]$_DFFE_PN0P_/RESETN        320.00  349.47  -29.47 (VIOLATED)
coef_q[16]$_DFFE_PN0P_/RESETN         320.00  349.46  -29.46 (VIOLATED)
coef_q[21]$_DFFE_PN0P_/RESETN         320.00  349.43  -29.43 (VIOLATED)
_638619_/A                            320.00  349.40  -29.40 (VIOLATED)
_762459_/A                            320.00  349.40  -29.40 (VIOLATED)
_747639_/A                            320.00  349.35  -29.35 (VIOLATED)
_747683_/A                            320.00  349.35  -29.35 (VIOLATED)
rdata_q[3176]$_DFFE_PP_/QN            320.00  349.33  -29.33 (VIOLATED)
coef_q[113]$_DFFE_PN0P_/RESETN        320.00  349.30  -29.30 (VIOLATED)
_746014_/B                            320.00  349.29  -29.29 (VIOLATED)
coef_q[82]$_DFFE_PN0P_/RESETN         320.00  349.28  -29.28 (VIOLATED)
coef_q[109]$_DFFE_PN0P_/RESETN        320.00  349.28  -29.28 (VIOLATED)
_747561_/A                            320.00  349.27  -29.27 (VIOLATED)
coef_q[8]$_DFFE_PN0P_/RESETN          320.00  349.23  -29.23 (VIOLATED)
rdata_q[7679]$_DFFE_PP_/QN            320.00  349.22  -29.22 (VIOLATED)
_752909_/A2                           320.00  349.21  -29.21 (VIOLATED)
_507761_/A                            320.00  349.21  -29.21 (VIOLATED)
a_sym[6][7]$_DFFE_PN0P_/RESETN        320.00  349.20  -29.20 (VIOLATED)
_770008_/C                            320.00  349.20  -29.20 (VIOLATED)
coef_q[80]$_DFFE_PN0P_/RESETN         320.00  349.18  -29.18 (VIOLATED)
coef_q[197]$_DFFE_PN0P_/RESETN        320.00  349.18  -29.18 (VIOLATED)
_746930_/A                            320.00  349.16  -29.16 (VIOLATED)
coef_q[198]$_DFFE_PN0P_/RESETN        320.00  349.14  -29.14 (VIOLATED)
_638622_/A                            320.00  349.09  -29.09 (VIOLATED)
_754897_/A1                           320.00  349.09  -29.09 (VIOLATED)
_770396_/C                            320.00  349.08  -29.08 (VIOLATED)
coef_q[12]$_DFFE_PN0P_/RESETN         320.00  349.08  -29.08 (VIOLATED)
hv_q[4]$_DFFE_PN0P_/RESETN            320.00  349.07  -29.07 (VIOLATED)
_762275_/A                            320.00  349.06  -29.06 (VIOLATED)
_843623_/A                            320.00  349.05  -29.05 (VIOLATED)
_720436_/B                            320.00  349.05  -29.05 (VIOLATED)
_767730_/A1                           320.00  349.05  -29.05 (VIOLATED)
_768941_/C                            320.00  349.03  -29.03 (VIOLATED)
_759120_/A1                           320.00  349.01  -29.01 (VIOLATED)
rdata_q[4217]$_DFFE_PP_/QN            320.00  349.01  -29.01 (VIOLATED)
place67552/A                          320.00  349.00  -29.00 (VIOLATED)
coef_q[194]$_DFFE_PN0P_/RESETN        320.00  348.99  -28.99 (VIOLATED)
_748224_/A                            320.00  348.98  -28.98 (VIOLATED)
_640502_/B                            320.00  348.97  -28.97 (VIOLATED)
_743785_/A                            320.00  348.96  -28.96 (VIOLATED)
coef_q[84]$_DFFE_PN0P_/RESETN         320.00  348.95  -28.95 (VIOLATED)
_486864_/Y                            320.00  348.95  -28.95 (VIOLATED)
_748095_/A                            320.00  348.93  -28.93 (VIOLATED)
coef_q[76]$_DFFE_PN0P_/RESETN         320.00  348.92  -28.92 (VIOLATED)
_759886_/A                            320.00  348.85  -28.85 (VIOLATED)
_750050_/B                            320.00  348.85  -28.85 (VIOLATED)
_748171_/A                            320.00  348.82  -28.82 (VIOLATED)
rdata_q[6355]$_DFFE_PP_/QN            320.00  348.82  -28.82 (VIOLATED)
_759822_/A                            320.00  348.80  -28.80 (VIOLATED)
coef_q[199]$_DFFE_PN0P_/RESETN        320.00  348.80  -28.80 (VIOLATED)
coef_q[49]$_DFFE_PN0P_/RESETN         320.00  348.77  -28.77 (VIOLATED)
coef_q[73]$_DFFE_PN0P_/RESETN         320.00  348.76  -28.76 (VIOLATED)
_730809_/B                            320.00  348.75  -28.75 (VIOLATED)
place68650/A                          320.00  348.74  -28.74 (VIOLATED)
_759586_/A                            320.00  348.74  -28.74 (VIOLATED)
coef_q[89]$_DFFE_PN0P_/RESETN         320.00  348.73  -28.73 (VIOLATED)
_665733_/A                            320.00  348.72  -28.72 (VIOLATED)
coef_q[39]$_DFFE_PN0P_/RESETN         320.00  348.68  -28.68 (VIOLATED)
coef_q[28]$_DFFE_PN0P_/RESETN         320.00  348.68  -28.68 (VIOLATED)
coef_q[114]$_DFFE_PN0P_/RESETN        320.00  348.63  -28.63 (VIOLATED)
_747691_/A                            320.00  348.62  -28.62 (VIOLATED)
a_sym[5][4]$_DFFE_PN0P_/QN            320.00  348.61  -28.61 (VIOLATED)
_754368_/A2                           320.00  348.54  -28.54 (VIOLATED)
coef_q[97]$_DFFE_PN0P_/RESETN         320.00  348.54  -28.54 (VIOLATED)
part_q[37][13]$_DFFE_PP_/QN           320.00  348.53  -28.53 (VIOLATED)
a_sym[14][6]$_DFFE_PN0P_/RESETN       320.00  348.51  -28.51 (VIOLATED)
_531019_/Y                            320.00  348.48  -28.48 (VIOLATED)
rdata_q[3012]$_DFFE_PP_/QN            320.00  348.44  -28.44 (VIOLATED)
coef_q[72]$_DFFE_PN0P_/RESETN         320.00  348.42  -28.42 (VIOLATED)
_746888_/A                            320.00  348.39  -28.39 (VIOLATED)
_743686_/A                            320.00  348.38  -28.38 (VIOLATED)
coef_q[121]$_DFFE_PN0P_/RESETN        320.00  348.38  -28.38 (VIOLATED)
_743577_/A                            320.00  348.37  -28.37 (VIOLATED)
coef_q[60]$_DFFE_PN0P_/RESETN         320.00  348.34  -28.34 (VIOLATED)
_743919_/B                            320.00  348.27  -28.27 (VIOLATED)
_744096_/B                            320.00  348.25  -28.25 (VIOLATED)
coef_q[195]$_DFFE_PN0P_/RESETN        320.00  348.24  -28.24 (VIOLATED)
_763977_/A1                           320.00  348.19  -28.19 (VIOLATED)
_477174_/A                            320.00  348.18  -28.18 (VIOLATED)
_767515_/A1                           320.00  348.17  -28.17 (VIOLATED)
_823737_/A                            320.00  348.10  -28.10 (VIOLATED)
_604802_/B                            320.00  348.05  -28.05 (VIOLATED)
coef_q[52]$_DFFE_PN0P_/RESETN         320.00  348.03  -28.03 (VIOLATED)
_638625_/A                            320.00  348.03  -28.03 (VIOLATED)
coef_q[112]$_DFFE_PN0P_/RESETN        320.00  348.03  -28.03 (VIOLATED)
_772691_/A                            320.00  348.00  -28.00 (VIOLATED)
coef_q[193]$_DFFE_PN0P_/RESETN        320.00  348.00  -28.00 (VIOLATED)
part_q[3][1]$_DFFE_PP_/QN             320.00  347.96  -27.96 (VIOLATED)
place61381/Y                          320.00  347.94  -27.94 (VIOLATED)
_764018_/A1                           320.00  347.89  -27.89 (VIOLATED)
coef_q[85]$_DFFE_PN0P_/RESETN         320.00  347.87  -27.87 (VIOLATED)
_743640_/A                            320.00  347.86  -27.86 (VIOLATED)
_743617_/A                            320.00  347.84  -27.84 (VIOLATED)
_743906_/B                            320.00  347.82  -27.82 (VIOLATED)
_743676_/A                            320.00  347.81  -27.81 (VIOLATED)
place67851/A                          320.00  347.81  -27.81 (VIOLATED)
_743682_/A                            320.00  347.81  -27.81 (VIOLATED)
_750085_/B                            320.00  347.78  -27.78 (VIOLATED)
_624216_/A                            320.00  347.76  -27.76 (VIOLATED)
_744083_/B                            320.00  347.75  -27.75 (VIOLATED)
_517418_/A                            320.00  347.69  -27.69 (VIOLATED)
_651234_/B                            320.00  347.59  -27.59 (VIOLATED)
coef_q[93]$_DFFE_PN0P_/RESETN         320.00  347.54  -27.54 (VIOLATED)
_762352_/B                            320.00  347.50  -27.50 (VIOLATED)
_762343_/B                            320.00  347.50  -27.50 (VIOLATED)
_759542_/A                            320.00  347.47  -27.47 (VIOLATED)
_759841_/A                            320.00  347.45  -27.45 (VIOLATED)
_759785_/A                            320.00  347.44  -27.44 (VIOLATED)
_765256_/B                            320.00  347.41  -27.41 (VIOLATED)
_762395_/B                            320.00  347.36  -27.36 (VIOLATED)
_767725_/A                            320.00  347.35  -27.35 (VIOLATED)
_764441_/A                            320.00  347.32  -27.32 (VIOLATED)
_748106_/A                            320.00  347.27  -27.27 (VIOLATED)
_638628_/A                            320.00  347.23  -27.23 (VIOLATED)
_766395_/A                            320.00  347.21  -27.21 (VIOLATED)
_695491_/B                            320.00  347.18  -27.18 (VIOLATED)
_743354_/A                            320.00  347.18  -27.18 (VIOLATED)
_621580_/A                            320.00  347.17  -27.17 (VIOLATED)
coef_q[86]$_DFFE_PN0P_/RESETN         320.00  347.15  -27.15 (VIOLATED)
_767726_/A1                           320.00  347.15  -27.15 (VIOLATED)
_621583_/A                            320.00  347.10  -27.10 (VIOLATED)
_743428_/A                            320.00  347.10  -27.10 (VIOLATED)
rdata_q[2779]$_DFFE_PP_/QN            320.00  347.09  -27.09 (VIOLATED)
_762388_/B                            320.00  347.08  -27.08 (VIOLATED)
_743483_/A                            320.00  347.03  -27.03 (VIOLATED)
_744746_/B                            320.00  347.02  -27.02 (VIOLATED)
_638631_/A                            320.00  347.02  -27.02 (VIOLATED)
_766089_/B1                           320.00  346.99  -26.99 (VIOLATED)
_762450_/A                            320.00  346.98  -26.98 (VIOLATED)
_766087_/B1                           320.00  346.98  -26.98 (VIOLATED)
_762692_/A                            320.00  346.98  -26.98 (VIOLATED)
_762743_/A                            320.00  346.97  -26.97 (VIOLATED)
rdata_q[6093]$_DFFE_PP_/QN            320.00  346.96  -26.96 (VIOLATED)
_762637_/A                            320.00  346.94  -26.94 (VIOLATED)
_741013_/A                            320.00  346.93  -26.93 (VIOLATED)
place67774/A                          320.00  346.90  -26.90 (VIOLATED)
_743779_/A                            320.00  346.89  -26.89 (VIOLATED)
_760230_/A1                           320.00  346.86  -26.86 (VIOLATED)
_743476_/A                            320.00  346.86  -26.86 (VIOLATED)
a_sym[4][7]$_DFFE_PN0P_/RESETN        320.00  346.85  -26.85 (VIOLATED)
_748365_/A                            320.00  346.84  -26.84 (VIOLATED)
_741015_/A                            320.00  346.83  -26.83 (VIOLATED)
_773211_/Y                            320.00  346.82  -26.82 (VIOLATED)
place68067/A                          320.00  346.81  -26.81 (VIOLATED)
_762514_/A                            320.00  346.78  -26.78 (VIOLATED)
_760114_/A1                           320.00  346.78  -26.78 (VIOLATED)
coef_q[88]$_DFFE_PN0P_/RESETN         320.00  346.77  -26.77 (VIOLATED)
_757102_/A1                           320.00  346.74  -26.74 (VIOLATED)
_741007_/A                            320.00  346.74  -26.74 (VIOLATED)
_748382_/A                            320.00  346.73  -26.73 (VIOLATED)
_638634_/A                            320.00  346.73  -26.73 (VIOLATED)
_621586_/A                            320.00  346.72  -26.72 (VIOLATED)
coef_q[133]$_DFFE_PN0P_/RESETN        320.00  346.69  -26.69 (VIOLATED)
_748364_/A                            320.00  346.69  -26.69 (VIOLATED)
a_sym[6][7]$_DFFE_PN0P_/QN            320.00  346.67  -26.67 (VIOLATED)
_764991_/B                            320.00  346.66  -26.66 (VIOLATED)
_759877_/A1                           320.00  346.66  -26.66 (VIOLATED)
_768007_/A1                           320.00  346.65  -26.65 (VIOLATED)
_766082_/B1                           320.00  346.64  -26.64 (VIOLATED)
_772405_/A                            320.00  346.64  -26.64 (VIOLATED)
in_data_q[4]$_DFFE_PN0P_/QN           320.00  346.63  -26.63 (VIOLATED)
_768006_/A                            320.00  346.63  -26.63 (VIOLATED)
_760573_/A1                           320.00  346.63  -26.63 (VIOLATED)
coef_q[25]$_DFFE_PN0P_/RESETN         320.00  346.59  -26.59 (VIOLATED)
_759759_/A                            320.00  346.58  -26.58 (VIOLATED)
_772163_/A                            320.00  346.58  -26.58 (VIOLATED)
_760113_/A                            320.00  346.55  -26.55 (VIOLATED)
_743410_/A                            320.00  346.52  -26.52 (VIOLATED)
_748376_/A                            320.00  346.51  -26.51 (VIOLATED)
_689309_/B                            320.00  346.49  -26.49 (VIOLATED)
_766096_/B1                           320.00  346.47  -26.47 (VIOLATED)
_744943_/A                            320.00  346.45  -26.45 (VIOLATED)
a_sym[12][6]$_DFFE_PN0P_/RESETN       320.00  346.44  -26.44 (VIOLATED)
_760340_/A                            320.00  346.43  -26.43 (VIOLATED)
_792263_/B                            320.00  346.41  -26.41 (VIOLATED)
_748377_/A                            320.00  346.41  -26.41 (VIOLATED)
_753823_/A2                           320.00  346.40  -26.40 (VIOLATED)
rdata_q[6681]$_DFFE_PP_/QN            320.00  346.36  -26.36 (VIOLATED)
place66603/A                          320.00  346.34  -26.34 (VIOLATED)
_759515_/A1                           320.00  346.33  -26.33 (VIOLATED)
_743485_/A                            320.00  346.33  -26.33 (VIOLATED)
_759641_/A                            320.00  346.32  -26.32 (VIOLATED)
part_q[29][0]$_DFFE_PP_/QN            320.00  346.32  -26.32 (VIOLATED)
_748372_/A                            320.00  346.29  -26.29 (VIOLATED)
_743661_/A                            320.00  346.29  -26.29 (VIOLATED)
coef_q[69]$_DFFE_PN0P_/RESETN         320.00  346.28  -26.28 (VIOLATED)
_741024_/A                            320.00  346.28  -26.28 (VIOLATED)
_748374_/A                            320.00  346.27  -26.27 (VIOLATED)
_760341_/A1                           320.00  346.25  -26.25 (VIOLATED)
_743646_/A                            320.00  346.23  -26.23 (VIOLATED)
coef_q[116]$_DFFE_PN0P_/RESETN        320.00  346.23  -26.23 (VIOLATED)
rdata_q[6608]$_DFFE_PP_/QN            320.00  346.23  -26.23 (VIOLATED)
rdata_q[6680]$_DFFE_PP_/QN            320.00  346.21  -26.21 (VIOLATED)
coef_q[64]$_DFFE_PN0P_/RESETN         320.00  346.19  -26.19 (VIOLATED)
_748394_/A                            320.00  346.16  -26.16 (VIOLATED)
rdata_q[6448]$_DFFE_PP_/QN            320.00  346.15  -26.15 (VIOLATED)
_624217_/A                            320.00  346.15  -26.15 (VIOLATED)
_766387_/A                            320.00  346.13  -26.13 (VIOLATED)
_621589_/A                            320.00  346.12  -26.12 (VIOLATED)
m_ce[15]$_DFFE_PN0P_/QN               320.00  346.11  -26.11 (VIOLATED)
_768010_/A                            320.00  346.11  -26.11 (VIOLATED)
_759760_/A1                           320.00  346.11  -26.11 (VIOLATED)
_764079_/B2                           320.00  346.08  -26.08 (VIOLATED)
_748391_/A                            320.00  346.08  -26.08 (VIOLATED)
_741603_/A                            320.00  346.05  -26.05 (VIOLATED)
_748368_/A                            320.00  346.03  -26.03 (VIOLATED)
_766098_/B1                           320.00  346.02  -26.02 (VIOLATED)
_637047_/A                            320.00  346.02  -26.02 (VIOLATED)
_766091_/B1                           320.00  346.00  -26.00 (VIOLATED)
_741028_/A                            320.00  346.00  -26.00 (VIOLATED)
_760215_/A                            320.00  345.99  -25.99 (VIOLATED)
_766094_/B1                           320.00  345.99  -25.99 (VIOLATED)
coef_q[160]$_DFFE_PN0P_/RESETN        320.00  345.98  -25.98 (VIOLATED)
coef_q[144]$_DFFE_PN0P_/RESETN        320.00  345.96  -25.96 (VIOLATED)
_759700_/A                            320.00  345.96  -25.96 (VIOLATED)
_750076_/B                            320.00  345.96  -25.96 (VIOLATED)
_759576_/A                            320.00  345.95  -25.95 (VIOLATED)
_759701_/A1                           320.00  345.95  -25.95 (VIOLATED)
_718794_/B                            320.00  345.94  -25.94 (VIOLATED)
_759331_/A1                           320.00  345.91  -25.91 (VIOLATED)
_743379_/A                            320.00  345.90  -25.90 (VIOLATED)
place69027/A                          320.00  345.90  -25.90 (VIOLATED)
_748389_/A                            320.00  345.89  -25.89 (VIOLATED)
_768962_/A1                           320.00  345.89  -25.89 (VIOLATED)
_741022_/A                            320.00  345.88  -25.88 (VIOLATED)
_768961_/A                            320.00  345.87  -25.87 (VIOLATED)
_759980_/A                            320.00  345.87  -25.87 (VIOLATED)
coef_q[53]$_DFFE_PN0P_/RESETN         320.00  345.85  -25.85 (VIOLATED)
_759455_/A                            320.00  345.82  -25.82 (VIOLATED)
_750771_/B                            320.00  345.81  -25.81 (VIOLATED)
_741019_/A                            320.00  345.81  -25.81 (VIOLATED)
_770000_/C                            320.00  345.80  -25.80 (VIOLATED)
coef_q[124]$_DFFE_PN0P_/RESETN        320.00  345.77  -25.77 (VIOLATED)
coef_q[165]$_DFFE_PN0P_/RESETN        320.00  345.77  -25.77 (VIOLATED)
_769770_/A                            320.00  345.76  -25.76 (VIOLATED)
_762359_/B                            320.00  345.75  -25.75 (VIOLATED)
_748398_/A                            320.00  345.75  -25.75 (VIOLATED)
_765365_/C                            320.00  345.73  -25.73 (VIOLATED)
_759932_/A                            320.00  345.69  -25.69 (VIOLATED)
_748366_/A                            320.00  345.69  -25.69 (VIOLATED)
_750899_/B                            320.00  345.67  -25.67 (VIOLATED)
coef_q[108]$_DFFE_PN0P_/RESETN        320.00  345.65  -25.65 (VIOLATED)
_749978_/B                            320.00  345.64  -25.64 (VIOLATED)
_750787_/B                            320.00  345.63  -25.63 (VIOLATED)
place68912/A                          320.00  345.60  -25.60 (VIOLATED)
coef_q[13]$_DFFE_PN0P_/RESETN         320.00  345.57  -25.57 (VIOLATED)
_759933_/A1                           320.00  345.56  -25.56 (VIOLATED)
_746736_/B                            320.00  345.55  -25.55 (VIOLATED)
_748338_/A                            320.00  345.54  -25.54 (VIOLATED)
place67466/Y                          320.00  345.52  -25.52 (VIOLATED)
place68330/A                          320.00  345.52  -25.52 (VIOLATED)
m_ce[7]$_DFFE_PN0P_/QN                320.00  345.52  -25.52 (VIOLATED)
_764042_/B2                           320.00  345.51  -25.51 (VIOLATED)
_746949_/A                            320.00  345.45  -25.45 (VIOLATED)
rdata_q[5342]$_DFFE_PP_/QN            320.00  345.45  -25.45 (VIOLATED)
_759981_/A1                           320.00  345.44  -25.44 (VIOLATED)
_743406_/B                            320.00  345.43  -25.43 (VIOLATED)
_597174_/A                            320.00  345.41  -25.41 (VIOLATED)
_752908_/B                            320.00  345.39  -25.39 (VIOLATED)
_753822_/B                            320.00  345.39  -25.39 (VIOLATED)
_772053_/Y                            320.00  345.36  -25.36 (VIOLATED)
_760396_/A                            320.00  345.35  -25.35 (VIOLATED)
_760397_/A1                           320.00  345.31  -25.31 (VIOLATED)
_748112_/A                            320.00  345.28  -25.28 (VIOLATED)
_764436_/A1                           320.00  345.20  -25.20 (VIOLATED)
_621592_/A                            320.00  345.11  -25.11 (VIOLATED)
_761275_/B1                           320.00  345.11  -25.11 (VIOLATED)
_615635_/A                            320.00  345.11  -25.11 (VIOLATED)
a_sym[2][6]$_DFFE_PN0P_/RESETN        320.00  345.05  -25.05 (VIOLATED)
_760279_/A                            320.00  345.05  -25.05 (VIOLATED)
_750034_/B                            320.00  345.05  -25.05 (VIOLATED)
a_sym[2][0]$_DFFE_PN0P_/RESETN        320.00  345.04  -25.04 (VIOLATED)
_518315_/A2                           320.00  345.04  -25.04 (VIOLATED)
_743351_/A                            320.00  345.03  -25.03 (VIOLATED)
place68971/A                          320.00  345.02  -25.02 (VIOLATED)
_671830_/B                            320.00  345.00  -25.00 (VIOLATED)
_792251_/A                            320.00  344.97  -24.97 (VIOLATED)
_762406_/A                            320.00  344.97  -24.97 (VIOLATED)
_748125_/A                            320.00  344.94  -24.94 (VIOLATED)
_773465_/Y                            320.00  344.93  -24.93 (VIOLATED)
part_q[28][3]$_DFFE_PP_/D             320.00  344.93  -24.93 (VIOLATED)
_762705_/A                            320.00  344.91  -24.91 (VIOLATED)
_760059_/A1                           320.00  344.91  -24.91 (VIOLATED)
_762653_/A                            320.00  344.90  -24.90 (VIOLATED)
_756744_/A2                           320.00  344.90  -24.90 (VIOLATED)
coef_q[32]$_DFFE_PN0P_/RESETN         320.00  344.85  -24.85 (VIOLATED)
_764558_/A1                           320.00  344.80  -24.80 (VIOLATED)
_747588_/A                            320.00  344.80  -24.80 (VIOLATED)
_689469_/B                            320.00  344.78  -24.78 (VIOLATED)
_743592_/A                            320.00  344.75  -24.75 (VIOLATED)
_766100_/B1                           320.00  344.74  -24.74 (VIOLATED)
_746382_/B                            320.00  344.74  -24.74 (VIOLATED)
_761272_/B1                           320.00  344.73  -24.73 (VIOLATED)
_743409_/A                            320.00  344.72  -24.72 (VIOLATED)
_743400_/A                            320.00  344.71  -24.71 (VIOLATED)
_766401_/A                            320.00  344.70  -24.70 (VIOLATED)
_743392_/A                            320.00  344.69  -24.69 (VIOLATED)
_743342_/A                            320.00  344.69  -24.69 (VIOLATED)
place67854/A                          320.00  344.68  -24.68 (VIOLATED)
_743435_/A                            320.00  344.67  -24.67 (VIOLATED)
_743451_/A                            320.00  344.66  -24.66 (VIOLATED)
_621595_/A                            320.00  344.66  -24.66 (VIOLATED)
in_data_q[66]$_DFFE_PN0P_/QN          320.00  344.65  -24.65 (VIOLATED)
_743371_/A                            320.00  344.64  -24.64 (VIOLATED)
_761268_/A2                           320.00  344.63  -24.63 (VIOLATED)
_756661_/A2                           320.00  344.63  -24.63 (VIOLATED)
rdata_q[3198]$_DFFE_PP_/QN            320.00  344.63  -24.63 (VIOLATED)
_762465_/A                            320.00  344.60  -24.60 (VIOLATED)
_648549_/B                            320.00  344.58  -24.58 (VIOLATED)
rdata_q[2618]$_DFFE_PP_/QN            320.00  344.55  -24.55 (VIOLATED)
m_ce[1]$_DFFE_PN0P_/QN                320.00  344.54  -24.54 (VIOLATED)
coef_q[92]$_DFFE_PN0P_/RESETN         320.00  344.51  -24.51 (VIOLATED)
_767757_/A1                           320.00  344.45  -24.45 (VIOLATED)
place67545/A                          320.00  344.41  -24.41 (VIOLATED)
_762587_/A                            320.00  344.41  -24.41 (VIOLATED)
a_sym[20][6]$_DFFE_PN0P_/RESETN       320.00  344.41  -24.41 (VIOLATED)
_760151_/A1                           320.00  344.40  -24.40 (VIOLATED)
_657540_/B                            320.00  344.38  -24.38 (VIOLATED)
_770291_/A                            320.00  344.38  -24.38 (VIOLATED)
_770292_/A1                           320.00  344.33  -24.33 (VIOLATED)
_642171_/A                            320.00  344.33  -24.33 (VIOLATED)
place66302/A                          320.00  344.29  -24.29 (VIOLATED)
place68408/A                          320.00  344.28  -24.28 (VIOLATED)
_755468_/A1                           320.00  344.28  -24.28 (VIOLATED)
_755467_/A                            320.00  344.25  -24.25 (VIOLATED)
_743406_/A                            320.00  344.22  -24.22 (VIOLATED)
_764504_/A                            320.00  344.21  -24.21 (VIOLATED)
rdata_q[3108]$_DFFE_PP_/QN            320.00  344.20  -24.20 (VIOLATED)
coef_q[22]$_DFFE_PN0P_/RESETN         320.00  344.19  -24.19 (VIOLATED)
part_q[78][11]$_DFFE_PP_/QN           320.00  344.13  -24.13 (VIOLATED)
rdata_q[6351]$_DFFE_PP_/QN            320.00  344.13  -24.13 (VIOLATED)
part_q[3][5]$_DFFE_PP_/QN             320.00  344.11  -24.11 (VIOLATED)
_768014_/A1                           320.00  344.07  -24.07 (VIOLATED)
_743348_/A                            320.00  344.06  -24.06 (VIOLATED)
_770288_/A1                           320.00  344.05  -24.05 (VIOLATED)
_763729_/A1                           320.00  344.05  -24.05 (VIOLATED)
_763195_/A1                           320.00  344.03  -24.03 (VIOLATED)
_762381_/B                            320.00  344.02  -24.02 (VIOLATED)
rdata_q[2136]$_DFFE_PP_/QN            320.00  344.01  -24.01 (VIOLATED)
_763878_/A1                           320.00  344.01  -24.01 (VIOLATED)
_770287_/A                            320.00  344.00  -24.00 (VIOLATED)
hv_q[2]$_DFFE_PN0P_/RESETN            320.00  343.98  -23.98 (VIOLATED)
_764442_/A1                           320.00  343.95  -23.95 (VIOLATED)
_722103_/B                            320.00  343.94  -23.94 (VIOLATED)
_604790_/B                            320.00  343.94  -23.94 (VIOLATED)
_756044_/B                            320.00  343.94  -23.94 (VIOLATED)
_763973_/A1                           320.00  343.93  -23.93 (VIOLATED)
_631770_/B                            320.00  343.93  -23.93 (VIOLATED)
_764046_/A1                           320.00  343.93  -23.93 (VIOLATED)
_759861_/A                            320.00  343.92  -23.92 (VIOLATED)
_768799_/A1                           320.00  343.89  -23.89 (VIOLATED)
_750071_/B                            320.00  343.88  -23.88 (VIOLATED)
_765985_/A2                           320.00  343.86  -23.86 (VIOLATED)
_763604_/A1                           320.00  343.85  -23.85 (VIOLATED)
_743404_/A                            320.00  343.84  -23.84 (VIOLATED)
oskid_d[106]$_DFFE_PN0P_/D            320.00  343.84  -23.84 (VIOLATED)
_755742_/A1                           320.00  343.82  -23.82 (VIOLATED)
_763166_/A1                           320.00  343.81  -23.81 (VIOLATED)
_755741_/A                            320.00  343.80  -23.80 (VIOLATED)
part_q[35][3]$_DFFE_PP_/QN            320.00  343.77  -23.77 (VIOLATED)
_756045_/A2                           320.00  343.74  -23.74 (VIOLATED)
_768013_/A                            320.00  343.73  -23.73 (VIOLATED)
rdata_q[6112]$_DFFE_PP_/QN            320.00  343.71  -23.71 (VIOLATED)
_763189_/A1                           320.00  343.68  -23.68 (VIOLATED)
_756677_/A2                           320.00  343.66  -23.66 (VIOLATED)
_746044_/B                            320.00  343.57  -23.57 (VIOLATED)
_669299_/B                            320.00  343.56  -23.56 (VIOLATED)
_743722_/A                            320.00  343.56  -23.56 (VIOLATED)
rdata_q[5248]$_DFFE_PP_/QN            320.00  343.55  -23.55 (VIOLATED)
_770296_/C                            320.00  343.54  -23.54 (VIOLATED)
a_sym[3][0]$_DFFE_PN0P_/RESETN        320.00  343.54  -23.54 (VIOLATED)
_770121_/C                            320.00  343.53  -23.53 (VIOLATED)
coef_q[17]$_DFFE_PN0P_/RESETN         320.00  343.52  -23.52 (VIOLATED)
_764086_/A1                           320.00  343.52  -23.52 (VIOLATED)
part_q[68][0]$_DFFE_PP_/QN            320.00  343.51  -23.51 (VIOLATED)
_769741_/C                            320.00  343.51  -23.51 (VIOLATED)
_763176_/A1                           320.00  343.51  -23.51 (VIOLATED)
_750781_/B                            320.00  343.48  -23.48 (VIOLATED)
a_sym[4][6]$_DFFE_PN0P_/RESETN        320.00  343.46  -23.46 (VIOLATED)
_762374_/B                            320.00  343.42  -23.42 (VIOLATED)
_744701_/B                            320.00  343.40  -23.40 (VIOLATED)
_522150_/A                            320.00  343.39  -23.39 (VIOLATED)
_769607_/C                            320.00  343.33  -23.33 (VIOLATED)
_755459_/A1                           320.00  343.32  -23.32 (VIOLATED)
_755733_/A                            320.00  343.30  -23.30 (VIOLATED)
rdata_q[4378]$_DFFE_PP_/QN            320.00  343.29  -23.29 (VIOLATED)
rdata_q[6603]$_DFFE_PP_/QN            320.00  343.29  -23.29 (VIOLATED)
_755458_/A                            320.00  343.29  -23.29 (VIOLATED)
_764817_/A1                           320.00  343.28  -23.28 (VIOLATED)
_755734_/A1                           320.00  343.24  -23.24 (VIOLATED)
_621601_/A                            320.00  343.23  -23.23 (VIOLATED)
rdata_q[5962]$_DFFE_PP_/QN            320.00  343.22  -23.22 (VIOLATED)
_753535_/B                            320.00  343.20  -23.20 (VIOLATED)
_759549_/A                            320.00  343.18  -23.18 (VIOLATED)
_759848_/A                            320.00  343.18  -23.18 (VIOLATED)
_760043_/A                            320.00  343.18  -23.18 (VIOLATED)
place61363/A                          320.00  343.17  -23.17 (VIOLATED)
_764942_/A1                           320.00  343.17  -23.17 (VIOLATED)
_773030_/A                            320.00  343.16  -23.16 (VIOLATED)
_759791_/A                            320.00  343.13  -23.13 (VIOLATED)
_604625_/B                            320.00  343.13  -23.13 (VIOLATED)
_825611_/B                            320.00  343.02  -23.02 (VIOLATED)
place68974/A                          320.00  343.02  -23.02 (VIOLATED)
_707555_/B                            320.00  343.01  -23.01 (VIOLATED)
a_sym[15][2]$_DFFE_PN0P_/RESETN       320.00  343.01  -23.01 (VIOLATED)
_683501_/A                            320.00  342.99  -22.99 (VIOLATED)
_743363_/A                            320.00  342.98  -22.98 (VIOLATED)
_762367_/B                            320.00  342.96  -22.96 (VIOLATED)
a_sym[17][2]$_DFFE_PN0P_/RESETN       320.00  342.95  -22.95 (VIOLATED)
_764015_/A1                           320.00  342.94  -22.94 (VIOLATED)
_763925_/A1                           320.00  342.92  -22.92 (VIOLATED)
a_sym[13][2]$_DFFE_PN0P_/RESETN       320.00  342.91  -22.91 (VIOLATED)
wire18338/A                           320.00  342.91  -22.91 (VIOLATED)
_595847_/B                            320.00  342.90  -22.90 (VIOLATED)
_747134_/A                            320.00  342.90  -22.90 (VIOLATED)
_743414_/A                            320.00  342.90  -22.90 (VIOLATED)
a_sym[8][7]$_DFFE_PN0P_/RESETN        320.00  342.89  -22.89 (VIOLATED)
_531026_/Y                            320.00  342.88  -22.88 (VIOLATED)
a_sym[16][7]$_DFFE_PN0P_/RESETN       320.00  342.88  -22.88 (VIOLATED)
_747079_/A                            320.00  342.85  -22.85 (VIOLATED)
a_sym[5][0]$_DFFE_PN0P_/QN            320.00  342.85  -22.85 (VIOLATED)
_743398_/A                            320.00  342.85  -22.85 (VIOLATED)
in_data_q[98]$_DFFE_PN0P_/QN          320.00  342.84  -22.84 (VIOLATED)
place68477/A                          320.00  342.84  -22.84 (VIOLATED)
place68096/A                          320.00  342.82  -22.82 (VIOLATED)
a_sym[24][7]$_DFFE_PN0P_/RESETN       320.00  342.82  -22.82 (VIOLATED)
hv_q[3]$_DFFE_PN0P_/RESETN            320.00  342.80  -22.80 (VIOLATED)
_743380_/A                            320.00  342.79  -22.79 (VIOLATED)
_744400_/B                            320.00  342.79  -22.79 (VIOLATED)
_764349_/B                            320.00  342.78  -22.78 (VIOLATED)
_578676_/A                            320.00  342.78  -22.78 (VIOLATED)
a_sym[0][7]$_DFFE_PN0P_/RESETN        320.00  342.78  -22.78 (VIOLATED)
_746703_/B                            320.00  342.77  -22.77 (VIOLATED)
part_q[20][0]$_DFFE_PP_/QN            320.00  342.77  -22.77 (VIOLATED)
_745861_/B                            320.00  342.75  -22.75 (VIOLATED)
place61364/A                          320.00  342.75  -22.75 (VIOLATED)
_765102_/A1                           320.00  342.69  -22.69 (VIOLATED)
_747135_/A                            320.00  342.69  -22.69 (VIOLATED)
_764370_/B2                           320.00  342.66  -22.66 (VIOLATED)
_747679_/A                            320.00  342.65  -22.65 (VIOLATED)
a_sym[16][6]$_DFFE_PN0P_/RESETN       320.00  342.63  -22.63 (VIOLATED)
a_sym[8][6]$_DFFE_PN0P_/RESETN        320.00  342.55  -22.55 (VIOLATED)
coef_q[105]$_DFFE_PN0P_/RESETN        320.00  342.52  -22.52 (VIOLATED)
_484319_/A                            320.00  342.50  -22.50 (VIOLATED)
_743653_/A                            320.00  342.49  -22.49 (VIOLATED)
a_sym[0][6]$_DFFE_PN0P_/RESETN        320.00  342.49  -22.49 (VIOLATED)
_621598_/A                            320.00  342.48  -22.48 (VIOLATED)
rdata_q[3034]$_DFFE_PP_/QN            320.00  342.46  -22.46 (VIOLATED)
_743636_/A                            320.00  342.45  -22.45 (VIOLATED)
_762342_/Y                            320.00  342.44  -22.44 (VIOLATED)
_747085_/A                            320.00  342.42  -22.42 (VIOLATED)
_768796_/A1                           320.00  342.38  -22.38 (VIOLATED)
_759704_/A1                           320.00  342.36  -22.36 (VIOLATED)
_763129_/A1                           320.00  342.35  -22.35 (VIOLATED)
_763150_/A1                           320.00  342.35  -22.35 (VIOLATED)
_763143_/A1                           320.00  342.34  -22.34 (VIOLATED)
_760170_/A1                           320.00  342.34  -22.34 (VIOLATED)
_747140_/A                            320.00  342.32  -22.32 (VIOLATED)
_760196_/A                            320.00  342.31  -22.31 (VIOLATED)
_759937_/A1                           320.00  342.31  -22.31 (VIOLATED)
_759087_/A                            320.00  342.31  -22.31 (VIOLATED)
_759936_/A1                           320.00  342.30  -22.30 (VIOLATED)
_747137_/A                            320.00  342.28  -22.28 (VIOLATED)
_760063_/A1                           320.00  342.28  -22.28 (VIOLATED)
a_sym[19][2]$_DFFE_PN0P_/RESETN       320.00  342.25  -22.25 (VIOLATED)
_763135_/A1                           320.00  342.21  -22.21 (VIOLATED)
rdata_q[2106]$_DFFE_PP_/QN            320.00  342.20  -22.20 (VIOLATED)
part_q[29][14]$_DFFE_PP_/QN           320.00  342.18  -22.18 (VIOLATED)
place67768/A                          320.00  342.16  -22.16 (VIOLATED)
_741652_/A                            320.00  342.12  -22.12 (VIOLATED)
_764218_/A                            320.00  342.11  -22.11 (VIOLATED)
_756680_/A2                           320.00  342.11  -22.11 (VIOLATED)
_764171_/A                            320.00  342.10  -22.10 (VIOLATED)
_764342_/A1                           320.00  342.08  -22.08 (VIOLATED)
_744531_/B                            320.00  342.06  -22.06 (VIOLATED)
_745144_/B                            320.00  342.06  -22.06 (VIOLATED)
_743375_/A                            320.00  342.01  -22.01 (VIOLATED)
_743429_/A                            320.00  342.01  -22.01 (VIOLATED)
part_q[50][5]$_DFFE_PP_/QN            320.00  341.99  -21.99 (VIOLATED)
a_sym[16][0]$_DFFE_PN0P_/RESETN       320.00  341.98  -21.98 (VIOLATED)
in_data_q[112]$_DFFE_PN0P_/QN         320.00  341.98  -21.98 (VIOLATED)
rdata_q[1824]$_DFFE_PP_/QN            320.00  341.97  -21.97 (VIOLATED)
_747139_/A                            320.00  341.95  -21.95 (VIOLATED)
_745867_/B                            320.00  341.94  -21.94 (VIOLATED)
_743420_/A                            320.00  341.94  -21.94 (VIOLATED)
_772720_/A                            320.00  341.92  -21.92 (VIOLATED)
_734205_/B                            320.00  341.89  -21.89 (VIOLATED)
_759245_/A                            320.00  341.88  -21.88 (VIOLATED)
_743434_/A                            320.00  341.88  -21.88 (VIOLATED)
_763482_/A                            320.00  341.86  -21.86 (VIOLATED)
_743413_/A                            320.00  341.86  -21.86 (VIOLATED)
_757191_/A1                           320.00  341.86  -21.86 (VIOLATED)
_743378_/A                            320.00  341.84  -21.84 (VIOLATED)
_745387_/A                            320.00  341.76  -21.76 (VIOLATED)
_743688_/A                            320.00  341.76  -21.76 (VIOLATED)
_745365_/A                            320.00  341.75  -21.75 (VIOLATED)
_747131_/A                            320.00  341.73  -21.73 (VIOLATED)
_765198_/B                            320.00  341.68  -21.68 (VIOLATED)
_745375_/A                            320.00  341.67  -21.67 (VIOLATED)
place67340/A                          320.00  341.66  -21.66 (VIOLATED)
_639594_/A                            320.00  341.63  -21.63 (VIOLATED)
_745382_/A                            320.00  341.63  -21.63 (VIOLATED)
_690041_/B                            320.00  341.61  -21.61 (VIOLATED)
_747138_/A                            320.00  341.60  -21.60 (VIOLATED)
_745408_/A                            320.00  341.58  -21.58 (VIOLATED)
_766352_/A2                           320.00  341.58  -21.58 (VIOLATED)
_747133_/A                            320.00  341.57  -21.57 (VIOLATED)
_621604_/A                            320.00  341.57  -21.57 (VIOLATED)
_743478_/A                            320.00  341.53  -21.53 (VIOLATED)
_743437_/A                            320.00  341.50  -21.50 (VIOLATED)
_760164_/A                            320.00  341.50  -21.50 (VIOLATED)
part_q[13][12]$_DFFE_PP_/QN           320.00  341.49  -21.49 (VIOLATED)
_743448_/A                            320.00  341.49  -21.49 (VIOLATED)
rdata_q[5172]$_DFFE_PP_/QN            320.00  341.48  -21.48 (VIOLATED)
in_data_q[74]$_DFFE_PN0P_/QN          320.00  341.46  -21.46 (VIOLATED)
place67600/A                          320.00  341.46  -21.46 (VIOLATED)
_745320_/B                            320.00  341.46  -21.46 (VIOLATED)
_745399_/A                            320.00  341.45  -21.45 (VIOLATED)
_760294_/A1                           320.00  341.45  -21.45 (VIOLATED)
_759499_/A                            320.00  341.44  -21.44 (VIOLATED)
_693099_/B                            320.00  341.44  -21.44 (VIOLATED)
_743345_/A                            320.00  341.44  -21.44 (VIOLATED)
coef_q[94]$_DFFE_PN0P_/RESETN         320.00  341.42  -21.42 (VIOLATED)
a_sym[24][6]$_DFFE_PN0P_/RESETN       320.00  341.40  -21.40 (VIOLATED)
_707546_/B                            320.00  341.39  -21.39 (VIOLATED)
_639578_/A                            320.00  341.37  -21.37 (VIOLATED)
_745369_/A                            320.00  341.36  -21.36 (VIOLATED)
_742419_/B                            320.00  341.36  -21.36 (VIOLATED)
_639593_/A                            320.00  341.35  -21.35 (VIOLATED)
place68186/A                          320.00  341.35  -21.35 (VIOLATED)
_618017_/A2                           320.00  341.34  -21.34 (VIOLATED)
part_q[13][18]$_DFFE_PP_/QN           320.00  341.33  -21.33 (VIOLATED)
_483972_/A                            320.00  341.32  -21.32 (VIOLATED)
place68932/A                          320.00  341.30  -21.30 (VIOLATED)
_747147_/A                            320.00  341.26  -21.26 (VIOLATED)
a_sym[11][2]$_DFFE_PN0P_/RESETN       320.00  341.26  -21.26 (VIOLATED)
coef_q[74]$_DFFE_PN0P_/RESETN         320.00  341.25  -21.25 (VIOLATED)
_759817_/A1                           320.00  341.24  -21.24 (VIOLATED)
place62103/A                          320.00  341.23  -21.23 (VIOLATED)
_745385_/A                            320.00  341.23  -21.23 (VIOLATED)
rdata_q[6195]$_DFFE_PP_/QN            320.00  341.23  -21.23 (VIOLATED)
place68664/A                          320.00  341.22  -21.22 (VIOLATED)
rdata_q[6486]$_DFFE_PP_/QN            320.00  341.22  -21.22 (VIOLATED)
_755490_/B                            320.00  341.21  -21.21 (VIOLATED)
_743707_/A                            320.00  341.21  -21.21 (VIOLATED)
_604616_/B                            320.00  341.21  -21.21 (VIOLATED)
_772431_/A                            320.00  341.21  -21.21 (VIOLATED)
_755491_/A2                           320.00  341.20  -21.20 (VIOLATED)
_743705_/A                            320.00  341.16  -21.16 (VIOLATED)
_745374_/A                            320.00  341.15  -21.15 (VIOLATED)
coef_q[54]$_DFFE_PN0P_/RESETN         320.00  341.15  -21.15 (VIOLATED)
_755179_/A1                           320.00  341.11  -21.11 (VIOLATED)
_745379_/A                            320.00  341.08  -21.08 (VIOLATED)
_762660_/A                            320.00  341.07  -21.07 (VIOLATED)
_639577_/A                            320.00  341.07  -21.07 (VIOLATED)
_743529_/A                            320.00  341.02  -21.02 (VIOLATED)
a_sym[0][0]$_DFFE_PN0P_/RESETN        320.00  341.01  -21.01 (VIOLATED)
_762711_/A                            320.00  341.00  -21.00 (VIOLATED)
_762596_/A                            320.00  340.98  -20.98 (VIOLATED)
_639592_/A                            320.00  340.96  -20.96 (VIOLATED)
_743936_/B                            320.00  340.95  -20.95 (VIOLATED)
_743925_/B                            320.00  340.93  -20.93 (VIOLATED)
place77873/A                          320.00  340.92  -20.92 (VIOLATED)
_744113_/B                            320.00  340.91  -20.91 (VIOLATED)
_695658_/B                            320.00  340.91  -20.91 (VIOLATED)
_743381_/A                            320.00  340.90  -20.90 (VIOLATED)
coef_q[14]$_DFFE_PN0P_/RESETN         320.00  340.88  -20.88 (VIOLATED)
_772437_/A                            320.00  340.87  -20.87 (VIOLATED)
_767523_/A1                           320.00  340.85  -20.85 (VIOLATED)
a_sym[2][1]$_DFFE_PN0P_/QN            320.00  340.85  -20.85 (VIOLATED)
_745321_/B                            320.00  340.85  -20.85 (VIOLATED)
_745377_/A                            320.00  340.84  -20.84 (VIOLATED)
_764352_/B2                           320.00  340.83  -20.83 (VIOLATED)
_744102_/B                            320.00  340.83  -20.83 (VIOLATED)
coef_q[30]$_DFFE_PN0P_/RESETN         320.00  340.82  -20.82 (VIOLATED)
_743579_/A                            320.00  340.82  -20.82 (VIOLATED)
part_q[4][13]$_DFFE_PP_/QN            320.00  340.81  -20.81 (VIOLATED)
_746160_/B                            320.00  340.81  -20.81 (VIOLATED)
_605371_/B                            320.00  340.80  -20.80 (VIOLATED)
_743726_/B                            320.00  340.77  -20.77 (VIOLATED)
_621607_/A                            320.00  340.76  -20.76 (VIOLATED)
_753541_/A2                           320.00  340.74  -20.74 (VIOLATED)
_768323_/A1                           320.00  340.72  -20.72 (VIOLATED)
_639576_/A                            320.00  340.71  -20.71 (VIOLATED)
_762413_/A                            320.00  340.71  -20.71 (VIOLATED)
_759380_/A1                           320.00  340.66  -20.66 (VIOLATED)
_762473_/A                            320.00  340.64  -20.64 (VIOLATED)
_764146_/A                            320.00  340.62  -20.62 (VIOLATED)
_764184_/A                            320.00  340.60  -20.60 (VIOLATED)
_748156_/A                            320.00  340.57  -20.57 (VIOLATED)
_759627_/A1                           320.00  340.55  -20.55 (VIOLATED)
_764322_/A1                           320.00  340.52  -20.52 (VIOLATED)
_639591_/A                            320.00  340.51  -20.51 (VIOLATED)
place61362/A                          320.00  340.51  -20.51 (VIOLATED)
_743480_/A                            320.00  340.47  -20.47 (VIOLATED)
place66464/A                          320.00  340.46  -20.46 (VIOLATED)
_756839_/A2                           320.00  340.45  -20.45 (VIOLATED)
coef_q[20]$_DFFE_PN0P_/RESETN         320.00  340.43  -20.43 (VIOLATED)
_743401_/A                            320.00  340.43  -20.43 (VIOLATED)
_747132_/A                            320.00  340.43  -20.43 (VIOLATED)
_753502_/A1                           320.00  340.42  -20.42 (VIOLATED)
_766400_/A                            320.00  340.41  -20.41 (VIOLATED)
_763831_/A                            320.00  340.40  -20.40 (VIOLATED)
_753196_/A1                           320.00  340.40  -20.40 (VIOLATED)
_752872_/A1                           320.00  340.38  -20.38 (VIOLATED)
place68512/A                          320.00  340.38  -20.38 (VIOLATED)
_747136_/A                            320.00  340.38  -20.38 (VIOLATED)
place68926/A                          320.00  340.37  -20.37 (VIOLATED)
_743613_/A                            320.00  340.34  -20.34 (VIOLATED)
_756667_/A2                           320.00  340.33  -20.33 (VIOLATED)
_747124_/A                            320.00  340.32  -20.32 (VIOLATED)
_746948_/A                            320.00  340.31  -20.31 (VIOLATED)
_750029_/B                            320.00  340.30  -20.30 (VIOLATED)
_744552_/B                            320.00  340.30  -20.30 (VIOLATED)
_744710_/B                            320.00  340.30  -20.30 (VIOLATED)
_745380_/A                            320.00  340.25  -20.25 (VIOLATED)
_765335_/B                            320.00  340.23  -20.23 (VIOLATED)
a_sym[2][5]$_DFFE_PN0P_/RESETN        320.00  340.21  -20.21 (VIOLATED)
_765327_/B                            320.00  340.21  -20.21 (VIOLATED)
part_q[35][13]$_DFFE_PP_/QN           320.00  340.21  -20.21 (VIOLATED)
_756759_/A2                           320.00  340.20  -20.20 (VIOLATED)
_747121_/A                            320.00  340.16  -20.16 (VIOLATED)
_770366_/A3                           320.00  340.16  -20.16 (VIOLATED)
_770361_/A3                           320.00  340.16  -20.16 (VIOLATED)
_765371_/B                            320.00  340.16  -20.16 (VIOLATED)
a_sym[17][0]$_DFFE_PN0P_/RESETN       320.00  340.15  -20.15 (VIOLATED)
a_sym[20][0]$_DFFE_PN0P_/RESETN       320.00  340.14  -20.14 (VIOLATED)
a_sym[21][0]$_DFFE_PN0P_/RESETN       320.00  340.14  -20.14 (VIOLATED)
_750002_/B                            320.00  340.14  -20.14 (VIOLATED)
place77870/A                          320.00  340.09  -20.09 (VIOLATED)
_756762_/A2                           320.00  340.08  -20.08 (VIOLATED)
_770343_/B1                           320.00  340.08  -20.08 (VIOLATED)
_770342_/B1                           320.00  340.07  -20.07 (VIOLATED)
place77871/A                          320.00  340.06  -20.06 (VIOLATED)
_639575_/A                            320.00  340.05  -20.05 (VIOLATED)
_768004_/A                            320.00  340.04  -20.04 (VIOLATED)
_756842_/A2                           320.00  340.04  -20.04 (VIOLATED)
_753187_/A1                           320.00  340.00  -20.00 (VIOLATED)
place68653/A                          320.00  340.00  -20.00 (VIOLATED)
_791970_/B1                           320.00  339.98  -19.98 (VIOLATED)
_791975_/A1                           320.00  339.98  -19.98 (VIOLATED)
_743821_/A                            320.00  339.98  -19.98 (VIOLATED)
_791968_/B1                           320.00  339.97  -19.97 (VIOLATED)
place67592/A                          320.00  339.97  -19.97 (VIOLATED)
_791974_/B1                           320.00  339.95  -19.95 (VIOLATED)
_746514_/B                            320.00  339.94  -19.94 (VIOLATED)
_746691_/B                            320.00  339.93  -19.93 (VIOLATED)
_747582_/A                            320.00  339.91  -19.91 (VIOLATED)
_750055_/B                            320.00  339.84  -19.84 (VIOLATED)
_743473_/A                            320.00  339.80  -19.80 (VIOLATED)
_746337_/B                            320.00  339.80  -19.80 (VIOLATED)
coef_q[128]$_DFFE_PN0P_/RESETN        320.00  339.78  -19.78 (VIOLATED)
a_sym[18][5]$_DFFE_PN0P_/RESETN       320.00  339.78  -19.78 (VIOLATED)
rdata_q[3343]$_DFFE_PP_/QN            320.00  339.77  -19.77 (VIOLATED)
_747122_/A                            320.00  339.74  -19.74 (VIOLATED)
part_q[13][17]$_DFFE_PP_/QN           320.00  339.73  -19.73 (VIOLATED)
_743419_/A                            320.00  339.72  -19.72 (VIOLATED)
_759802_/A1                           320.00  339.69  -19.69 (VIOLATED)
_743430_/A                            320.00  339.69  -19.69 (VIOLATED)
_750541_/B                            320.00  339.67  -19.67 (VIOLATED)
_743376_/A                            320.00  339.66  -19.66 (VIOLATED)
_743407_/A                            320.00  339.65  -19.65 (VIOLATED)
a_sym[4][0]$_DFFE_PN0P_/RESETN        320.00  339.65  -19.65 (VIOLATED)
coef_q[18]$_DFFE_PN0P_/RESETN         320.00  339.64  -19.64 (VIOLATED)
_762488_/A                            320.00  339.63  -19.63 (VIOLATED)
place68920/A                          320.00  339.59  -19.59 (VIOLATED)
_765365_/B                            320.00  339.59  -19.59 (VIOLATED)
rdata_q[5658]$_DFFE_PP_/QN            320.00  339.58  -19.58 (VIOLATED)
_709826_/A                            320.00  339.56  -19.56 (VIOLATED)
_741611_/A                            320.00  339.55  -19.55 (VIOLATED)
_743397_/A                            320.00  339.55  -19.55 (VIOLATED)
a_sym[6][6]$_DFFE_PN0P_/RESETN        320.00  339.54  -19.54 (VIOLATED)
place67673/A                          320.00  339.54  -19.54 (VIOLATED)
place67515/A                          320.00  339.51  -19.51 (VIOLATED)
place67513/A                          320.00  339.49  -19.49 (VIOLATED)
a_sym[23][7]$_DFFE_PN0P_/RESETN       320.00  339.48  -19.48 (VIOLATED)
a_sym[14][5]$_DFFE_PN0P_/RESETN       320.00  339.48  -19.48 (VIOLATED)
_743373_/A                            320.00  339.48  -19.48 (VIOLATED)
_743402_/A                            320.00  339.46  -19.46 (VIOLATED)
_743454_/A                            320.00  339.45  -19.45 (VIOLATED)
coef_q[9]$_DFFE_PN0P_/RESETN          320.00  339.41  -19.41 (VIOLATED)
_759482_/A                            320.00  339.40  -19.40 (VIOLATED)
_759840_/A                            320.00  339.39  -19.39 (VIOLATED)
rdata_q[6521]$_DFFE_PP_/QN            320.00  339.39  -19.39 (VIOLATED)
_770332_/A3                           320.00  339.39  -19.39 (VIOLATED)
_764610_/A                            320.00  339.37  -19.37 (VIOLATED)
_750064_/B                            320.00  339.37  -19.37 (VIOLATED)
_747127_/A                            320.00  339.37  -19.37 (VIOLATED)
a_sym[6][5]$_DFFE_PN0P_/RESETN        320.00  339.36  -19.36 (VIOLATED)
_756750_/A2                           320.00  339.36  -19.36 (VIOLATED)
_762094_/B                            320.00  339.33  -19.33 (VIOLATED)
_747123_/A                            320.00  339.33  -19.33 (VIOLATED)
a_sym[20][7]$_DFFE_PN0P_/RESETN       320.00  339.32  -19.32 (VIOLATED)
a_sym[17][5]$_DFFE_PN0P_/RESETN       320.00  339.32  -19.32 (VIOLATED)
place66883/A                          320.00  339.32  -19.32 (VIOLATED)
_747128_/A                            320.00  339.32  -19.32 (VIOLATED)
_761971_/B                            320.00  339.31  -19.31 (VIOLATED)
_744978_/A                            320.00  339.31  -19.31 (VIOLATED)
_639574_/A                            320.00  339.28  -19.28 (VIOLATED)
_639590_/A                            320.00  339.26  -19.26 (VIOLATED)
_761936_/A1                           320.00  339.23  -19.23 (VIOLATED)
_724185_/A                            320.00  339.19  -19.19 (VIOLATED)
a_sym[10][5]$_DFFE_PN0P_/RESETN       320.00  339.19  -19.19 (VIOLATED)
place67452/A                          320.00  339.18  -19.18 (VIOLATED)
a_sym[2][7]$_DFFE_PN0P_/QN            320.00  339.18  -19.18 (VIOLATED)
place68117/A                          320.00  339.16  -19.16 (VIOLATED)
_771801_/A                            320.00  339.16  -19.16 (VIOLATED)
in_data_q[46]$_DFFE_PN0P_/QN          320.00  339.16  -19.16 (VIOLATED)
place66666/A                          320.00  339.14  -19.14 (VIOLATED)
_746038_/B                            320.00  339.06  -19.06 (VIOLATED)
_743446_/A                            320.00  339.04  -19.04 (VIOLATED)
_770429_/B1                           320.00  339.03  -19.03 (VIOLATED)
_770427_/B1                           320.00  339.03  -19.03 (VIOLATED)
_743474_/A                            320.00  339.02  -19.02 (VIOLATED)
_759801_/A                            320.00  339.01  -19.01 (VIOLATED)
_770273_/B1                           320.00  339.00  -19.00 (VIOLATED)
_770295_/B1                           320.00  339.00  -19.00 (VIOLATED)
_770266_/B1                           320.00  339.00  -19.00 (VIOLATED)
a_sym[9][5]$_DFFE_PN0P_/RESETN        320.00  339.00  -19.00 (VIOLATED)
_770296_/B1                           320.00  339.00  -19.00 (VIOLATED)
_770271_/B1                           320.00  339.00  -19.00 (VIOLATED)
rdata_q[6091]$_DFFE_PP_/QN            320.00  339.00  -19.00 (VIOLATED)
place68463/A                          320.00  339.00  -19.00 (VIOLATED)
_770267_/B1                           320.00  339.00  -19.00 (VIOLATED)
_770416_/B1                           320.00  338.98  -18.98 (VIOLATED)
a_sym[22][5]$_DFFE_PN0P_/RESETN       320.00  338.97  -18.97 (VIOLATED)
_597851_/B                            320.00  338.97  -18.97 (VIOLATED)
_745249_/B                            320.00  338.95  -18.95 (VIOLATED)
_743393_/B                            320.00  338.95  -18.95 (VIOLATED)
rdata_q[5659]$_DFFE_PP_/QN            320.00  338.92  -18.92 (VIOLATED)
_762186_/A1                           320.00  338.91  -18.91 (VIOLATED)
_759260_/A1                           320.00  338.89  -18.89 (VIOLATED)
_765341_/B                            320.00  338.87  -18.87 (VIOLATED)
_744046_/B                            320.00  338.87  -18.87 (VIOLATED)
_759393_/A                            320.00  338.86  -18.86 (VIOLATED)
_743382_/A                            320.00  338.79  -18.79 (VIOLATED)
_746984_/A                            320.00  338.79  -18.79 (VIOLATED)
_747120_/A                            320.00  338.78  -18.78 (VIOLATED)
part_q[3][12]$_DFFE_PP_/QN            320.00  338.78  -18.78 (VIOLATED)
_722256_/B                            320.00  338.77  -18.77 (VIOLATED)
_745426_/B                            320.00  338.76  -18.76 (VIOLATED)
_768328_/C                            320.00  338.75  -18.75 (VIOLATED)
_673159_/A                            320.00  338.74  -18.74 (VIOLATED)
a_sym[1][0]$_DFFE_PN0P_/RESETN        320.00  338.70  -18.70 (VIOLATED)
_604619_/B                            320.00  338.68  -18.68 (VIOLATED)
_745402_/A                            320.00  338.68  -18.68 (VIOLATED)
_741988_/A                            320.00  338.65  -18.65 (VIOLATED)
_718782_/B                            320.00  338.62  -18.62 (VIOLATED)
_752875_/A1                           320.00  338.60  -18.60 (VIOLATED)
_743472_/A                            320.00  338.59  -18.59 (VIOLATED)
_744399_/B                            320.00  338.53  -18.53 (VIOLATED)
_739251_/A                            320.00  338.50  -18.50 (VIOLATED)
coef_q[149]$_DFFE_PN0P_/RESETN        320.00  338.50  -18.50 (VIOLATED)
m_ce[2]$_DFFE_PN0P_/QN                320.00  338.49  -18.49 (VIOLATED)
_745756_/B                            320.00  338.45  -18.45 (VIOLATED)
_762878_/B2                           320.00  338.44  -18.44 (VIOLATED)
_739204_/A                            320.00  338.41  -18.41 (VIOLATED)
place66312/A                          320.00  338.36  -18.36 (VIOLATED)
_772389_/A                            320.00  338.36  -18.36 (VIOLATED)
coef_q[100]$_DFFE_PN0P_/RESETN        320.00  338.34  -18.34 (VIOLATED)
_759562_/A1                           320.00  338.33  -18.33 (VIOLATED)
_763307_/C                            320.00  338.32  -18.32 (VIOLATED)
_487254_/A                            320.00  338.30  -18.30 (VIOLATED)
_739134_/A                            320.00  338.30  -18.30 (VIOLATED)
place66381/A                          320.00  338.30  -18.30 (VIOLATED)
_692937_/B                            320.00  338.28  -18.28 (VIOLATED)
_743431_/A                            320.00  338.26  -18.26 (VIOLATED)
_750682_/B                            320.00  338.25  -18.25 (VIOLATED)
_756830_/A2                           320.00  338.23  -18.23 (VIOLATED)
place66983/A                          320.00  338.22  -18.22 (VIOLATED)
_743447_/A                            320.00  338.21  -18.21 (VIOLATED)
coef_q[136]$_DFFE_PN0P_/RESETN        320.00  338.21  -18.21 (VIOLATED)
_762245_/A1                           320.00  338.20  -18.20 (VIOLATED)
_743835_/A                            320.00  338.16  -18.16 (VIOLATED)
a_sym[11][0]$_DFFE_PN0P_/RESETN       320.00  338.15  -18.15 (VIOLATED)
_765359_/B                            320.00  338.15  -18.15 (VIOLATED)
_747576_/A                            320.00  338.11  -18.11 (VIOLATED)
_743391_/A                            320.00  338.10  -18.10 (VIOLATED)
place68888/A                          320.00  338.08  -18.08 (VIOLATED)
_768002_/A1                           320.00  338.08  -18.08 (VIOLATED)
_762321_/A                            320.00  338.07  -18.07 (VIOLATED)
_763120_/Y                            320.00  338.07  -18.07 (VIOLATED)
_762343_/A                            320.00  338.06  -18.06 (VIOLATED)
_739046_/A                            320.00  338.03  -18.03 (VIOLATED)
_762704_/A                            320.00  338.03  -18.03 (VIOLATED)
_768000_/C                            320.00  338.02  -18.02 (VIOLATED)
_743422_/A                            320.00  338.00  -18.00 (VIOLATED)
_743385_/A                            320.00  337.93  -17.93 (VIOLATED)
a_sym[23][5]$_DFFE_PN0P_/RESETN       320.00  337.92  -17.92 (VIOLATED)
_671815_/B                            320.00  337.90  -17.90 (VIOLATED)
a_sym[19][0]$_DFFE_PN0P_/RESETN       320.00  337.90  -17.90 (VIOLATED)
rdata_q[2777]$_DFFE_PP_/QN            320.00  337.88  -17.88 (VIOLATED)
_760060_/A                            320.00  337.86  -17.86 (VIOLATED)
_770141_/C                            320.00  337.86  -17.86 (VIOLATED)
_743823_/A                            320.00  337.85  -17.85 (VIOLATED)
rdata_q[6520]$_DFFE_PP_/QN            320.00  337.83  -17.83 (VIOLATED)
_739362_/A                            320.00  337.83  -17.83 (VIOLATED)
_759332_/A                            320.00  337.82  -17.82 (VIOLATED)
_639573_/A                            320.00  337.81  -17.81 (VIOLATED)
_759396_/A                            320.00  337.81  -17.81 (VIOLATED)
_770146_/A1                           320.00  337.79  -17.79 (VIOLATED)
coef_q[62]$_DFFE_PN0P_/RESETN         320.00  337.78  -17.78 (VIOLATED)
_766266_/A                            320.00  337.77  -17.77 (VIOLATED)
_719682_/B                            320.00  337.76  -17.76 (VIOLATED)
_770138_/C                            320.00  337.75  -17.75 (VIOLATED)
_747077_/A                            320.00  337.73  -17.73 (VIOLATED)
_747125_/A                            320.00  337.71  -17.71 (VIOLATED)
_743364_/A                            320.00  337.71  -17.71 (VIOLATED)
_749877_/A                            320.00  337.70  -17.70 (VIOLATED)
_744503_/B                            320.00  337.69  -17.69 (VIOLATED)
_749910_/A                            320.00  337.68  -17.68 (VIOLATED)
_761649_/A1                           320.00  337.65  -17.65 (VIOLATED)
coef_q[6]$_DFFE_PN0P_/RESETN          320.00  337.65  -17.65 (VIOLATED)
_747129_/A                            320.00  337.64  -17.64 (VIOLATED)
_772550_/A                            320.00  337.64  -17.64 (VIOLATED)
_770148_/C                            320.00  337.62  -17.62 (VIOLATED)
_749526_/B                            320.00  337.62  -17.62 (VIOLATED)
_745409_/A                            320.00  337.59  -17.59 (VIOLATED)
_765347_/B                            320.00  337.59  -17.59 (VIOLATED)
_749917_/A                            320.00  337.58  -17.58 (VIOLATED)
coef_q[141]$_DFFE_PN0P_/RESETN        320.00  337.58  -17.58 (VIOLATED)
_765353_/B                            320.00  337.58  -17.58 (VIOLATED)
_639589_/A                            320.00  337.56  -17.56 (VIOLATED)
_707561_/B                            320.00  337.51  -17.51 (VIOLATED)
place67922/A                          320.00  337.48  -17.48 (VIOLATED)
_771815_/Y                            320.00  337.47  -17.47 (VIOLATED)
_743441_/A                            320.00  337.47  -17.47 (VIOLATED)
_768975_/C                            320.00  337.46  -17.46 (VIOLATED)
_747443_/A                            320.00  337.44  -17.44 (VIOLATED)
_746913_/A                            320.00  337.44  -17.44 (VIOLATED)
coef_q[152]$_DFFE_PN0P_/RESETN        320.00  337.44  -17.44 (VIOLATED)
coef_q[157]$_DFFE_PN0P_/RESETN        320.00  337.44  -17.44 (VIOLATED)
_742242_/B                            320.00  337.43  -17.43 (VIOLATED)
coef_q[189]$_DFFE_PN0P_/RESETN        320.00  337.43  -17.43 (VIOLATED)
coef_q[168]$_DFFE_PN0P_/RESETN        320.00  337.43  -17.43 (VIOLATED)
coef_q[176]$_DFFE_PN0P_/RESETN        320.00  337.42  -17.42 (VIOLATED)
coef_q[45]$_DFFE_PN0P_/RESETN         320.00  337.42  -17.42 (VIOLATED)
coef_q[184]$_DFFE_PN0P_/RESETN        320.00  337.41  -17.41 (VIOLATED)
coef_q[56]$_DFFE_PN0P_/RESETN         320.00  337.41  -17.41 (VIOLATED)
coef_q[48]$_DFFE_PN0P_/RESETN         320.00  337.41  -17.41 (VIOLATED)
in_data_q[117]$_DFFE_PN0P_/QN         320.00  337.39  -17.39 (VIOLATED)
a_sym[21][5]$_DFFE_PN0P_/RESETN       320.00  337.37  -17.37 (VIOLATED)
a_sym[5][5]$_DFFE_PN0P_/RESETN        320.00  337.36  -17.36 (VIOLATED)
_743399_/A                            320.00  337.36  -17.36 (VIOLATED)
_743349_/A                            320.00  337.35  -17.35 (VIOLATED)
_749922_/A                            320.00  337.34  -17.34 (VIOLATED)
_695652_/B                            320.00  337.29  -17.29 (VIOLATED)
_764355_/B2                           320.00  337.27  -17.27 (VIOLATED)
_749842_/A                            320.00  337.26  -17.26 (VIOLATED)
place68087/A                          320.00  337.26  -17.26 (VIOLATED)
_746095_/B                            320.00  337.25  -17.25 (VIOLATED)
_749886_/A                            320.00  337.24  -17.24 (VIOLATED)
_760471_/A1                           320.00  337.24  -17.24 (VIOLATED)
_729728_/B                            320.00  337.21  -17.21 (VIOLATED)
_761648_/A                            320.00  337.20  -17.20 (VIOLATED)
_749859_/A                            320.00  337.18  -17.18 (VIOLATED)
_760470_/A                            320.00  337.15  -17.15 (VIOLATED)
_762202_/A                            320.00  337.15  -17.15 (VIOLATED)
rdata_q[6110]$_DFFE_PP_/QN            320.00  337.14  -17.14 (VIOLATED)
place68501/A                          320.00  337.14  -17.14 (VIOLATED)
in_data_q[158]$_DFFE_PN0P_/QN         320.00  337.13  -17.13 (VIOLATED)
place77870/Y                          320.00  337.12  -17.12 (VIOLATED)
a_sym[21][6]$_DFFE_PN0P_/RESETN       320.00  337.12  -17.12 (VIOLATED)
_743425_/A                            320.00  337.10  -17.10 (VIOLATED)
_749822_/A                            320.00  337.08  -17.08 (VIOLATED)
a_sym[9][0]$_DFFE_PN0P_/RESETN        320.00  337.08  -17.08 (VIOLATED)
_749834_/A                            320.00  337.06  -17.06 (VIOLATED)
rdata_q[2617]$_DFFE_PP_/QN            320.00  337.05  -17.05 (VIOLATED)
_743481_/A                            320.00  337.04  -17.04 (VIOLATED)
_749888_/A                            320.00  337.03  -17.03 (VIOLATED)
a_sym[5][6]$_DFFE_PN0P_/RESETN        320.00  337.01  -17.01 (VIOLATED)
_749875_/A                            320.00  337.01  -17.01 (VIOLATED)
coef_q[78]$_DFFE_PN0P_/RESETN         320.00  337.00  -17.00 (VIOLATED)
_759089_/A                            320.00  336.99  -16.99 (VIOLATED)
_759013_/A                            320.00  336.98  -16.98 (VIOLATED)
rdata_q[3105]$_DFFE_PP_/QN            320.00  336.97  -16.97 (VIOLATED)
_748104_/A                            320.00  336.96  -16.96 (VIOLATED)
_764151_/A                            320.00  336.95  -16.95 (VIOLATED)
_749829_/A                            320.00  336.94  -16.94 (VIOLATED)
rdata_q[6760]$_DFFE_PP_/QN            320.00  336.94  -16.94 (VIOLATED)
a_sym[13][0]$_DFFE_PN0P_/RESETN       320.00  336.93  -16.93 (VIOLATED)
_743948_/B                            320.00  336.92  -16.92 (VIOLATED)
_764190_/A                            320.00  336.92  -16.92 (VIOLATED)
_707564_/B                            320.00  336.91  -16.91 (VIOLATED)
a_sym[5][0]$_DFFE_PN0P_/RESETN        320.00  336.87  -16.87 (VIOLATED)
_764326_/A1                           320.00  336.86  -16.86 (VIOLATED)
_743374_/A                            320.00  336.85  -16.85 (VIOLATED)
a_sym[21][1]$_DFFE_PN0P_/RESETN       320.00  336.84  -16.84 (VIOLATED)
a_sym[5][1]$_DFFE_PN0P_/RESETN        320.00  336.84  -16.84 (VIOLATED)
_769594_/C                            320.00  336.81  -16.81 (VIOLATED)
place69088/A                          320.00  336.78  -16.78 (VIOLATED)
coef_q[70]$_DFFE_PN0P_/RESETN         320.00  336.77  -16.77 (VIOLATED)
_749851_/A                            320.00  336.77  -16.77 (VIOLATED)
_760526_/A1                           320.00  336.76  -16.76 (VIOLATED)
_739244_/A                            320.00  336.76  -16.76 (VIOLATED)
_762425_/A                            320.00  336.74  -16.74 (VIOLATED)
_739412_/C                            320.00  336.74  -16.74 (VIOLATED)
_768018_/A1                           320.00  336.72  -16.72 (VIOLATED)
a_sym[9][1]$_DFFE_PN0P_/RESETN        320.00  336.71  -16.71 (VIOLATED)
_743366_/A                            320.00  336.70  -16.70 (VIOLATED)
_759764_/A1                           320.00  336.68  -16.68 (VIOLATED)
a_sym[3][1]$_DFFE_PN0P_/RESETN        320.00  336.68  -16.68 (VIOLATED)
_739312_/A                            320.00  336.68  -16.68 (VIOLATED)
a_sym[2][1]$_DFFE_PN0P_/RESETN        320.00  336.67  -16.67 (VIOLATED)
_749896_/A                            320.00  336.63  -16.63 (VIOLATED)
_753210_/A1                           320.00  336.62  -16.62 (VIOLATED)
place77872/Y                          320.00  336.62  -16.62 (VIOLATED)
_770438_/C                            320.00  336.61  -16.61 (VIOLATED)
_753509_/A1                           320.00  336.58  -16.58 (VIOLATED)
rdata_q[6522]$_DFFE_PP_/QN            320.00  336.57  -16.57 (VIOLATED)
_746626_/B                            320.00  336.55  -16.55 (VIOLATED)
place67736/A                          320.00  336.53  -16.53 (VIOLATED)
_746028_/B                            320.00  336.46  -16.46 (VIOLATED)
_753202_/A1                           320.00  336.46  -16.46 (VIOLATED)
in_data_q[79]$_DFFE_PN0P_/QN          320.00  336.45  -16.45 (VIOLATED)
place67900/A                          320.00  336.43  -16.43 (VIOLATED)
_749889_/A                            320.00  336.42  -16.42 (VIOLATED)
_770435_/A1                           320.00  336.41  -16.41 (VIOLATED)
_768386_/A                            320.00  336.38  -16.38 (VIOLATED)
_759442_/A                            320.00  336.38  -16.38 (VIOLATED)
_745403_/A                            320.00  336.35  -16.35 (VIOLATED)
_765536_/B                            320.00  336.35  -16.35 (VIOLATED)
_747081_/A                            320.00  336.34  -16.34 (VIOLATED)
_746449_/B                            320.00  336.31  -16.31 (VIOLATED)
_752885_/A1                           320.00  336.31  -16.31 (VIOLATED)
_749840_/A                            320.00  336.30  -16.30 (VIOLATED)
_743793_/A                            320.00  336.29  -16.29 (VIOLATED)
place68797/A                          320.00  336.29  -16.29 (VIOLATED)
_749903_/A                            320.00  336.21  -16.21 (VIOLATED)
_542266_/A                            320.00  336.20  -16.20 (VIOLATED)
_769590_/C                            320.00  336.20  -16.20 (VIOLATED)
_747157_/A                            320.00  336.19  -16.19 (VIOLATED)
_752559_/A1                           320.00  336.18  -16.18 (VIOLATED)
place67896/A                          320.00  336.17  -16.17 (VIOLATED)
_615439_/B                            320.00  336.17  -16.17 (VIOLATED)
_739401_/B                            320.00  336.17  -16.17 (VIOLATED)
_721191_/B                            320.00  336.16  -16.16 (VIOLATED)
_757195_/A1                           320.00  336.16  -16.16 (VIOLATED)
_747159_/A                            320.00  336.16  -16.16 (VIOLATED)
_747126_/A                            320.00  336.15  -16.15 (VIOLATED)
part_q[37][1]$_DFFE_PP_/QN            320.00  336.15  -16.15 (VIOLATED)
a_sym[8][5]$_DFFE_PN0P_/RESETN        320.00  336.14  -16.14 (VIOLATED)
_722241_/B                            320.00  336.11  -16.11 (VIOLATED)
_763304_/A1                           320.00  336.09  -16.09 (VIOLATED)
_743432_/A                            320.00  336.09  -16.09 (VIOLATED)
_765434_/A1                           320.00  336.09  -16.09 (VIOLATED)
_749817_/A                            320.00  336.09  -16.09 (VIOLATED)
_646472_/B                            320.00  336.08  -16.08 (VIOLATED)
_763452_/C                            320.00  336.06  -16.06 (VIOLATED)
_768384_/A                            320.00  336.06  -16.06 (VIOLATED)
_747098_/A                            320.00  336.06  -16.06 (VIOLATED)
_769778_/C                            320.00  336.05  -16.05 (VIOLATED)
_747517_/A                            320.00  336.05  -16.05 (VIOLATED)
_768385_/A1                           320.00  336.04  -16.04 (VIOLATED)
_747529_/A                            320.00  336.03  -16.03 (VIOLATED)
place68795/A                          320.00  336.02  -16.02 (VIOLATED)
_747584_/A                            320.00  336.02  -16.02 (VIOLATED)
place68788/A                          320.00  336.02  -16.02 (VIOLATED)
_773212_/Y                            320.00  336.02  -16.02 (VIOLATED)
_743435_/B                            320.00  336.01  -16.01 (VIOLATED)
_749864_/A                            320.00  336.01  -16.01 (VIOLATED)
_639588_/A                            320.00  336.01  -16.01 (VIOLATED)
_765492_/B                            320.00  336.01  -16.01 (VIOLATED)
_770111_/C                            320.00  336.01  -16.01 (VIOLATED)
_792255_/A                            320.00  336.01  -16.01 (VIOLATED)
_747107_/A                            320.00  335.99  -15.99 (VIOLATED)
_499895_/A                            320.00  335.99  -15.99 (VIOLATED)
_749850_/A                            320.00  335.97  -15.97 (VIOLATED)
_747643_/A                            320.00  335.97  -15.97 (VIOLATED)
a_sym[2][6]$_DFFE_PN0P_/QN            320.00  335.96  -15.96 (VIOLATED)
_762550_/A                            320.00  335.96  -15.96 (VIOLATED)
_743627_/A                            320.00  335.95  -15.95 (VIOLATED)
_762304_/A1                           320.00  335.94  -15.94 (VIOLATED)
_747525_/A                            320.00  335.93  -15.93 (VIOLATED)
_770112_/A1                           320.00  335.92  -15.92 (VIOLATED)
rdata_q[6689]$_DFFE_PP_/QN            320.00  335.91  -15.91 (VIOLATED)
_747433_/A                            320.00  335.88  -15.88 (VIOLATED)
_639572_/A                            320.00  335.88  -15.88 (VIOLATED)
_768930_/A                            320.00  335.87  -15.87 (VIOLATED)
_768931_/A1                           320.00  335.87  -15.87 (VIOLATED)
_763770_/B                            320.00  335.85  -15.85 (VIOLATED)
_747521_/A                            320.00  335.84  -15.84 (VIOLATED)
rdata_q[4379]$_DFFE_PP_/QN            320.00  335.82  -15.82 (VIOLATED)
_762834_/A1                           320.00  335.81  -15.81 (VIOLATED)
_755187_/A1                           320.00  335.81  -15.81 (VIOLATED)
_749890_/A                            320.00  335.81  -15.81 (VIOLATED)
_763715_/A1                           320.00  335.80  -15.80 (VIOLATED)
_768387_/A                            320.00  335.80  -15.80 (VIOLATED)
place67800/A                          320.00  335.79  -15.79 (VIOLATED)
_741935_/A                            320.00  335.79  -15.79 (VIOLATED)
_773179_/Y                            320.00  335.77  -15.77 (VIOLATED)
_768933_/A                            320.00  335.77  -15.77 (VIOLATED)
rdata_q[5653]$_DFFE_PP_/QN            320.00  335.75  -15.75 (VIOLATED)
_747519_/A                            320.00  335.75  -15.75 (VIOLATED)
a_sym[13][5]$_DFFE_PN0P_/RESETN       320.00  335.73  -15.73 (VIOLATED)
_767953_/A                            320.00  335.73  -15.73 (VIOLATED)
_747439_/A                            320.00  335.71  -15.71 (VIOLATED)
_764147_/A                            320.00  335.70  -15.70 (VIOLATED)
_763655_/C                            320.00  335.69  -15.69 (VIOLATED)
_764090_/A                            320.00  335.68  -15.68 (VIOLATED)
_763592_/C                            320.00  335.66  -15.66 (VIOLATED)
_747155_/A                            320.00  335.65  -15.65 (VIOLATED)
_768934_/A1                           320.00  335.65  -15.65 (VIOLATED)
_747088_/A                            320.00  335.63  -15.63 (VIOLATED)
place61348/A                          320.00  335.62  -15.62 (VIOLATED)
_764352_/A1                           320.00  335.60  -15.60 (VIOLATED)
_749907_/A                            320.00  335.60  -15.60 (VIOLATED)
_747445_/A                            320.00  335.57  -15.57 (VIOLATED)
_763526_/A1                           320.00  335.56  -15.56 (VIOLATED)
place67580/A                          320.00  335.56  -15.56 (VIOLATED)
_763443_/B                            320.00  335.50  -15.50 (VIOLATED)
_480759_/A                            320.00  335.49  -15.49 (VIOLATED)
place77847/A                          320.00  335.47  -15.47 (VIOLATED)
_762953_/A1                           320.00  335.46  -15.46 (VIOLATED)
_749853_/A                            320.00  335.46  -15.46 (VIOLATED)
_749831_/A                            320.00  335.44  -15.44 (VIOLATED)
_741004_/Y                            320.00  335.43  -15.43 (VIOLATED)
_639587_/A                            320.00  335.43  -15.43 (VIOLATED)
in_data_q[129]$_DFFE_PN0P_/QN         320.00  335.43  -15.43 (VIOLATED)
place68053/A                          320.00  335.43  -15.43 (VIOLATED)
place68211/A                          320.00  335.41  -15.41 (VIOLATED)
_749873_/A                            320.00  335.40  -15.40 (VIOLATED)
_769780_/A1                           320.00  335.37  -15.37 (VIOLATED)
_762030_/A                            320.00  335.36  -15.36 (VIOLATED)
coef_q[102]$_DFFE_PN0P_/RESETN        320.00  335.34  -15.34 (VIOLATED)
_749819_/A                            320.00  335.31  -15.31 (VIOLATED)
_761918_/A                            320.00  335.30  -15.30 (VIOLATED)
_752888_/A1                           320.00  335.30  -15.30 (VIOLATED)
place68384/A                          320.00  335.29  -15.29 (VIOLATED)
a_sym[20][5]$_DFFE_PN0P_/RESETN       320.00  335.29  -15.29 (VIOLATED)
_752271_/B                            320.00  335.27  -15.27 (VIOLATED)
place77848/A                          320.00  335.27  -15.27 (VIOLATED)
_680058_/B                            320.00  335.25  -15.25 (VIOLATED)
place66316/A                          320.00  335.25  -15.25 (VIOLATED)
_772696_/A                            320.00  335.24  -15.24 (VIOLATED)
rdata_q[3091]$_DFFE_PP_/QN            320.00  335.23  -15.23 (VIOLATED)
_745383_/A                            320.00  335.23  -15.23 (VIOLATED)
_744682_/B                            320.00  335.22  -15.22 (VIOLATED)
_751538_/B                            320.00  335.20  -15.20 (VIOLATED)
_639571_/A                            320.00  335.19  -15.19 (VIOLATED)
_751539_/A2                           320.00  335.18  -15.18 (VIOLATED)
_763318_/B                            320.00  335.16  -15.16 (VIOLATED)
_639570_/A                            320.00  335.16  -15.16 (VIOLATED)
_754091_/A2                           320.00  335.15  -15.15 (VIOLATED)
place77846/A                          320.00  335.14  -15.14 (VIOLATED)
_764035_/A1                           320.00  335.13  -15.13 (VIOLATED)
coef_q[118]$_DFFE_PN0P_/RESETN        320.00  335.12  -15.12 (VIOLATED)
_745392_/A                            320.00  335.12  -15.12 (VIOLATED)
_752272_/A2                           320.00  335.10  -15.10 (VIOLATED)
_744798_/B                            320.00  335.08  -15.08 (VIOLATED)
_746868_/A                            320.00  335.08  -15.08 (VIOLATED)
_680357_/A                            320.00  335.08  -15.08 (VIOLATED)
_739102_/A                            320.00  335.06  -15.06 (VIOLATED)
_754090_/B                            320.00  335.05  -15.05 (VIOLATED)
_745407_/A                            320.00  335.04  -15.04 (VIOLATED)
_749900_/A                            320.00  335.04  -15.04 (VIOLATED)
_762116_/A1                           320.00  335.02  -15.02 (VIOLATED)
_747645_/A                            320.00  335.01  -15.01 (VIOLATED)
_762364_/A                            320.00  335.00  -15.00 (VIOLATED)
_749914_/A                            320.00  335.00  -15.00 (VIOLATED)
_748071_/A                            320.00  334.98  -14.98 (VIOLATED)
_680358_/A                            320.00  334.97  -14.97 (VIOLATED)
_749868_/A                            320.00  334.96  -14.96 (VIOLATED)
_762607_/A                            320.00  334.93  -14.93 (VIOLATED)
_758162_/B                            320.00  334.91  -14.91 (VIOLATED)
_760650_/C                            320.00  334.90  -14.90 (VIOLATED)
_762875_/A1                           320.00  334.90  -14.90 (VIOLATED)
_747096_/A                            320.00  334.89  -14.89 (VIOLATED)
_756015_/A1                           320.00  334.87  -14.87 (VIOLATED)
_599575_/A                            320.00  334.86  -14.86 (VIOLATED)
_752572_/A1                           320.00  334.85  -14.85 (VIOLATED)
_770505_/C                            320.00  334.85  -14.85 (VIOLATED)
_764000_/A1                           320.00  334.84  -14.84 (VIOLATED)
_745386_/A                            320.00  334.84  -14.84 (VIOLATED)
_745404_/A                            320.00  334.82  -14.82 (VIOLATED)
place67675/A                          320.00  334.80  -14.80 (VIOLATED)
_769749_/C                            320.00  334.80  -14.80 (VIOLATED)
_746272_/B                            320.00  334.77  -14.77 (VIOLATED)
_751542_/B                            320.00  334.76  -14.76 (VIOLATED)
_751543_/A2                           320.00  334.76  -14.76 (VIOLATED)
_743393_/A                            320.00  334.76  -14.76 (VIOLATED)
place68943/A                          320.00  334.75  -14.75 (VIOLATED)
_773067_/A                            320.00  334.74  -14.74 (VIOLATED)
place66605/A                          320.00  334.73  -14.73 (VIOLATED)
part_q[10][7]$_DFFE_PP_/QN            320.00  334.69  -14.69 (VIOLATED)
_759647_/A1                           320.00  334.68  -14.68 (VIOLATED)
a_sym[16][5]$_DFFE_PN0P_/RESETN       320.00  334.67  -14.67 (VIOLATED)
_749862_/A                            320.00  334.67  -14.67 (VIOLATED)
_597675_/B                            320.00  334.67  -14.67 (VIOLATED)
_768747_/A1                           320.00  334.65  -14.65 (VIOLATED)
_752267_/A2                           320.00  334.65  -14.65 (VIOLATED)
_762851_/A1                           320.00  334.65  -14.65 (VIOLATED)
rdata_q[5815]$_DFFE_PP_/QN            320.00  334.64  -14.64 (VIOLATED)
_752262_/B                            320.00  334.64  -14.64 (VIOLATED)
_763441_/A1                           320.00  334.63  -14.63 (VIOLATED)
_747527_/A                            320.00  334.62  -14.62 (VIOLATED)
_770062_/A2                           320.00  334.62  -14.62 (VIOLATED)
_764381_/B2                           320.00  334.61  -14.61 (VIOLATED)
_759881_/A1                           320.00  334.60  -14.60 (VIOLATED)
_753540_/B                            320.00  334.59  -14.59 (VIOLATED)
_763313_/B                            320.00  334.59  -14.59 (VIOLATED)
_770063_/A2                           320.00  334.57  -14.57 (VIOLATED)
_759753_/A                            320.00  334.56  -14.56 (VIOLATED)
place67216/A                          320.00  334.55  -14.55 (VIOLATED)
_759754_/A1                           320.00  334.54  -14.54 (VIOLATED)
_748111_/A                            320.00  334.52  -14.52 (VIOLATED)
_743475_/A                            320.00  334.51  -14.51 (VIOLATED)
_743424_/A                            320.00  334.49  -14.49 (VIOLATED)
_759634_/A                            320.00  334.48  -14.48 (VIOLATED)
_754376_/A2                           320.00  334.47  -14.47 (VIOLATED)
_680359_/A                            320.00  334.46  -14.46 (VIOLATED)
_750540_/B                            320.00  334.42  -14.42 (VIOLATED)
_744647_/B                            320.00  334.41  -14.41 (VIOLATED)
_749876_/A                            320.00  334.41  -14.41 (VIOLATED)
rdata_q[6761]$_DFFE_PP_/QN            320.00  334.40  -14.40 (VIOLATED)
_759508_/A1                           320.00  334.39  -14.39 (VIOLATED)
_599576_/A                            320.00  334.38  -14.38 (VIOLATED)
_743421_/A                            320.00  334.38  -14.38 (VIOLATED)
place69015/A                          320.00  334.37  -14.37 (VIOLATED)
_752263_/A2                           320.00  334.37  -14.37 (VIOLATED)
place66244/A                          320.00  334.37  -14.37 (VIOLATED)
in_data_q[85]$_DFFE_PN0P_/QN          320.00  334.36  -14.36 (VIOLATED)
_747084_/A                            320.00  334.35  -14.35 (VIOLATED)
_759385_/A                            320.00  334.34  -14.34 (VIOLATED)
_767114_/A1                           320.00  334.33  -14.33 (VIOLATED)
part_q[51][1]$_DFFE_PP_/QN            320.00  334.31  -14.31 (VIOLATED)
_747082_/A                            320.00  334.29  -14.29 (VIOLATED)
_764486_/A                            320.00  334.29  -14.29 (VIOLATED)
place61349/A                          320.00  334.29  -14.29 (VIOLATED)
_768745_/C                            320.00  334.28  -14.28 (VIOLATED)
_667481_/A                            320.00  334.27  -14.27 (VIOLATED)
_768081_/C                            320.00  334.27  -14.27 (VIOLATED)
_770066_/A2                           320.00  334.27  -14.27 (VIOLATED)
_594981_/A                            320.00  334.27  -14.27 (VIOLATED)
_747078_/A                            320.00  334.27  -14.27 (VIOLATED)
_763833_/A                            320.00  334.25  -14.25 (VIOLATED)
_763783_/A                            320.00  334.25  -14.25 (VIOLATED)
_742655_/A                            320.00  334.25  -14.25 (VIOLATED)
_768738_/A                            320.00  334.24  -14.24 (VIOLATED)
_759869_/A1                           320.00  334.23  -14.23 (VIOLATED)
_742670_/A                            320.00  334.23  -14.23 (VIOLATED)
_754375_/B                            320.00  334.22  -14.22 (VIOLATED)
_747080_/A                            320.00  334.22  -14.22 (VIOLATED)
_792267_/B                            320.00  334.20  -14.20 (VIOLATED)
_743353_/A                            320.00  334.20  -14.20 (VIOLATED)
_719507_/B                            320.00  334.19  -14.19 (VIOLATED)
_760257_/B                            320.00  334.19  -14.19 (VIOLATED)
_595838_/B                            320.00  334.19  -14.19 (VIOLATED)
_717453_/B                            320.00  334.18  -14.18 (VIOLATED)
_666041_/A                            320.00  334.16  -14.16 (VIOLATED)
place68238/A                          320.00  334.16  -14.16 (VIOLATED)
_739188_/B                            320.00  334.15  -14.15 (VIOLATED)
_747083_/A                            320.00  334.15  -14.15 (VIOLATED)
_770442_/A                            320.00  334.11  -14.11 (VIOLATED)
_747076_/A                            320.00  334.10  -14.10 (VIOLATED)
_756833_/A2                           320.00  334.09  -14.09 (VIOLATED)
_764680_/A                            320.00  334.09  -14.09 (VIOLATED)
place68885/A                          320.00  334.09  -14.09 (VIOLATED)
_750025_/B                            320.00  334.08  -14.08 (VIOLATED)
_754633_/B                            320.00  334.08  -14.08 (VIOLATED)
a_sym[12][5]$_DFFE_PN0P_/RESETN       320.00  334.07  -14.07 (VIOLATED)
_754634_/A2                           320.00  334.06  -14.06 (VIOLATED)
_745818_/B                            320.00  334.05  -14.05 (VIOLATED)
_754630_/B                            320.00  334.04  -14.04 (VIOLATED)
_770065_/A2                           320.00  334.04  -14.04 (VIOLATED)
_742734_/A                            320.00  334.03  -14.03 (VIOLATED)
_792046_/A2                           320.00  334.03  -14.03 (VIOLATED)
_792047_/A2                           320.00  334.02  -14.02 (VIOLATED)
a_sym[1][5]$_DFFE_PN0P_/RESETN        320.00  334.01  -14.01 (VIOLATED)
m_1h[42]$_DFFE_PN0P_/QN               320.00  333.99  -13.99 (VIOLATED)
a_sym[0][5]$_DFFE_PN0P_/RESETN        320.00  333.99  -13.99 (VIOLATED)
_754914_/A2                           320.00  333.98  -13.98 (VIOLATED)
_594984_/A                            320.00  333.97  -13.97 (VIOLATED)
_771922_/A                            320.00  333.97  -13.97 (VIOLATED)
a_sym[7][5]$_DFFE_PN0P_/RESETN        320.00  333.95  -13.95 (VIOLATED)
_751950_/A2                           320.00  333.95  -13.95 (VIOLATED)
_754921_/B                            320.00  333.94  -13.94 (VIOLATED)
part_q[14][0]$_DFFE_PP_/QN            320.00  333.92  -13.92 (VIOLATED)
_754631_/A2                           320.00  333.92  -13.92 (VIOLATED)
_742736_/A                            320.00  333.90  -13.90 (VIOLATED)
_690032_/B                            320.00  333.89  -13.89 (VIOLATED)
a_sym[4][5]$_DFFE_PN0P_/RESETN        320.00  333.88  -13.88 (VIOLATED)
_743436_/A                            320.00  333.87  -13.87 (VIOLATED)
coef_q[120]$_DFFE_PN0P_/RESETN        320.00  333.87  -13.87 (VIOLATED)
_742737_/A                            320.00  333.86  -13.86 (VIOLATED)
_748439_/B                            320.00  333.84  -13.84 (VIOLATED)
a_sym[15][5]$_DFFE_PN0P_/RESETN       320.00  333.83  -13.83 (VIOLATED)
rdata_q[6242]$_DFFE_PP_/QN            320.00  333.83  -13.83 (VIOLATED)
place67529/A                          320.00  333.82  -13.82 (VIOLATED)
place67737/A                          320.00  333.77  -13.77 (VIOLATED)
rdata_q[6008]$_DFFE_PP_/QN            320.00  333.76  -13.76 (VIOLATED)
_792040_/A2                           320.00  333.76  -13.76 (VIOLATED)
place66617/A                          320.00  333.75  -13.75 (VIOLATED)
_760753_/A1                           320.00  333.74  -13.74 (VIOLATED)
_759253_/A1                           320.00  333.74  -13.74 (VIOLATED)
_749837_/A                            320.00  333.73  -13.73 (VIOLATED)
_770499_/A1                           320.00  333.72  -13.72 (VIOLATED)
_754157_/B                            320.00  333.71  -13.71 (VIOLATED)
_587041_/A                            320.00  333.71  -13.71 (VIOLATED)
_767639_/C                            320.00  333.70  -13.70 (VIOLATED)
_745851_/B                            320.00  333.69  -13.69 (VIOLATED)
_641482_/A                            320.00  333.68  -13.68 (VIOLATED)
_751949_/B                            320.00  333.67  -13.67 (VIOLATED)
_792039_/A2                           320.00  333.66  -13.66 (VIOLATED)
_721014_/B                            320.00  333.65  -13.65 (VIOLATED)
a_sym[6][2]$_DFFE_PN0P_/QN            320.00  333.63  -13.63 (VIOLATED)
_742739_/A                            320.00  333.63  -13.63 (VIOLATED)
_747095_/A                            320.00  333.62  -13.62 (VIOLATED)
_769598_/C                            320.00  333.59  -13.59 (VIOLATED)
_770283_/B                            320.00  333.59  -13.59 (VIOLATED)
_722259_/B                            320.00  333.58  -13.58 (VIOLATED)
_759450_/A1                           320.00  333.58  -13.58 (VIOLATED)
_743718_/A                            320.00  333.57  -13.57 (VIOLATED)
_772705_/Y                            320.00  333.57  -13.57 (VIOLATED)
_759568_/A                            320.00  333.56  -13.56 (VIOLATED)
_680360_/A                            320.00  333.54  -13.54 (VIOLATED)
_744966_/B                            320.00  333.54  -13.54 (VIOLATED)
_747154_/A                            320.00  333.53  -13.53 (VIOLATED)
_739273_/A                            320.00  333.53  -13.53 (VIOLATED)
_635234_/A                            320.00  333.52  -13.52 (VIOLATED)
_770056_/A2                           320.00  333.51  -13.51 (VIOLATED)
_754158_/A2                           320.00  333.51  -13.51 (VIOLATED)
_747511_/A                            320.00  333.47  -13.47 (VIOLATED)
_762949_/A1                           320.00  333.47  -13.47 (VIOLATED)
_768249_/B                            320.00  333.46  -13.46 (VIOLATED)
_759693_/A1                           320.00  333.46  -13.46 (VIOLATED)
_747094_/A                            320.00  333.45  -13.45 (VIOLATED)
_743384_/A                            320.00  333.45  -13.45 (VIOLATED)
_759692_/A                            320.00  333.45  -13.45 (VIOLATED)
in_data_q[120]$_DFFE_PN0P_/QN         320.00  333.44  -13.44 (VIOLATED)
place62159/A                          320.00  333.44  -13.44 (VIOLATED)
_747515_/A                            320.00  333.44  -13.44 (VIOLATED)
_599556_/A                            320.00  333.44  -13.44 (VIOLATED)
place77849/A                          320.00  333.44  -13.44 (VIOLATED)
_767419_/B                            320.00  333.43  -13.43 (VIOLATED)
a_sym[19][5]$_DFFE_PN0P_/RESETN       320.00  333.42  -13.42 (VIOLATED)
_751652_/A2                           320.00  333.41  -13.41 (VIOLATED)
rdata_q[6303]$_DFFE_PP_/QN            320.00  333.41  -13.41 (VIOLATED)
_747090_/B                            320.00  333.39  -13.39 (VIOLATED)
_742668_/A                            320.00  333.39  -13.39 (VIOLATED)
place67666/A                          320.00  333.38  -13.38 (VIOLATED)
_767891_/B                            320.00  333.38  -13.38 (VIOLATED)
_604613_/B                            320.00  333.36  -13.36 (VIOLATED)
_747144_/A                            320.00  333.36  -13.36 (VIOLATED)
_747145_/A                            320.00  333.35  -13.35 (VIOLATED)
_759316_/A1                           320.00  333.32  -13.32 (VIOLATED)
_745918_/B                            320.00  333.32  -13.32 (VIOLATED)
_760108_/A1                           320.00  333.31  -13.31 (VIOLATED)
_544446_/A                            320.00  333.30  -13.30 (VIOLATED)
place67403/A                          320.00  333.28  -13.28 (VIOLATED)
_773150_/Y                            320.00  333.28  -13.28 (VIOLATED)
place68333/A                          320.00  333.26  -13.26 (VIOLATED)
_769971_/B                            320.00  333.25  -13.25 (VIOLATED)
_769970_/A1                           320.00  333.25  -13.25 (VIOLATED)
_747148_/A                            320.00  333.23  -13.23 (VIOLATED)
_768365_/A                            320.00  333.23  -13.23 (VIOLATED)
_743358_/A                            320.00  333.22  -13.22 (VIOLATED)
rdata_q[4211]$_DFFE_PP_/QN            320.00  333.21  -13.21 (VIOLATED)
_717444_/B                            320.00  333.21  -13.21 (VIOLATED)
_742875_/B                            320.00  333.20  -13.20 (VIOLATED)
in_data_q[2]$_DFFE_PN0P_/QN           320.00  333.19  -13.19 (VIOLATED)
_768366_/A1                           320.00  333.16  -13.16 (VIOLATED)
_680338_/A                            320.00  333.15  -13.15 (VIOLATED)
_772245_/Y                            320.00  333.14  -13.14 (VIOLATED)
_747161_/A                            320.00  333.13  -13.13 (VIOLATED)
rdata_q[6199]$_DFFE_PP_/QN            320.00  333.13  -13.13 (VIOLATED)
_749003_/B                            320.00  333.11  -13.11 (VIOLATED)
_759927_/A1                           320.00  333.10  -13.10 (VIOLATED)
_767136_/A1                           320.00  333.10  -13.10 (VIOLATED)
part_q[35][9]$_DFFE_PP_/QN            320.00  333.09  -13.09 (VIOLATED)
a_sym[9][7]$_DFFE_PN0P_/QN            320.00  333.09  -13.09 (VIOLATED)
_746858_/A                            320.00  333.08  -13.08 (VIOLATED)
_770633_/B                            320.00  333.08  -13.08 (VIOLATED)
_594987_/A                            320.00  333.06  -13.06 (VIOLATED)
_747150_/A                            320.00  333.06  -13.06 (VIOLATED)
_745939_/B                            320.00  333.05  -13.05 (VIOLATED)
coef_q[96]$_DFFE_PN0P_/RESETN         320.00  333.03  -13.03 (VIOLATED)
_768065_/A1                           320.00  333.02  -13.02 (VIOLATED)
_756836_/A2                           320.00  333.00  -13.00 (VIOLATED)
_748810_/B                            320.00  333.00  -13.00 (VIOLATED)
a_sym[3][5]$_DFFE_PN0P_/RESETN        320.00  332.99  -12.99 (VIOLATED)
_759926_/A                            320.00  332.98  -12.98 (VIOLATED)
_770055_/A2                           320.00  332.94  -12.94 (VIOLATED)
_768521_/A1                           320.00  332.93  -12.93 (VIOLATED)
_768523_/A1                           320.00  332.92  -12.92 (VIOLATED)
_680339_/A                            320.00  332.88  -12.88 (VIOLATED)
_745373_/A                            320.00  332.84  -12.84 (VIOLATED)
_744045_/B                            320.00  332.84  -12.84 (VIOLATED)
_747102_/A                            320.00  332.83  -12.83 (VIOLATED)
_756670_/A2                           320.00  332.82  -12.82 (VIOLATED)
_756753_/A2                           320.00  332.81  -12.81 (VIOLATED)
_767850_/A1                           320.00  332.79  -12.79 (VIOLATED)
_768069_/C                            320.00  332.78  -12.78 (VIOLATED)
_767618_/A                            320.00  332.78  -12.78 (VIOLATED)
_773141_/A                            320.00  332.77  -12.77 (VIOLATED)
_756756_/A2                           320.00  332.74  -12.74 (VIOLATED)
_767151_/A1                           320.00  332.74  -12.74 (VIOLATED)
a_sym[11][5]$_DFFE_PN0P_/RESETN       320.00  332.73  -12.73 (VIOLATED)
_747099_/B                            320.00  332.73  -12.73 (VIOLATED)
_756674_/A2                           320.00  332.72  -12.72 (VIOLATED)
a_sym[22][6]$_DFFE_PN0P_/RESETN       320.00  332.71  -12.71 (VIOLATED)
_756664_/A2                           320.00  332.71  -12.71 (VIOLATED)
_752916_/B                            320.00  332.70  -12.70 (VIOLATED)
place77845/A                          320.00  332.70  -12.70 (VIOLATED)
_594990_/A                            320.00  332.70  -12.70 (VIOLATED)
_760107_/A                            320.00  332.70  -12.70 (VIOLATED)
_768375_/A                            320.00  332.69  -12.69 (VIOLATED)
_680361_/A                            320.00  332.68  -12.68 (VIOLATED)
_792036_/A2                           320.00  332.67  -12.67 (VIOLATED)
_792037_/A2                           320.00  332.67  -12.67 (VIOLATED)
_743365_/A                            320.00  332.67  -12.67 (VIOLATED)
_756747_/A2                           320.00  332.66  -12.66 (VIOLATED)
_623803_/A                            320.00  332.65  -12.65 (VIOLATED)
_599557_/A                            320.00  332.65  -12.65 (VIOLATED)
place67594/A                          320.00  332.63  -12.63 (VIOLATED)
place66638/A                          320.00  332.63  -12.63 (VIOLATED)
_743258_/B                            320.00  332.63  -12.63 (VIOLATED)
a_sym[10][7]$_DFFE_PN0P_/QN           320.00  332.62  -12.62 (VIOLATED)
_747090_/A                            320.00  332.60  -12.60 (VIOLATED)
_760223_/A1                           320.00  332.59  -12.59 (VIOLATED)
_623804_/A                            320.00  332.59  -12.59 (VIOLATED)
_754367_/B                            320.00  332.58  -12.58 (VIOLATED)
_768937_/C                            320.00  332.57  -12.57 (VIOLATED)
coef_q[173]$_DFFE_PN0P_/RESETN        320.00  332.57  -12.57 (VIOLATED)
_756827_/A2                           320.00  332.57  -12.57 (VIOLATED)
hv_q[1]$_DFFE_PN0P_/RESETN            320.00  332.57  -12.57 (VIOLATED)
_742665_/A                            320.00  332.53  -12.53 (VIOLATED)
a_sym[22][1]$_DFFE_PN0P_/RESETN       320.00  332.53  -12.53 (VIOLATED)
coef_q[181]$_DFFE_PN0P_/RESETN        320.00  332.51  -12.51 (VIOLATED)
_745354_/B                            320.00  332.51  -12.51 (VIOLATED)
coef_q[10]$_DFFE_PN0P_/RESETN         320.00  332.50  -12.50 (VIOLATED)
_767355_/C                            320.00  332.49  -12.49 (VIOLATED)
coef_q[55]$_DFFE_PN0P_/RESETN         320.00  332.48  -12.48 (VIOLATED)
_631764_/B                            320.00  332.48  -12.48 (VIOLATED)
_742682_/A                            320.00  332.47  -12.47 (VIOLATED)
_760052_/A1                           320.00  332.46  -12.46 (VIOLATED)
_768076_/A1                           320.00  332.44  -12.44 (VIOLATED)
_771631_/A                            320.00  332.44  -12.44 (VIOLATED)
_680340_/A                            320.00  332.44  -12.44 (VIOLATED)
rdata_q[2614]$_DFFE_PP_/QN            320.00  332.43  -12.43 (VIOLATED)
_743412_/B                            320.00  332.43  -12.43 (VIOLATED)
_759042_/A                            320.00  332.43  -12.43 (VIOLATED)
_623805_/A                            320.00  332.41  -12.41 (VIOLATED)
_742862_/B                            320.00  332.38  -12.38 (VIOLATED)
_760000_/A1                           320.00  332.33  -12.33 (VIOLATED)
_746001_/B                            320.00  332.32  -12.32 (VIOLATED)
coef_q[101]$_DFFE_PN0P_/RESETN        320.00  332.30  -12.30 (VIOLATED)
_767097_/A1                           320.00  332.29  -12.29 (VIOLATED)
_770059_/A2                           320.00  332.29  -12.29 (VIOLATED)
coef_q[110]$_DFFE_PN0P_/RESETN        320.00  332.27  -12.27 (VIOLATED)
_750032_/B                            320.00  332.25  -12.25 (VIOLATED)
place68952/A                          320.00  332.25  -12.25 (VIOLATED)
_768895_/B                            320.00  332.25  -12.25 (VIOLATED)
_743369_/A                            320.00  332.24  -12.24 (VIOLATED)
_744992_/A                            320.00  332.24  -12.24 (VIOLATED)
_623806_/A                            320.00  332.22  -12.22 (VIOLATED)
_752917_/A2                           320.00  332.22  -12.22 (VIOLATED)
place68294/A                          320.00  332.19  -12.19 (VIOLATED)
_568851_/A                            320.00  332.18  -12.18 (VIOLATED)
_768206_/C                            320.00  332.16  -12.16 (VIOLATED)
_768377_/A                            320.00  332.16  -12.16 (VIOLATED)
_745348_/B                            320.00  332.16  -12.16 (VIOLATED)
_753512_/B2                           320.00  332.15  -12.15 (VIOLATED)
_721026_/B                            320.00  332.15  -12.15 (VIOLATED)
_744689_/B                            320.00  332.13  -12.13 (VIOLATED)
_623788_/A                            320.00  332.12  -12.12 (VIOLATED)
place68955/A                          320.00  332.11  -12.11 (VIOLATED)
in_data_q[93]$_DFFE_PN0P_/QN          320.00  332.06  -12.06 (VIOLATED)
_762764_/A                            320.00  332.05  -12.05 (VIOLATED)
_771624_/A                            320.00  332.04  -12.04 (VIOLATED)
_639612_/A                            320.00  332.04  -12.04 (VIOLATED)
_768380_/A1                           320.00  332.02  -12.02 (VIOLATED)
part_q[77][2]$_DFFE_PP_/D             320.00  332.02  -12.02 (VIOLATED)
rdata_q[5657]$_DFFE_PP_/QN            320.00  332.02  -12.02 (VIOLATED)
_759173_/A1                           320.00  332.01  -12.01 (VIOLATED)
_750744_/B                            320.00  332.00  -12.00 (VIOLATED)
_623789_/A                            320.00  331.99  -11.99 (VIOLATED)
_770058_/A2                           320.00  331.99  -11.99 (VIOLATED)
_742390_/B                            320.00  331.96  -11.96 (VIOLATED)
_743833_/A                            320.00  331.94  -11.94 (VIOLATED)
_760061_/A                            320.00  331.92  -11.92 (VIOLATED)
_759998_/A                            320.00  331.91  -11.91 (VIOLATED)
_768376_/A1                           320.00  331.88  -11.88 (VIOLATED)
_743571_/A                            320.00  331.88  -11.88 (VIOLATED)
_680341_/A                            320.00  331.87  -11.87 (VIOLATED)
_743720_/A                            320.00  331.87  -11.87 (VIOLATED)
_791317_/B                            320.00  331.86  -11.86 (VIOLATED)
_742649_/A                            320.00  331.86  -11.86 (VIOLATED)
_772433_/A                            320.00  331.82  -11.82 (VIOLATED)
_770586_/C                            320.00  331.82  -11.82 (VIOLATED)
_759395_/A                            320.00  331.81  -11.81 (VIOLATED)
_594993_/A                            320.00  331.80  -11.80 (VIOLATED)
_792277_/A                            320.00  331.80  -11.80 (VIOLATED)
_751942_/A2                           320.00  331.79  -11.79 (VIOLATED)
_770595_/C                            320.00  331.79  -11.79 (VIOLATED)
_759323_/C                            320.00  331.78  -11.78 (VIOLATED)
_745983_/B                            320.00  331.78  -11.78 (VIOLATED)
place67681/A                          320.00  331.74  -11.74 (VIOLATED)
_648558_/B                            320.00  331.74  -11.74 (VIOLATED)
_623790_/A                            320.00  331.74  -11.74 (VIOLATED)
_639611_/A                            320.00  331.73  -11.73 (VIOLATED)
coef_q[40]$_DFFE_PN0P_/RESETN         320.00  331.72  -11.72 (VIOLATED)
_792342_/CI                           320.00  331.70  -11.70 (VIOLATED)
place67972/A                          320.00  331.70  -11.70 (VIOLATED)
_743395_/A                            320.00  331.69  -11.69 (VIOLATED)
_599577_/A                            320.00  331.68  -11.68 (VIOLATED)
_745358_/B                            320.00  331.68  -11.68 (VIOLATED)
_769893_/C                            320.00  331.64  -11.64 (VIOLATED)
_739200_/A                            320.00  331.62  -11.62 (VIOLATED)
_739132_/A                            320.00  331.62  -11.62 (VIOLATED)
_769895_/A1                           320.00  331.59  -11.59 (VIOLATED)
in_data_q[114]$_DFFE_PN0P_/QN         320.00  331.58  -11.58 (VIOLATED)
_656364_/B                            320.00  331.56  -11.56 (VIOLATED)
_742740_/A                            320.00  331.53  -11.53 (VIOLATED)
_762445_/A                            320.00  331.52  -11.52 (VIOLATED)
_680342_/A                            320.00  331.52  -11.52 (VIOLATED)
_750065_/B                            320.00  331.51  -11.51 (VIOLATED)
_762382_/A                            320.00  331.51  -11.51 (VIOLATED)
rdata_q[3172]$_DFFE_PP_/QN            320.00  331.50  -11.50 (VIOLATED)
_769888_/A1                           320.00  331.48  -11.48 (VIOLATED)
_751941_/B                            320.00  331.42  -11.42 (VIOLATED)
_749880_/A                            320.00  331.42  -11.42 (VIOLATED)
_639610_/A                            320.00  331.41  -11.41 (VIOLATED)
_594996_/A                            320.00  331.40  -11.40 (VIOLATED)
_770051_/A2                           320.00  331.39  -11.39 (VIOLATED)
_741943_/A                            320.00  331.37  -11.37 (VIOLATED)
_763446_/C                            320.00  331.37  -11.37 (VIOLATED)
_769886_/C                            320.00  331.36  -11.36 (VIOLATED)
_680362_/A                            320.00  331.32  -11.32 (VIOLATED)
_623807_/A                            320.00  331.29  -11.29 (VIOLATED)
_768512_/A1                           320.00  331.29  -11.29 (VIOLATED)
_770049_/A2                           320.00  331.26  -11.26 (VIOLATED)
_743581_/A                            320.00  331.24  -11.24 (VIOLATED)
_792043_/A2                           320.00  331.21  -11.21 (VIOLATED)
a_sym[22][0]$_DFFE_PN0P_/RESETN       320.00  331.18  -11.18 (VIOLATED)
_770004_/C                            320.00  331.17  -11.17 (VIOLATED)
_602152_/B                            320.00  331.15  -11.15 (VIOLATED)
_748135_/A                            320.00  331.13  -11.13 (VIOLATED)
_759109_/A1                           320.00  331.12  -11.12 (VIOLATED)
_655039_/B                            320.00  331.10  -11.10 (VIOLATED)
_760463_/A1                           320.00  331.09  -11.09 (VIOLATED)
_742765_/A                            320.00  331.09  -11.09 (VIOLATED)
_792044_/A2                           320.00  331.07  -11.07 (VIOLATED)
_752596_/B                            320.00  331.05  -11.05 (VIOLATED)
_623791_/A                            320.00  331.04  -11.04 (VIOLATED)
_594999_/A                            320.00  330.98  -10.98 (VIOLATED)
_764019_/A1                           320.00  330.98  -10.98 (VIOLATED)
_764095_/A                            320.00  330.96  -10.96 (VIOLATED)
_607429_/B                            320.00  330.94  -10.94 (VIOLATED)
_759518_/A1                           320.00  330.94  -10.94 (VIOLATED)
a_sym[21][7]$_DFFE_PN0P_/RESETN       320.00  330.91  -10.91 (VIOLATED)
_742959_/B                            320.00  330.90  -10.90 (VIOLATED)
_791887_/C                            320.00  330.87  -10.87 (VIOLATED)
_742731_/A                            320.00  330.87  -10.87 (VIOLATED)
_763985_/A1                           320.00  330.87  -10.87 (VIOLATED)
_770556_/B                            320.00  330.86  -10.86 (VIOLATED)
_639609_/A                            320.00  330.86  -10.86 (VIOLATED)
_762325_/A                            320.00  330.85  -10.85 (VIOLATED)
_770620_/B                            320.00  330.84  -10.84 (VIOLATED)
_762261_/A                            320.00  330.82  -10.82 (VIOLATED)
_767597_/C                            320.00  330.81  -10.81 (VIOLATED)
_762073_/A                            320.00  330.81  -10.81 (VIOLATED)
_769304_/A                            320.00  330.81  -10.81 (VIOLATED)
_742729_/A                            320.00  330.81  -10.81 (VIOLATED)
rdata_q[5498]$_DFFE_PP_/QN            320.00  330.80  -10.80 (VIOLATED)
_623808_/A                            320.00  330.80  -10.80 (VIOLATED)
_759333_/A1                           320.00  330.79  -10.79 (VIOLATED)
_754929_/A2                           320.00  330.77  -10.77 (VIOLATED)
place69034/A                          320.00  330.77  -10.77 (VIOLATED)
place67343/A                          320.00  330.77  -10.77 (VIOLATED)
_750611_/B                            320.00  330.76  -10.76 (VIOLATED)
_742644_/A                            320.00  330.76  -10.76 (VIOLATED)
_759180_/A1                           320.00  330.75  -10.75 (VIOLATED)
_770629_/C                            320.00  330.75  -10.75 (VIOLATED)
m_1h[29]$_DFFE_PN0P_/QN               320.00  330.74  -10.74 (VIOLATED)
_760157_/A                            320.00  330.73  -10.73 (VIOLATED)
_856380_/B                            320.00  330.73  -10.73 (VIOLATED)
_767627_/A1                           320.00  330.72  -10.72 (VIOLATED)
_768363_/A                            320.00  330.71  -10.71 (VIOLATED)
rdata_q[5970]$_DFFE_PP_/QN            320.00  330.71  -10.71 (VIOLATED)
_762206_/A                            320.00  330.70  -10.70 (VIOLATED)
_761838_/A                            320.00  330.66  -10.66 (VIOLATED)
_743356_/B                            320.00  330.64  -10.64 (VIOLATED)
_747435_/A                            320.00  330.63  -10.63 (VIOLATED)
_762266_/A                            320.00  330.58  -10.58 (VIOLATED)
_669308_/B                            320.00  330.57  -10.57 (VIOLATED)
_752599_/B                            320.00  330.57  -10.57 (VIOLATED)
_599558_/A                            320.00  330.57  -10.57 (VIOLATED)
_761118_/C2                           320.00  330.55  -10.55 (VIOLATED)
_769900_/C                            320.00  330.53  -10.53 (VIOLATED)
_743638_/A                            320.00  330.53  -10.53 (VIOLATED)
_755219_/B                            320.00  330.51  -10.51 (VIOLATED)
_767345_/C                            320.00  330.48  -10.48 (VIOLATED)
_767590_/C                            320.00  330.47  -10.47 (VIOLATED)
place66640/A                          320.00  330.47  -10.47 (VIOLATED)
_760287_/A1                           320.00  330.46  -10.46 (VIOLATED)
_742724_/A                            320.00  330.44  -10.44 (VIOLATED)
_755220_/A2                           320.00  330.44  -10.44 (VIOLATED)
_623792_/A                            320.00  330.44  -10.44 (VIOLATED)
part_q[3][9]$_DFFE_PP_/QN             320.00  330.43  -10.43 (VIOLATED)
_761955_/A                            320.00  330.42  -10.42 (VIOLATED)
_770129_/C                            320.00  330.42  -10.42 (VIOLATED)
part_q[17][19]$_DFFE_PP_/QN           320.00  330.42  -10.42 (VIOLATED)
_746355_/B                            320.00  330.41  -10.41 (VIOLATED)
_752600_/A2                           320.00  330.41  -10.41 (VIOLATED)
_742567_/B                            320.00  330.41  -10.41 (VIOLATED)
_769902_/A1                           320.00  330.40  -10.40 (VIOLATED)
_742648_/A                            320.00  330.38  -10.38 (VIOLATED)
place68188/A                          320.00  330.37  -10.37 (VIOLATED)
_640358_/B                            320.00  330.36  -10.36 (VIOLATED)
_761123_/B1                           320.00  330.35  -10.35 (VIOLATED)
_745055_/B                            320.00  330.32  -10.32 (VIOLATED)
_762013_/A                            320.00  330.32  -10.32 (VIOLATED)
_742637_/A                            320.00  330.31  -10.31 (VIOLATED)
_764690_/A                            320.00  330.30  -10.30 (VIOLATED)
_754931_/B                            320.00  330.30  -10.30 (VIOLATED)
_770366_/A1                           320.00  330.30  -10.30 (VIOLATED)
_742676_/A                            320.00  330.30  -10.30 (VIOLATED)
_680363_/A                            320.00  330.26  -10.26 (VIOLATED)
_745324_/B                            320.00  330.26  -10.26 (VIOLATED)
_691287_/B                            320.00  330.22  -10.22 (VIOLATED)
_742640_/A                            320.00  330.22  -10.22 (VIOLATED)
_759116_/A                            320.00  330.21  -10.21 (VIOLATED)
_758319_/B                            320.00  330.20  -10.20 (VIOLATED)
rdata_q[6435]$_DFFE_PP_/QN            320.00  330.19  -10.19 (VIOLATED)
_761142_/C2                           320.00  330.16  -10.16 (VIOLATED)
_745147_/B                            320.00  330.16  -10.16 (VIOLATED)
_754932_/A2                           320.00  330.15  -10.15 (VIOLATED)
_752289_/A2                           320.00  330.12  -10.12 (VIOLATED)
_760462_/A                            320.00  330.12  -10.12 (VIOLATED)
place67969/A                          320.00  330.08  -10.08 (VIOLATED)
_792067_/A1                           320.00  330.06  -10.06 (VIOLATED)
_792066_/A                            320.00  330.04  -10.04 (VIOLATED)
part_q[4][12]$_DFFE_PP_/QN            320.00  330.03  -10.03 (VIOLATED)
rdata_q[7430]$_DFFE_PP_/QN            320.00  330.02  -10.02 (VIOLATED)
_770575_/C                            320.00  330.02  -10.02 (VIOLATED)
_770361_/A1                           320.00  330.01  -10.01 (VIOLATED)
_761288_/E                            320.00  330.01  -10.01 (VIOLATED)
a_sym[14][0]$_DFFE_PN0P_/RESETN       320.00  329.99   -9.99 (VIOLATED)
_680343_/A                            320.00  329.99   -9.99 (VIOLATED)
_791847_/A                            320.00  329.98   -9.98 (VIOLATED)
_754656_/A2                           320.00  329.98   -9.98 (VIOLATED)
_764825_/A1                           320.00  329.97   -9.97 (VIOLATED)
place67978/A                          320.00  329.96   -9.96 (VIOLATED)
_746709_/B                            320.00  329.96   -9.96 (VIOLATED)
_750096_/B                            320.00  329.96   -9.96 (VIOLATED)
_761283_/E                            320.00  329.95   -9.95 (VIOLATED)
_792154_/C                            320.00  329.93   -9.93 (VIOLATED)
_748079_/B                            320.00  329.92   -9.92 (VIOLATED)
rdata_q[6114]$_DFFE_PP_/QN            320.00  329.92   -9.92 (VIOLATED)
place67998/A                          320.00  329.91   -9.91 (VIOLATED)
_750098_/B                            320.00  329.91   -9.91 (VIOLATED)
a_sym[3][7]$_DFFE_PN0P_/QN            320.00  329.91   -9.91 (VIOLATED)
_748256_/B                            320.00  329.89   -9.89 (VIOLATED)
_757175_/A1                           320.00  329.84   -9.84 (VIOLATED)
_680064_/B                            320.00  329.82   -9.82 (VIOLATED)
_753239_/A2                           320.00  329.81   -9.81 (VIOLATED)
_745391_/A                            320.00  329.81   -9.81 (VIOLATED)
_742703_/A                            320.00  329.81   -9.81 (VIOLATED)
_769782_/A                            320.00  329.81   -9.81 (VIOLATED)
_763573_/C                            320.00  329.81   -9.81 (VIOLATED)
place68397/A                          320.00  329.80   -9.80 (VIOLATED)
_763507_/A1                           320.00  329.80   -9.80 (VIOLATED)
_755147_/A1                           320.00  329.80   -9.80 (VIOLATED)
_761317_/E                            320.00  329.79   -9.79 (VIOLATED)
_743619_/A                            320.00  329.79   -9.79 (VIOLATED)
_752597_/A2                           320.00  329.79   -9.79 (VIOLATED)
_754928_/B                            320.00  329.79   -9.79 (VIOLATED)
place67745/A                          320.00  329.75   -9.75 (VIOLATED)
place67530/A                          320.00  329.75   -9.75 (VIOLATED)
_753139_/A1                           320.00  329.74   -9.74 (VIOLATED)
_745626_/B                            320.00  329.72   -9.72 (VIOLATED)
_746906_/A                            320.00  329.72   -9.72 (VIOLATED)
_752819_/A1                           320.00  329.70   -9.70 (VIOLATED)
_742710_/A                            320.00  329.69   -9.69 (VIOLATED)
_761523_/A1                           320.00  329.68   -9.68 (VIOLATED)
_748069_/A                            320.00  329.68   -9.68 (VIOLATED)
_763402_/B                            320.00  329.67   -9.67 (VIOLATED)
_742666_/A                            320.00  329.67   -9.67 (VIOLATED)
_623793_/A                            320.00  329.66   -9.66 (VIOLATED)
_746532_/B                            320.00  329.66   -9.66 (VIOLATED)
_743362_/A                            320.00  329.66   -9.66 (VIOLATED)
_765877_/A2                           320.00  329.65   -9.65 (VIOLATED)
coef_q[68]$_DFFE_PN0P_/RESETN         320.00  329.65   -9.65 (VIOLATED)
_751944_/B                            320.00  329.65   -9.65 (VIOLATED)
_771821_/A                            320.00  329.63   -9.63 (VIOLATED)
_761517_/B                            320.00  329.63   -9.63 (VIOLATED)
_763400_/A1                           320.00  329.61   -9.61 (VIOLATED)
a_sym[6][1]$_DFFE_PN0P_/RESETN        320.00  329.60   -9.60 (VIOLATED)
_791902_/B                            320.00  329.60   -9.60 (VIOLATED)
a_sym[11][7]$_DFFE_PN0P_/RESETN       320.00  329.60   -9.60 (VIOLATED)
oskid_d[149]$_DFFE_PN0P_/D            320.00  329.60   -9.60 (VIOLATED)
_753131_/A1                           320.00  329.59   -9.59 (VIOLATED)
_761615_/B                            320.00  329.59   -9.59 (VIOLATED)
_751945_/A2                           320.00  329.59   -9.59 (VIOLATED)
_763401_/B                            320.00  329.58   -9.58 (VIOLATED)
_753231_/A2                           320.00  329.58   -9.58 (VIOLATED)
_749898_/A                            320.00  329.58   -9.58 (VIOLATED)
_764022_/A1                           320.00  329.58   -9.58 (VIOLATED)
a_sym[6][0]$_DFFE_PN0P_/RESETN        320.00  329.57   -9.57 (VIOLATED)
_761802_/A1                           320.00  329.57   -9.57 (VIOLATED)
_763414_/B                            320.00  329.56   -9.56 (VIOLATED)
_747100_/B                            320.00  329.55   -9.55 (VIOLATED)
_753230_/B                            320.00  329.55   -9.55 (VIOLATED)
a_sym[19][1]$_DFFE_PN0P_/RESETN       320.00  329.55   -9.55 (VIOLATED)
a_sym[24][1]$_DFFE_PN0P_/RESETN       320.00  329.55   -9.55 (VIOLATED)
a_sym[14][1]$_DFFE_PN0P_/RESETN       320.00  329.55   -9.55 (VIOLATED)
_770639_/C                            320.00  329.54   -9.54 (VIOLATED)
_764101_/A                            320.00  329.53   -9.53 (VIOLATED)
_763349_/B                            320.00  329.50   -9.50 (VIOLATED)
rdata_q[3345]$_DFFE_PP_/QN            320.00  329.49   -9.49 (VIOLATED)
_755494_/A2                           320.00  329.49   -9.49 (VIOLATED)
_764619_/A1                           320.00  329.49   -9.49 (VIOLATED)
_764761_/A1                           320.00  329.48   -9.48 (VIOLATED)
_763375_/B                            320.00  329.47   -9.47 (VIOLATED)
_767864_/C                            320.00  329.47   -9.47 (VIOLATED)
_747424_/A                            320.00  329.47   -9.47 (VIOLATED)
_639608_/A                            320.00  329.46   -9.46 (VIOLATED)
_753465_/A1                           320.00  329.46   -9.46 (VIOLATED)
_770566_/C                            320.00  329.45   -9.45 (VIOLATED)
_769156_/A1                           320.00  329.42   -9.42 (VIOLATED)
_769154_/C                            320.00  329.41   -9.41 (VIOLATED)
_744309_/B                            320.00  329.41   -9.41 (VIOLATED)
_762952_/A1                           320.00  329.41   -9.41 (VIOLATED)
_742702_/A                            320.00  329.40   -9.40 (VIOLATED)
_763255_/B                            320.00  329.40   -9.40 (VIOLATED)
_747513_/A                            320.00  329.39   -9.39 (VIOLATED)
_752606_/B                            320.00  329.39   -9.39 (VIOLATED)
_754655_/B                            320.00  329.39   -9.39 (VIOLATED)
_763988_/A1                           320.00  329.35   -9.35 (VIOLATED)
_680344_/A                            320.00  329.31   -9.31 (VIOLATED)
_597681_/B                            320.00  329.31   -9.31 (VIOLATED)
_758885_/A                            320.00  329.31   -9.31 (VIOLATED)
_763458_/B                            320.00  329.31   -9.31 (VIOLATED)
_754370_/B                            320.00  329.31   -9.31 (VIOLATED)
_763429_/B                            320.00  329.30   -9.30 (VIOLATED)
_772195_/A                            320.00  329.29   -9.29 (VIOLATED)
_770526_/B                            320.00  329.29   -9.29 (VIOLATED)
_758886_/A1                           320.00  329.27   -9.27 (VIOLATED)
rdata_q[5802]$_DFFE_PP_/QN            320.00  329.27   -9.27 (VIOLATED)
_753238_/B                            320.00  329.26   -9.26 (VIOLATED)
_763388_/B                            320.00  329.25   -9.25 (VIOLATED)
_767626_/A                            320.00  329.25   -9.25 (VIOLATED)
_763248_/B                            320.00  329.23   -9.23 (VIOLATED)
_752546_/A1                           320.00  329.23   -9.23 (VIOLATED)
_763579_/C                            320.00  329.22   -9.22 (VIOLATED)
_770659_/A                            320.00  329.22   -9.22 (VIOLATED)
_763442_/B                            320.00  329.21   -9.21 (VIOLATED)
_761705_/B                            320.00  329.21   -9.21 (VIOLATED)
_752862_/A1                           320.00  329.20   -9.20 (VIOLATED)
_746142_/B                            320.00  329.17   -9.17 (VIOLATED)
_671368_/A                            320.00  329.17   -9.17 (VIOLATED)
_742782_/B                            320.00  329.17   -9.17 (VIOLATED)
_763348_/Y                            320.00  329.17   -9.17 (VIOLATED)
_752859_/A1                           320.00  329.16   -9.16 (VIOLATED)
_770694_/A                            320.00  329.16   -9.16 (VIOLATED)
_770534_/C                            320.00  329.15   -9.15 (VIOLATED)
_763514_/A1                           320.00  329.15   -9.15 (VIOLATED)
_759035_/A                            320.00  329.13   -9.13 (VIOLATED)
_748172_/A                            320.00  329.13   -9.13 (VIOLATED)
_769913_/B                            320.00  329.13   -9.13 (VIOLATED)
_769865_/C                            320.00  329.13   -9.13 (VIOLATED)
_762996_/C                            320.00  329.12   -9.12 (VIOLATED)
_770508_/A1                           320.00  329.12   -9.12 (VIOLATED)
_769125_/A1                           320.00  329.12   -9.12 (VIOLATED)
_769242_/B                            320.00  329.12   -9.12 (VIOLATED)
_750063_/B                            320.00  329.10   -9.10 (VIOLATED)
place66680/A                          320.00  329.09   -9.09 (VIOLATED)
_742728_/A                            320.00  329.09   -9.09 (VIOLATED)
_769132_/A1                           320.00  329.09   -9.09 (VIOLATED)
_639607_/A                            320.00  329.08   -9.08 (VIOLATED)
_770484_/A1                           320.00  329.07   -9.07 (VIOLATED)
_770680_/A1                           320.00  329.06   -9.06 (VIOLATED)
_767861_/C                            320.00  329.06   -9.06 (VIOLATED)
_769250_/A1                           320.00  329.05   -9.05 (VIOLATED)
place67665/A                          320.00  329.03   -9.03 (VIOLATED)
place67860/A                          320.00  329.03   -9.03 (VIOLATED)
_759036_/A1                           320.00  329.01   -9.01 (VIOLATED)
_750086_/B                            320.00  329.01   -9.01 (VIOLATED)
_591451_/A                            320.00  329.01   -9.01 (VIOLATED)
in_data_q[56]$_DFFE_PN0P_/QN          320.00  328.98   -8.98 (VIOLATED)
_763415_/B                            320.00  328.97   -8.97 (VIOLATED)
_599559_/A                            320.00  328.93   -8.93 (VIOLATED)
_747160_/A                            320.00  328.90   -8.90 (VIOLATED)
_762974_/A                            320.00  328.89   -8.89 (VIOLATED)
_762975_/A1                           320.00  328.87   -8.87 (VIOLATED)
_753174_/A1                           320.00  328.87   -8.87 (VIOLATED)
_772173_/A                            320.00  328.85   -8.85 (VIOLATED)
rdata_q[2773]$_DFFE_PP_/QN            320.00  328.85   -8.85 (VIOLATED)
_746178_/B                            320.00  328.85   -8.85 (VIOLATED)
_761146_/B1                           320.00  328.82   -8.82 (VIOLATED)
_742904_/B                            320.00  328.82   -8.82 (VIOLATED)
a_sym[0][1]$_DFFE_PN0P_/RESETN        320.00  328.80   -8.80 (VIOLATED)
_767362_/C                            320.00  328.77   -8.77 (VIOLATED)
_729731_/B                            320.00  328.77   -8.77 (VIOLATED)
_768209_/C                            320.00  328.76   -8.76 (VIOLATED)
_761795_/A1                           320.00  328.76   -8.76 (VIOLATED)
_760519_/A1                           320.00  328.75   -8.75 (VIOLATED)
_755716_/A                            320.00  328.74   -8.74 (VIOLATED)
_761918_/B                            320.00  328.74   -8.74 (VIOLATED)
_741639_/A                            320.00  328.73   -8.73 (VIOLATED)
place69013/A                          320.00  328.72   -8.72 (VIOLATED)
_768198_/C                            320.00  328.71   -8.71 (VIOLATED)
_767839_/A1                           320.00  328.68   -8.68 (VIOLATED)
_755440_/A                            320.00  328.67   -8.67 (VIOLATED)
_755717_/A1                           320.00  328.65   -8.65 (VIOLATED)
_755698_/A                            320.00  328.62   -8.62 (VIOLATED)
_721017_/B                            320.00  328.62   -8.62 (VIOLATED)
_755699_/A1                           320.00  328.61   -8.61 (VIOLATED)
_753182_/A1                           320.00  328.61   -8.61 (VIOLATED)
_747176_/B                            320.00  328.59   -8.59 (VIOLATED)
_626441_/A                            320.00  328.58   -8.58 (VIOLATED)
_747523_/A                            320.00  328.57   -8.57 (VIOLATED)
_768196_/A1                           320.00  328.57   -8.57 (VIOLATED)
_744700_/B                            320.00  328.56   -8.56 (VIOLATED)
_719492_/B                            320.00  328.55   -8.55 (VIOLATED)
_763833_/C                            320.00  328.54   -8.54 (VIOLATED)
_763783_/C                            320.00  328.54   -8.54 (VIOLATED)
_748950_/A                            320.00  328.52   -8.52 (VIOLATED)
rdata_q[2100]$_DFFE_PP_/QN            320.00  328.51   -8.51 (VIOLATED)
_763789_/C                            320.00  328.49   -8.49 (VIOLATED)
_761859_/B                            320.00  328.48   -8.48 (VIOLATED)
_763838_/C                            320.00  328.47   -8.47 (VIOLATED)
_755441_/A1                           320.00  328.47   -8.47 (VIOLATED)
_768966_/B                            320.00  328.44   -8.44 (VIOLATED)
_745871_/B                            320.00  328.44   -8.44 (VIOLATED)
_769789_/C                            320.00  328.44   -8.44 (VIOLATED)
_767338_/C                            320.00  328.42   -8.42 (VIOLATED)
_753884_/A2                           320.00  328.41   -8.41 (VIOLATED)
_770422_/C                            320.00  328.41   -8.41 (VIOLATED)
_772717_/A                            320.00  328.40   -8.40 (VIOLATED)
_748957_/A                            320.00  328.39   -8.39 (VIOLATED)
_753883_/B                            320.00  328.38   -8.38 (VIOLATED)
_763276_/B                            320.00  328.37   -8.37 (VIOLATED)
_599578_/A                            320.00  328.36   -8.36 (VIOLATED)
_763413_/A1                           320.00  328.36   -8.36 (VIOLATED)
_752288_/B                            320.00  328.34   -8.34 (VIOLATED)
_754371_/A2                           320.00  328.34   -8.34 (VIOLATED)
_772399_/A                            320.00  328.34   -8.34 (VIOLATED)
_742744_/B                            320.00  328.32   -8.32 (VIOLATED)
_746155_/B                            320.00  328.31   -8.31 (VIOLATED)
_770047_/A2                           320.00  328.31   -8.31 (VIOLATED)
_623809_/A                            320.00  328.30   -8.30 (VIOLATED)
a_sym[17][7]$_DFFE_PN0P_/RESETN       320.00  328.30   -8.30 (VIOLATED)
a_sym[7][0]$_DFFE_PN0P_/RESETN        320.00  328.30   -8.30 (VIOLATED)
_741661_/A                            320.00  328.29   -8.29 (VIOLATED)
a_sym[12][0]$_DFFE_PN0P_/RESETN       320.00  328.28   -8.28 (VIOLATED)
a_sym[24][0]$_DFFE_PN0P_/RESETN       320.00  328.27   -8.27 (VIOLATED)
_763800_/C                            320.00  328.27   -8.27 (VIOLATED)
a_sym[17][1]$_DFFE_PN0P_/RESETN       320.00  328.26   -8.26 (VIOLATED)
a_sym[13][1]$_DFFE_PN0P_/RESETN       320.00  328.26   -8.26 (VIOLATED)
_763849_/C                            320.00  328.26   -8.26 (VIOLATED)
in_data_q[109]$_DFFE_PN0P_/QN         320.00  328.26   -8.26 (VIOLATED)
_765519_/B                            320.00  328.25   -8.25 (VIOLATED)
_741604_/A                            320.00  328.25   -8.25 (VIOLATED)
_741833_/A                            320.00  328.24   -8.24 (VIOLATED)
_763872_/C                            320.00  328.24   -8.24 (VIOLATED)
_763805_/C                            320.00  328.24   -8.24 (VIOLATED)
_755725_/A                            320.00  328.23   -8.23 (VIOLATED)
_769784_/C                            320.00  328.23   -8.23 (VIOLATED)
_763855_/C                            320.00  328.22   -8.22 (VIOLATED)
_691281_/B                            320.00  328.22   -8.22 (VIOLATED)
_638675_/A                            320.00  328.21   -8.21 (VIOLATED)
_751642_/A2                           320.00  328.21   -8.21 (VIOLATED)
_741735_/A                            320.00  328.21   -8.21 (VIOLATED)
_755726_/A1                           320.00  328.21   -8.21 (VIOLATED)
_741821_/A                            320.00  328.20   -8.20 (VIOLATED)
a_sym[8][0]$_DFFE_PN0P_/RESETN        320.00  328.20   -8.20 (VIOLATED)
_623794_/A                            320.00  328.20   -8.20 (VIOLATED)
_748954_/A                            320.00  328.19   -8.19 (VIOLATED)
_754647_/A2                           320.00  328.19   -8.19 (VIOLATED)
_765474_/B                            320.00  328.19   -8.19 (VIOLATED)
_763243_/C                            320.00  328.19   -8.19 (VIOLATED)
_626442_/A                            320.00  328.19   -8.19 (VIOLATED)
_770494_/A1                           320.00  328.19   -8.19 (VIOLATED)
_749856_/A                            320.00  328.18   -8.18 (VIOLATED)
_772145_/A                            320.00  328.18   -8.18 (VIOLATED)
_768764_/A                            320.00  328.18   -8.18 (VIOLATED)
_755422_/A1                           320.00  328.18   -8.18 (VIOLATED)
_765548_/A1                           320.00  328.17   -8.17 (VIOLATED)
_745978_/B                            320.00  328.17   -8.17 (VIOLATED)
_755421_/A                            320.00  328.16   -8.16 (VIOLATED)
_638676_/A                            320.00  328.16   -8.16 (VIOLATED)
place66615/A                          320.00  328.16   -8.16 (VIOLATED)
_597690_/B                            320.00  328.15   -8.15 (VIOLATED)
_763823_/C                            320.00  328.14   -8.14 (VIOLATED)
_764831_/A1                           320.00  328.12   -8.12 (VIOLATED)
_745370_/A                            320.00  328.12   -8.12 (VIOLATED)
_763271_/B                            320.00  328.10   -8.10 (VIOLATED)
_770045_/A2                           320.00  328.09   -8.09 (VIOLATED)
_745364_/B                            320.00  328.07   -8.07 (VIOLATED)
_755450_/A1                           320.00  328.07   -8.07 (VIOLATED)
_755449_/A                            320.00  328.07   -8.07 (VIOLATED)
_639558_/A                            320.00  328.04   -8.04 (VIOLATED)
_763408_/C                            320.00  328.04   -8.04 (VIOLATED)
_590311_/A                            320.00  328.02   -8.02 (VIOLATED)
_747103_/A                            320.00  328.02   -8.02 (VIOLATED)
_763861_/C                            320.00  328.00   -8.00 (VIOLATED)
_639557_/A                            320.00  327.99   -7.99 (VIOLATED)
a_sym[10][1]$_DFFE_PN0P_/RESETN       320.00  327.99   -7.99 (VIOLATED)
_763811_/C                            320.00  327.98   -7.98 (VIOLATED)
a_sym[15][0]$_DFFE_PN0P_/RESETN       320.00  327.98   -7.98 (VIOLATED)
_763866_/C                            320.00  327.97   -7.97 (VIOLATED)
rdata_q[6308]$_DFFE_PP_/QN            320.00  327.96   -7.96 (VIOLATED)
_743423_/B                            320.00  327.96   -7.96 (VIOLATED)
_631752_/B                            320.00  327.95   -7.95 (VIOLATED)
_763816_/C                            320.00  327.93   -7.93 (VIOLATED)
place77872/A                          320.00  327.93   -7.93 (VIOLATED)
part_q[50][14]$_DFFE_PP_/QN           320.00  327.93   -7.93 (VIOLATED)
place66607/A                          320.00  327.93   -7.93 (VIOLATED)
_763844_/C                            320.00  327.92   -7.92 (VIOLATED)
_741813_/A                            320.00  327.92   -7.92 (VIOLATED)
_763795_/C                            320.00  327.89   -7.89 (VIOLATED)
_749855_/A                            320.00  327.89   -7.89 (VIOLATED)
a_sym[1][1]$_DFFE_PN0P_/RESETN        320.00  327.89   -7.89 (VIOLATED)
_763241_/A1                           320.00  327.87   -7.87 (VIOLATED)
_763781_/Y                            320.00  327.87   -7.87 (VIOLATED)
a_sym[18][1]$_DFFE_PN0P_/RESETN       320.00  327.86   -7.86 (VIOLATED)
a_sym[15][1]$_DFFE_PN0P_/RESETN       320.00  327.85   -7.85 (VIOLATED)
a_sym[12][1]$_DFFE_PN0P_/RESETN       320.00  327.84   -7.84 (VIOLATED)
a_sym[4][1]$_DFFE_PN0P_/RESETN        320.00  327.84   -7.84 (VIOLATED)
a_sym[20][1]$_DFFE_PN0P_/RESETN       320.00  327.83   -7.83 (VIOLATED)
_750721_/B                            320.00  327.83   -7.83 (VIOLATED)
_743701_/A                            320.00  327.83   -7.83 (VIOLATED)
_762006_/A                            320.00  327.82   -7.82 (VIOLATED)
_639606_/A                            320.00  327.82   -7.82 (VIOLATED)
_745965_/B                            320.00  327.80   -7.80 (VIOLATED)
_626443_/A                            320.00  327.79   -7.79 (VIOLATED)
_749032_/A                            320.00  327.79   -7.79 (VIOLATED)
_757183_/A1                           320.00  327.79   -7.79 (VIOLATED)
_765410_/A1                           320.00  327.77   -7.77 (VIOLATED)
_756105_/B                            320.00  327.76   -7.76 (VIOLATED)
_595002_/A                            320.00  327.76   -7.76 (VIOLATED)
_743990_/B                            320.00  327.76   -7.76 (VIOLATED)
_757187_/A1                           320.00  327.75   -7.75 (VIOLATED)
_751641_/B                            320.00  327.75   -7.75 (VIOLATED)
_749147_/A                            320.00  327.72   -7.72 (VIOLATED)
_749139_/A                            320.00  327.71   -7.71 (VIOLATED)
_742679_/A                            320.00  327.71   -7.71 (VIOLATED)
_768852_/A2                           320.00  327.70   -7.70 (VIOLATED)
a_sym[23][0]$_DFFE_PN0P_/RESETN       320.00  327.69   -7.69 (VIOLATED)
a_sym[8][1]$_DFFE_PN0P_/RESETN        320.00  327.68   -7.68 (VIOLATED)
_768866_/A2                           320.00  327.68   -7.68 (VIOLATED)
_768849_/A2                           320.00  327.68   -7.68 (VIOLATED)
_758954_/A                            320.00  327.68   -7.68 (VIOLATED)
_599560_/A                            320.00  327.66   -7.66 (VIOLATED)
_767852_/A1                           320.00  327.64   -7.64 (VIOLATED)
_721200_/B                            320.00  327.63   -7.63 (VIOLATED)
rdata_q[6352]$_DFFE_PP_/QN            320.00  327.63   -7.63 (VIOLATED)
_749202_/A                            320.00  327.61   -7.61 (VIOLATED)
a_sym[16][1]$_DFFE_PN0P_/RESETN       320.00  327.60   -7.60 (VIOLATED)
_741731_/A                            320.00  327.60   -7.60 (VIOLATED)
part_q[10][6]$_DFFE_PP_/QN            320.00  327.60   -7.60 (VIOLATED)
_755171_/A1                           320.00  327.56   -7.56 (VIOLATED)
_749861_/A                            320.00  327.56   -7.56 (VIOLATED)
_772317_/A                            320.00  327.55   -7.55 (VIOLATED)
_850043_/A                            320.00  327.54   -7.54 (VIOLATED)
_639556_/A                            320.00  327.54   -7.54 (VIOLATED)
_741600_/A                            320.00  327.53   -7.53 (VIOLATED)
_749899_/A                            320.00  327.52   -7.52 (VIOLATED)
_759864_/A                            320.00  327.48   -7.48 (VIOLATED)
_741739_/A                            320.00  327.48   -7.48 (VIOLATED)
_638677_/A                            320.00  327.48   -7.48 (VIOLATED)
_759805_/A                            320.00  327.47   -7.47 (VIOLATED)
_763404_/C                            320.00  327.47   -7.47 (VIOLATED)
_759563_/A                            320.00  327.45   -7.45 (VIOLATED)
_764768_/A1                           320.00  327.43   -7.43 (VIOLATED)
part_q[20][5]$_DFFE_PP_/QN            320.00  327.40   -7.40 (VIOLATED)
_749201_/A                            320.00  327.40   -7.40 (VIOLATED)
_764430_/A1                           320.00  327.40   -7.40 (VIOLATED)
wire18375/A                           320.00  327.39   -7.39 (VIOLATED)
_768863_/A2                           320.00  327.38   -7.38 (VIOLATED)
_768864_/A2                           320.00  327.36   -7.36 (VIOLATED)
_648555_/B                            320.00  327.34   -7.34 (VIOLATED)
_743300_/B                            320.00  327.33   -7.33 (VIOLATED)
coef_q[61]$_DFFE_PN0P_/RESETN         320.00  327.28   -7.28 (VIOLATED)
coef_q[126]$_DFFE_PN0P_/RESETN        320.00  327.28   -7.28 (VIOLATED)
_742881_/B                            320.00  327.27   -7.27 (VIOLATED)
hv_q[0]$_DFFE_PN0P_/RESETN            320.00  327.27   -7.27 (VIOLATED)
_749177_/A                            320.00  327.26   -7.26 (VIOLATED)
_762993_/C                            320.00  327.25   -7.25 (VIOLATED)
rdata_q[6309]$_DFFE_PP_/QN            320.00  327.23   -7.23 (VIOLATED)
coef_q[36]$_DFFE_PN0P_/RESETN         320.00  327.23   -7.23 (VIOLATED)
coef_q[104]$_DFFE_PN0P_/RESETN        320.00  327.22   -7.22 (VIOLATED)
_680345_/A                            320.00  327.22   -7.22 (VIOLATED)
place68647/A                          320.00  327.18   -7.18 (VIOLATED)
coef_q[44]$_DFFE_PN0P_/RESETN         320.00  327.17   -7.17 (VIOLATED)
_744863_/B                            320.00  327.15   -7.15 (VIOLATED)
in_data_q[141]$_DFFE_PN0P_/QN         320.00  327.14   -7.14 (VIOLATED)
place61394/A                          320.00  327.10   -7.10 (VIOLATED)
_749174_/A                            320.00  327.04   -7.04 (VIOLATED)
_764035_/B2                           320.00  327.02   -7.02 (VIOLATED)
a_sym[11][1]$_DFFE_PN0P_/RESETN       320.00  327.01   -7.01 (VIOLATED)
_745338_/B                            320.00  327.01   -7.01 (VIOLATED)
part_q[14][1]$_DFFE_PP_/QN            320.00  327.01   -7.01 (VIOLATED)
_755163_/A1                           320.00  326.96   -6.96 (VIOLATED)
_765058_/C                            320.00  326.94   -6.94 (VIOLATED)
_747725_/B                            320.00  326.94   -6.94 (VIOLATED)
_595005_/A                            320.00  326.93   -6.93 (VIOLATED)
_743411_/A                            320.00  326.87   -6.87 (VIOLATED)
_754434_/B                            320.00  326.86   -6.86 (VIOLATED)
_754435_/A2                           320.00  326.85   -6.85 (VIOLATED)
_792172_/A2                           320.00  326.85   -6.85 (VIOLATED)
_745638_/B                            320.00  326.83   -6.83 (VIOLATED)
_761073_/A                            320.00  326.82   -6.82 (VIOLATED)
_638678_/A                            320.00  326.81   -6.81 (VIOLATED)
rdata_q[3190]$_DFFE_PP_/QN            320.00  326.81   -6.81 (VIOLATED)
_764072_/B2                           320.00  326.80   -6.80 (VIOLATED)
_749186_/A                            320.00  326.79   -6.79 (VIOLATED)
a_sym[7][1]$_DFFE_PN0P_/RESETN        320.00  326.79   -6.79 (VIOLATED)
_748955_/A                            320.00  326.78   -6.78 (VIOLATED)
_748959_/A                            320.00  326.76   -6.76 (VIOLATED)
_752607_/A2                           320.00  326.75   -6.75 (VIOLATED)
_760859_/A1                           320.00  326.72   -6.72 (VIOLATED)
_792173_/A2                           320.00  326.71   -6.71 (VIOLATED)
_640490_/B                            320.00  326.70   -6.70 (VIOLATED)
_742712_/A                            320.00  326.67   -6.67 (VIOLATED)
a_sym[23][1]$_DFFE_PN0P_/RESETN       320.00  326.67   -6.67 (VIOLATED)
_599579_/A                            320.00  326.67   -6.67 (VIOLATED)
_741628_/A                            320.00  326.66   -6.66 (VIOLATED)
_623797_/A                            320.00  326.65   -6.65 (VIOLATED)
_763423_/C                            320.00  326.64   -6.64 (VIOLATED)
place67667/A                          320.00  326.62   -6.62 (VIOLATED)
_623796_/A                            320.00  326.61   -6.61 (VIOLATED)
rdata_q[6253]$_DFFE_PP_/QN            320.00  326.61   -6.61 (VIOLATED)
_870293_/A                            320.00  326.60   -6.60 (VIOLATED)
_792179_/A2                           320.00  326.59   -6.59 (VIOLATED)
_760858_/C                            320.00  326.59   -6.59 (VIOLATED)
_753494_/A1                           320.00  326.58   -6.58 (VIOLATED)
_792180_/A2                           320.00  326.58   -6.58 (VIOLATED)
_753487_/A1                           320.00  326.58   -6.58 (VIOLATED)
_792183_/A2                           320.00  326.58   -6.58 (VIOLATED)
_769579_/A                            320.00  326.57   -6.57 (VIOLATED)
_770495_/A1                           320.00  326.57   -6.57 (VIOLATED)
_744680_/B                            320.00  326.57   -6.57 (VIOLATED)
_792182_/A2                           320.00  326.57   -6.57 (VIOLATED)
_753166_/A1                           320.00  326.55   -6.55 (VIOLATED)
_639555_/A                            320.00  326.54   -6.54 (VIOLATED)
rdata_q[6598]$_DFFE_PP_/QN            320.00  326.54   -6.54 (VIOLATED)
_746926_/A                            320.00  326.52   -6.52 (VIOLATED)
_744134_/B                            320.00  326.51   -6.51 (VIOLATED)
_749818_/A                            320.00  326.51   -6.51 (VIOLATED)
_764698_/A                            320.00  326.51   -6.51 (VIOLATED)
_717310_/B                            320.00  326.50   -6.50 (VIOLATED)
place69084/A                          320.00  326.47   -6.47 (VIOLATED)
_656370_/B                            320.00  326.47   -6.47 (VIOLATED)
rdata_q[3093]$_DFFE_PP_/QN            320.00  326.46   -6.46 (VIOLATED)
_749160_/A                            320.00  326.46   -6.46 (VIOLATED)
_762033_/B                            320.00  326.44   -6.44 (VIOLATED)
_743699_/A                            320.00  326.42   -6.42 (VIOLATED)
_764546_/A1                           320.00  326.41   -6.41 (VIOLATED)
_767823_/A1                           320.00  326.41   -6.41 (VIOLATED)
_753158_/A1                           320.00  326.41   -6.41 (VIOLATED)
_626444_/A                            320.00  326.40   -6.40 (VIOLATED)
_752845_/A1                           320.00  326.38   -6.38 (VIOLATED)
_862905_/B                            320.00  326.37   -6.37 (VIOLATED)
_688419_/A                            320.00  326.36   -6.36 (VIOLATED)
_743598_/A                            320.00  326.36   -6.36 (VIOLATED)
_762259_/A                            320.00  326.35   -6.35 (VIOLATED)
_639586_/A                            320.00  326.34   -6.34 (VIOLATED)
place77874/Y                          320.00  326.34   -6.34 (VIOLATED)
rdata_q[3062]$_DFFE_PP_/QN            320.00  326.34   -6.34 (VIOLATED)
_743697_/A                            320.00  326.32   -6.32 (VIOLATED)
place67590/A                          320.00  326.31   -6.31 (VIOLATED)
_762490_/A                            320.00  326.30   -6.30 (VIOLATED)
_770131_/C                            320.00  326.30   -6.30 (VIOLATED)
_762427_/A                            320.00  326.29   -6.29 (VIOLATED)
_770133_/C                            320.00  326.27   -6.27 (VIOLATED)
_769786_/C                            320.00  326.25   -6.25 (VIOLATED)
_750443_/B                            320.00  326.25   -6.25 (VIOLATED)
_763419_/C                            320.00  326.25   -6.25 (VIOLATED)
_723544_/B                            320.00  326.24   -6.24 (VIOLATED)
_792176_/A2                           320.00  326.23   -6.23 (VIOLATED)
_749869_/A                            320.00  326.19   -6.19 (VIOLATED)
_792175_/A2                           320.00  326.19   -6.19 (VIOLATED)
_762612_/A                            320.00  326.17   -6.17 (VIOLATED)
_556910_/A                            320.00  326.17   -6.17 (VIOLATED)
_639554_/A                            320.00  326.17   -6.17 (VIOLATED)
_741817_/A                            320.00  326.16   -6.16 (VIOLATED)
part_q[4][11]$_DFFE_PP_/QN            320.00  326.15   -6.15 (VIOLATED)
_748072_/A                            320.00  326.15   -6.15 (VIOLATED)
_748078_/A                            320.00  326.15   -6.15 (VIOLATED)
_747412_/B                            320.00  326.13   -6.13 (VIOLATED)
_743632_/A                            320.00  326.12   -6.12 (VIOLATED)
_623795_/A                            320.00  326.10   -6.10 (VIOLATED)
_764488_/A                            320.00  326.10   -6.10 (VIOLATED)
_748099_/A                            320.00  326.08   -6.08 (VIOLATED)
coef_q[38]$_DFFE_PN0P_/RESETN         320.00  326.07   -6.07 (VIOLATED)
_748068_/A                            320.00  326.06   -6.06 (VIOLATED)
_743608_/A                            320.00  326.06   -6.06 (VIOLATED)
_768739_/A1                           320.00  326.05   -6.05 (VIOLATED)
_739249_/A                            320.00  326.05   -6.05 (VIOLATED)
_769570_/A1                           320.00  326.04   -6.04 (VIOLATED)
_770266_/A1                           320.00  326.04   -6.04 (VIOLATED)
rdata_q[2146]$_DFFE_PP_/QN            320.00  326.02   -6.02 (VIOLATED)
_620415_/A                            320.00  326.02   -6.02 (VIOLATED)
_764867_/A1                           320.00  326.01   -6.01 (VIOLATED)
_695503_/B                            320.00  325.98   -5.98 (VIOLATED)
_764815_/A1                           320.00  325.97   -5.97 (VIOLATED)
_639605_/A                            320.00  325.96   -5.96 (VIOLATED)
_605356_/B                            320.00  325.95   -5.95 (VIOLATED)
_770420_/C                            320.00  325.95   -5.95 (VIOLATED)
_762673_/A                            320.00  325.94   -5.94 (VIOLATED)
_765273_/C                            320.00  325.93   -5.93 (VIOLATED)
_639604_/A                            320.00  325.93   -5.93 (VIOLATED)
_639603_/A                            320.00  325.93   -5.93 (VIOLATED)
_749184_/A                            320.00  325.92   -5.92 (VIOLATED)
_638679_/A                            320.00  325.90   -5.90 (VIOLATED)
place66240/A                          320.00  325.89   -5.89 (VIOLATED)
_747089_/A                            320.00  325.88   -5.88 (VIOLATED)
_762871_/A                            320.00  325.85   -5.85 (VIOLATED)
_707567_/B                            320.00  325.85   -5.84 (VIOLATED)
_762724_/A                            320.00  325.82   -5.82 (VIOLATED)
_770017_/A2                           320.00  325.80   -5.80 (VIOLATED)
rdata_q[5972]$_DFFE_PP_/QN            320.00  325.79   -5.79 (VIOLATED)
_770020_/A2                           320.00  325.79   -5.79 (VIOLATED)
_741939_/A                            320.00  325.78   -5.78 (VIOLATED)
_749206_/A                            320.00  325.77   -5.77 (VIOLATED)
_761971_/C                            320.00  325.77   -5.77 (VIOLATED)
_620416_/A                            320.00  325.74   -5.74 (VIOLATED)
_747162_/A                            320.00  325.74   -5.74 (VIOLATED)
part_q[12][1]$_DFFE_PP_/D             320.00  325.71   -5.71 (VIOLATED)
_762318_/A                            320.00  325.71   -5.71 (VIOLATED)
_739192_/A                            320.00  325.69   -5.69 (VIOLATED)
_767828_/A1                           320.00  325.68   -5.68 (VIOLATED)
_777479_/Y                            320.00  325.67   -5.67 (VIOLATED)
_741881_/A                            320.00  325.65   -5.65 (VIOLATED)
_762065_/A                            320.00  325.65   -5.65 (VIOLATED)
_770016_/A2                           320.00  325.64   -5.64 (VIOLATED)
_623810_/A                            320.00  325.63   -5.63 (VIOLATED)
_762876_/B2                           320.00  325.62   -5.62 (VIOLATED)
_691284_/B                            320.00  325.60   -5.60 (VIOLATED)
_770019_/A2                           320.00  325.59   -5.59 (VIOLATED)
place66599/A                          320.00  325.58   -5.58 (VIOLATED)
place68036/A                          320.00  325.56   -5.56 (VIOLATED)
_741616_/A                            320.00  325.56   -5.56 (VIOLATED)
_749872_/A                            320.00  325.56   -5.56 (VIOLATED)
rdata_q[6364]$_DFFE_PP_/QN            320.00  325.53   -5.53 (VIOLATED)
_763264_/A1                           320.00  325.52   -5.52 (VIOLATED)
_735181_/B                            320.00  325.52   -5.52 (VIOLATED)
_749848_/A                            320.00  325.51   -5.51 (VIOLATED)
place68004/A                          320.00  325.48   -5.48 (VIOLATED)
_757094_/A1                           320.00  325.48   -5.48 (VIOLATED)
_620417_/A                            320.00  325.47   -5.47 (VIOLATED)
in_data_q[54]$_DFFE_PN0P_/QN          320.00  325.47   -5.47 (VIOLATED)
_769580_/A1                           320.00  325.46   -5.46 (VIOLATED)
rdata_q[6684]$_DFFE_PP_/QN            320.00  325.44   -5.44 (VIOLATED)
_749852_/A                            320.00  325.44   -5.44 (VIOLATED)
place68084/A                          320.00  325.43   -5.43 (VIOLATED)
rdata_q[880]$_DFFE_PP_/QN             320.00  325.43   -5.43 (VIOLATED)
_739250_/A                            320.00  325.42   -5.42 (VIOLATED)
_745394_/A                            320.00  325.42   -5.42 (VIOLATED)
_631761_/B                            320.00  325.42   -5.42 (VIOLATED)
_748157_/A                            320.00  325.40   -5.40 (VIOLATED)
rdata_q[6360]$_DFFE_PP_/QN            320.00  325.40   -5.40 (VIOLATED)
_754713_/B                            320.00  325.39   -5.39 (VIOLATED)
_749905_/A                            320.00  325.39   -5.39 (VIOLATED)
_749145_/A                            320.00  325.39   -5.39 (VIOLATED)
part_q[66][18]$_DFFE_PP_/D            320.00  325.39   -5.39 (VIOLATED)
part_q[12][2]$_DFFE_PP_/D             320.00  325.39   -5.39 (VIOLATED)
_749033_/A                            320.00  325.39   -5.39 (VIOLATED)
place68254/A                          320.00  325.39   -5.39 (VIOLATED)
_749161_/A                            320.00  325.37   -5.37 (VIOLATED)
_749171_/A                            320.00  325.36   -5.36 (VIOLATED)
in_data_q[86]$_DFFE_PN0P_/QN          320.00  325.36   -5.36 (VIOLATED)
_750782_/B                            320.00  325.36   -5.36 (VIOLATED)
_792168_/A2                           320.00  325.36   -5.36 (VIOLATED)
_742071_/B                            320.00  325.35   -5.35 (VIOLATED)
place67399/A                          320.00  325.34   -5.34 (VIOLATED)
_749207_/A                            320.00  325.33   -5.33 (VIOLATED)
_749199_/A                            320.00  325.32   -5.32 (VIOLATED)
m_1h[22]$_DFFE_PN0P_/QN               320.00  325.32   -5.32 (VIOLATED)
_770273_/A1                           320.00  325.30   -5.30 (VIOLATED)
_749163_/A                            320.00  325.29   -5.29 (VIOLATED)
_742725_/A                            320.00  325.29   -5.29 (VIOLATED)
_743389_/A                            320.00  325.29   -5.29 (VIOLATED)
_749200_/A                            320.00  325.28   -5.28 (VIOLATED)
_735320_/B                            320.00  325.27   -5.27 (VIOLATED)
_759606_/A                            320.00  325.27   -5.27 (VIOLATED)
_744052_/B                            320.00  325.26   -5.26 (VIOLATED)
_739112_/A                            320.00  325.26   -5.26 (VIOLATED)
_742658_/A                            320.00  325.26   -5.26 (VIOLATED)
_759730_/A                            320.00  325.26   -5.26 (VIOLATED)
_721188_/B                            320.00  325.24   -5.24 (VIOLATED)
_760263_/A1                           320.00  325.23   -5.23 (VIOLATED)
_749185_/A                            320.00  325.23   -5.23 (VIOLATED)
_762877_/B2                           320.00  325.23   -5.23 (VIOLATED)
_760137_/A                            320.00  325.22   -5.22 (VIOLATED)
_749194_/A                            320.00  325.20   -5.20 (VIOLATED)
_742633_/A                            320.00  325.19   -5.19 (VIOLATED)
_744318_/B                            320.00  325.19   -5.19 (VIOLATED)
_599561_/A                            320.00  325.18   -5.18 (VIOLATED)
_749190_/A                            320.00  325.16   -5.16 (VIOLATED)
_761831_/A                            320.00  325.15   -5.15 (VIOLATED)
_750547_/B                            320.00  325.14   -5.14 (VIOLATED)
_769299_/C                            320.00  325.14   -5.14 (VIOLATED)
_792167_/A2                           320.00  325.14   -5.14 (VIOLATED)
part_q[71][6]$_DFFE_PP_/D             320.00  325.12   -5.12 (VIOLATED)
_638684_/A                            320.00  325.12   -5.12 (VIOLATED)
rdata_q[4214]$_DFFE_PP_/QN            320.00  325.12   -5.12 (VIOLATED)
place68603/A                          320.00  325.11   -5.11 (VIOLATED)
_759907_/A                            320.00  325.08   -5.08 (VIOLATED)
_749178_/A                            320.00  325.06   -5.06 (VIOLATED)
_739197_/A                            320.00  325.05   -5.05 (VIOLATED)
_760028_/A1                           320.00  325.02   -5.02 (VIOLATED)
_620418_/A                            320.00  325.02   -5.02 (VIOLATED)
_638683_/A                            320.00  325.00   -5.00 (VIOLATED)
_742690_/A                            320.00  325.00   -5.00 (VIOLATED)
_748958_/A                            320.00  324.99   -4.99 (VIOLATED)
_719679_/B                            320.00  324.99   -4.99 (VIOLATED)
_742645_/A                            320.00  324.99   -4.99 (VIOLATED)
_722097_/B                            320.00  324.98   -4.98 (VIOLATED)
_626445_/A                            320.00  324.98   -4.98 (VIOLATED)
_770486_/A                            320.00  324.96   -4.96 (VIOLATED)
place67683/A                          320.00  324.94   -4.94 (VIOLATED)
_750101_/B                            320.00  324.91   -4.91 (VIOLATED)
_743477_/A                            320.00  324.90   -4.90 (VIOLATED)
_749168_/A                            320.00  324.90   -4.90 (VIOLATED)
_749883_/A                            320.00  324.90   -4.90 (VIOLATED)
_742723_/A                            320.00  324.90   -4.90 (VIOLATED)
_762951_/A1                           320.00  324.88   -4.88 (VIOLATED)
_762306_/A                            320.00  324.87   -4.87 (VIOLATED)
_599594_/A                            320.00  324.85   -4.85 (VIOLATED)
_743585_/A                            320.00  324.84   -4.84 (VIOLATED)
_639553_/A                            320.00  324.83   -4.83 (VIOLATED)
rdata_q[7435]$_DFFE_PP_/QN            320.00  324.82   -4.82 (VIOLATED)
_746696_/B                            320.00  324.81   -4.81 (VIOLATED)
_792162_/A2                           320.00  324.81   -4.81 (VIOLATED)
_792164_/A2                           320.00  324.81   -4.81 (VIOLATED)
_739123_/A                            320.00  324.80   -4.80 (VIOLATED)
_748953_/A                            320.00  324.78   -4.78 (VIOLATED)
_638680_/A                            320.00  324.78   -4.78 (VIOLATED)
_745288_/B                            320.00  324.78   -4.78 (VIOLATED)
_749894_/A                            320.00  324.77   -4.77 (VIOLATED)
_759318_/A                            320.00  324.77   -4.77 (VIOLATED)
_760046_/A                            320.00  324.77   -4.77 (VIOLATED)
_750731_/B                            320.00  324.77   -4.77 (VIOLATED)
rdata_q[3037]$_DFFE_PP_/QN            320.00  324.76   -4.76 (VIOLATED)
a_sym[5][2]$_DFFE_PN0P_/QN            320.00  324.75   -4.75 (VIOLATED)
_742661_/A                            320.00  324.74   -4.74 (VIOLATED)
_599580_/A                            320.00  324.74   -4.74 (VIOLATED)
_763266_/C                            320.00  324.73   -4.73 (VIOLATED)
_749846_/A                            320.00  324.73   -4.73 (VIOLATED)
_765526_/B                            320.00  324.69   -4.69 (VIOLATED)
_759908_/A1                           320.00  324.66   -4.66 (VIOLATED)
_732237_/B                            320.00  324.63   -4.63 (VIOLATED)
_765480_/B                            320.00  324.62   -4.62 (VIOLATED)
_743934_/B                            320.00  324.61   -4.61 (VIOLATED)
part_q[3][8]$_DFFE_PP_/QN             320.00  324.60   -4.60 (VIOLATED)
part_q[78][12]$_DFFE_PP_/QN           320.00  324.60   -4.60 (VIOLATED)
_761294_/E                            320.00  324.60   -4.60 (VIOLATED)
_770271_/A1                           320.00  324.58   -4.58 (VIOLATED)
_772710_/A                            320.00  324.58   -4.58 (VIOLATED)
place62125/A                          320.00  324.58   -4.58 (VIOLATED)
_743477_/B                            320.00  324.56   -4.56 (VIOLATED)
_749841_/A                            320.00  324.54   -4.54 (VIOLATED)
_744111_/B                            320.00  324.52   -4.52 (VIOLATED)
place66602/A                          320.00  324.51   -4.51 (VIOLATED)
_741620_/A                            320.00  324.50   -4.50 (VIOLATED)
_748260_/B                            320.00  324.46   -4.46 (VIOLATED)
in_data_q[84]$_DFFE_PN0P_/QN          320.00  324.44   -4.44 (VIOLATED)
_754646_/B                            320.00  324.43   -4.43 (VIOLATED)
_741743_/A                            320.00  324.42   -4.42 (VIOLATED)
_746852_/A                            320.00  324.41   -4.41 (VIOLATED)
_714481_/B                            320.00  324.41   -4.41 (VIOLATED)
_749173_/A                            320.00  324.39   -4.39 (VIOLATED)
_765418_/A1                           320.00  324.39   -4.39 (VIOLATED)
_680346_/A                            320.00  324.38   -4.38 (VIOLATED)
_764747_/A                            320.00  324.37   -4.37 (VIOLATED)
_762224_/B                            320.00  324.36   -4.36 (VIOLATED)
_742892_/B                            320.00  324.35   -4.35 (VIOLATED)
place67141/A                          320.00  324.34   -4.34 (VIOLATED)
_762313_/A                            320.00  324.34   -4.34 (VIOLATED)
_760087_/A                            320.00  324.32   -4.32 (VIOLATED)
_748122_/A                            320.00  324.31   -4.31 (VIOLATED)
_620419_/A                            320.00  324.29   -4.29 (VIOLATED)
_747282_/A                            320.00  324.29   -4.29 (VIOLATED)
_747275_/A                            320.00  324.29   -4.29 (VIOLATED)
_747422_/A                            320.00  324.25   -4.25 (VIOLATED)
_757106_/A1                           320.00  324.25   -4.25 (VIOLATED)
_745291_/B                            320.00  324.24   -4.24 (VIOLATED)
_741710_/A                            320.00  324.24   -4.24 (VIOLATED)
_764627_/A1                           320.00  324.22   -4.22 (VIOLATED)
_747281_/A                            320.00  324.21   -4.21 (VIOLATED)
_759325_/A                            320.00  324.20   -4.20 (VIOLATED)
_742825_/B                            320.00  324.20   -4.20 (VIOLATED)
_760053_/A                            320.00  324.20   -4.20 (VIOLATED)
_764678_/A1                           320.00  324.20   -4.20 (VIOLATED)
_747284_/A                            320.00  324.17   -4.17 (VIOLATED)
coef_q[29]$_DFFE_PN0P_/RESETN         320.00  324.16   -4.16 (VIOLATED)
place61393/A                          320.00  324.15   -4.15 (VIOLATED)
part_q[63][19]$_DFFE_PP_/D            320.00  324.14   -4.14 (VIOLATED)
place66621/A                          320.00  324.13   -4.13 (VIOLATED)
_742001_/A                            320.00  324.13   -4.13 (VIOLATED)
_748140_/A                            320.00  324.13   -4.13 (VIOLATED)
_747257_/A                            320.00  324.13   -4.13 (VIOLATED)
_747356_/A                            320.00  324.12   -4.12 (VIOLATED)
_747278_/A                            320.00  324.12   -4.12 (VIOLATED)
_746039_/B                            320.00  324.12   -4.12 (VIOLATED)
_638682_/A                            320.00  324.11   -4.11 (VIOLATED)
_741755_/A                            320.00  324.09   -4.09 (VIOLATED)
_747269_/A                            320.00  324.09   -4.09 (VIOLATED)
_747250_/A                            320.00  324.08   -4.08 (VIOLATED)
_773178_/Y                            320.00  324.07   -4.07 (VIOLATED)
_741997_/A                            320.00  324.07   -4.07 (VIOLATED)
_523238_/A                            320.00  324.05   -4.05 (VIOLATED)
_747283_/A                            320.00  324.03   -4.03 (VIOLATED)
place68414/A                          320.00  324.02   -4.02 (VIOLATED)
_747279_/A                            320.00  324.00   -4.00 (VIOLATED)
_762188_/A                            320.00  323.99   -3.99 (VIOLATED)
_749188_/A                            320.00  323.99   -3.99 (VIOLATED)
_744967_/B                            320.00  323.99   -3.99 (VIOLATED)
_762226_/A1                           320.00  323.98   -3.98 (VIOLATED)
_762164_/B                            320.00  323.98   -3.98 (VIOLATED)
_747254_/A                            320.00  323.97   -3.97 (VIOLATED)
_765023_/B                            320.00  323.97   -3.97 (VIOLATED)
_764895_/B                            320.00  323.97   -3.97 (VIOLATED)
_745877_/B                            320.00  323.96   -3.96 (VIOLATED)
_742688_/A                            320.00  323.93   -3.93 (VIOLATED)
_840056_/CI                           320.00  323.92   -3.92 (VIOLATED)
place66261/A                          320.00  323.86   -3.86 (VIOLATED)
_764043_/A1                           320.00  323.86   -3.86 (VIOLATED)
_668928_/A                            320.00  323.75   -3.75 (VIOLATED)
rdata_q[2143]$_DFFE_PP_/QN            320.00  323.74   -3.74 (VIOLATED)
_764137_/A                            320.00  323.73   -3.73 (VIOLATED)
_741727_/A                            320.00  323.71   -3.71 (VIOLATED)
_761997_/A                            320.00  323.68   -3.68 (VIOLATED)
_639552_/A                            320.00  323.67   -3.67 (VIOLATED)
_762251_/A                            320.00  323.66   -3.66 (VIOLATED)
_759674_/A                            320.00  323.66   -3.66 (VIOLATED)
_668931_/A                            320.00  323.66   -3.66 (VIOLATED)
coef_q[46]$_DFFE_PN0P_/RESETN         320.00  323.65   -3.65 (VIOLATED)
coef_q[37]$_DFFE_PN0P_/RESETN         320.00  323.65   -3.65 (VIOLATED)
_759879_/A                            320.00  323.65   -3.65 (VIOLATED)
place68250/A                          320.00  323.65   -3.65 (VIOLATED)
_744964_/A                            320.00  323.64   -3.64 (VIOLATED)
_762950_/A1                           320.00  323.63   -3.63 (VIOLATED)
_761560_/A                            320.00  323.63   -3.63 (VIOLATED)
_759816_/A                            320.00  323.63   -3.63 (VIOLATED)
_761561_/A1                           320.00  323.63   -3.63 (VIOLATED)
place66616/A                          320.00  323.62   -3.62 (VIOLATED)
place77871/Y                          320.00  323.61   -3.61 (VIOLATED)
_741985_/A                            320.00  323.61   -3.61 (VIOLATED)
_760088_/A1                           320.00  323.60   -3.60 (VIOLATED)
_607426_/B                            320.00  323.60   -3.60 (VIOLATED)
_769575_/A1                           320.00  323.59   -3.59 (VIOLATED)
_767774_/A1                           320.00  323.59   -3.59 (VIOLATED)
_760202_/A1                           320.00  323.58   -3.58 (VIOLATED)
_759579_/A                            320.00  323.57   -3.57 (VIOLATED)
rdata_q[5495]$_DFFE_PP_/QN            320.00  323.56   -3.56 (VIOLATED)
_762124_/A                            320.00  323.55   -3.55 (VIOLATED)
_638681_/A                            320.00  323.51   -3.51 (VIOLATED)
_744702_/B                            320.00  323.51   -3.51 (VIOLATED)
_749211_/A                            320.00  323.50   -3.50 (VIOLATED)
_768499_/A1                           320.00  323.48   -3.48 (VIOLATED)
_754714_/A2                           320.00  323.47   -3.47 (VIOLATED)
_749172_/A                            320.00  323.46   -3.46 (VIOLATED)
_744740_/B                            320.00  323.45   -3.45 (VIOLATED)
_747359_/A                            320.00  323.45   -3.45 (VIOLATED)
place66904/A                          320.00  323.44   -3.44 (VIOLATED)
_742733_/A                            320.00  323.41   -3.41 (VIOLATED)
_772252_/Y                            320.00  323.39   -3.39 (VIOLATED)
_749191_/A                            320.00  323.38   -3.38 (VIOLATED)
_749036_/A                            320.00  323.38   -3.38 (VIOLATED)
place61350/A                          320.00  323.35   -3.35 (VIOLATED)
_762195_/A                            320.00  323.35   -3.35 (VIOLATED)
_759846_/A1                           320.00  323.32   -3.32 (VIOLATED)
_759734_/A                            320.00  323.31   -3.31 (VIOLATED)
_626446_/A                            320.00  323.29   -3.29 (VIOLATED)
_768765_/A1                           320.00  323.27   -3.27 (VIOLATED)
_752848_/A1                           320.00  323.26   -3.26 (VIOLATED)
_767777_/A1                           320.00  323.22   -3.22 (VIOLATED)
_767776_/A                            320.00  323.20   -3.20 (VIOLATED)
_759675_/A1                           320.00  323.20   -3.20 (VIOLATED)
rdata_q[5499]$_DFFE_PP_/QN            320.00  323.16   -3.16 (VIOLATED)
_767384_/C                            320.00  323.16   -3.16 (VIOLATED)
_759735_/A1                           320.00  323.15   -3.15 (VIOLATED)
_744074_/B                            320.00  323.15   -3.15 (VIOLATED)
_752533_/A1                           320.00  323.11   -3.11 (VIOLATED)
_742331_/B                            320.00  323.10   -3.10 (VIOLATED)
_763516_/A                            320.00  323.10   -3.10 (VIOLATED)
_765307_/B                            320.00  323.08   -3.08 (VIOLATED)
_765534_/A1                           320.00  323.07   -3.07 (VIOLATED)
_762467_/C                            320.00  323.07   -3.07 (VIOLATED)
rdata_q[2784]$_DFFE_PP_/QN            320.00  323.06   -3.06 (VIOLATED)
_747357_/A                            320.00  323.05   -3.05 (VIOLATED)
_717304_/B                            320.00  323.05   -3.05 (VIOLATED)
rdata_q[3109]$_DFFE_PP_/QN            320.00  323.04   -3.04 (VIOLATED)
_822601_/A                            320.00  323.04   -3.04 (VIOLATED)
_765194_/A1                           320.00  323.03   -3.03 (VIOLATED)
place68052/A                          320.00  323.02   -3.02 (VIOLATED)
_765666_/A1                           320.00  323.02   -3.02 (VIOLATED)
_620420_/A                            320.00  323.02   -3.02 (VIOLATED)
place69121/Y                          320.00  323.02   -3.02 (VIOLATED)
_747291_/A                            320.00  323.02   -3.02 (VIOLATED)
place66344/A                          320.00  323.01   -3.01 (VIOLATED)
_765085_/B                            320.00  323.00   -3.00 (VIOLATED)
_747260_/A                            320.00  323.00   -3.00 (VIOLATED)
_747293_/A                            320.00  322.99   -2.99 (VIOLATED)
_604631_/B                            320.00  322.99   -2.99 (VIOLATED)
_747280_/A                            320.00  322.92   -2.92 (VIOLATED)
_747277_/A                            320.00  322.92   -2.92 (VIOLATED)
place68993/A                          320.00  322.91   -2.91 (VIOLATED)
_747292_/A                            320.00  322.91   -2.91 (VIOLATED)
_747276_/A                            320.00  322.90   -2.90 (VIOLATED)
_746165_/B                            320.00  322.88   -2.88 (VIOLATED)
_718773_/B                            320.00  322.88   -2.88 (VIOLATED)
_745171_/B                            320.00  322.87   -2.87 (VIOLATED)
_772419_/A                            320.00  322.85   -2.85 (VIOLATED)
_768185_/C                            320.00  322.84   -2.84 (VIOLATED)
_747273_/A                            320.00  322.84   -2.84 (VIOLATED)
_762058_/A                            320.00  322.83   -2.83 (VIOLATED)
_544234_/A                            320.00  322.81   -2.81 (VIOLATED)
_747240_/B                            320.00  322.79   -2.79 (VIOLATED)
_544235_/A1                           320.00  322.79   -2.79 (VIOLATED)
_863121_/A                            320.00  322.78   -2.78 (VIOLATED)
_744824_/B                            320.00  322.76   -2.76 (VIOLATED)
_765347_/C                            320.00  322.75   -2.75 (VIOLATED)
_747288_/A                            320.00  322.74   -2.74 (VIOLATED)
_747360_/A                            320.00  322.74   -2.74 (VIOLATED)
_668934_/A                            320.00  322.73   -2.73 (VIOLATED)
_765353_/C                            320.00  322.73   -2.73 (VIOLATED)
rdata_q[2222]$_DFFE_PP_/QN            320.00  322.71   -2.71 (VIOLATED)
_599595_/A                            320.00  322.71   -2.71 (VIOLATED)
_747290_/A                            320.00  322.69   -2.69 (VIOLATED)
_518320_/B2                           320.00  322.68   -2.68 (VIOLATED)
_743417_/A                            320.00  322.67   -2.67 (VIOLATED)
_763288_/A                            320.00  322.67   -2.67 (VIOLATED)
_747289_/A                            320.00  322.66   -2.66 (VIOLATED)
_747251_/A                            320.00  322.62   -2.62 (VIOLATED)
_502012_/B2                           320.00  322.61   -2.61 (VIOLATED)
_744919_/A                            320.00  322.61   -2.61 (VIOLATED)
_770074_/A2                           320.00  322.60   -2.60 (VIOLATED)
_747295_/A                            320.00  322.59   -2.59 (VIOLATED)
_744974_/A                            320.00  322.59   -2.59 (VIOLATED)
_719504_/B                            320.00  322.57   -2.57 (VIOLATED)
_767766_/A1                           320.00  322.56   -2.56 (VIOLATED)
_744951_/A                            320.00  322.54   -2.54 (VIOLATED)
place67908/A                          320.00  322.54   -2.54 (VIOLATED)
_765606_/A1                           320.00  322.50   -2.50 (VIOLATED)
_744973_/A                            320.00  322.48   -2.48 (VIOLATED)
_743678_/A                            320.00  322.48   -2.48 (VIOLATED)
_747294_/A                            320.00  322.47   -2.47 (VIOLATED)
rdata_q[3018]$_DFFE_PP_/QN            320.00  322.47   -2.47 (VIOLATED)
_689288_/B                            320.00  322.42   -2.42 (VIOLATED)
_742667_/A                            320.00  322.41   -2.41 (VIOLATED)
_752017_/B                            320.00  322.41   -2.41 (VIOLATED)
_752018_/A2                           320.00  322.41   -2.41 (VIOLATED)
_743355_/B                            320.00  322.38   -2.38 (VIOLATED)
_761824_/A                            320.00  322.38   -2.38 (VIOLATED)
_544315_/B2                           320.00  322.38   -2.38 (VIOLATED)
_762285_/A1                           320.00  322.35   -2.35 (VIOLATED)
_771862_/Y                            320.00  322.34   -2.34 (VIOLATED)
_620421_/A                            320.00  322.34   -2.34 (VIOLATED)
_754439_/A2                           320.00  322.32   -2.32 (VIOLATED)
_745065_/A                            320.00  322.32   -2.32 (VIOLATED)
_758814_/A1                           320.00  322.32   -2.32 (VIOLATED)
_639579_/A                            320.00  322.31   -2.31 (VIOLATED)
_745114_/B                            320.00  322.27   -2.27 (VIOLATED)
_572015_/A                            320.00  322.26   -2.26 (VIOLATED)
_744977_/A                            320.00  322.26   -2.26 (VIOLATED)
_744937_/B                            320.00  322.25   -2.25 (VIOLATED)
_762347_/A1                           320.00  322.24   -2.24 (VIOLATED)
_754438_/B                            320.00  322.24   -2.24 (VIOLATED)
_668937_/A                            320.00  322.23   -2.23 (VIOLATED)
_664081_/A                            320.00  322.22   -2.22 (VIOLATED)
rdata_q[6593]$_DFFE_PP_/QN            320.00  322.21   -2.21 (VIOLATED)
_762506_/A                            320.00  322.21   -2.21 (VIOLATED)
_745066_/A                            320.00  322.20   -2.20 (VIOLATED)
_745029_/A                            320.00  322.20   -2.20 (VIOLATED)
_744917_/A                            320.00  322.17   -2.17 (VIOLATED)
_745014_/A                            320.00  322.16   -2.16 (VIOLATED)
_763437_/A                            320.00  322.16   -2.16 (VIOLATED)
_767322_/C                            320.00  322.10   -2.10 (VIOLATED)
_741829_/A                            320.00  322.10   -2.10 (VIOLATED)
_747261_/A                            320.00  322.06   -2.06 (VIOLATED)
_526185_/B2                           320.00  322.03   -2.03 (VIOLATED)
_759611_/A                            320.00  322.03   -2.03 (VIOLATED)
_639322_/A                            320.00  322.03   -2.03 (VIOLATED)
_747286_/A                            320.00  322.01   -2.01 (VIOLATED)
_747287_/A                            320.00  321.99   -1.99 (VIOLATED)
_747265_/A                            320.00  321.99   -1.99 (VIOLATED)
rdata_q[6606]$_DFFE_PP_/QN            320.00  321.97   -1.97 (VIOLATED)
_639319_/A                            320.00  321.97   -1.97 (VIOLATED)
_546870_/B2                           320.00  321.97   -1.97 (VIOLATED)
_770495_/B1                           320.00  321.97   -1.97 (VIOLATED)
_770494_/B1                           320.00  321.95   -1.95 (VIOLATED)
_761129_/C2                           320.00  321.94   -1.94 (VIOLATED)
_770499_/B1                           320.00  321.93   -1.93 (VIOLATED)
_734811_/B                            320.00  321.91   -1.91 (VIOLATED)
_767768_/A1                           320.00  321.91   -1.91 (VIOLATED)
_768141_/C                            320.00  321.90   -1.90 (VIOLATED)
_746021_/B                            320.00  321.89   -1.89 (VIOLATED)
_762443_/A                            320.00  321.89   -1.89 (VIOLATED)
_599562_/A                            320.00  321.87   -1.87 (VIOLATED)
rdata_q[2149]$_DFFE_PP_/QN            320.00  321.87   -1.87 (VIOLATED)
_770500_/B1                           320.00  321.85   -1.85 (VIOLATED)
_764008_/A1                           320.00  321.85   -1.85 (VIOLATED)
_639316_/A                            320.00  321.84   -1.84 (VIOLATED)
_765642_/A1                           320.00  321.82   -1.82 (VIOLATED)
_745031_/A                            320.00  321.82   -1.82 (VIOLATED)
part_q[10][5]$_DFFE_PP_/QN            320.00  321.82   -1.82 (VIOLATED)
_741840_/A                            320.00  321.78   -1.78 (VIOLATED)
_595008_/A                            320.00  321.74   -1.74 (VIOLATED)
_762737_/A                            320.00  321.68   -1.68 (VIOLATED)
_748951_/A                            320.00  321.67   -1.67 (VIOLATED)
_765488_/A1                           320.00  321.67   -1.67 (VIOLATED)
place66373/A                          320.00  321.67   -1.67 (VIOLATED)
_626447_/A                            320.00  321.64   -1.64 (VIOLATED)
_669465_/B                            320.00  321.61   -1.61 (VIOLATED)
_639313_/A                            320.00  321.61   -1.61 (VIOLATED)
c_d2[177]$_DFFE_PP_/D                 320.00  321.60   -1.60 (VIOLATED)
_555363_/B2                           320.00  321.59   -1.59 (VIOLATED)
_744984_/A                            320.00  321.58   -1.58 (VIOLATED)
place67674/A                          320.00  321.57   -1.57 (VIOLATED)
_708670_/B2                           320.00  321.56   -1.56 (VIOLATED)
_479521_/B2                           320.00  321.56   -1.56 (VIOLATED)
_668940_/A                            320.00  321.56   -1.56 (VIOLATED)
_743368_/A                            320.00  321.55   -1.55 (VIOLATED)
_744921_/A                            320.00  321.50   -1.50 (VIOLATED)
_762409_/C                            320.00  321.50   -1.50 (VIOLATED)
_744920_/A                            320.00  321.49   -1.49 (VIOLATED)
_760952_/A                            320.00  321.48   -1.48 (VIOLATED)
_599596_/A                            320.00  321.48   -1.48 (VIOLATED)
_745177_/B                            320.00  321.46   -1.46 (VIOLATED)
place68378/A                          320.00  321.45   -1.45 (VIOLATED)
_746519_/B                            320.00  321.45   -1.45 (VIOLATED)
_772251_/Y                            320.00  321.45   -1.45 (VIOLATED)
in_data_q[24]$_DFFE_PN0P_/QN          320.00  321.44   -1.44 (VIOLATED)
_748952_/A                            320.00  321.43   -1.43 (VIOLATED)
_698366_/A                            320.00  321.41   -1.41 (VIOLATED)
_722244_/B                            320.00  321.41   -1.41 (VIOLATED)
_495957_/A                            320.00  321.40   -1.40 (VIOLATED)
_765362_/A1                           320.00  321.39   -1.39 (VIOLATED)
_761063_/A1                           320.00  321.36   -1.36 (VIOLATED)
_723675_/B2                           320.00  321.35   -1.35 (VIOLATED)
_767316_/A1                           320.00  321.35   -1.35 (VIOLATED)
_477979_/B2                           320.00  321.33   -1.33 (VIOLATED)
_747091_/B                            320.00  321.32   -1.32 (VIOLATED)
_747258_/A                            320.00  321.31   -1.31 (VIOLATED)
_761151_/A1                           320.00  321.30   -1.30 (VIOLATED)
_762686_/A                            320.00  321.29   -1.29 (VIOLATED)
_620422_/A                            320.00  321.28   -1.28 (VIOLATED)
_745015_/A                            320.00  321.27   -1.27 (VIOLATED)
_761658_/A                            320.00  321.19   -1.19 (VIOLATED)
_759999_/A1                           320.00  321.18   -1.18 (VIOLATED)
_761659_/A1                           320.00  321.17   -1.17 (VIOLATED)
_760518_/C                            320.00  321.17   -1.17 (VIOLATED)
_761942_/A1                           320.00  321.16   -1.16 (VIOLATED)
_746498_/A                            320.00  321.15   -1.15 (VIOLATED)
_742049_/A                            320.00  321.15   -1.15 (VIOLATED)
_746504_/A                            320.00  321.15   -1.15 (VIOLATED)
_746509_/A                            320.00  321.12   -1.12 (VIOLATED)
_747270_/A                            320.00  321.12   -1.12 (VIOLATED)
_746508_/A                            320.00  321.11   -1.11 (VIOLATED)
wire18357/A                           320.00  321.11   -1.11 (VIOLATED)
_745254_/B                            320.00  321.11   -1.11 (VIOLATED)
_745043_/A                            320.00  321.11   -1.11 (VIOLATED)
_764183_/A                            320.00  321.10   -1.10 (VIOLATED)
_762628_/A                            320.00  321.09   -1.09 (VIOLATED)
_745034_/A                            320.00  321.08   -1.08 (VIOLATED)
_762193_/A1                           320.00  321.08   -1.08 (VIOLATED)
coef_q[82]$_DFFE_PN0P_/QN             320.00  321.08   -1.08 (VIOLATED)
_599581_/A                            320.00  321.07   -1.07 (VIOLATED)
_739368_/A                            320.00  321.06   -1.06 (VIOLATED)
_745042_/A                            320.00  321.06   -1.06 (VIOLATED)
place68793/A                          320.00  321.06   -1.06 (VIOLATED)
_745076_/A                            320.00  321.05   -1.05 (VIOLATED)
_749867_/A                            320.00  321.02   -1.02 (VIOLATED)
_764322_/B2                           320.00  321.01   -1.01 (VIOLATED)
_743403_/A                            320.00  320.98   -0.98 (VIOLATED)
_744950_/A                            320.00  320.97   -0.97 (VIOLATED)
_745017_/A                            320.00  320.96   -0.96 (VIOLATED)
_761299_/E                            320.00  320.95   -0.95 (VIOLATED)
_770646_/B1                           320.00  320.95   -0.95 (VIOLATED)
_759487_/A1                           320.00  320.94   -0.94 (VIOLATED)
_764265_/A                            320.00  320.94   -0.94 (VIOLATED)
_746535_/A                            320.00  320.92   -0.92 (VIOLATED)
_762862_/A                            320.00  320.92   -0.92 (VIOLATED)
_745021_/A                            320.00  320.91   -0.91 (VIOLATED)
_792269_/B                            320.00  320.90   -0.90 (VIOLATED)
place67804/A                          320.00  320.89   -0.89 (VIOLATED)
_477961_/B2                           320.00  320.89   -0.89 (VIOLATED)
_673134_/B                            320.00  320.87   -0.87 (VIOLATED)
_747361_/A                            320.00  320.87   -0.87 (VIOLATED)
_639310_/A                            320.00  320.87   -0.87 (VIOLATED)
_761304_/E                            320.00  320.85   -0.85 (VIOLATED)
_747107_/B                            320.00  320.83   -0.83 (VIOLATED)
_760842_/A                            320.00  320.83   -0.83 (VIOLATED)
_599565_/A                            320.00  320.83   -0.83 (VIOLATED)
_744955_/A                            320.00  320.81   -0.81 (VIOLATED)
place67450/A                          320.00  320.77   -0.77 (VIOLATED)
rdata_q[3349]$_DFFE_PP_/QN            320.00  320.77   -0.77 (VIOLATED)
_744941_/A                            320.00  320.76   -0.76 (VIOLATED)
_770647_/B1                           320.00  320.75   -0.75 (VIOLATED)
_746506_/A                            320.00  320.75   -0.75 (VIOLATED)
_744939_/A                            320.00  320.74   -0.74 (VIOLATED)
_746556_/A                            320.00  320.73   -0.73 (VIOLATED)
m_1h[17]$_DFFE_PN0P_/QN               320.00  320.73   -0.73 (VIOLATED)
_747271_/A                            320.00  320.73   -0.73 (VIOLATED)
_744937_/A                            320.00  320.69   -0.69 (VIOLATED)
_758317_/A                            320.00  320.69   -0.69 (VIOLATED)
_746924_/A                            320.00  320.68   -0.68 (VIOLATED)
_760843_/A1                           320.00  320.67   -0.67 (VIOLATED)
_746563_/A                            320.00  320.66   -0.66 (VIOLATED)
_758267_/B                            320.00  320.63   -0.63 (VIOLATED)
_792269_/A                            320.00  320.61   -0.61 (VIOLATED)
_739374_/A                            320.00  320.59   -0.59 (VIOLATED)
_741788_/A                            320.00  320.59   -0.59 (VIOLATED)
_765040_/B                            320.00  320.58   -0.58 (VIOLATED)
_746546_/A                            320.00  320.58   -0.58 (VIOLATED)
_744979_/A                            320.00  320.55   -0.55 (VIOLATED)
_765142_/A1                           320.00  320.54   -0.54 (VIOLATED)
_744998_/A                            320.00  320.52   -0.52 (VIOLATED)
_744952_/A                            320.00  320.52   -0.52 (VIOLATED)
_765250_/B                            320.00  320.52   -0.52 (VIOLATED)
_744918_/A                            320.00  320.52   -0.52 (VIOLATED)
place68854/A                          320.00  320.50   -0.50 (VIOLATED)
_764147_/C                            320.00  320.50   -0.50 (VIOLATED)
_764090_/C                            320.00  320.49   -0.49 (VIOLATED)
_693096_/B                            320.00  320.49   -0.49 (VIOLATED)
_620424_/A                            320.00  320.49   -0.49 (VIOLATED)
_761668_/A                            320.00  320.48   -0.48 (VIOLATED)
_745862_/B                            320.00  320.48   -0.48 (VIOLATED)
_770644_/B1                           320.00  320.48   -0.48 (VIOLATED)
_744959_/A                            320.00  320.47   -0.47 (VIOLATED)
_646484_/B                            320.00  320.47   -0.47 (VIOLATED)
_747272_/A                            320.00  320.46   -0.46 (VIOLATED)
_764152_/C                            320.00  320.45   -0.45 (VIOLATED)
_599537_/A                            320.00  320.44   -0.44 (VIOLATED)
_669323_/B                            320.00  320.41   -0.41 (VIOLATED)
_744868_/B                            320.00  320.41   -0.41 (VIOLATED)
_741963_/A                            320.00  320.40   -0.40 (VIOLATED)
_745030_/A                            320.00  320.39   -0.39 (VIOLATED)
_745008_/A                            320.00  320.38   -0.38 (VIOLATED)
_764097_/C                            320.00  320.37   -0.37 (VIOLATED)
_620423_/A                            320.00  320.35   -0.35 (VIOLATED)
_764109_/C                            320.00  320.35   -0.35 (VIOLATED)
_764160_/C                            320.00  320.35   -0.35 (VIOLATED)
_745028_/A                            320.00  320.35   -0.35 (VIOLATED)
_745023_/A                            320.00  320.34   -0.34 (VIOLATED)
_749198_/A                            320.00  320.34   -0.34 (VIOLATED)
_761669_/A1                           320.00  320.33   -0.33 (VIOLATED)
_764164_/C                            320.00  320.32   -0.32 (VIOLATED)
_770643_/B1                           320.00  320.31   -0.31 (VIOLATED)
_759436_/A1                           320.00  320.30   -0.30 (VIOLATED)
_744960_/A                            320.00  320.29   -0.29 (VIOLATED)
_750661_/B                            320.00  320.29   -0.29 (VIOLATED)
_764115_/C                            320.00  320.28   -0.28 (VIOLATED)
_759554_/A                            320.00  320.28   -0.28 (VIOLATED)
_758734_/A1                           320.00  320.28   -0.28 (VIOLATED)
_759680_/A                            320.00  320.27   -0.27 (VIOLATED)
_764133_/C                            320.00  320.26   -0.26 (VIOLATED)
_825514_/CI                           320.00  320.25   -0.25 (VIOLATED)
_744982_/A                            320.00  320.24   -0.24 (VIOLATED)
_768138_/C                            320.00  320.24   -0.24 (VIOLATED)
_690056_/B                            320.00  320.24   -0.24 (VIOLATED)
_502004_/B2                           320.00  320.23   -0.23 (VIOLATED)
rdata_q[3097]$_DFFE_PP_/QN            320.00  320.23   -0.23 (VIOLATED)
_743346_/A                            320.00  320.22   -0.22 (VIOLATED)
place67572/A                          320.00  320.21   -0.21 (VIOLATED)
_762536_/C                            320.00  320.21   -0.21 (VIOLATED)
_764176_/C                            320.00  320.20   -0.20 (VIOLATED)
_764121_/C                            320.00  320.20   -0.20 (VIOLATED)
_739248_/A                            320.00  320.19   -0.19 (VIOLATED)
_764168_/C                            320.00  320.19   -0.19 (VIOLATED)
_668943_/A                            320.00  320.18   -0.18 (VIOLATED)
_639307_/A                            320.00  320.18   -0.18 (VIOLATED)
_639384_/A                            320.00  320.17   -0.17 (VIOLATED)
_761949_/A1                           320.00  320.17   -0.17 (VIOLATED)
_762875_/B2                           320.00  320.16   -0.16 (VIOLATED)
_745022_/A                            320.00  320.15   -0.15 (VIOLATED)
_544535_/A                            320.00  320.14   -0.14 (VIOLATED)
_639383_/A                            320.00  320.10   -0.10 (VIOLATED)
_759681_/A1                           320.00  320.10   -0.10 (VIOLATED)
_745047_/A                            320.00  320.09   -0.09 (VIOLATED)
_752021_/A2                           320.00  320.09   -0.09 (VIOLATED)
_746899_/A                            320.00  320.09   -0.09 (VIOLATED)
_599564_/A                            320.00  320.07   -0.07 (VIOLATED)
_739187_/A                            320.00  320.05   -0.05 (VIOLATED)
_739100_/A                            320.00  320.05   -0.05 (VIOLATED)
_764127_/C                            320.00  320.02   -0.02 (VIOLATED)
_762200_/A1                           320.00  320.02   -0.02 (VIOLATED)
_770654_/B1                           320.00  320.01   -0.01 (VIOLATED)

CLOCK_CHECK_BEGIN
Group                                  Slack
--------------------------------------------
No paths found.

CLOCK_CHECK_END
CLOSURE_AUDIT_DONE
