UVM_INFO /mnt/c/Users/26598/Documents/Codex/2026-08-29/sel-hold-2-bc-hold-wns/work/tools/uvm-verilator-2020-3.1/src/base/uvm_root.svh(476) @ 0: reporter [UVM/RELNOTES] 
  ***********       IMPORTANT RELEASE NOTES         ************

  This implementation of the UVM Library deviates from the 1800.2-2020
  standard.  See the DEVIATIONS.md file contained in the release
  for more details.

----------------------------------------------------------------
Accellera:1800.2:UVM:2020.3.1

All copyright owners for this kit are listed in NOTICE.txt
All Rights Reserved Worldwide
----------------------------------------------------------------

      (Specify +UVM_NO_RELNOTES to turn off this notice)

UVM_WARNING /mnt/c/Users/26598/Documents/Codex/2026-08-29/sel-hold-2-bc-hold-wns/work/tools/uvm-verilator-2020-3.1/src/base/uvm_root.svh(549) @ 0: reporter [NO_DPI_USED] We are thinking of removing support for UVM_NO_DPI.  Please try this test without it and evaluate the impact
UVM_INFO @ 0: reporter [RNTST] Running test img_filter_smoke_test...
UVM_INFO /mnt/c/Users/26598/Documents/Codex/2026-08-29/sel-hold-2-bc-hold-wns/work/tools/uvm-verilator-2020-3.1/src/base/uvm_traversal.svh(345) @ 0: reporter [UVM/COMP/NAMECHECK] This implementation of the component name checks requires DPI to be enabled
UVM_WARNING /mnt/c/Users/26598/Documents/Codex/2026-08-29/sel-hold-2-bc-hold-wns/work/tools/uvm-verilator-2020-3.1/src/base/uvm_traversal.svh(314) @ 0: reporter [NO_VISIT_CHECK] Because UVM_REGEX_NO_DPI is defined, no uvm component name constraints will be checked
UVM_ERROR /mnt/c/Users/26598/Desktop/img_filter_submission/work/vfir-docs-uvm/verification/uvm/img_filter_functional_pkg.sv(203) @ 925500: uvm_test_top.env.scoreboard [MISMATCH] beat 0 expected=48a1654e17b050994625921c97c241a960ad0977 actual=48a1654e17b050994625921c97c24263e18382f7
UVM_ERROR /mnt/c/Users/26598/Desktop/img_filter_submission/work/vfir-docs-uvm/verification/uvm/img_filter_functional_pkg.sv(203) @ 925500: uvm_test_top.env.scoreboard [MISMATCH] beat 1 expected=9b52d988fba825d999f15be9cb39c32d65b6c92c actual=9b52d988fba825d999f15be9cb39c1bc4803ffb6
UVM_ERROR /mnt/c/Users/26598/Desktop/img_filter_submission/work/vfir-docs-uvm/verification/uvm/img_filter_functional_pkg.sv(203) @ 925500: uvm_test_top.env.scoreboard [MISMATCH] beat 2 expected=47d0c3a74334acd670b44ee5092c999069e88dbb actual=47d0c3a74334acd670b44ee5092c9b6b65938d2a
UVM_ERROR /mnt/c/Users/26598/Desktop/img_filter_submission/work/vfir-docs-uvm/verification/uvm/img_filter_functional_pkg.sv(203) @ 925500: uvm_test_top.env.scoreboard [MISMATCH] beat 3 expected=1fbef251ef622264f221b7900a1765eda454c1a7 actual=1fbef251ef622264f221b7900a17655f892bd6f5
UVM_ERROR /mnt/c/Users/26598/Desktop/img_filter_submission/work/vfir-docs-uvm/verification/uvm/img_filter_functional_pkg.sv(203) @ 925500: uvm_test_top.env.scoreboard [MISMATCH] beat 4 expected=d2a2c8615e9e5bd6d89882a6f94a75e45c95b2fd actual=d2a2c8615e9e5bd6d89882a6f94a77576e3a053a
UVM_ERROR /mnt/c/Users/26598/Desktop/img_filter_submission/work/vfir-docs-uvm/verification/uvm/img_filter_functional_pkg.sv(203) @ 925500: uvm_test_top.env.scoreboard [MISMATCH] beat 5 expected=911b243ee6dfcf367625691933d75ce41944520a actual=911b243ee6dfcf367625691933d75a6a7a07ccb6
UVM_ERROR /mnt/c/Users/26598/Desktop/img_filter_submission/work/vfir-docs-uvm/verification/uvm/img_filter_functional_pkg.sv(203) @ 925500: uvm_test_top.env.scoreboard [MISMATCH] beat 6 expected=0000000000000000000000000000003568de9248 actual=0000000000000000000000000000028724969496
UVM_ERROR /mnt/c/Users/26598/Desktop/img_filter_submission/work/vfir-docs-uvm/verification/uvm/img_filter_functional_pkg.sv(203) @ 925500: uvm_test_top.env.scoreboard [MISMATCH] beat 7 expected=52a40861aa81ce1579858660a571ab861d1cb627 actual=52a40861aa81ce1579858660a571aa55db675e7e
UVM_ERROR /mnt/c/Users/26598/Desktop/img_filter_submission/work/vfir-docs-uvm/verification/uvm/img_filter_functional_pkg.sv(203) @ 925500: uvm_test_top.env.scoreboard [MISMATCH] beat 8 expected=9662f9b96b94ee46be1d617197a22f685a43ad83 actual=9662f9b96b94ee46be1d617197a22ec61d275dee
UVM_ERROR /mnt/c/Users/26598/Desktop/img_filter_submission/work/vfir-docs-uvm/verification/uvm/img_filter_functional_pkg.sv(203) @ 925500: uvm_test_top.env.scoreboard [MISMATCH] beat 9 expected=591ce6bed34a9f4888cc881fe93c74662699d19b actual=591ce6bed34a9f4888cc881fe93c7657554b1a66
UVM_ERROR /mnt/c/Users/26598/Desktop/img_filter_submission/work/vfir-docs-uvm/verification/uvm/img_filter_functional_pkg.sv(203) @ 925500: uvm_test_top.env.scoreboard [MISMATCH] beat 10 expected=312ae6a56d4d9d468aa7aedb97936ca695e74174 actual=312ae6a56d4d9d468aa7aedb97936d135a3a4183
UVM_ERROR /mnt/c/Users/26598/Desktop/img_filter_submission/work/vfir-docs-uvm/verification/uvm/img_filter_functional_pkg.sv(203) @ 925500: uvm_test_top.env.scoreboard [MISMATCH] beat 11 expected=ae9fe9ce0e97e5b704b88faadb529ea2e2c46ea4 actual=ae9fe9ce0e97e5b704b88faadb52a0212116e189
UVM_ERROR /mnt/c/Users/26598/Desktop/img_filter_submission/work/vfir-docs-uvm/verification/uvm/img_filter_functional_pkg.sv(203) @ 925500: uvm_test_top.env.scoreboard [MISMATCH] beat 12 expected=a29c693ad9c2d798316e8924787f06e8ea45fa45 actual=a29c693ad9c2d798316e8924787f045ee80b82d0
UVM_ERROR /mnt/c/Users/26598/Desktop/img_filter_submission/work/vfir-docs-uvm/verification/uvm/img_filter_functional_pkg.sv(203) @ 925500: uvm_test_top.env.scoreboard [MISMATCH] beat 13 expected=0000000000000000000000000000003e224c4163 actual=000000000000000000000000000002a952f32da2
UVM_ERROR /mnt/c/Users/26598/Desktop/img_filter_submission/work/vfir-docs-uvm/verification/uvm/img_filter_functional_pkg.sv(203) @ 925500: uvm_test_top.env.scoreboard [MISMATCH] beat 14 expected=5a5a17b50867535234eb502cc5aa1873659acb17 actual=5a5a17b50867535234eb502cc5aa18892ab64206
UVM_ERROR /mnt/c/Users/26598/Desktop/img_filter_submission/work/vfir-docs-uvm/verification/uvm/img_filter_functional_pkg.sv(203) @ 925500: uvm_test_top.env.scoreboard [MISMATCH] beat 15 expected=aeab1941d097aac7be0486b826e6b6a40e155ab3 actual=aeab1941d097aac7be0486b826e6b68ca8cf665a
UVM_ERROR /mnt/c/Users/26598/Desktop/img_filter_submission/work/vfir-docs-uvm/verification/uvm/img_filter_functional_pkg.sv(203) @ 925500: uvm_test_top.env.scoreboard [MISMATCH] beat 16 expected=a8e6090e578d1ec909a3ad5eaa50a8836d85ccff actual=a8e6090e578d1ec909a3ad5eaa50a9c86204e218
UVM_ERROR /mnt/c/Users/26598/Desktop/img_filter_submission/work/vfir-docs-uvm/verification/uvm/img_filter_functional_pkg.sv(203) @ 925500: uvm_test_top.env.scoreboard [MISMATCH] beat 17 expected=32daf93d4c4b2265c24a891a7986f680c44a71fe actual=32daf93d4c4b2265c24a891a7986f677e6485e62
UVM_ERROR /mnt/c/Users/26598/Desktop/img_filter_submission/work/vfir-docs-uvm/verification/uvm/img_filter_functional_pkg.sv(203) @ 925500: uvm_test_top.env.scoreboard [MISMATCH] beat 18 expected=972b185ac65f5e58fdd35a6849bee5a823a78a9b actual=972b185ac65f5e58fdd35a6849bee4a6d51c5e36
UVM_ERROR /mnt/c/Users/26598/Desktop/img_filter_submission/work/vfir-docs-uvm/verification/uvm/img_filter_functional_pkg.sv(203) @ 925500: uvm_test_top.env.scoreboard [MISMATCH] beat 19 expected=7ddfda9ddccd96e9899a91a7698e0cce2ad5a9c7 actual=7ddfda9ddccd96e9899a91a7698e0c3985a815f6
UVM_ERROR /mnt/c/Users/26598/Desktop/img_filter_submission/work/vfir-docs-uvm/verification/uvm/img_filter_functional_pkg.sv(203) @ 925500: uvm_test_top.env.scoreboard [MISMATCH] beat 20 expected=000000000000000000000000000000706927a123 actual=000000000000000000000000000002cbe6230738
UVM_ERROR /mnt/c/Users/26598/Desktop/img_filter_submission/work/vfir-docs-uvm/verification/uvm/img_filter_functional_pkg.sv(203) @ 925500: uvm_test_top.env.scoreboard [MISMATCH] beat 21 expected=3bdc0a01a77311d3714f756fe729b565a5cce280 actual=3bdc0a01a77311d3714f756fe729b68d5d67c4c2
UVM_ERROR /mnt/c/Users/26598/Desktop/img_filter_submission/work/vfir-docs-uvm/verification/uvm/img_filter_functional_pkg.sv(203) @ 925500: uvm_test_top.env.scoreboard [MISMATCH] beat 22 expected=b16a47ff02a6a9e99d81532e26da45d2d1959ace actual=b16a47ff02a6a9e99d81532e26da4474a305ea54
UVM_ERROR /mnt/c/Users/26598/Desktop/img_filter_submission/work/vfir-docs-uvm/verification/uvm/img_filter_functional_pkg.sv(203) @ 925500: uvm_test_top.env.scoreboard [MISMATCH] beat 23 expected=9c692be25d7c12bbb120a695cabca76f69b90e3a actual=9c692be25d7c12bbb120a695cabca8681ea9531c
UVM_ERROR /mnt/c/Users/26598/Desktop/img_filter_submission/work/vfir-docs-uvm/verification/uvm/img_filter_functional_pkg.sv(203) @ 925500: uvm_test_top.env.scoreboard [MISMATCH] beat 24 expected=5ad8b8c6075269486ddf80db39926a83063ba64f actual=5ad8b8c6075269486ddf80db399269d02b0762f8
UVM_ERROR /mnt/c/Users/26598/Desktop/img_filter_submission/work/vfir-docs-uvm/verification/uvm/img_filter_functional_pkg.sv(203) @ 925500: uvm_test_top.env.scoreboard [MISMATCH] beat 25 expected=55d81a872d682db6ed6b98f31a0350b1e6d7ee04 actual=55d81a872d682db6ed6b98f31a0350a06a08c908
UVM_ERROR /mnt/c/Users/26598/Desktop/img_filter_submission/work/vfir-docs-uvm/verification/uvm/img_filter_functional_pkg.sv(203) @ 925500: uvm_test_top.env.scoreboard [MISMATCH] beat 26 expected=776da9c63f845bdd1217c628c8665484dc65a69e actual=776da9c63f845bdd1217c628c866543599365dc8
UVM_ERROR /mnt/c/Users/26598/Desktop/img_filter_submission/work/vfir-docs-uvm/verification/uvm/img_filter_functional_pkg.sv(203) @ 925500: uvm_test_top.env.scoreboard [MISMATCH] beat 27 expected=000000000000000000000000000000b92183fd9d actual=00000000000000000000000000000296dd59ca3d
UVM_ERROR /mnt/c/Users/26598/Desktop/img_filter_submission/work/vfir-docs-uvm/verification/uvm/img_filter_functional_pkg.sv(203) @ 925500: uvm_test_top.env.scoreboard [MISMATCH] beat 28 expected=36a0376a84a01d26c5368fac67b6964f709a561b actual=36a0376a84a01d26c5368fac67b6975f9d34b9b6
UVM_ERROR /mnt/c/Users/26598/Desktop/img_filter_submission/work/vfir-docs-uvm/verification/uvm/img_filter_functional_pkg.sv(203) @ 925500: uvm_test_top.env.scoreboard [MISMATCH] beat 29 expected=8956e6fadabc69dce5215ae3277617b1526786cf actual=8956e6fadabc69dce5215ae32776153aa69724a5
UVM_ERROR /mnt/c/Users/26598/Desktop/img_filter_submission/work/vfir-docs-uvm/verification/uvm/img_filter_functional_pkg.sv(203) @ 925500: uvm_test_top.env.scoreboard [MISMATCH] beat 30 expected=d2a57afaaa6d176b625d62594b20bd73b3677aa4 actual=d2a57afaaa6d176b625d62594b20bd4f9baa7a3d
UVM_ERROR /mnt/c/Users/26598/Desktop/img_filter_submission/work/vfir-docs-uvm/verification/uvm/img_filter_functional_pkg.sv(203) @ 925500: uvm_test_top.env.scoreboard [MISMATCH] beat 31 expected=4427a4e5ad50b53614ba948cb96576ba04eb1a97 actual=4427a4e5ad50b53614ba948cb965756fe8b550f6
UVM_ERROR /mnt/c/Users/26598/Desktop/img_filter_submission/work/vfir-docs-uvm/verification/uvm/img_filter_functional_pkg.sv(203) @ 925500: uvm_test_top.env.scoreboard [MISMATCH] beat 32 expected=51e7fa96086e2c89b2678ae7067268eaded8a63b actual=51e7fa96086e2c89b2678ae70672694b15a40e57
UVM_ERROR /mnt/c/Users/26598/Desktop/img_filter_submission/work/vfir-docs-uvm/verification/uvm/img_filter_functional_pkg.sv(203) @ 925500: uvm_test_top.env.scoreboard [MISMATCH] beat 33 expected=5f74771641a45c0d2b068fea83b18f588e86b5d4 actual=5f74771641a45c0d2b068fea83b18e94a82cd5b1
UVM_ERROR /mnt/c/Users/26598/Desktop/img_filter_submission/work/vfir-docs-uvm/verification/uvm/img_filter_functional_pkg.sv(203) @ 925500: uvm_test_top.env.scoreboard [MISMATCH] beat 34 expected=000000000000000000000000000000c527433a02 actual=0000000000000000000000000000023ad91abdcb
UVM_ERROR /mnt/c/Users/26598/Desktop/img_filter_submission/work/vfir-docs-uvm/verification/uvm/img_filter_functional_pkg.sv(203) @ 925500: uvm_test_top.env.scoreboard [MISMATCH] beat 35 expected=7be0278ac4c51f89358890a1a5a6884021f825a1 actual=7be0278ac4c51f89358890a1a5a6889c51446a8b
UVM_ERROR /mnt/c/Users/26598/Desktop/img_filter_submission/work/vfir-docs-uvm/verification/uvm/img_filter_functional_pkg.sv(203) @ 925500: uvm_test_top.env.scoreboard [MISMATCH] beat 36 expected=781735dade9338fd80d27999449a21be9ca27262 actual=781735dade9338fd80d27999449a208a6ee839c8
UVM_ERROR /mnt/c/Users/26598/Desktop/img_filter_submission/work/vfir-docs-uvm/verification/uvm/img_filter_functional_pkg.sv(203) @ 925500: uvm_test_top.env.scoreboard [MISMATCH] beat 37 expected=d21888c2ba7916da16132fde07d4904bf03c2a96 actual=d21888c2ba7916da16132fde07d48eafd917e062
UVM_ERROR /mnt/c/Users/26598/Desktop/img_filter_submission/work/vfir-docs-uvm/verification/uvm/img_filter_functional_pkg.sv(203) @ 925500: uvm_test_top.env.scoreboard [MISMATCH] beat 38 expected=6f720325713021078c89c651460ce6d1d167dde1 actual=6f720325713021078c89c651460ce455b2146908
UVM_ERROR /mnt/c/Users/26598/Desktop/img_filter_submission/work/vfir-docs-uvm/verification/uvm/img_filter_functional_pkg.sv(203) @ 925500: uvm_test_top.env.scoreboard [MISMATCH] beat 39 expected=335cac996f796bb8c5e8d126b7ba11b39e18fdc7 actual=335cac996f796bb8c5e8d126b7ba132c988b822b
UVM_ERROR /mnt/c/Users/26598/Desktop/img_filter_submission/work/vfir-docs-uvm/verification/uvm/img_filter_functional_pkg.sv(203) @ 925500: uvm_test_top.env.scoreboard [MISMATCH] beat 40 expected=866e28a2b063ac5e6352a72bb46a1b790d29c62f actual=866e28a2b063ac5e6352a72bb46a1ad0a0aa4a40
UVM_ERROR /mnt/c/Users/26598/Desktop/img_filter_submission/work/vfir-docs-uvm/verification/uvm/img_filter_functional_pkg.sv(203) @ 925500: uvm_test_top.env.scoreboard [MISMATCH] beat 41 expected=00000000000000000000000000000083675701f7 actual=00000000000000000000000000000233681b364d
UVM_ERROR /mnt/c/Users/26598/Desktop/img_filter_submission/work/vfir-docs-uvm/verification/uvm/img_filter_functional_pkg.sv(203) @ 925500: uvm_test_top.env.scoreboard [MISMATCH] beat 42 expected=aa61c57a27bf6af8c93482a162deb13e29c3b17b actual=aa61c57a27bf6af8c93482a162deb1b1e857f97d
UVM_ERROR /mnt/c/Users/26598/Desktop/img_filter_submission/work/vfir-docs-uvm/verification/uvm/img_filter_functional_pkg.sv(203) @ 925500: uvm_test_top.env.scoreboard [MISMATCH] beat 43 expected=481624e9cf8e32be447f6562d40963c069767a3e actual=481624e9cf8e32be447f6562d409638d252d069f
UVM_ERROR /mnt/c/Users/26598/Desktop/img_filter_submission/work/vfir-docs-uvm/verification/uvm/img_filter_functional_pkg.sv(203) @ 925500: uvm_test_top.env.scoreboard [MISMATCH] beat 44 expected=caa8c5527a89a389c609292e85208169e4590e59 actual=caa8c5527a89a389c609292e852081aa8c332678
UVM_ERROR /mnt/c/Users/26598/Desktop/img_filter_submission/work/vfir-docs-uvm/verification/uvm/img_filter_functional_pkg.sv(203) @ 925500: uvm_test_top.env.scoreboard [MISMATCH] beat 45 expected=712246e5ac2e600688c99398b6c4b6c061043d1a actual=712246e5ac2e600688c99398b6c4b56ff007729c
UVM_ERROR /mnt/c/Users/26598/Desktop/img_filter_submission/work/vfir-docs-uvm/verification/uvm/img_filter_functional_pkg.sv(203) @ 925500: uvm_test_top.env.scoreboard [MISMATCH] beat 46 expected=58af2dc9e767ecc8ced6ad67961dad7b1886c221 actual=58af2dc9e767ecc8ced6ad67961dad642d35a99b
UVM_ERROR /mnt/c/Users/26598/Desktop/img_filter_submission/work/vfir-docs-uvm/verification/uvm/img_filter_functional_pkg.sv(203) @ 925500: uvm_test_top.env.scoreboard [MISMATCH] beat 47 expected=94e5b821a47c5e0a7b717863968e02ba92d9659a actual=94e5b821a47c5e0a7b717863968e01852df1dda6
UVM_ERROR /mnt/c/Users/26598/Desktop/img_filter_submission/work/vfir-docs-uvm/verification/uvm/img_filter_functional_pkg.sv(203) @ 925500: uvm_test_top.env.scoreboard [MISMATCH] beat 48 expected=0000000000000000000000000000003c6af725bb actual=00000000000000000000000000000283db8705aa
UVM_ERROR /mnt/c/Users/26598/Desktop/img_filter_submission/work/vfir-docs-uvm/verification/uvm/img_filter_functional_pkg.sv(203) @ 925500: uvm_test_top.env.scoreboard [MISMATCH] beat 49 expected=a460f5a15c89308985326c2833631c70d7c1a957 actual=a460f5a15c89308985326c2833631ca412c9522a
UVM_ERROR /mnt/c/Users/26598/Desktop/img_filter_submission/work/vfir-docs-uvm/verification/uvm/img_filter_functional_pkg.sv(203) @ 925500: uvm_test_top.env.scoreboard [MISMATCH] beat 50 expected=4a17d521ce50ee0af0cf70ebd559f9e4e626223e actual=4a17d521ce50ee0af0cf70ebd559f9500c580d3a
UVM_ERROR /mnt/c/Users/26598/Desktop/img_filter_submission/work/vfir-docs-uvm/verification/uvm/img_filter_functional_pkg.sv(203) @ 925500: uvm_test_top.env.scoreboard [MISMATCH] beat 51 expected=9b69139272bb27d9454e67f3167d408d14690666 actual=9b69139272bb27d9454e67f3167d417d9a18b2a0
UVM_ERROR /mnt/c/Users/26598/Desktop/img_filter_submission/work/vfir-docs-uvm/verification/uvm/img_filter_functional_pkg.sv(203) @ 925500: uvm_test_top.env.scoreboard [MISMATCH] beat 52 expected=b5da98dea4454e888db0695f96990fbf25d1d9fc actual=b5da98dea4454e888db0695f96990e6851a9cb59
UVM_ERROR /mnt/c/Users/26598/Desktop/img_filter_submission/work/vfir-docs-uvm/verification/uvm/img_filter_functional_pkg.sv(203) @ 925500: uvm_test_top.env.scoreboard [MISMATCH] beat 53 expected=40202b6a8c7de0f7826081235825fb4a15a8a98d actual=40202b6a8c7de0f7826081235825f989d967a9da
UVM_ERROR /mnt/c/Users/26598/Desktop/img_filter_submission/work/vfir-docs-uvm/verification/uvm/img_filter_functional_pkg.sv(203) @ 925500: uvm_test_top.env.scoreboard [MISMATCH] beat 54 expected=9c240ae4af33a62b9b73a423c93e17ec97f5f5f4 actual=9c240ae4af33a62b9b73a423c93e1664a956863e
UVM_ERROR /mnt/c/Users/26598/Desktop/img_filter_submission/work/vfir-docs-uvm/verification/uvm/img_filter_functional_pkg.sv(203) @ 925500: uvm_test_top.env.scoreboard [MISMATCH] beat 55 expected=0000000000000000000000000000001c6ed95a7b actual=000000000000000000000000000002a41918eecd
UVM_ERROR /mnt/c/Users/26598/Desktop/img_filter_submission/work/vfir-docs-uvm/verification/uvm/img_filter_functional_pkg.sv(203) @ 925500: uvm_test_top.env.scoreboard [MISMATCH] beat 56 expected=a12624761c466286bd4e9933264b30ace152714d actual=a12624761c466286bd4e9933264b30a8a42ba6ce
UVM_ERROR /mnt/c/Users/26598/Desktop/img_filter_submission/work/vfir-docs-uvm/verification/uvm/img_filter_functional_pkg.sv(203) @ 925500: uvm_test_top.env.scoreboard [MISMATCH] beat 57 expected=3920164608552809c16c4ce755ddf9e61a2a426c actual=3920164608552809c16c4ce755ddf96518b88212
UVM_ERROR /mnt/c/Users/26598/Desktop/img_filter_submission/work/vfir-docs-uvm/verification/uvm/img_filter_functional_pkg.sv(203) @ 925500: uvm_test_top.env.scoreboard [MISMATCH] beat 58 expected=9bf3c2dece87a159b1c979a8f6f1626b4e378a6e actual=9bf3c2dece87a159b1c979a8f6f1634c6eb9a49b
UVM_ERROR /mnt/c/Users/26598/Desktop/img_filter_submission/work/vfir-docs-uvm/verification/uvm/img_filter_functional_pkg.sv(203) @ 925500: uvm_test_top.env.scoreboard [MISMATCH] beat 59 expected=c69e197e8b3a628b7a042bd927997ab02c5652ad actual=c69e197e8b3a628b7a042bd927997959639ee5a7
UVM_ERROR /mnt/c/Users/26598/Desktop/img_filter_submission/work/vfir-docs-uvm/verification/uvm/img_filter_functional_pkg.sv(203) @ 925500: uvm_test_top.env.scoreboard [MISMATCH] beat 60 expected=3c6239b6e8a1b227adbf8457b9460f7f5f08f518 actual=3c6239b6e8a1b227adbf8457b9460ecb29dc39ef
UVM_ERROR /mnt/c/Users/26598/Desktop/img_filter_submission/work/vfir-docs-uvm/verification/uvm/img_filter_functional_pkg.sv(203) @ 925500: uvm_test_top.env.scoreboard [MISMATCH] beat 61 expected=5e24fab5094165869b299725170260ac2025b19c actual=5e24fab5094165869b2997251702601cde1dde29
UVM_ERROR /mnt/c/Users/26598/Desktop/img_filter_submission/work/vfir-docs-uvm/verification/uvm/img_filter_functional_pkg.sv(203) @ 925500: uvm_test_top.env.scoreboard [MISMATCH] beat 62 expected=0000000000000000000000000000002b6fb90e63 actual=000000000000000000000000000002a9a178a9bc
UVM_ERROR /mnt/c/Users/26598/Desktop/img_filter_submission/work/vfir-docs-uvm/verification/uvm/img_filter_functional_pkg.sv(203) @ 925500: uvm_test_top.env.scoreboard [MISMATCH] beat 63 expected=7ae09622852fdd3a51ba83e9989385b6ce149da0 actual=7ae09622852fdd3a51ba83e99893854e5e2b7a02
UVM_ERROR /mnt/c/Users/26598/Desktop/img_filter_submission/work/vfir-docs-uvm/verification/uvm/img_filter_functional_pkg.sv(203) @ 925500: uvm_test_top.env.scoreboard [MISMATCH] beat 64 expected=32a6b595c54dad77f54675d9c79abfa55c693d71 actual=32a6b595c54dad77f54675d9c79abf26b6b8597b
UVM_ERROR /mnt/c/Users/26598/Desktop/img_filter_submission/work/vfir-docs-uvm/verification/uvm/img_filter_functional_pkg.sv(203) @ 925500: uvm_test_top.env.scoreboard [MISMATCH] beat 65 expected=a9a8f6b28ca0ddfb2a32b220cb555772d29731de actual=a9a8f6b28ca0ddfb2a32b220cb5558aea7144dc6
UVM_ERROR /mnt/c/Users/26598/Desktop/img_filter_submission/work/vfir-docs-uvm/verification/uvm/img_filter_functional_pkg.sv(203) @ 925500: uvm_test_top.env.scoreboard [MISMATCH] beat 66 expected=c3e5463981365b183e25715a55e146a4eb3a4716 actual=c3e5463981365b183e25715a55e14673e429856d
UVM_ERROR /mnt/c/Users/26598/Desktop/img_filter_submission/work/vfir-docs-uvm/verification/uvm/img_filter_functional_pkg.sv(203) @ 925500: uvm_test_top.env.scoreboard [MISMATCH] beat 67 expected=33e3959ab48eb09755a5a811ab663576d75d4529 actual=33e3959ab48eb09755a5a811ab66355a1fa7deb3
UVM_ERROR /mnt/c/Users/26598/Desktop/img_filter_submission/work/vfir-docs-uvm/verification/uvm/img_filter_functional_pkg.sv(203) @ 925500: uvm_test_top.env.scoreboard [MISMATCH] beat 68 expected=909dcb895267e7770ea1b5f1547628655827d5ae actual=909dcb895267e7770ea1b5f154762a495887ddb4
UVM_ERROR /mnt/c/Users/26598/Desktop/img_filter_submission/work/vfir-docs-uvm/verification/uvm/img_filter_functional_pkg.sv(203) @ 925500: uvm_test_top.env.scoreboard [MISMATCH] beat 69 expected=00000000000000000000000000000055b5887335 actual=000000000000000000000000000002bf5cc47dcc
UVM_ERROR /mnt/c/Users/26598/Desktop/img_filter_submission/work/vfir-docs-uvm/verification/uvm/img_filter_functional_pkg.sv(203) @ 925500: uvm_test_top.env.scoreboard [MISMATCH] beat 70 expected=c0e2e58b1843cb3759ca8fb06a6a70931d46c165 actual=c0e2e58b1843cb3759ca8fb06a6a70386b1891a3
UVM_ERROR /mnt/c/Users/26598/Desktop/img_filter_submission/work/vfir-docs-uvm/verification/uvm/img_filter_functional_pkg.sv(203) @ 925500: uvm_test_top.env.scoreboard [MISMATCH] beat 71 expected=7124a609d96d2cd7591854cf55cef893d89c391c actual=7124a609d96d2cd7591854cf55cefa7b1307e5a9
UVM_ERROR /mnt/c/Users/26598/Desktop/img_filter_submission/work/vfir-docs-uvm/verification/uvm/img_filter_functional_pkg.sv(203) @ 925500: uvm_test_top.env.scoreboard [MISMATCH] beat 72 expected=dda0a9aea7b2590c3e5a9bdca7292b74964701c2 actual=dda0a9aea7b2590c3e5a9bdca7292b9c1f7a370f
UVM_ERROR /mnt/c/Users/26598/Desktop/img_filter_submission/work/vfir-docs-uvm/verification/uvm/img_filter_functional_pkg.sv(203) @ 925500: uvm_test_top.env.scoreboard [MISMATCH] beat 73 expected=bf30a764e90c693a093a63a596f17e8a699da67d actual=bf30a764e90c693a093a63a596f17e684aa4b9a7
UVM_ERROR /mnt/c/Users/26598/Desktop/img_filter_submission/work/vfir-docs-uvm/verification/uvm/img_filter_functional_pkg.sv(203) @ 925500: uvm_test_top.env.scoreboard [MISMATCH] beat 74 expected=5d2e869ae862efe7fdf5bd55dcb66da823fb15a0 actual=5d2e869ae862efe7fdf5bd55dcb66f8ba3e0e2bb
UVM_ERROR /mnt/c/Users/26598/Desktop/img_filter_submission/work/vfir-docs-uvm/verification/uvm/img_filter_functional_pkg.sv(203) @ 925500: uvm_test_top.env.scoreboard [MISMATCH] beat 75 expected=52531a15ecb21d9552a3ba2d32e3385017c90e2d actual=52531a15ecb21d9552a3ba2d32e339d62865c701
UVM_ERROR /mnt/c/Users/26598/Desktop/img_filter_submission/work/vfir-docs-uvm/verification/uvm/img_filter_functional_pkg.sv(203) @ 925500: uvm_test_top.env.scoreboard [MISMATCH] beat 76 expected=00000000000000000000000000000057f488526b actual=0000000000000000000000000000026e9189954f
UVM_ERROR /mnt/c/Users/26598/Desktop/img_filter_submission/work/vfir-docs-uvm/verification/uvm/img_filter_functional_pkg.sv(203) @ 925500: uvm_test_top.env.scoreboard [MISMATCH] beat 77 expected=9a9ef675fb715598ea30a42f2b757e8f1309297f actual=9a9ef675fb715598ea30a42f2b757dbcde99b6cd
UVM_ERROR /mnt/c/Users/26598/Desktop/img_filter_submission/work/vfir-docs-uvm/verification/uvm/img_filter_functional_pkg.sv(203) @ 925500: uvm_test_top.env.scoreboard [MISMATCH] beat 78 expected=5c192864db6a6db509a03fde18964a5d5c2d50e0 actual=5c192864db6a6db509a03fde18964b829cf7b325
UVM_ERROR /mnt/c/Users/26598/Desktop/img_filter_submission/work/vfir-docs-uvm/verification/uvm/img_filter_functional_pkg.sv(203) @ 925500: uvm_test_top.env.scoreboard [MISMATCH] beat 79 expected=c5224ad5eea7217f2275c69868c4e7b9e00796a2 actual=c5224ad5eea7217f2275c69868c4e787b05ae62f
UVM_ERROR /mnt/c/Users/26598/Desktop/img_filter_submission/work/vfir-docs-uvm/verification/uvm/img_filter_functional_pkg.sv(203) @ 925500: uvm_test_top.env.scoreboard [MISMATCH] beat 80 expected=97a2862d0a2f5516adf5656db505326469f885b8 actual=97a2862d0a2f5516adf5656db5053258a6026511
UVM_ERROR /mnt/c/Users/26598/Desktop/img_filter_submission/work/vfir-docs-uvm/verification/uvm/img_filter_functional_pkg.sv(203) @ 925500: uvm_test_top.env.scoreboard [MISMATCH] beat 81 expected=7f30876a8a359faa76d2751c9a56459be8b5fa8e actual=7f30876a8a359faa76d2751c9a564698a9f4ca57
UVM_ERROR /mnt/c/Users/26598/Desktop/img_filter_submission/work/vfir-docs-uvm/verification/uvm/img_filter_functional_pkg.sv(203) @ 925500: uvm_test_top.env.scoreboard [MISMATCH] beat 82 expected=5d1f3b0d62bf5369eddaa7a6e7d6b56ae1371e76 actual=5d1f3b0d62bf5369eddaa7a6e7d6b596b0488dec
UVM_ERROR /mnt/c/Users/26598/Desktop/img_filter_submission/work/vfir-docs-uvm/verification/uvm/img_filter_functional_pkg.sv(203) @ 925500: uvm_test_top.env.scoreboard [MISMATCH] beat 83 expected=0000000000000000000000000000005da5357ec3 actual=00000000000000000000000000000280cd06ae05
UVM_ERROR /mnt/c/Users/26598/Desktop/img_filter_submission/work/vfir-docs-uvm/verification/uvm/img_filter_functional_pkg.sv(203) @ 925500: uvm_test_top.env.scoreboard [MISMATCH] beat 84 expected=791e6725c5541b3675ee947337a07a80988b1dec actual=791e6725c5541b3675ee947337a07a6ade38f699
UVM_ERROR /mnt/c/Users/26598/Desktop/img_filter_submission/work/vfir-docs-uvm/verification/uvm/img_filter_functional_pkg.sv(203) @ 925500: uvm_test_top.env.scoreboard [MISMATCH] beat 85 expected=721537f9d55d1d36720e26de18d6bc9d0b0c29d9 actual=721537f9d55d1d36720e26de18d6bbad66231f0d
UVM_ERROR /mnt/c/Users/26598/Desktop/img_filter_submission/work/vfir-docs-uvm/verification/uvm/img_filter_functional_pkg.sv(203) @ 925500: uvm_test_top.env.scoreboard [MISMATCH] beat 86 expected=9ae206f20b94e46aee4c9d97e701a9a7e7e8ee6e actual=9ae206f20b94e46aee4c9d97e701ab56e23540cf
UVM_ERROR /mnt/c/Users/26598/Desktop/img_filter_submission/work/vfir-docs-uvm/verification/uvm/img_filter_functional_pkg.sv(203) @ 925500: uvm_test_top.env.scoreboard [MISMATCH] beat 87 expected=869c0a015263e1b7d9be4c6024cd3f4ae805811e actual=869c0a015263e1b7d9be4c6024cd3f99a4181a28
UVM_ERROR /mnt/c/Users/26598/Desktop/img_filter_submission/work/vfir-docs-uvm/verification/uvm/img_filter_functional_pkg.sv(203) @ 925500: uvm_test_top.env.scoreboard [MISMATCH] beat 88 expected=7c6eeab59e289be8d6d9591439b615a934c12682 actual=7c6eeab59e289be8d6d9591439b616421a9a4d45
UVM_ERROR /mnt/c/Users/26598/Desktop/img_filter_submission/work/vfir-docs-uvm/verification/uvm/img_filter_functional_pkg.sv(203) @ 925500: uvm_test_top.env.scoreboard [MISMATCH] beat 89 expected=225e6b28e9895d7ca9b0b867eb19f27a2ed5bf5c actual=225e6b28e9895d7ca9b0b867eb19f2525d8739cc
UVM_ERROR /mnt/c/Users/26598/Desktop/img_filter_submission/work/vfir-docs-uvm/verification/uvm/img_filter_functional_pkg.sv(203) @ 925500: uvm_test_top.env.scoreboard [MISMATCH] beat 90 expected=0000000000000000000000000000002a1847b220 actual=000000000000000000000000000002841fa985a1
UVM_ERROR /mnt/c/Users/26598/Desktop/img_filter_submission/work/vfir-docs-uvm/verification/uvm/img_filter_functional_pkg.sv(203) @ 925500: uvm_test_top.env.scoreboard [MISMATCH] beat 91 expected=6354b7cdd26e99982ad271af18955ba08fce15e6 actual=6354b7cdd26e99982ad271af18955d68e7373516
UVM_ERROR /mnt/c/Users/26598/Desktop/img_filter_submission/work/vfir-docs-uvm/verification/uvm/img_filter_functional_pkg.sv(203) @ 925500: uvm_test_top.env.scoreboard [MISMATCH] beat 92 expected=7f9eea0d9071d39b4a2e38da47ea73ad572b8e19 actual=7f9eea0d9071d39b4a2e38da47ea72846c773932
UVM_ERROR /mnt/c/Users/26598/Desktop/img_filter_submission/work/vfir-docs-uvm/verification/uvm/img_filter_functional_pkg.sv(203) @ 925500: uvm_test_top.env.scoreboard [MISMATCH] beat 93 expected=62e2d699a399aa99ee65ae4d66fcfbadf2c7aaa7 actual=62e2d699a399aa99ee65ae4d66fcfb6d9896ee93
UVM_ERROR /mnt/c/Users/26598/Desktop/img_filter_submission/work/vfir-docs-uvm/verification/uvm/img_filter_functional_pkg.sv(203) @ 925500: uvm_test_top.env.scoreboard [MISMATCH] beat 94 expected=8d13b925b1a35b96fdf7438ec389c06c33d58547 actual=8d13b925b1a35b96fdf7438ec389c0c9d80cf732
UVM_ERROR /mnt/c/Users/26598/Desktop/img_filter_submission/work/vfir-docs-uvm/verification/uvm/img_filter_functional_pkg.sv(203) @ 925500: uvm_test_top.env.scoreboard [MISMATCH] beat 95 expected=6ddf3931fc099637a5f854dcb5f9e78a2cd34e0f actual=6ddf3931fc099637a5f854dcb5f9e969cb1cfd60
UVM_ERROR /mnt/c/Users/26598/Desktop/img_filter_submission/work/vfir-docs-uvm/verification/uvm/img_filter_functional_pkg.sv(203) @ 925500: uvm_test_top.env.scoreboard [MISMATCH] beat 96 expected=541e7c34965363fa3ca087e51d399f6634d53a2a actual=541e7c34965363fa3ca087e51d399f9697487ca4
UVM_ERROR /mnt/c/Users/26598/Desktop/img_filter_submission/work/vfir-docs-uvm/verification/uvm/img_filter_functional_pkg.sv(203) @ 925500: uvm_test_top.env.scoreboard [MISMATCH] beat 97 expected=000000000000000000000000000000225274e647 actual=00000000000000000000000000000293a80789bb
UVM_ERROR /mnt/c/Users/26598/Desktop/img_filter_submission/work/vfir-docs-uvm/verification/uvm/img_filter_functional_pkg.sv(203) @ 925500: uvm_test_top.env.scoreboard [MISMATCH] beat 98 expected=58cff806385a9a4922cd3f2456ca8c751d0d4e46 actual=58cff806385a9a4922cd3f2456ca8e806f040ebd
UVM_ERROR /mnt/c/Users/26598/Desktop/img_filter_submission/work/vfir-docs-uvm/verification/uvm/img_filter_functional_pkg.sv(203) @ 925500: uvm_test_top.env.scoreboard [MISMATCH] beat 99 expected=70a455edd7500dfcb5da5391c85f61b290384269 actual=70a455edd7500dfcb5da5391c85f61371b764632
UVM_ERROR /mnt/c/Users/26598/Desktop/img_filter_submission/work/vfir-docs-uvm/verification/uvm/img_filter_functional_pkg.sv(203) @ 925500: uvm_test_top.env.scoreboard [MISMATCH] beat 100 expected=71d759b259d9aed9d5b8b1d0592dd474e7062e2c actual=71d759b259d9aed9d5b8b1d0592dd25b51c961ba
UVM_ERROR /mnt/c/Users/26598/Desktop/img_filter_submission/work/vfir-docs-uvm/verification/uvm/img_filter_functional_pkg.sv(203) @ 925500: uvm_test_top.env.scoreboard [MISMATCH] beat 101 expected=b8dc9a1195bb2838bdb36e4e071669a922183592 actual=b8dc9a1195bb2838bdb36e4e0716698f8a682dd4
UVM_ERROR /mnt/c/Users/26598/Desktop/img_filter_submission/work/vfir-docs-uvm/verification/uvm/img_filter_functional_pkg.sv(203) @ 925500: uvm_test_top.env.scoreboard [MISMATCH] beat 102 expected=851f49c2212a23b7959e621ab45a544f217339c1 actual=851f49c2212a23b7959e621ab45a546f99f77a85
UVM_ERROR /mnt/c/Users/26598/Desktop/img_filter_submission/work/vfir-docs-uvm/verification/uvm/img_filter_functional_pkg.sv(203) @ 925500: uvm_test_top.env.scoreboard [MISMATCH] beat 103 expected=74556a9cc775a0d7786e66a37825b184eb55d1c8 actual=74556a9cc775a0d7786e66a37825b3bb532b15c8
UVM_ERROR /mnt/c/Users/26598/Desktop/img_filter_submission/work/vfir-docs-uvm/verification/uvm/img_filter_functional_pkg.sv(203) @ 925500: uvm_test_top.env.scoreboard [MISMATCH] beat 104 expected=0000000000000000000000000000005c1cc86d78 actual=000000000000000000000000000002f62a3ab5b3
UVM_ERROR /mnt/c/Users/26598/Desktop/img_filter_submission/work/vfir-docs-uvm/verification/uvm/img_filter_functional_pkg.sv(203) @ 925500: uvm_test_top.env.scoreboard [MISMATCH] beat 105 expected=ab94d569d07f9399672a402417eacba9231dde86 actual=ab94d569d07f9399672a402417eaccaa2057428c
UVM_ERROR /mnt/c/Users/26598/Desktop/img_filter_submission/work/vfir-docs-uvm/verification/uvm/img_filter_functional_pkg.sv(203) @ 925500: uvm_test_top.env.scoreboard [MISMATCH] beat 106 expected=95d96651037a5b1c25835ba126ce21894e4635cc actual=95d96651037a5b1c25835ba126ce216d1e64e1e7
UVM_ERROR /mnt/c/Users/26598/Desktop/img_filter_submission/work/vfir-docs-uvm/verification/uvm/img_filter_functional_pkg.sv(203) @ 925500: uvm_test_top.env.scoreboard [MISMATCH] beat 107 expected=69d81b4e1cb52e49b59cca0f3a5db1579784f6b4 actual=69d81b4e1cb52e49b59cca0f3a5db26a9316cd92
UVM_ERROR /mnt/c/Users/26598/Desktop/img_filter_submission/work/vfir-docs-uvm/verification/uvm/img_filter_functional_pkg.sv(203) @ 925500: uvm_test_top.env.scoreboard [MISMATCH] beat 108 expected=e2a7356643c86adc3e708d4c669f6a9195871962 actual=e2a7356643c86adc3e708d4c669f6c241cb43d7c
UVM_ERROR /mnt/c/Users/26598/Desktop/img_filter_submission/work/vfir-docs-uvm/verification/uvm/img_filter_functional_pkg.sv(203) @ 925500: uvm_test_top.env.scoreboard [MISMATCH] beat 109 expected=921e36c64b5b22c7d4c73b5ba2871e83da07c953 actual=921e36c64b5b22c7d4c73b5ba2871ecfa68ca99e
UVM_ERROR /mnt/c/Users/26598/Desktop/img_filter_submission/work/vfir-docs-uvm/verification/uvm/img_filter_functional_pkg.sv(203) @ 925500: uvm_test_top.env.scoreboard [MISMATCH] beat 110 expected=9c5bfbc506842367a8f324d3d875cc772a868cc0 actual=9c5bfbc506842367a8f324d3d875cc3b9fe7f25d
UVM_ERROR /mnt/c/Users/26598/Desktop/img_filter_submission/work/vfir-docs-uvm/verification/uvm/img_filter_functional_pkg.sv(203) @ 925500: uvm_test_top.env.scoreboard [MISMATCH] beat 111 expected=00000000000000000000000000000061e1d76e23 actual=0000000000000000000000000000025ba087f2ef
UVM_ERROR /mnt/c/Users/26598/Desktop/img_filter_submission/work/vfir-docs-uvm/verification/uvm/img_filter_functional_pkg.sv(203) @ 925500: uvm_test_top.env.scoreboard [MISMATCH] beat 112 expected=970f76613d6123a78617251555ee11cdf09c7b46 actual=970f76613d6123a78617251555ee128721362136
UVM_ERROR /mnt/c/Users/26598/Desktop/img_filter_submission/work/vfir-docs-uvm/verification/uvm/img_filter_functional_pkg.sv(203) @ 925500: uvm_test_top.env.scoreboard [MISMATCH] beat 113 expected=8116a3652a6ce29ac54b54249aea6d67c645f1dc actual=8116a3652a6ce29ac54b54249aea6c876d7c358b
UVM_ERROR /mnt/c/Users/26598/Desktop/img_filter_submission/work/vfir-docs-uvm/verification/uvm/img_filter_functional_pkg.sv(203) @ 925500: uvm_test_top.env.scoreboard [MISMATCH] beat 114 expected=60d979a9b7a9adb88957ae1b1d4ef842d8974174 actual=60d979a9b7a9adb88957ae1b1d4efaaef4abd547
UVM_ERROR /mnt/c/Users/26598/Desktop/img_filter_submission/work/vfir-docs-uvm/verification/uvm/img_filter_functional_pkg.sv(203) @ 925500: uvm_test_top.env.scoreboard [MISMATCH] beat 115 expected=a120b4edf3a6a5e88b16848a39c6657acfd3b1c7 actual=a120b4edf3a6a5e88b16848a39c6668af0c7db7a
UVM_ERROR /mnt/c/Users/26598/Desktop/img_filter_submission/work/vfir-docs-uvm/verification/uvm/img_filter_functional_pkg.sv(203) @ 925500: uvm_test_top.env.scoreboard [MISMATCH] beat 116 expected=7765a90d1889290a99125acf31878b606177916e actual=7765a90d1889290a99125acf31878b5025788230
UVM_ERROR /mnt/c/Users/26598/Desktop/img_filter_submission/work/vfir-docs-uvm/verification/uvm/img_filter_functional_pkg.sv(203) @ 925500: uvm_test_top.env.scoreboard [MISMATCH] beat 117 expected=99671af1d3a565c825de154fb68555736955415f actual=99671af1d3a565c825de154fb685537e60b5ceab
UVM_ERROR /mnt/c/Users/26598/Desktop/img_filter_submission/work/vfir-docs-uvm/verification/uvm/img_filter_functional_pkg.sv(203) @ 925500: uvm_test_top.env.scoreboard [MISMATCH] beat 118 expected=00000000000000000000000000000061208a7a05 actual=0000000000000000000000000000024fd727f1cc
UVM_ERROR /mnt/c/Users/26598/Desktop/img_filter_submission/work/vfir-docs-uvm/verification/uvm/img_filter_functional_pkg.sv(203) @ 925500: uvm_test_top.env.scoreboard [MISMATCH] beat 119 expected=9fa2f860c8935df87dfd2720d54154fb71dbd30e actual=9fa2f860c8935df87dfd2720d54154551d042580
UVM_ERROR /mnt/c/Users/26598/Desktop/img_filter_submission/work/vfir-docs-uvm/verification/uvm/img_filter_functional_pkg.sv(203) @ 925500: uvm_test_top.env.scoreboard [MISMATCH] beat 120 expected=9a9012e614872c8af101545d26ddf86989a78dee actual=9a9012e614872c8af101545d26ddf78368fa56cf
UVM_ERROR /mnt/c/Users/26598/Desktop/img_filter_submission/work/vfir-docs-uvm/verification/uvm/img_filter_functional_pkg.sv(203) @ 925500: uvm_test_top.env.scoreboard [MISMATCH] beat 121 expected=3c5cb945ada6a794dcf5b558ac7ed16c18b7021e actual=3c5cb945ada6a794dcf5b558ac7ed3b7e1283713
UVM_ERROR /mnt/c/Users/26598/Desktop/img_filter_submission/work/vfir-docs-uvm/verification/uvm/img_filter_functional_pkg.sv(203) @ 925500: uvm_test_top.env.scoreboard [MISMATCH] beat 122 expected=7c9905b98d6aaee7deff65cce956c73594617e23 actual=7c9905b98d6aaee7deff65cce956c87a618a7e0a
UVM_ERROR /mnt/c/Users/26598/Desktop/img_filter_submission/work/vfir-docs-uvm/verification/uvm/img_filter_functional_pkg.sv(203) @ 925500: uvm_test_top.env.scoreboard [MISMATCH] beat 123 expected=8da235cd59a42357b8a8625993e294a6dfeb2189 actual=8da235cd59a42357b8a8625993e295a118869af6
UVM_ERROR /mnt/c/Users/26598/Desktop/img_filter_submission/work/vfir-docs-uvm/verification/uvm/img_filter_functional_pkg.sv(203) @ 925500: uvm_test_top.env.scoreboard [MISMATCH] beat 124 expected=6d9fa8c9ff572c58d71d26d0b8f9142d3276d5d1 actual=6d9fa8c9ff572c58d71d26d0b8f913885e5d2aa8
UVM_ERROR /mnt/c/Users/26598/Desktop/img_filter_submission/work/vfir-docs-uvm/verification/uvm/img_filter_functional_pkg.sv(203) @ 925500: uvm_test_top.env.scoreboard [MISMATCH] beat 125 expected=0000000000000000000000000000005e9ca78aaa actual=000000000000000000000000000002ee6265cdc4
UVM_ERROR /mnt/c/Users/26598/Desktop/img_filter_submission/work/vfir-docs-uvm/verification/uvm/img_filter_functional_pkg.sv(203) @ 925500: uvm_test_top.env.scoreboard [MISMATCH] beat 126 expected=86ecc811a7a1dca6f1d26295e75564c832ead6b4 actual=86ecc811a7a1dca6f1d26295e755652492883dac
UVM_ERROR /mnt/c/Users/26598/Desktop/img_filter_submission/work/vfir-docs-uvm/verification/uvm/img_filter_functional_pkg.sv(203) @ 925500: uvm_test_top.env.scoreboard [MISMATCH] beat 127 expected=88d962babb8ae42731cd685b77228e7a9a481a1f actual=88d962babb8ae42731cd685b77228c9df39415fe
UVM_ERROR /mnt/c/Users/26598/Desktop/img_filter_submission/work/vfir-docs-uvm/verification/uvm/img_filter_functional_pkg.sv(203) @ 925500: uvm_test_top.env.scoreboard [MISMATCH] beat 128 expected=7a966c35bda61787a0ff9c6129aa38ac26799175 actual=7a966c35bda61787a0ff9c6129aa39975f27398e
UVM_ERROR /mnt/c/Users/26598/Desktop/img_filter_submission/work/vfir-docs-uvm/verification/uvm/img_filter_functional_pkg.sv(203) @ 925500: uvm_test_top.env.scoreboard [MISMATCH] beat 129 expected=6a9c1640b02e634699b9695a997e75499784674b actual=6a9c1640b02e634699b9695a997e749220bcc5de
UVM_ERROR /mnt/c/Users/26598/Desktop/img_filter_submission/work/vfir-docs-uvm/verification/uvm/img_filter_functional_pkg.sv(203) @ 925500: uvm_test_top.env.scoreboard [MISMATCH] beat 130 expected=5a53b8d572a9dffc91d08a5ca641f25ddd96f22f actual=5a53b8d572a9dffc91d08a5ca641f4671df52e13
UVM_ERROR /mnt/c/Users/26598/Desktop/img_filter_submission/work/vfir-docs-uvm/verification/uvm/img_filter_functional_pkg.sv(203) @ 925500: uvm_test_top.env.scoreboard [MISMATCH] beat 131 expected=4dd8080df843aac4a2ce449f56753f2c2e19dab5 actual=4dd8080df843aac4a2ce449f56753f8313aae633
UVM_ERROR /mnt/c/Users/26598/Desktop/img_filter_submission/work/vfir-docs-uvm/verification/uvm/img_filter_functional_pkg.sv(203) @ 925500: uvm_test_top.env.scoreboard [MISMATCH] beat 132 expected=0000000000000000000000000000007262f66680 actual=000000000000000000000000000002766c269241
UVM_ERROR /mnt/c/Users/26598/Desktop/img_filter_submission/work/vfir-docs-uvm/verification/uvm/img_filter_functional_pkg.sv(203) @ 925500: uvm_test_top.env.scoreboard [MISMATCH] beat 133 expected=a86e38658eb01af91aa9929d561632c728f769e8 actual=a86e38658eb01af91aa9929d5616348994c470fa
UVM_ERROR /mnt/c/Users/26598/Desktop/img_filter_submission/work/vfir-docs-uvm/verification/uvm/img_filter_functional_pkg.sv(203) @ 925500: uvm_test_top.env.scoreboard [MISMATCH] beat 134 expected=545683bec55c681506779ee1c5ee18aad6862306 actual=545683bec55c681506779ee1c5ee18a61657fa2a
UVM_ERROR /mnt/c/Users/26598/Desktop/img_filter_submission/work/vfir-docs-uvm/verification/uvm/img_filter_functional_pkg.sv(203) @ 925500: uvm_test_top.env.scoreboard [MISMATCH] beat 135 expected=82d51e21869f4e66c184855dda3dfdb96a07a212 actual=82d51e21869f4e66c184855dda3dfc53aa97a1d6
UVM_ERROR /mnt/c/Users/26598/Desktop/img_filter_submission/work/vfir-docs-uvm/verification/uvm/img_filter_functional_pkg.sv(203) @ 925500: uvm_test_top.env.scoreboard [MISMATCH] beat 136 expected=7497b4b97b5f31b6a9736d2ce93afd410dc3e246 actual=7497b4b97b5f31b6a9736d2ce93afbb49f56c0f5
UVM_ERROR /mnt/c/Users/26598/Desktop/img_filter_submission/work/vfir-docs-uvm/verification/uvm/img_filter_functional_pkg.sv(203) @ 925500: uvm_test_top.env.scoreboard [MISMATCH] beat 137 expected=771e9782b796571a9e3754ea4885128d9c1859fb actual=771e9782b796571a9e3754ea4885127f27fa6939
UVM_ERROR /mnt/c/Users/26598/Desktop/img_filter_submission/work/vfir-docs-uvm/verification/uvm/img_filter_functional_pkg.sv(203) @ 925500: uvm_test_top.env.scoreboard [MISMATCH] beat 138 expected=53d1b75cf25f608462595c6aa8f17422e9dece1c actual=53d1b75cf25f608462595c6aa8f174bc57662cbf
UVM_ERROR /mnt/c/Users/26598/Desktop/img_filter_submission/work/vfir-docs-uvm/verification/uvm/img_filter_functional_pkg.sv(203) @ 925500: uvm_test_top.env.scoreboard [MISMATCH] beat 139 expected=000000000000000000000000000000bca1f49698 actual=00000000000000000000000000000286541a316b
UVM_ERROR /mnt/c/Users/26598/Desktop/img_filter_submission/work/vfir-docs-uvm/verification/uvm/img_filter_functional_pkg.sv(203) @ 925500: uvm_test_top.env.scoreboard [MISMATCH] beat 140 expected=a31ac865edae6748b2af7bd3679253ab1f465a25 actual=a31ac865edae6748b2af7bd36792546f5c0756db
UVM_ERROR /mnt/c/Users/26598/Desktop/img_filter_submission/work/vfir-docs-uvm/verification/uvm/img_filter_functional_pkg.sv(203) @ 925500: uvm_test_top.env.scoreboard [MISMATCH] beat 141 expected=8122c7b5e04ce345ceafb2e3967a9fb5d402928d actual=8122c7b5e04ce345ceafb2e3967aa04e98d83d45
UVM_ERROR /mnt/c/Users/26598/Desktop/img_filter_submission/work/vfir-docs-uvm/verification/uvm/img_filter_functional_pkg.sv(203) @ 925500: uvm_test_top.env.scoreboard [MISMATCH] beat 142 expected=79ce59d1cc97d0757a5b43eeba217ebd32ca09f5 actual=79ce59d1cc97d0757a5b43eeba217d6cd8f9f707
UVM_ERROR /mnt/c/Users/26598/Desktop/img_filter_submission/work/vfir-docs-uvm/verification/uvm/img_filter_functional_pkg.sv(203) @ 925500: uvm_test_top.env.scoreboard [MISMATCH] beat 143 expected=519b54420a7228687cc3a3362a45d746cb771618 actual=519b54420a7228687cc3a3362a45d57565ab25ae
UVM_ERROR /mnt/c/Users/26598/Desktop/img_filter_submission/work/vfir-docs-uvm/verification/uvm/img_filter_functional_pkg.sv(203) @ 925500: uvm_test_top.env.scoreboard [MISMATCH] beat 144 expected=6ce6b88dd39ae04d87214f1b282dff455f972e66 actual=6ce6b88dd39ae04d87214f1b282dfd73e0085ee9
UVM_ERROR /mnt/c/Users/26598/Desktop/img_filter_submission/work/vfir-docs-uvm/verification/uvm/img_filter_functional_pkg.sv(203) @ 925500: uvm_test_top.env.scoreboard [MISMATCH] beat 145 expected=6c19794cfaae5953da41572c3b92636358ce31a5 actual=6c19794cfaae5953da41572c3b9263d415d495da
UVM_ERROR /mnt/c/Users/26598/Desktop/img_filter_submission/work/vfir-docs-uvm/verification/uvm/img_filter_functional_pkg.sv(203) @ 925500: uvm_test_top.env.scoreboard [MISMATCH] beat 146 expected=00000000000000000000000000000086a9a5befd actual=0000000000000000000000000000025c6449f637
UVM_ERROR /mnt/c/Users/26598/Desktop/img_filter_submission/work/vfir-docs-uvm/verification/uvm/img_filter_functional_pkg.sv(203) @ 925500: uvm_test_top.env.scoreboard [MISMATCH] beat 147 expected=aa9298cd4e986697b6ad6c135966d3de66728229 actual=aa9298cd4e986697b6ad6c135966d373ed38ea4b
UVM_ERROR /mnt/c/Users/26598/Desktop/img_filter_submission/work/vfir-docs-uvm/verification/uvm/img_filter_functional_pkg.sv(203) @ 925500: uvm_test_top.env.scoreboard [MISMATCH] beat 148 expected=a064a7d57e5ae0058e4ac122f9532ab79452e243 actual=a064a7d57e5ae0058e4ac122f95329627a29d93e
UVM_ERROR /mnt/c/Users/26598/Desktop/img_filter_submission/work/vfir-docs-uvm/verification/uvm/img_filter_functional_pkg.sv(203) @ 925500: uvm_test_top.env.scoreboard [MISMATCH] beat 149 expected=7bcfe69ddfbe9d0642ba6b6fa8e1bf9b7596fa8f actual=7bcfe69ddfbe9d0642ba6b6fa8e1be651573cdae
UVM_ERROR /mnt/c/Users/26598/Desktop/img_filter_submission/work/vfir-docs-uvm/verification/uvm/img_filter_functional_pkg.sv(203) @ 925500: uvm_test_top.env.scoreboard [MISMATCH] beat 150 expected=6950368e9f8976a51d5c95ea09b55e72d6f4f50d actual=6950368e9f8976a51d5c95ea09b55dbf38582209
UVM_ERROR /mnt/c/Users/26598/Desktop/img_filter_submission/work/vfir-docs-uvm/verification/uvm/img_filter_functional_pkg.sv(203) @ 925500: uvm_test_top.env.scoreboard [MISMATCH] beat 151 expected=7db4a525a98adbf8c65c72a005b18c729a56b6b7 actual=7db4a525a98adbf8c65c72a005b18cab16a4623a
UVM_ERROR /mnt/c/Users/26598/Desktop/img_filter_submission/work/vfir-docs-uvm/verification/uvm/img_filter_functional_pkg.sv(203) @ 925500: uvm_test_top.env.scoreboard [MISMATCH] beat 152 expected=76e67970bfb11e85eb004ddd9a5b3e84ddaa6cf0 actual=76e67970bfb11e85eb004ddd9a5b3f6f6d52be91
UVM_ERROR /mnt/c/Users/26598/Desktop/img_filter_submission/work/vfir-docs-uvm/verification/uvm/img_filter_functional_pkg.sv(203) @ 925500: uvm_test_top.env.scoreboard [MISMATCH] beat 153 expected=00000000000000000000000000000086e615268f actual=0000000000000000000000000000025fe266a55d
UVM_ERROR /mnt/c/Users/26598/Desktop/img_filter_submission/work/vfir-docs-uvm/verification/uvm/img_filter_functional_pkg.sv(203) @ 925500: uvm_test_top.env.scoreboard [MISMATCH] beat 154 expected=b28e16cd4aace8f7aa4f42d8fc0a67d930e7367f actual=b28e16cd4aace8f7aa4f42d8fc0a666ea25e010c
UVM_ERROR /mnt/c/Users/26598/Desktop/img_filter_submission/work/vfir-docs-uvm/verification/uvm/img_filter_functional_pkg.sv(203) @ 925500: uvm_test_top.env.scoreboard [MISMATCH] beat 155 expected=af6f57654a6c5b1741c5b854d82abd8a601671b6 actual=af6f57654a6c5b1741c5b854d82abb6ce50ed25e
UVM_ERROR /mnt/c/Users/26598/Desktop/img_filter_submission/work/vfir-docs-uvm/verification/uvm/img_filter_functional_pkg.sv(203) @ 925500: uvm_test_top.env.scoreboard [MISMATCH] beat 156 expected=910ca3eabd8f3097c9df77b8d57dad9a6468d65e actual=910ca3eabd8f3097c9df77b8d57dad6fcdd9f125
UVM_ERROR /mnt/c/Users/26598/Desktop/img_filter_submission/work/vfir-docs-uvm/verification/uvm/img_filter_functional_pkg.sv(203) @ 925500: uvm_test_top.env.scoreboard [MISMATCH] beat 157 expected=7c1bf9fa0555ef983d3fbadf57c99e7396f721fe actual=7c1bf9fa0555ef983d3fbadf57c9a08656f7bf1a
UVM_ERROR /mnt/c/Users/26598/Desktop/img_filter_submission/work/vfir-docs-uvm/verification/uvm/img_filter_functional_pkg.sv(203) @ 925500: uvm_test_top.env.scoreboard [MISMATCH] beat 158 expected=a570a349aca79c8959cbb2931395e276e1d6cbaa actual=a570a349aca79c8959cbb2931395e4a0f0dc096d
UVM_ERROR /mnt/c/Users/26598/Desktop/img_filter_submission/work/vfir-docs-uvm/verification/uvm/img_filter_functional_pkg.sv(203) @ 925500: uvm_test_top.env.scoreboard [MISMATCH] beat 159 expected=69af57d8d36c5a095f70700b6a6eee9a92e72182 actual=69af57d8d36c5a095f70700b6a6ef06e99871a7c
UVM_ERROR /mnt/c/Users/26598/Desktop/img_filter_submission/work/vfir-docs-uvm/verification/uvm/img_filter_functional_pkg.sv(203) @ 925500: uvm_test_top.env.scoreboard [MISMATCH] beat 160 expected=0000000000000000000000000000003ab1f7a68a actual=000000000000000000000000000002701bbc0969
UVM_ERROR /mnt/c/Users/26598/Desktop/img_filter_submission/work/vfir-docs-uvm/verification/uvm/img_filter_functional_pkg.sv(203) @ 925500: uvm_test_top.env.scoreboard [MISMATCH] beat 161 expected=b3541551c8a2dcb711868bdb3d56f5d575a825dd actual=b3541551c8a2dcb711868bdb3d56f53d4f279dda
UVM_ERROR /mnt/c/Users/26598/Desktop/img_filter_submission/work/vfir-docs-uvm/verification/uvm/img_filter_functional_pkg.sv(203) @ 925500: uvm_test_top.env.scoreboard [MISMATCH] beat 162 expected=732525b53f745bd7aa4375e449fa9980ac07ea41 actual=732525b53f745bd7aa4375e449fa986f588606ab
UVM_ERROR /mnt/c/Users/26598/Desktop/img_filter_submission/work/vfir-docs-uvm/verification/uvm/img_filter_functional_pkg.sv(203) @ 925500: uvm_test_top.env.scoreboard [MISMATCH] beat 163 expected=cd0cc58e38876c3c9d32aeb6631d6c719eb849ab actual=cd0cc58e38876c3c9d32aeb6631d6e67212ac9e6
UVM_ERROR /mnt/c/Users/26598/Desktop/img_filter_submission/work/vfir-docs-uvm/verification/uvm/img_filter_functional_pkg.sv(203) @ 925500: uvm_test_top.env.scoreboard [MISMATCH] beat 164 expected=b963980d887fad589a558e5a56619d9e5685960e actual=b963980d887fad589a558e5a56619e7218e999e4
UVM_ERROR /mnt/c/Users/26598/Desktop/img_filter_submission/work/vfir-docs-uvm/verification/uvm/img_filter_functional_pkg.sv(203) @ 925500: uvm_test_top.env.scoreboard [MISMATCH] beat 165 expected=6e63f1bded9bcc155988e810643538a562c96f70 actual=6e63f1bded9bcc155988e810643538709f7b916c
UVM_ERROR /mnt/c/Users/26598/Desktop/img_filter_submission/work/vfir-docs-uvm/verification/uvm/img_filter_functional_pkg.sv(203) @ 925500: uvm_test_top.env.scoreboard [MISMATCH] beat 166 expected=4ee4e82cf24fa3e782ff745636c2935793539981 actual=4ee4e82cf24fa3e782ff745636c2935a9b7825ff
UVM_ERROR /mnt/c/Users/26598/Desktop/img_filter_submission/work/vfir-docs-uvm/verification/uvm/img_filter_functional_pkg.sv(203) @ 925500: uvm_test_top.env.scoreboard [MISMATCH] beat 167 expected=0000000000000000000000000000004b6f176d68 actual=000000000000000000000000000002b799280588
UVM_ERROR /mnt/c/Users/26598/Desktop/img_filter_submission/work/vfir-docs-uvm/verification/uvm/img_filter_functional_pkg.sv(203) @ 925500: uvm_test_top.env.scoreboard [MISMATCH] beat 168 expected=8a5117617da66557a5068ea54a26c29772a8212c actual=8a5117617da66557a5068ea54a26c23d5ab325e7
UVM_ERROR /mnt/c/Users/26598/Desktop/img_filter_submission/work/vfir-docs-uvm/verification/uvm/img_filter_functional_pkg.sv(203) @ 925500: uvm_test_top.env.scoreboard [MISMATCH] beat 169 expected=2b63a706206ba639f2666bd59679a45b26074e4f actual=2b63a706206ba639f2666bd59679a3731c740d53
UVM_ERROR /mnt/c/Users/26598/Desktop/img_filter_submission/work/vfir-docs-uvm/verification/uvm/img_filter_functional_pkg.sv(203) @ 925500: uvm_test_top.env.scoreboard [MISMATCH] beat 170 expected=94939726a099e71aa11b8e3647be4d6b900890fe actual=94939726a099e71aa11b8e3647be4e879de2c5e4
UVM_ERROR /mnt/c/Users/26598/Desktop/img_filter_submission/work/vfir-docs-uvm/verification/uvm/img_filter_functional_pkg.sv(203) @ 925500: uvm_test_top.env.scoreboard [MISMATCH] beat 171 expected=776e2a499379645979ec75dcc4f95f604748d32d actual=776e2a499379645979ec75dcc4f95e56697abe20
UVM_ERROR /mnt/c/Users/26598/Desktop/img_filter_submission/work/vfir-docs-uvm/verification/uvm/img_filter_functional_pkg.sv(203) @ 925500: uvm_test_top.env.scoreboard [MISMATCH] beat 172 expected=9266d159f0b44a5515d8c9da0569a8bf2ac96e7a actual=9266d159f0b44a5515d8c9da0569a791d5d1b08b
UVM_ERROR /mnt/c/Users/26598/Desktop/img_filter_submission/work/vfir-docs-uvm/verification/uvm/img_filter_functional_pkg.sv(203) @ 925500: uvm_test_top.env.scoreboard [MISMATCH] beat 173 expected=38d5a6158e865cd5a6f3a721d85e177205f4fe3d actual=38d5a6158e865cd5a6f3a721d85e15b4ea5ae6ba
UVM_ERROR /mnt/c/Users/26598/Desktop/img_filter_submission/work/vfir-docs-uvm/verification/uvm/img_filter_functional_pkg.sv(203) @ 925500: uvm_test_top.env.scoreboard [MISMATCH] beat 174 expected=00000000000000000000000000000054675b99f1 actual=000000000000000000000000000002a651987307
UVM_ERROR /mnt/c/Users/26598/Desktop/img_filter_submission/work/vfir-docs-uvm/verification/uvm/img_filter_functional_pkg.sv(203) @ 925500: uvm_test_top.env.scoreboard [MISMATCH] beat 175 expected=77505959d59ae598948bb12b5922b965e7b7311c actual=77505959d59ae598948bb12b5922ba7d55ec0a4a
UVM_ERROR /mnt/c/Users/26598/Desktop/img_filter_submission/work/vfir-docs-uvm/verification/uvm/img_filter_functional_pkg.sv(203) @ 925500: uvm_test_top.env.scoreboard [MISMATCH] beat 176 expected=44def761cf9660072e9d47a1c5021a58ea3229bf actual=44def761cf9660072e9d47a1c50219996338c52e
UVM_ERROR /mnt/c/Users/26598/Desktop/img_filter_submission/work/vfir-docs-uvm/verification/uvm/img_filter_functional_pkg.sv(203) @ 925500: uvm_test_top.env.scoreboard [MISMATCH] beat 177 expected=a65bc896ad95a1eab14999704b3962519f677cf8 actual=a65bc896ad95a1eab14999704b3962857128f67c
UVM_ERROR /mnt/c/Users/26598/Desktop/img_filter_submission/work/vfir-docs-uvm/verification/uvm/img_filter_functional_pkg.sv(203) @ 925500: uvm_test_top.env.scoreboard [MISMATCH] beat 178 expected=83a6f7f8ef98d98996586ba8a6cca640505acb3d actual=83a6f7f8ef98d98996586ba8a6cca477afb81a04
UVM_ERROR /mnt/c/Users/26598/Desktop/img_filter_submission/work/vfir-docs-uvm/verification/uvm/img_filter_functional_pkg.sv(203) @ 925500: uvm_test_top.env.scoreboard [MISMATCH] beat 179 expected=829d8528ab9050266aab8f9547ea45991da9815a actual=829d8528ab9050266aab8f9547ea4633dad94172
UVM_ERROR /mnt/c/Users/26598/Desktop/img_filter_submission/work/vfir-docs-uvm/verification/uvm/img_filter_functional_pkg.sv(203) @ 925500: uvm_test_top.env.scoreboard [MISMATCH] beat 180 expected=2dd7169a9faf1f30f7258ca4d85e2849477456c2 actual=2dd7169a9faf1f30f7258ca4d85e277127e8aa4e
UVM_ERROR /mnt/c/Users/26598/Desktop/img_filter_submission/work/vfir-docs-uvm/verification/uvm/img_filter_functional_pkg.sv(203) @ 925500: uvm_test_top.env.scoreboard [MISMATCH] beat 181 expected=00000000000000000000000000000090235b6650 actual=0000000000000000000000000000029261f7fe6c
UVM_ERROR /mnt/c/Users/26598/Desktop/img_filter_submission/work/vfir-docs-uvm/verification/uvm/img_filter_functional_pkg.sv(203) @ 925500: uvm_test_top.env.scoreboard [MISMATCH] beat 182 expected=9fd3d8460f7aa6171cdd72293705f4706c086571 actual=9fd3d8460f7aa6171cdd72293705f5b7e109f6f1
UVM_ERROR /mnt/c/Users/26598/Desktop/img_filter_submission/work/vfir-docs-uvm/verification/uvm/img_filter_functional_pkg.sv(203) @ 925500: uvm_test_top.env.scoreboard [MISMATCH] beat 183 expected=3c5cb97636859894c5975aa1214d63385fa3a4a3 actual=3c5cb97636859894c5975aa1214d62778ffd420c
UVM_ERROR /mnt/c/Users/26598/Desktop/img_filter_submission/work/vfir-docs-uvm/verification/uvm/img_filter_functional_pkg.sv(203) @ 925500: uvm_test_top.env.scoreboard [MISMATCH] beat 184 expected=7d681a0a177d58f805966fe60b3dc08a25f85d88 actual=7d681a0a177d58f805966fe60b3dc0bee7cc972c
UVM_ERROR /mnt/c/Users/26598/Desktop/img_filter_submission/work/vfir-docs-uvm/verification/uvm/img_filter_functional_pkg.sv(203) @ 925500: uvm_test_top.env.scoreboard [MISMATCH] beat 185 expected=4dd9fa90de621757418b985d07a5ab111b8b5b5f actual=4dd9fa90de621757418b985d07a5a9a0eac4f4d7
UVM_ERROR /mnt/c/Users/26598/Desktop/img_filter_submission/work/vfir-docs-uvm/verification/uvm/img_filter_functional_pkg.sv(203) @ 925500: uvm_test_top.env.scoreboard [MISMATCH] beat 186 expected=a1de96d0dd87d3f90a58501cf7230482a2f46924 actual=a1de96d0dd87d3f90a58501cf723066369a69749
UVM_ERROR /mnt/c/Users/26598/Desktop/img_filter_submission/work/vfir-docs-uvm/verification/uvm/img_filter_functional_pkg.sv(203) @ 925500: uvm_test_top.env.scoreboard [MISMATCH] beat 187 expected=7ca036b2c8b7dde1ab0e7463aa22958a5044f358 actual=7ca036b2c8b7dde1ab0e7463aa2294a77027f554
UVM_ERROR /mnt/c/Users/26598/Desktop/img_filter_submission/work/vfir-docs-uvm/verification/uvm/img_filter_functional_pkg.sv(203) @ 925500: uvm_test_top.env.scoreboard [MISMATCH] beat 188 expected=000000000000000000000000000000af98dc537e actual=000000000000000000000000000002935aa4f5cc
UVM_ERROR /mnt/c/Users/26598/Desktop/img_filter_submission/work/vfir-docs-uvm/verification/uvm/img_filter_functional_pkg.sv(203) @ 925500: uvm_test_top.env.scoreboard [MISMATCH] beat 189 expected=ad12367e84a32d1b94f95b1f4685f4779efc35ed actual=ad12367e84a32d1b94f95b1f4685f66d1486ae25
UVM_ERROR /mnt/c/Users/26598/Desktop/img_filter_submission/work/vfir-docs-uvm/verification/uvm/img_filter_functional_pkg.sv(203) @ 925500: uvm_test_top.env.scoreboard [MISMATCH] beat 190 expected=84a259d1157b5fc540e85a290415f25599f6ac53 actual=84a259d1157b5fc540e85a290415f3b19c8ae2ad
UVM_ERROR /mnt/c/Users/26598/Desktop/img_filter_submission/work/vfir-docs-uvm/verification/uvm/img_filter_functional_pkg.sv(203) @ 925500: uvm_test_top.env.scoreboard [MISMATCH] beat 191 expected=b7a22b516f6be45a89797e191b1d8b95e71d31ee actual=b7a22b516f6be45a89797e191b1d8c778907e5c8
UVM_ERROR /mnt/c/Users/26598/Desktop/img_filter_submission/work/vfir-docs-uvm/verification/uvm/img_filter_functional_pkg.sv(203) @ 925500: uvm_test_top.env.scoreboard [MISMATCH] beat 192 expected=94100a0858924fea89dd9aaaca6aa00e2d972e15 actual=94100a0858924fea89dd9aaaca6aa0a26763f89d
UVM_ERROR /mnt/c/Users/26598/Desktop/img_filter_submission/work/vfir-docs-uvm/verification/uvm/img_filter_functional_pkg.sv(203) @ 925500: uvm_test_top.env.scoreboard [MISMATCH] beat 193 expected=a5da29fd437c1debaa92368f3652bb551bc941d2 actual=a5da29fd437c1debaa92368f3652bba196fb6299
UVM_ERROR /mnt/c/Users/26598/Desktop/img_filter_submission/work/vfir-docs-uvm/verification/uvm/img_filter_functional_pkg.sv(203) @ 925500: uvm_test_top.env.scoreboard [MISMATCH] beat 194 expected=76a92583117f1bb2eebe719c6826ee6513154a36 actual=76a92583117f1bb2eebe719c6826ed7a233b4c7c
UVM_ERROR /mnt/c/Users/26598/Desktop/img_filter_submission/work/vfir-docs-uvm/verification/uvm/img_filter_functional_pkg.sv(203) @ 925500: uvm_test_top.env.scoreboard [MISMATCH] beat 195 expected=0000000000000000000000000000008919e98e94 actual=0000000000000000000000000000022520b4e894
UVM_ERROR /mnt/c/Users/26598/Desktop/img_filter_submission/work/vfir-docs-uvm/verification/uvm/img_filter_functional_pkg.sv(203) @ 925500: uvm_test_top.env.scoreboard [MISMATCH] beat 196 expected=a1d3c3a2a5be666b06304e5995b2178adeaa5ad7 actual=a1d3c3a2a5be666b06304e5995b2187d5dc52662
UVM_ERROR /mnt/c/Users/26598/Desktop/img_filter_submission/work/vfir-docs-uvm/verification/uvm/img_filter_functional_pkg.sv(203) @ 925500: uvm_test_top.env.scoreboard [MISMATCH] beat 197 expected=879c284d3a86e3d85d7b6d2293fde06a19389c3d actual=879c284d3a86e3d85d7b6d2293fde0b332d63687
UVM_ERROR /mnt/c/Users/26598/Desktop/img_filter_submission/work/vfir-docs-uvm/verification/uvm/img_filter_functional_pkg.sv(203) @ 925500: uvm_test_top.env.scoreboard [MISMATCH] beat 198 expected=cb5cb8cd4bb5a0574561751f9b35b6805f9e2d91 actual=cb5cb8cd4bb5a0574561751f9b35b62a21544124
UVM_ERROR /mnt/c/Users/26598/Desktop/img_filter_submission/work/vfir-docs-uvm/verification/uvm/img_filter_functional_pkg.sv(203) @ 925500: uvm_test_top.env.scoreboard [MISMATCH] beat 199 expected=a0da996c6da3216c81f5ba5f5792b135b6871d41 actual=a0da996c6da3216c81f5ba5f5792b1d15bab8a4f
UVM_ERROR /mnt/c/Users/26598/Desktop/img_filter_submission/work/vfir-docs-uvm/verification/uvm/img_filter_functional_pkg.sv(203) @ 925500: uvm_test_top.env.scoreboard [MISMATCH] beat 200 expected=83dd85499799e64b6da75ba25706fd5fa68a6293 actual=83dd85499799e64b6da75ba25706fc8326dad9bb
UVM_ERROR /mnt/c/Users/26598/Desktop/img_filter_submission/work/vfir-docs-uvm/verification/uvm/img_filter_functional_pkg.sv(203) @ 925500: uvm_test_top.env.scoreboard [MISMATCH] beat 201 expected=a1a816aeb978e847a1cf4c9f7706cca0a0a88118 actual=a1a816aeb978e847a1cf4c9f7706cc8ee99b05b1
UVM_ERROR /mnt/c/Users/26598/Desktop/img_filter_submission/work/vfir-docs-uvm/verification/uvm/img_filter_functional_pkg.sv(203) @ 925500: uvm_test_top.env.scoreboard [MISMATCH] beat 202 expected=00000000000000000000000000000065970636b0 actual=0000000000000000000000000000027228c66a37
UVM_ERROR /mnt/c/Users/26598/Desktop/img_filter_submission/work/vfir-docs-uvm/verification/uvm/img_filter_functional_pkg.sv(203) @ 925500: uvm_test_top.env.scoreboard [MISMATCH] beat 203 expected=580f12c623a8271dca0d8416e7f241904ef94249 actual=580f12c623a8271dca0d8416e7f240a39ee6d503
UVM_ERROR /mnt/c/Users/26598/Desktop/img_filter_submission/work/vfir-docs-uvm/verification/uvm/img_filter_functional_pkg.sv(203) @ 925500: uvm_test_top.env.scoreboard [MISMATCH] beat 204 expected=98e7088d5193e7a85d8599184782b0aa9d1990e2 actual=98e7088d5193e7a85d8599184782b186dac92b16
UVM_ERROR /mnt/c/Users/26598/Desktop/img_filter_submission/work/vfir-docs-uvm/verification/uvm/img_filter_functional_pkg.sv(203) @ 925500: uvm_test_top.env.scoreboard [MISMATCH] beat 205 expected=d15db59650b6e217c607aea1bd2e3f42978db4f4 actual=d15db59650b6e217c607aea1bd2e3e88a6763e80
UVM_ERROR /mnt/c/Users/26598/Desktop/img_filter_submission/work/vfir-docs-uvm/verification/uvm/img_filter_functional_pkg.sv(203) @ 925500: uvm_test_top.env.scoreboard [MISMATCH] beat 206 expected=caa47a295dcc5c1bc1d29fdd9762b953eca5188c actual=caa47a295dcc5c1bc1d29fdd9762b89c45d75a45
UVM_ERROR /mnt/c/Users/26598/Desktop/img_filter_submission/work/vfir-docs-uvm/verification/uvm/img_filter_functional_pkg.sv(203) @ 925500: uvm_test_top.env.scoreboard [MISMATCH] beat 207 expected=6129f5d5feb1f11976128fef356e0c4256bbc20c actual=6129f5d5feb1f11976128fef356e0c6896e1fd52
UVM_ERROR /mnt/c/Users/26598/Desktop/img_filter_submission/work/vfir-docs-uvm/verification/uvm/img_filter_functional_pkg.sv(203) @ 925500: uvm_test_top.env.scoreboard [MISMATCH] beat 208 expected=841d6976635c6c47edae9120d65a2e92d6bac95e actual=841d6976635c6c47edae9120d65a2f855656c3d9
UVM_ERROR /mnt/c/Users/26598/Desktop/img_filter_submission/work/vfir-docs-uvm/verification/uvm/img_filter_functional_pkg.sv(203) @ 925500: uvm_test_top.env.scoreboard [MISMATCH] beat 209 expected=0000000000000000000000000000002698459e13 actual=0000000000000000000000000000029f9dda7208
UVM_ERROR /mnt/c/Users/26598/Desktop/img_filter_submission/work/vfir-docs-uvm/verification/uvm/img_filter_functional_pkg.sv(203) @ 925500: uvm_test_top.env.scoreboard [MISMATCH] beat 210 expected=79910561d3625a79bdd564993b526791d64736d8 actual=79910561d3625a79bdd564993b526756ab879e4d
UVM_ERROR /mnt/c/Users/26598/Desktop/img_filter_submission/work/vfir-docs-uvm/verification/uvm/img_filter_functional_pkg.sv(203) @ 925500: uvm_test_top.env.scoreboard [MISMATCH] beat 211 expected=77eb190e76bb21e8f633969fe6f2a697abc69cf2 actual=77eb190e76bb21e8f633969fe6f2a749e7a51e35
UVM_ERROR /mnt/c/Users/26598/Desktop/img_filter_submission/work/vfir-docs-uvm/verification/uvm/img_filter_functional_pkg.sv(203) @ 925500: uvm_test_top.env.scoreboard [MISMATCH] beat 212 expected=8322b1e723ba54a83242956c7b25b049deacf4bc actual=8322b1e723ba54a83242956c7b25b0d31fb6a68e
UVM_ERROR /mnt/c/Users/26598/Desktop/img_filter_submission/work/vfir-docs-uvm/verification/uvm/img_filter_functional_pkg.sv(203) @ 925500: uvm_test_top.env.scoreboard [MISMATCH] beat 213 expected=ba2d4591399ea22995e89213c825ff72dd369d4a actual=ba2d4591399ea22995e89213c825fe7b182772df
UVM_ERROR /mnt/c/Users/26598/Desktop/img_filter_submission/work/vfir-docs-uvm/verification/uvm/img_filter_functional_pkg.sv(203) @ 925500: uvm_test_top.env.scoreboard [MISMATCH] beat 214 expected=6fab4789ddc2acc9add9b2aff5a6a846260a5164 actual=6fab4789ddc2acc9add9b2aff5a6a8b6aa9741b2
UVM_ERROR /mnt/c/Users/26598/Desktop/img_filter_submission/work/vfir-docs-uvm/verification/uvm/img_filter_functional_pkg.sv(203) @ 925500: uvm_test_top.env.scoreboard [MISMATCH] beat 215 expected=b36909ba8464a73b3551642bb7d5cfb91a6a21c0 actual=b36909ba8464a73b3551642bb7d5d07222a511c4
UVM_ERROR /mnt/c/Users/26598/Desktop/img_filter_submission/work/vfir-docs-uvm/verification/uvm/img_filter_functional_pkg.sv(203) @ 925500: uvm_test_top.env.scoreboard [MISMATCH] beat 216 expected=0000000000000000000000000000002b52258217 actual=0000000000000000000000000000028c1bf8d115
UVM_ERROR /mnt/c/Users/26598/Desktop/img_filter_submission/work/vfir-docs-uvm/verification/uvm/img_filter_functional_pkg.sv(203) @ 925500: uvm_test_top.env.scoreboard [MISMATCH] beat 217 expected=91db058119604f077d45741b0b39adb194b99e36 actual=91db058119604f077d45741b0b39ad94651aa9cb
UVM_ERROR /mnt/c/Users/26598/Desktop/img_filter_submission/work/vfir-docs-uvm/verification/uvm/img_filter_functional_pkg.sv(203) @ 925500: uvm_test_top.env.scoreboard [MISMATCH] beat 218 expected=8bf1c93b7ca1e408e51aa466dace769a6fe6894d actual=8bf1c93b7ca1e408e51aa466dace7786a507fa27
UVM_ERROR /mnt/c/Users/26598/Desktop/img_filter_submission/work/vfir-docs-uvm/verification/uvm/img_filter_functional_pkg.sv(203) @ 925500: uvm_test_top.env.scoreboard [MISMATCH] beat 219 expected=71ed25d6f174176a527d7b6b7852a5945c3d71ba actual=71ed25d6f174176a527d7b6b7852a7ac9fc5faf5
UVM_ERROR /mnt/c/Users/26598/Desktop/img_filter_submission/work/vfir-docs-uvm/verification/uvm/img_filter_functional_pkg.sv(203) @ 925500: uvm_test_top.env.scoreboard [MISMATCH] beat 220 expected=979ea6d62b93d46679a57f0ecbc9b156cab390ea actual=979ea6d62b93d46679a57f0ecbc9b078228905ee
UVM_ERROR /mnt/c/Users/26598/Desktop/img_filter_submission/work/vfir-docs-uvm/verification/uvm/img_filter_functional_pkg.sv(203) @ 925500: uvm_test_top.env.scoreboard [MISMATCH] beat 221 expected=7fa90afa5cb36737b5f5d1e56319c05721388cc7 actual=7fa90afa5cb36737b5f5d1e56319beaf63593e4b
UVM_ERROR /mnt/c/Users/26598/Desktop/img_filter_submission/work/vfir-docs-uvm/verification/uvm/img_filter_functional_pkg.sv(203) @ 925500: uvm_test_top.env.scoreboard [MISMATCH] beat 222 expected=81574b3ab251dd2a7218b0a5151d9bb41daa8a2d actual=81574b3ab251dd2a7218b0a5151d9d71f369c16d
UVM_ERROR /mnt/c/Users/26598/Desktop/img_filter_submission/work/vfir-docs-uvm/verification/uvm/img_filter_functional_pkg.sv(203) @ 925500: uvm_test_top.env.scoreboard [MISMATCH] beat 223 expected=0000000000000000000000000000003250e931d9 actual=000000000000000000000000000002b2ec4ac28c
UVM_ERROR /mnt/c/Users/26598/Desktop/img_filter_submission/work/vfir-docs-uvm/verification/uvm/img_filter_functional_pkg.sv(203) @ 925500: uvm_test_top.env.scoreboard [MISMATCH] beat 224 expected=9e63a825c77cc9e4959254e72981a4bf61e7665c actual=9e63a825c77cc9e4959254e72981a49266145d35
UVM_ERROR /mnt/c/Users/26598/Desktop/img_filter_submission/work/vfir-docs-uvm/verification/uvm/img_filter_functional_pkg.sv(203) @ 925500: uvm_test_top.env.scoreboard [MISMATCH] beat 225 expected=98f264df3caea5ba98e78e6eac723ea9ec454cca actual=98f264df3caea5ba98e78e6eac7240a8046b0629
UVM_ERROR /mnt/c/Users/26598/Desktop/img_filter_submission/work/vfir-docs-uvm/verification/uvm/img_filter_functional_pkg.sv(203) @ 925500: uvm_test_top.env.scoreboard [MISMATCH] beat 226 expected=8b29aa66f66295eb4d7367f46651d0d31b5b0176 actual=8b29aa66f66295eb4d7367f46651d076a0e4117e
UVM_ERROR /mnt/c/Users/26598/Desktop/img_filter_submission/work/vfir-docs-uvm/verification/uvm/img_filter_functional_pkg.sv(203) @ 925500: uvm_test_top.env.scoreboard [MISMATCH] beat 227 expected=a2e3c48632aedd984a206f0e185d9c7008b65618 actual=a2e3c48632aedd984a206f0e185d9cb1e59b9b0e
UVM_ERROR /mnt/c/Users/26598/Desktop/img_filter_submission/work/vfir-docs-uvm/verification/uvm/img_filter_functional_pkg.sv(203) @ 925500: uvm_test_top.env.scoreboard [MISMATCH] beat 228 expected=8864d9595d9662ba8a54c4d39586335d29faac97 actual=8864d9595d9662ba8a54c4d39586315a14d75668
UVM_ERROR /mnt/c/Users/26598/Desktop/img_filter_submission/work/vfir-docs-uvm/verification/uvm/img_filter_functional_pkg.sv(203) @ 925500: uvm_test_top.env.scoreboard [MISMATCH] beat 229 expected=6b6b76d72c3ad059569389a095718d9923f7fdc6 actual=6b6b76d72c3ad059569389a095718e48d6349aa4
UVM_ERROR /mnt/c/Users/26598/Desktop/img_filter_submission/work/vfir-docs-uvm/verification/uvm/img_filter_functional_pkg.sv(203) @ 925500: uvm_test_top.env.scoreboard [MISMATCH] beat 230 expected=00000000000000000000000000000060df890df5 actual=000000000000000000000000000002c3f426da65
UVM_ERROR /mnt/c/Users/26598/Desktop/img_filter_submission/work/vfir-docs-uvm/verification/uvm/img_filter_functional_pkg.sv(203) @ 925500: uvm_test_top.env.scoreboard [MISMATCH] beat 231 expected=a3e16655d8bc8d84324b96f4f7814abb1a2a71e6 actual=a3e16655d8bc8d84324b96f4f7814b25588a4a50
UVM_ERROR /mnt/c/Users/26598/Desktop/img_filter_submission/work/vfir-docs-uvm/verification/uvm/img_filter_functional_pkg.sv(203) @ 925500: uvm_test_top.env.scoreboard [MISMATCH] beat 232 expected=94a1b262bf88e728bce3b0635ce23fe16719b8ed actual=94a1b262bf88e728bce3b0635ce2416fe11ae27f
UVM_ERROR /mnt/c/Users/26598/Desktop/img_filter_submission/work/vfir-docs-uvm/verification/uvm/img_filter_functional_pkg.sv(203) @ 925500: uvm_test_top.env.scoreboard [MISMATCH] beat 233 expected=d262eed60535629b20ee6370b519cae2585a8dea actual=d262eed60535629b20ee6370b519c95960080a3f
UVM_ERROR /mnt/c/Users/26598/Desktop/img_filter_submission/work/vfir-docs-uvm/verification/uvm/img_filter_functional_pkg.sv(203) @ 925500: uvm_test_top.env.scoreboard [MISMATCH] beat 234 expected=b22044bb65c3d9d7460a8589a8e9ca8584555d6a actual=b22044bb65c3d9d7460a8589a8e9cc952846e171
UVM_ERROR /mnt/c/Users/26598/Desktop/img_filter_submission/work/vfir-docs-uvm/verification/uvm/img_filter_functional_pkg.sv(203) @ 925500: uvm_test_top.env.scoreboard [MISMATCH] beat 235 expected=5fa14639397e23dbded0b6e085766970da479c9c actual=5fa14639397e23dbded0b6e0857668b156c3d683
UVM_ERROR /mnt/c/Users/26598/Desktop/img_filter_submission/work/vfir-docs-uvm/verification/uvm/img_filter_functional_pkg.sv(203) @ 925500: uvm_test_top.env.scoreboard [MISMATCH] beat 236 expected=649b49835c6ed6a5e313c091c66e06666eb9e677 actual=649b49835c6ed6a5e313c091c66e065de358ee72
UVM_ERROR /mnt/c/Users/26598/Desktop/img_filter_submission/work/vfir-docs-uvm/verification/uvm/img_filter_functional_pkg.sv(203) @ 925500: uvm_test_top.env.scoreboard [MISMATCH] beat 237 expected=00000000000000000000000000000084f2484635 actual=0000000000000000000000000000027c21c46576
UVM_ERROR /mnt/c/Users/26598/Desktop/img_filter_submission/work/vfir-docs-uvm/verification/uvm/img_filter_functional_pkg.sv(203) @ 925500: uvm_test_top.env.scoreboard [MISMATCH] beat 238 expected=801ef786d79260b41a9fb6ed7746387b24f679db actual=801ef786d79260b41a9fb6ed7746374869f61a14
UVM_ERROR /mnt/c/Users/26598/Desktop/img_filter_submission/work/vfir-docs-uvm/verification/uvm/img_filter_functional_pkg.sv(203) @ 925500: uvm_test_top.env.scoreboard [MISMATCH] beat 239 expected=9e64a1a26d83e8a5f5d7aae5ed99b9d6dc1af88b actual=9e64a1a26d83e8a5f5d7aae5ed99b93563662227
UVM_ERROR /mnt/c/Users/26598/Desktop/img_filter_submission/work/vfir-docs-uvm/verification/uvm/img_filter_functional_pkg.sv(203) @ 925500: uvm_test_top.env.scoreboard [MISMATCH] beat 240 expected=c2db7d32625b5b3db5659b7173a93fbd16b7fd1d actual=c2db7d32625b5b3db5659b7173a93f3961f661fe
UVM_ERROR /mnt/c/Users/26598/Desktop/img_filter_submission/work/vfir-docs-uvm/verification/uvm/img_filter_functional_pkg.sv(203) @ 925500: uvm_test_top.env.scoreboard [MISMATCH] beat 241 expected=bab4950f7899588a818b66c6f8f21f995474ea99 actual=bab4950f7899588a818b66c6f8f21f5cf906a28f
UVM_ERROR /mnt/c/Users/26598/Desktop/img_filter_submission/work/vfir-docs-uvm/verification/uvm/img_filter_functional_pkg.sv(203) @ 925500: uvm_test_top.env.scoreboard [MISMATCH] beat 242 expected=8067b7b8ba62a78b7ba1a1281522847a19d690ee actual=8067b7b8ba62a78b7ba1a128152283a16998fac9
UVM_ERROR /mnt/c/Users/26598/Desktop/img_filter_submission/work/vfir-docs-uvm/verification/uvm/img_filter_functional_pkg.sv(203) @ 925500: uvm_test_top.env.scoreboard [MISMATCH] beat 243 expected=686bb53b308da2c2068973e028aaa96b21755b16 actual=686bb53b308da2c2068973e028aaa9c3d595fdc6
UVM_ERROR /mnt/c/Users/26598/Desktop/img_filter_submission/work/vfir-docs-uvm/verification/uvm/img_filter_functional_pkg.sv(203) @ 925500: uvm_test_top.env.scoreboard [MISMATCH] beat 244 expected=00000000000000000000000000000088b7341584 actual=000000000000000000000000000002630fe7697c
UVM_ERROR /mnt/c/Users/26598/Desktop/img_filter_submission/work/vfir-docs-uvm/verification/uvm/img_filter_functional_pkg.sv(203) @ 925500: uvm_test_top.env.scoreboard [MISMATCH] beat 245 expected=75d854d5ff761f92d30f9f5c8599e75818a68a41 actual=75d854d5ff761f92d30f9f5c8599e7b2d7652619
UVM_ERROR /mnt/c/Users/26598/Desktop/img_filter_submission/work/vfir-docs-uvm/verification/uvm/img_filter_functional_pkg.sv(203) @ 925500: uvm_test_top.env.scoreboard [MISMATCH] beat 246 expected=7da12511d671e3b26e7a9c23fb2527baa0ba1163 actual=7da12511d671e3b26e7a9c23fb25275d9914633b
UVM_ERROR /mnt/c/Users/26598/Desktop/img_filter_submission/work/vfir-docs-uvm/verification/uvm/img_filter_functional_pkg.sv(203) @ 925500: uvm_test_top.env.scoreboard [MISMATCH] beat 247 expected=c79b79512b802ecba2057b1ff67d2fbd5e7845a0 actual=c79b79512b802ecba2057b1ff67d2f8b2d374654
UVM_ERROR /mnt/c/Users/26598/Desktop/img_filter_submission/work/vfir-docs-uvm/verification/uvm/img_filter_functional_pkg.sv(203) @ 925500: uvm_test_top.env.scoreboard [MISMATCH] beat 248 expected=ab7217b32574910ab95963cfd86e566423653d55 actual=ab7217b32574910ab95963cfd86e5752e98d5557
UVM_ERROR /mnt/c/Users/26598/Desktop/img_filter_submission/work/vfir-docs-uvm/verification/uvm/img_filter_functional_pkg.sv(203) @ 925500: uvm_test_top.env.scoreboard [MISMATCH] beat 249 expected=b6684b95a88f1efa334486323425feb61e154d54 actual=b6684b95a88f1efa334486323425fe78e9aa4a7b
UVM_ERROR /mnt/c/Users/26598/Desktop/img_filter_submission/work/vfir-docs-uvm/verification/uvm/img_filter_functional_pkg.sv(203) @ 925500: uvm_test_top.env.scoreboard [MISMATCH] beat 250 expected=70e6a80f4185225241f66e12da02a26ee02942e6 actual=70e6a80f4185225241f66e12da02a37cd6cafd24
UVM_ERROR /mnt/c/Users/26598/Desktop/img_filter_submission/work/vfir-docs-uvm/verification/uvm/img_filter_functional_pkg.sv(203) @ 925500: uvm_test_top.env.scoreboard [MISMATCH] beat 251 expected=0000000000000000000000000000005aa684d95f actual=0000000000000000000000000000026d4b7c92ad
UVM_ERROR /mnt/c/Users/26598/Desktop/img_filter_submission/work/vfir-docs-uvm/verification/uvm/img_filter_functional_pkg.sv(203) @ 925500: uvm_test_top.env.scoreboard [MISMATCH] beat 252 expected=78d6846abb701985872c99539555a58821d50627 actual=78d6846abb701985872c99539555a5b9e26ca9dd
UVM_ERROR /mnt/c/Users/26598/Desktop/img_filter_submission/work/vfir-docs-uvm/verification/uvm/img_filter_functional_pkg.sv(203) @ 925500: uvm_test_top.env.scoreboard [MISMATCH] beat 253 expected=862966e9ae6c67d3a1c97e6b5a01a8ba9328ce49 actual=862966e9ae6c67d3a1c97e6b5a01a99699b936fa
UVM_ERROR /mnt/c/Users/26598/Desktop/img_filter_submission/work/vfir-docs-uvm/verification/uvm/img_filter_functional_pkg.sv(203) @ 925500: uvm_test_top.env.scoreboard [MISMATCH] beat 254 expected=ce1da46dd58eabc7d6db81a49988e5b1a56591c4 actual=ce1da46dd58eabc7d6db81a49988e7742147a6b2
UVM_ERROR /mnt/c/Users/26598/Desktop/img_filter_submission/work/vfir-docs-uvm/verification/uvm/img_filter_functional_pkg.sv(203) @ 925500: uvm_test_top.env.scoreboard [MISMATCH] beat 255 expected=82363775e84d5e3aedfe789cd76ac44cf338f28a actual=82363775e84d5e3aedfe789cd76ac59dd90ae2ad
UVM_ERROR /mnt/c/Users/26598/Desktop/img_filter_submission/work/vfir-docs-uvm/verification/uvm/img_filter_functional_pkg.sv(203) @ 925500: uvm_test_top.env.scoreboard [MISMATCH] beat 256 expected=a9e42b6a4389942aaac383dfd3b1c1c51c061172 actual=a9e42b6a4389942aaac383dfd3b1c27b9106e9e9
UVM_ERROR /mnt/c/Users/26598/Desktop/img_filter_submission/work/vfir-docs-uvm/verification/uvm/img_filter_functional_pkg.sv(203) @ 925500: uvm_test_top.env.scoreboard [MISMATCH] beat 257 expected=5f623706da8327f3d22f219599c9736aa178eec4 actual=5f623706da8327f3d22f219599c9734f334975dc
UVM_ERROR /mnt/c/Users/26598/Desktop/img_filter_submission/work/vfir-docs-uvm/verification/uvm/img_filter_functional_pkg.sv(203) @ 925500: uvm_test_top.env.scoreboard [MISMATCH] beat 258 expected=0000000000000000000000000000005a2547f92f actual=000000000000000000000000000002a52bcb1a21
UVM_ERROR /mnt/c/Users/26598/Desktop/img_filter_submission/work/vfir-docs-uvm/verification/uvm/img_filter_functional_pkg.sv(203) @ 925500: uvm_test_top.env.scoreboard [MISMATCH] beat 259 expected=599082fe478e108702b16118274cbca89516d6a8 actual=599082fe478e108702b16118274cbd5d20e97e48
UVM_ERROR /mnt/c/Users/26598/Desktop/img_filter_submission/work/vfir-docs-uvm/verification/uvm/img_filter_functional_pkg.sv(203) @ 925500: uvm_test_top.env.scoreboard [MISMATCH] beat 260 expected=4edef8c15976e7e6ad4c6de7b6d1f7da517976a7 actual=4edef8c15976e7e6ad4c6de7b6d1f772aa5904cb
UVM_ERROR /mnt/c/Users/26598/Desktop/img_filter_submission/work/vfir-docs-uvm/verification/uvm/img_filter_functional_pkg.sv(203) @ 925500: uvm_test_top.env.scoreboard [MISMATCH] beat 261 expected=ea1d05159fa96687e2e855623a4513a56517c5e2 actual=ea1d05159fa96687e2e855623a45133812eaf178
UVM_ERROR /mnt/c/Users/26598/Desktop/img_filter_submission/work/vfir-docs-uvm/verification/uvm/img_filter_functional_pkg.sv(203) @ 925500: uvm_test_top.env.scoreboard [MISMATCH] beat 262 expected=7f24a6a57769a3799b006b29773eca666eebf54a actual=7f24a6a57769a3799b006b29773ecbc41605a56c
UVM_ERROR /mnt/c/Users/26598/Desktop/img_filter_submission/work/vfir-docs-uvm/verification/uvm/img_filter_functional_pkg.sv(203) @ 925500: uvm_test_top.env.scoreboard [MISMATCH] beat 263 expected=78e5e64ecaad099ca9c77013948e21b619556a0d actual=78e5e64ecaad099ca9c77013948e2147e418c2dd
UVM_ERROR /mnt/c/Users/26598/Desktop/img_filter_submission/work/vfir-docs-uvm/verification/uvm/img_filter_functional_pkg.sv(203) @ 925500: uvm_test_top.env.scoreboard [MISMATCH] beat 264 expected=92d0572eed53a2278ad23c8df7698969b02d55c3 actual=92d0572eed53a2278ad23c8df76987c264f6bd1a
UVM_ERROR /mnt/c/Users/26598/Desktop/img_filter_submission/work/vfir-docs-uvm/verification/uvm/img_filter_functional_pkg.sv(203) @ 925500: uvm_test_top.env.scoreboard [MISMATCH] beat 265 expected=00000000000000000000000000000080a34c5196 actual=000000000000000000000000000002b96097e634
UVM_ERROR /mnt/c/Users/26598/Desktop/img_filter_submission/work/vfir-docs-uvm/verification/uvm/img_filter_functional_pkg.sv(203) @ 925500: uvm_test_top.env.scoreboard [MISMATCH] beat 266 expected=9e97638ee2bd610a921e5f58c958bb792448621c actual=9e97638ee2bd610a921e5f58c958bd3169d6612b
UVM_ERROR /mnt/c/Users/26598/Desktop/img_filter_submission/work/vfir-docs-uvm/verification/uvm/img_filter_functional_pkg.sv(203) @ 925500: uvm_test_top.env.scoreboard [MISMATCH] beat 267 expected=8adec51a42862227ed626fab772e16d48a378dc9 actual=8adec51a42862227ed626fab772e163821631d0f
UVM_ERROR /mnt/c/Users/26598/Desktop/img_filter_submission/work/vfir-docs-uvm/verification/uvm/img_filter_functional_pkg.sv(203) @ 925500: uvm_test_top.env.scoreboard [MISMATCH] beat 268 expected=aa5d874a70a121a8aafa7b2d26ed5a881c6a4d9a actual=aa5d874a70a121a8aafa7b2d26ed5883dd9a6dc5
UVM_ERROR /mnt/c/Users/26598/Desktop/img_filter_submission/work/vfir-docs-uvm/verification/uvm/img_filter_functional_pkg.sv(203) @ 925500: uvm_test_top.env.scoreboard [MISMATCH] beat 269 expected=60d623416c5eeea62e9353adab5a2671de9955bc actual=60d623416c5eeea62e9353adab5a265dcda3edc5
UVM_ERROR /mnt/c/Users/26598/Desktop/img_filter_submission/work/vfir-docs-uvm/verification/uvm/img_filter_functional_pkg.sv(203) @ 925500: uvm_test_top.env.scoreboard [MISMATCH] beat 270 expected=80aa96d71f75c7aad19c81dab38ee8c998453a5c actual=80aa96d71f75c7aad19c81dab38ee88b2daa0a1a
UVM_ERROR /mnt/c/Users/26598/Desktop/img_filter_submission/work/vfir-docs-uvm/verification/uvm/img_filter_functional_pkg.sv(203) @ 925500: uvm_test_top.env.scoreboard [MISMATCH] beat 271 expected=7941783a375af3cafee8609be84de357ecbbe9d8 actual=7941783a375af3cafee8609be84de37343558a53
UVM_ERROR /mnt/c/Users/26598/Desktop/img_filter_submission/work/vfir-docs-uvm/verification/uvm/img_filter_functional_pkg.sv(203) @ 925500: uvm_test_top.env.scoreboard [MISMATCH] beat 272 expected=000000000000000000000000000000c12efced38 actual=000000000000000000000000000002895a25be1b
UVM_ERROR /mnt/c/Users/26598/Desktop/img_filter_submission/work/vfir-docs-uvm/verification/uvm/img_filter_functional_pkg.sv(203) @ 925500: uvm_test_top.env.scoreboard [MISMATCH] beat 273 expected=9ba1f1da017edfab65d24b110aa4d06eda2809e4 actual=9ba1f1da017edfab65d24b110aa4d2bc9648eda5
UVM_ERROR /mnt/c/Users/26598/Desktop/img_filter_submission/work/vfir-docs-uvm/verification/uvm/img_filter_functional_pkg.sv(203) @ 925500: uvm_test_top.env.scoreboard [MISMATCH] beat 274 expected=629d05d62ba818c5bd8f846ae6b96aaf19f6cdb5 actual=629d05d62ba818c5bd8f846ae6b9695571f98764
UVM_ERROR /mnt/c/Users/26598/Desktop/img_filter_submission/work/vfir-docs-uvm/verification/uvm/img_filter_functional_pkg.sv(203) @ 925500: uvm_test_top.env.scoreboard [MISMATCH] beat 275 expected=84987af625be6448c6005a6d976dae965d9ae4b6 actual=84987af625be6448c6005a6d976dafad2b738df7
UVM_ERROR /mnt/c/Users/26598/Desktop/img_filter_submission/work/vfir-docs-uvm/verification/uvm/img_filter_functional_pkg.sv(203) @ 925500: uvm_test_top.env.scoreboard [MISMATCH] beat 276 expected=86ca0479a496e0973eab172f6c7236a5ce68154b actual=86ca0479a496e0973eab172f6c7236aadcd91f0f
UVM_ERROR /mnt/c/Users/26598/Desktop/img_filter_submission/work/vfir-docs-uvm/verification/uvm/img_filter_functional_pkg.sv(203) @ 925500: uvm_test_top.env.scoreboard [MISMATCH] beat 277 expected=a96a56425e6f4f48fd816d22a4c1f09167469211 actual=a96a56425e6f4f48fd816d22a4c1f040e4091cb1
UVM_ERROR /mnt/c/Users/26598/Desktop/img_filter_submission/work/vfir-docs-uvm/verification/uvm/img_filter_functional_pkg.sv(203) @ 925500: uvm_test_top.env.scoreboard [MISMATCH] beat 278 expected=5c4956e62c562edb3a777f183acabb7ca0c9c1cf actual=5c4956e62c562edb3a777f183acabb841b3446c6
UVM_ERROR /mnt/c/Users/26598/Desktop/img_filter_submission/work/vfir-docs-uvm/verification/uvm/img_filter_functional_pkg.sv(203) @ 925500: uvm_test_top.env.scoreboard [MISMATCH] beat 279 expected=000000000000000000000000000000ce9c8b25b3 actual=0000000000000000000000000000024b8fb45290
UVM_ERROR /mnt/c/Users/26598/Desktop/img_filter_submission/work/vfir-docs-uvm/verification/uvm/img_filter_functional_pkg.sv(203) @ 925500: uvm_test_top.env.scoreboard [MISMATCH] beat 280 expected=a8e073ce58475fc939f33e52cb4dbd7fd4f6256a actual=a8e073ce58475fc939f33e52cb4dbdaad6067294
UVM_ERROR /mnt/c/Users/26598/Desktop/img_filter_submission/work/vfir-docs-uvm/verification/uvm/img_filter_functional_pkg.sv(203) @ 925500: uvm_test_top.env.scoreboard [MISMATCH] beat 281 expected=5025648a786de063490a66b077450b6d5774adc4 actual=5025648a786de063490a66b077450b5c2039b1d9
UVM_ERROR /mnt/c/Users/26598/Desktop/img_filter_submission/work/vfir-docs-uvm/verification/uvm/img_filter_functional_pkg.sv(203) @ 925500: uvm_test_top.env.scoreboard [MISMATCH] beat 282 expected=7a154909ab8ea9669dd96aeec89d1894ea18b940 actual=7a154909ab8ea9669dd96aeec89d19472725832a
UVM_ERROR /mnt/c/Users/26598/Desktop/img_filter_submission/work/vfir-docs-uvm/verification/uvm/img_filter_functional_pkg.sv(203) @ 925500: uvm_test_top.env.scoreboard [MISMATCH] beat 283 expected=a38ab63a28881be74e104a675bee487a0177e62f actual=a38ab63a28881be74e104a675bee495ba9797653
UVM_ERROR /mnt/c/Users/26598/Desktop/img_filter_submission/work/vfir-docs-uvm/verification/uvm/img_filter_functional_pkg.sv(203) @ 925500: uvm_test_top.env.scoreboard [MISMATCH] beat 284 expected=a663ab0a6d6310256a5777a54529476a71488511 actual=a663ab0a6d6310256a5777a545294742604991d0
UVM_ERROR /mnt/c/Users/26598/Desktop/img_filter_submission/work/vfir-docs-uvm/verification/uvm/img_filter_functional_pkg.sv(203) @ 925500: uvm_test_top.env.scoreboard [MISMATCH] beat 285 expected=26165b51ff55ea67ddc18996df266588cf3609de actual=26165b51ff55ea67ddc18996df2665bce3068520
UVM_ERROR /mnt/c/Users/26598/Desktop/img_filter_submission/work/vfir-docs-uvm/verification/uvm/img_filter_functional_pkg.sv(203) @ 925500: uvm_test_top.env.scoreboard [MISMATCH] beat 286 expected=000000000000000000000000000000bed4c68e04 actual=0000000000000000000000000000025a9ee4666d
UVM_ERROR /mnt/c/Users/26598/Desktop/img_filter_submission/work/vfir-docs-uvm/verification/uvm/img_filter_functional_pkg.sv(203) @ 925500: uvm_test_top.env.scoreboard [MISMATCH] beat 287 expected=b65ba466810f17f83e644e620815e9c3d7f54247 actual=b65ba466810f17f83e644e620815e86ebc079ebd
UVM_ERROR /mnt/c/Users/26598/Desktop/img_filter_submission/work/vfir-docs-uvm/verification/uvm/img_filter_functional_pkg.sv(203) @ 925500: uvm_test_top.env.scoreboard [MISMATCH] beat 288 expected=3f5dc5f5cd91a8662949716e87151e66e368a2e2 actual=3f5dc5f5cd91a8662949716e87151e97df99e227
UVM_ERROR /mnt/c/Users/26598/Desktop/img_filter_submission/work/vfir-docs-uvm/verification/uvm/img_filter_functional_pkg.sv(203) @ 925500: uvm_test_top.env.scoreboard [MISMATCH] beat 289 expected=b99a8a1d84a4a2e4bd6a4a2b6c64cb9c373585a1 actual=b99a8a1d84a4a2e4bd6a4a2b6c64ca7bdd48d28a
UVM_ERROR /mnt/c/Users/26598/Desktop/img_filter_submission/work/vfir-docs-uvm/verification/uvm/img_filter_functional_pkg.sv(203) @ 925500: uvm_test_top.env.scoreboard [MISMATCH] beat 290 expected=a9540826567adea9fe58821a8a6e1891113b6e6d actual=a9540826567adea9fe58821a8a6e17697a78e591
UVM_ERROR /mnt/c/Users/26598/Desktop/img_filter_submission/work/vfir-docs-uvm/verification/uvm/img_filter_functional_pkg.sv(203) @ 925500: uvm_test_top.env.scoreboard [MISMATCH] beat 291 expected=90d6f965ac46da86a6845322478d534e380b6cf7 actual=90d6f965ac46da86a6845322478d54cd1b99b34b
UVM_ERROR /mnt/c/Users/26598/Desktop/img_filter_submission/work/vfir-docs-uvm/verification/uvm/img_filter_functional_pkg.sv(203) @ 925500: uvm_test_top.env.scoreboard [MISMATCH] beat 292 expected=6c1cead5e75a20293d935a0a5af593c4d7661544 actual=6c1cead5e75a20293d935a0a5af5938028db69a9
UVM_ERROR /mnt/c/Users/26598/Desktop/img_filter_submission/work/vfir-docs-uvm/verification/uvm/img_filter_functional_pkg.sv(203) @ 925500: uvm_test_top.env.scoreboard [MISMATCH] beat 293 expected=000000000000000000000000000000868f26b6d4 actual=00000000000000000000000000000253aefc2a21
UVM_ERROR /mnt/c/Users/26598/Desktop/img_filter_submission/work/vfir-docs-uvm/verification/uvm/img_filter_functional_pkg.sv(203) @ 925500: uvm_test_top.env.scoreboard [MISMATCH] beat 294 expected=704ff85742315fe4723c26f326d61d8b29d652bb actual=704ff85742315fe4723c26f326d61c2f2b5cc1bc
UVM_ERROR /mnt/c/Users/26598/Desktop/img_filter_submission/work/vfir-docs-uvm/verification/uvm/img_filter_functional_pkg.sv(203) @ 925500: uvm_test_top.env.scoreboard [MISMATCH] beat 295 expected=809623f24e98e5ea15814eb077a1017bde59f5ac actual=809623f24e98e5ea15814eb077a0ffb3a3a9210a
UVM_ERROR /mnt/c/Users/26598/Desktop/img_filter_submission/work/vfir-docs-uvm/verification/uvm/img_filter_functional_pkg.sv(203) @ 925500: uvm_test_top.env.scoreboard [MISMATCH] beat 296 expected=9d5e5b65268056c5ad62525bc7397b9bae17dea7 actual=9d5e5b65268056c5ad62525bc7397ba848db4210
UVM_ERROR /mnt/c/Users/26598/Desktop/img_filter_submission/work/vfir-docs-uvm/verification/uvm/img_filter_functional_pkg.sv(203) @ 925500: uvm_test_top.env.scoreboard [MISMATCH] beat 297 expected=685cca4a364f990c215f749809514b4160483e4e actual=685cca4a364f990c215f749809514970e9e2a5cb
UVM_ERROR /mnt/c/Users/26598/Desktop/img_filter_submission/work/vfir-docs-uvm/verification/uvm/img_filter_functional_pkg.sv(203) @ 925500: uvm_test_top.env.scoreboard [MISMATCH] beat 298 expected=92222d428a4993b892dc561bc921576274cb6cfb actual=92222d428a4993b892dc561bc921569b101451d7
UVM_ERROR /mnt/c/Users/26598/Desktop/img_filter_submission/work/vfir-docs-uvm/verification/uvm/img_filter_functional_pkg.sv(203) @ 925500: uvm_test_top.env.scoreboard [MISMATCH] beat 299 expected=ba165b0a514315394de3478a58ad659f975974fc actual=ba165b0a514315394de3478a58ad651664cb6b09
UVM_ERROR /mnt/c/Users/26598/Desktop/img_filter_submission/work/vfir-docs-uvm/verification/uvm/img_filter_functional_pkg.sv(203) @ 925500: uvm_test_top.env.scoreboard [MISMATCH] beat 300 expected=000000000000000000000000000000701e44332e actual=0000000000000000000000000000027b6c866dcc
UVM_ERROR /mnt/c/Users/26598/Desktop/img_filter_submission/work/vfir-docs-uvm/verification/uvm/img_filter_functional_pkg.sv(203) @ 925500: uvm_test_top.env.scoreboard [MISMATCH] beat 301 expected=925d258aaf53e82536791d2f26611470fe2a1a7e actual=925d258aaf53e82536791d2f26611382957a3502
UVM_ERROR /mnt/c/Users/26598/Desktop/img_filter_submission/work/vfir-docs-uvm/verification/uvm/img_filter_functional_pkg.sv(203) @ 925500: uvm_test_top.env.scoreboard [MISMATCH] beat 302 expected=829ea551d29d229d2982706297b1a07a2118dd97 actual=829ea551d29d229d2982706297b19f4d5c1355ce
UVM_ERROR /mnt/c/Users/26598/Desktop/img_filter_submission/work/vfir-docs-uvm/verification/uvm/img_filter_functional_pkg.sv(203) @ 925500: uvm_test_top.env.scoreboard [MISMATCH] beat 303 expected=b36a8dddd78da215c8c34b8b08b1fcd32f57a21b actual=b36a8dddd78da215c8c34b8b08b1fc78e3a6393a
UVM_ERROR /mnt/c/Users/26598/Desktop/img_filter_submission/work/vfir-docs-uvm/verification/uvm/img_filter_functional_pkg.sv(203) @ 925500: uvm_test_top.env.scoreboard [MISMATCH] beat 304 expected=5ae4b9f5273e273af56e6a9dd955826ee8c9916e actual=5ae4b9f5273e273af56e6a9dd95580c0532a3556
UVM_ERROR /mnt/c/Users/26598/Desktop/img_filter_submission/work/vfir-docs-uvm/verification/uvm/img_filter_functional_pkg.sv(203) @ 925500: uvm_test_top.env.scoreboard [MISMATCH] beat 305 expected=b5a1e8c66b4ca2faee4f2e643c4e1191a4cd1614 actual=b5a1e8c66b4ca2faee4f2e643c4e0f790c6832f7
UVM_ERROR /mnt/c/Users/26598/Desktop/img_filter_submission/work/vfir-docs-uvm/verification/uvm/img_filter_functional_pkg.sv(203) @ 925500: uvm_test_top.env.scoreboard [MISMATCH] beat 306 expected=e48b75d5fa5c8e9c7a513654d695ae5665c9c8f4 actual=e48b75d5fa5c8e9c7a513654d695af59a9438600
UVM_ERROR /mnt/c/Users/26598/Desktop/img_filter_submission/work/vfir-docs-uvm/verification/uvm/img_filter_functional_pkg.sv(203) @ 925500: uvm_test_top.env.scoreboard [MISMATCH] beat 307 expected=0000000000000000000000000000007c63073af0 actual=000000000000000000000000000002b61a599904
UVM_ERROR /mnt/c/Users/26598/Desktop/img_filter_submission/work/vfir-docs-uvm/verification/uvm/img_filter_functional_pkg.sv(203) @ 925500: uvm_test_top.env.scoreboard [MISMATCH] beat 308 expected=655638d5d67fec36da18256ba8e55d363b1b216d actual=655638d5d67fec36da18256ba8e55e87d2b3d971
UVM_ERROR /mnt/c/Users/26598/Desktop/img_filter_submission/work/vfir-docs-uvm/verification/uvm/img_filter_functional_pkg.sv(203) @ 925500: uvm_test_top.env.scoreboard [MISMATCH] beat 309 expected=7b6b48425e67a88bf472801cf549cb6d99d5e909 actual=7b6b48425e67a88bf472801cf549c9755a968ae9
UVM_ERROR /mnt/c/Users/26598/Desktop/img_filter_submission/work/vfir-docs-uvm/verification/uvm/img_filter_functional_pkg.sv(203) @ 925500: uvm_test_top.env.scoreboard [MISMATCH] beat 310 expected=76698b49e661e725cc547796e45a70d21e98e2b4 actual=76698b49e661e725cc547796e45a7043d527daa1
UVM_ERROR /mnt/c/Users/26598/Desktop/img_filter_submission/work/vfir-docs-uvm/verification/uvm/img_filter_functional_pkg.sv(203) @ 925500: uvm_test_top.env.scoreboard [MISMATCH] beat 311 expected=91273929036a1b3ae51d5270d6b1dc98e169f525 actual=91273929036a1b3ae51d5270d6b1dbb85b2b5e3f
UVM_ERROR /mnt/c/Users/26598/Desktop/img_filter_submission/work/vfir-docs-uvm/verification/uvm/img_filter_functional_pkg.sv(203) @ 925500: uvm_test_top.env.scoreboard [MISMATCH] beat 312 expected=b231ca428c7a1b79718850a28db9166596dcb1de actual=b231ca428c7a1b79718850a28db9145da067ca05
UVM_ERROR /mnt/c/Users/26598/Desktop/img_filter_submission/work/vfir-docs-uvm/verification/uvm/img_filter_functional_pkg.sv(203) @ 925500: uvm_test_top.env.scoreboard [MISMATCH] beat 313 expected=b3d73212bc8509ac463d5564682aa3442e3ba520 actual=b3d73212bc8509ac463d5564682aa5dc6359661f
UVM_ERROR /mnt/c/Users/26598/Desktop/img_filter_submission/work/vfir-docs-uvm/verification/uvm/img_filter_functional_pkg.sv(203) @ 925500: uvm_test_top.env.scoreboard [MISMATCH] beat 314 expected=000000000000000000000000000000ab69380698 actual=0000000000000000000000000000028ea0fc99a8
UVM_ERROR /mnt/c/Users/26598/Desktop/img_filter_submission/work/vfir-docs-uvm/verification/uvm/img_filter_functional_pkg.sv(203) @ 925500: uvm_test_top.env.scoreboard [MISMATCH] beat 315 expected=85d8c86cd7a86ba7cdfd49214b494f83b9694967 actual=85d8c86cd7a86ba7cdfd49214b4950d05855f701
UVM_ERROR /mnt/c/Users/26598/Desktop/img_filter_submission/work/vfir-docs-uvm/verification/uvm/img_filter_functional_pkg.sv(203) @ 925500: uvm_test_top.env.scoreboard [MISMATCH] beat 316 expected=7ae96c19c0546afa983670979336a233d09469cb actual=7ae96c19c0546afa983670979336a1889eabae72
UVM_ERROR /mnt/c/Users/26598/Desktop/img_filter_submission/work/vfir-docs-uvm/verification/uvm/img_filter_functional_pkg.sv(203) @ 925500: uvm_test_top.env.scoreboard [MISMATCH] beat 317 expected=9ff8db21b77074d695069067366e2298e5f53637 actual=9ff8db21b77074d695069067366e22375ef6a592
UVM_ERROR /mnt/c/Users/26598/Desktop/img_filter_submission/work/vfir-docs-uvm/verification/uvm/img_filter_functional_pkg.sv(203) @ 925500: uvm_test_top.env.scoreboard [MISMATCH] beat 318 expected=bfeec8c1689d6b9859e881ef9679adb4a21e109c actual=bfeec8c1689d6b9859e881ef9679ae35e985166e
UVM_ERROR /mnt/c/Users/26598/Desktop/img_filter_submission/work/vfir-docs-uvm/verification/uvm/img_filter_functional_pkg.sv(203) @ 925500: uvm_test_top.env.scoreboard [MISMATCH] beat 319 expected=81605575ec5959c7fd444033eac22f6d5e4a59e3 actual=81605575ec5959c7fd444033eac22e9e3590acf1
UVM_ERROR /mnt/c/Users/26598/Desktop/img_filter_submission/work/vfir-docs-uvm/verification/uvm/img_filter_functional_pkg.sv(203) @ 925500: uvm_test_top.env.scoreboard [MISMATCH] beat 320 expected=659d510a6c8d1b7cf584643416eaed6ff5db9126 actual=659d510a6c8d1b7cf584643416eaeea015994eec
UVM_ERROR /mnt/c/Users/26598/Desktop/img_filter_submission/work/vfir-docs-uvm/verification/uvm/img_filter_functional_pkg.sv(203) @ 925500: uvm_test_top.env.scoreboard [MISMATCH] beat 321 expected=000000000000000000000000000000d42d997eb3 actual=000000000000000000000000000002692644267e
UVM_ERROR /mnt/c/Users/26598/Desktop/img_filter_submission/work/vfir-docs-uvm/verification/uvm/img_filter_functional_pkg.sv(203) @ 925500: uvm_test_top.env.scoreboard [MISMATCH] beat 322 expected=7ed53a64c5d3a2a73e4760d98b4e5693b7248d7c actual=7ed53a64c5d3a2a73e4760d98b4e568398064e36
UVM_ERROR /mnt/c/Users/26598/Desktop/img_filter_submission/work/vfir-docs-uvm/verification/uvm/img_filter_functional_pkg.sv(203) @ 925500: uvm_test_top.env.scoreboard [MISMATCH] beat 323 expected=ab67cd196687a5a9dc5362df24e70b4f8d36e682 actual=ab67cd196687a5a9dc5362df24e70baea92a5652
UVM_ERROR /mnt/c/Users/26598/Desktop/img_filter_submission/work/vfir-docs-uvm/verification/uvm/img_filter_functional_pkg.sv(203) @ 925500: uvm_test_top.env.scoreboard [MISMATCH] beat 324 expected=5cf40ae95b696db5c8f3a7a8d4d5d77f21e75715 actual=5cf40ae95b696db5c8f3a7a8d4d5d897a95aa5f3
UVM_ERROR /mnt/c/Users/26598/Desktop/img_filter_submission/work/vfir-docs-uvm/verification/uvm/img_filter_functional_pkg.sv(203) @ 925500: uvm_test_top.env.scoreboard [MISMATCH] beat 325 expected=8b6eb8e65d95e249195e673066f5b6c322adfd08 actual=8b6eb8e65d95e249195e673066f5b6871ab59292
UVM_ERROR /mnt/c/Users/26598/Desktop/img_filter_submission/work/vfir-docs-uvm/verification/uvm/img_filter_functional_pkg.sv(203) @ 925500: uvm_test_top.env.scoreboard [MISMATCH] beat 326 expected=982999de5e7f0e358dee3aa9f9e68d726208c5be actual=982999de5e7f0e358dee3aa9f9e68da3d76926fd
UVM_ERROR /mnt/c/Users/26598/Desktop/img_filter_submission/work/vfir-docs-uvm/verification/uvm/img_filter_functional_pkg.sv(203) @ 925500: uvm_test_top.env.scoreboard [MISMATCH] beat 327 expected=362b453ea9a51dd935fc78a3e96358b2676d01d4 actual=362b453ea9a51dd935fc78a3e96356824ab33283
UVM_ERROR /mnt/c/Users/26598/Desktop/img_filter_submission/work/vfir-docs-uvm/verification/uvm/img_filter_functional_pkg.sv(203) @ 925500: uvm_test_top.env.scoreboard [MISMATCH] beat 328 expected=000000000000000000000000000000bae5876aa7 actual=0000000000000000000000000000024507e5193a
UVM_ERROR /mnt/c/Users/26598/Desktop/img_filter_submission/work/vfir-docs-uvm/verification/uvm/img_filter_functional_pkg.sv(203) @ 925500: uvm_test_top.env.scoreboard [MISMATCH] beat 329 expected=675f791097e79df4c6ad438f1c5a79dc69f6ee91 actual=675f791097e79df4c6ad438f1c5a7971c95cb671
UVM_ERROR /mnt/c/Users/26598/Desktop/img_filter_submission/work/vfir-docs-uvm/verification/uvm/img_filter_functional_pkg.sv(203) @ 925500: uvm_test_top.env.scoreboard [MISMATCH] beat 330 expected=9d5c89050fb65896ed7f311ce633856f5877726f actual=9d5c89050fb65896ed7f311ce63385b472962961
UVM_ERROR /mnt/c/Users/26598/Desktop/img_filter_submission/work/vfir-docs-uvm/verification/uvm/img_filter_functional_pkg.sv(203) @ 925500: uvm_test_top.env.scoreboard [MISMATCH] beat 331 expected=6ee6ca69605f6306dd4d96dac56dfc71e738f1ea actual=6ee6ca69605f6306dd4d96dac56dfc8b975b211c
UVM_ERROR /mnt/c/Users/26598/Desktop/img_filter_submission/work/vfir-docs-uvm/verification/uvm/img_filter_functional_pkg.sv(203) @ 925500: uvm_test_top.env.scoreboard [MISMATCH] beat 332 expected=5232bb65c167e9a67db562a3ca3200a722bcb52b actual=5232bb65c167e9a67db562a3ca32007419a61682
UVM_ERROR /mnt/c/Users/26598/Desktop/img_filter_submission/work/vfir-docs-uvm/verification/uvm/img_filter_functional_pkg.sv(203) @ 925500: uvm_test_top.env.scoreboard [MISMATCH] beat 333 expected=8da517c5ee54d85906821a6049f75e9deac7c234 actual=8da517c5ee54d85906821a6049f75e7c9d6ae2a7
UVM_ERROR /mnt/c/Users/26598/Desktop/img_filter_submission/work/vfir-docs-uvm/verification/uvm/img_filter_functional_pkg.sv(203) @ 925500: uvm_test_top.env.scoreboard [MISMATCH] beat 334 expected=5a1c165dfeb8dc789e5b6fe03b3ee9a9194805af actual=5a1c165dfeb8dc789e5b6fe03b3ee9659b62f147
UVM_ERROR /mnt/c/Users/26598/Desktop/img_filter_submission/work/vfir-docs-uvm/verification/uvm/img_filter_functional_pkg.sv(203) @ 925500: uvm_test_top.env.scoreboard [MISMATCH] beat 335 expected=0000000000000000000000000000009e69a2b1df actual=0000000000000000000000000000026127e878cb
UVM_ERROR /mnt/c/Users/26598/Desktop/img_filter_submission/work/vfir-docs-uvm/verification/uvm/img_filter_functional_pkg.sv(203) @ 925500: uvm_test_top.env.scoreboard [MISMATCH] beat 336 expected=70e7268175cfd57736901f8c088efead99289dcb actual=70e7268175cfd57736901f8c088efe49d65a351b
UVM_ERROR /mnt/c/Users/26598/Desktop/img_filter_submission/work/vfir-docs-uvm/verification/uvm/img_filter_functional_pkg.sv(203) @ 925500: uvm_test_top.env.scoreboard [MISMATCH] beat 337 expected=609df8517b7bdd5885794b1f69cb1a8aa9b851f1 actual=609df8517b7bdd5885794b1f69cb19696889694a
UVM_ERROR /mnt/c/Users/26598/Desktop/img_filter_submission/work/vfir-docs-uvm/verification/uvm/img_filter_functional_pkg.sv(203) @ 925500: uvm_test_top.env.scoreboard [MISMATCH] beat 338 expected=8a9857599d375907558c9d56c3e2577f6d09bd9d actual=8a9857599d375907558c9d56c3e2566b6323c586
UVM_ERROR /mnt/c/Users/26598/Desktop/img_filter_submission/work/vfir-docs-uvm/verification/uvm/img_filter_functional_pkg.sv(203) @ 925500: uvm_test_top.env.scoreboard [MISMATCH] beat 339 expected=396ea9f6733ded5880bd3d1599d63dbde24bed72 actual=396ea9f6733ded5880bd3d1599d63e592875a628
UVM_ERROR /mnt/c/Users/26598/Desktop/img_filter_submission/work/vfir-docs-uvm/verification/uvm/img_filter_functional_pkg.sv(203) @ 925500: uvm_test_top.env.scoreboard [MISMATCH] beat 340 expected=b9307859fd8321f5dab464d07a5a71a5e52b9ed3 actual=b9307859fd8321f5dab464d07a5a7075e3b72140
UVM_ERROR /mnt/c/Users/26598/Desktop/img_filter_submission/work/vfir-docs-uvm/verification/uvm/img_filter_functional_pkg.sv(203) @ 925500: uvm_test_top.env.scoreboard [MISMATCH] beat 341 expected=a2e656a5a7c41b18babf88e0aceecaa0c9355576 actual=a2e656a5a7c41b18babf88e0aceecb5de22a0e21
UVM_ERROR /mnt/c/Users/26598/Desktop/img_filter_submission/work/vfir-docs-uvm/verification/uvm/img_filter_functional_pkg.sv(203) @ 925500: uvm_test_top.env.scoreboard [MISMATCH] beat 342 expected=000000000000000000000000000000761e81b4a3 actual=00000000000000000000000000000276dfe9ee0e
UVM_ERROR /mnt/c/Users/26598/Desktop/img_filter_submission/work/vfir-docs-uvm/verification/uvm/img_filter_functional_pkg.sv(203) @ 925500: uvm_test_top.env.scoreboard [MISMATCH] beat 343 expected=7325e6ea21a799dbadd951d5b7c651b048195d89 actual=7325e6ea21a799dbadd951d5b7c6526a24e2f998
UVM_ERROR /mnt/c/Users/26598/Desktop/img_filter_submission/work/vfir-docs-uvm/verification/uvm/img_filter_functional_pkg.sv(203) @ 925500: uvm_test_top.env.scoreboard [MISMATCH] beat 344 expected=6297b84e0b582849422172e80746f493e6e66d69 actual=6297b84e0b582849422172e80746f27bca071e57
UVM_ERROR /mnt/c/Users/26598/Desktop/img_filter_submission/work/vfir-docs-uvm/verification/uvm/img_filter_functional_pkg.sv(203) @ 925500: uvm_test_top.env.scoreboard [MISMATCH] beat 345 expected=bad6c4d1cc2d5495616182d81646198caf17c8b3 actual=bad6c4d1cc2d5495616182d8164619a3e0b62683
UVM_ERROR /mnt/c/Users/26598/Desktop/img_filter_submission/work/vfir-docs-uvm/verification/uvm/img_filter_functional_pkg.sv(203) @ 925500: uvm_test_top.env.scoreboard [MISMATCH] beat 346 expected=74f597099d80b60739a6479ce68db1745be85d0d actual=74f597099d80b60739a6479ce68db042950405c3
UVM_ERROR /mnt/c/Users/26598/Desktop/img_filter_submission/work/vfir-docs-uvm/verification/uvm/img_filter_functional_pkg.sv(203) @ 925500: uvm_test_top.env.scoreboard [MISMATCH] beat 347 expected=8e9ea7560f87de97ce27704f2b6642b725dcb6fc actual=8e9ea7560f87de97ce27704f2b664381d4f7620d
UVM_ERROR /mnt/c/Users/26598/Desktop/img_filter_submission/work/vfir-docs-uvm/verification/uvm/img_filter_functional_pkg.sv(203) @ 925500: uvm_test_top.env.scoreboard [MISMATCH] beat 348 expected=aca607c9ebcddc79b2886e2f9a9e428ecf762513 actual=aca607c9ebcddc79b2886e2f9a9e43816eebc681
UVM_ERROR /mnt/c/Users/26598/Desktop/img_filter_submission/work/vfir-docs-uvm/verification/uvm/img_filter_functional_pkg.sv(203) @ 925500: uvm_test_top.env.scoreboard [MISMATCH] beat 349 expected=0000000000000000000000000000005a65819cd8 actual=0000000000000000000000000000026d557ab773
UVM_ERROR /mnt/c/Users/26598/Desktop/img_filter_submission/work/vfir-docs-uvm/verification/uvm/img_filter_functional_pkg.sv(203) @ 925500: uvm_test_top.env.scoreboard [MISMATCH] beat 350 expected=b82ca8ee5280d999d8ce6959e7828c8b4e970573 actual=b82ca8ee5280d999d8ce6959e7828b79f1a7c766
UVM_ERROR /mnt/c/Users/26598/Desktop/img_filter_submission/work/vfir-docs-uvm/verification/uvm/img_filter_functional_pkg.sv(203) @ 925500: uvm_test_top.env.scoreboard [MISMATCH] beat 351 expected=5c0de83a0268ed8a018a822eb5b2375c9d153602 actual=5c0de83a0268ed8a018a822eb5b237591985df04
UVM_ERROR /mnt/c/Users/26598/Desktop/img_filter_submission/work/vfir-docs-uvm/verification/uvm/img_filter_functional_pkg.sv(203) @ 925500: uvm_test_top.env.scoreboard [MISMATCH] beat 352 expected=9f9aa5296c1f20945d624e56f9f98c97f58608e7 actual=9f9aa5296c1f20945d624e56f9f98d7d95fa8a88
UVM_ERROR /mnt/c/Users/26598/Desktop/img_filter_submission/work/vfir-docs-uvm/verification/uvm/img_filter_functional_pkg.sv(203) @ 925500: uvm_test_top.env.scoreboard [MISMATCH] beat 353 expected=b0a8f665f3baf6c8117e7ddb3675e06be64675b9 actual=b0a8f665f3baf6c8117e7ddb3675e09c6a386b46
UVM_ERROR /mnt/c/Users/26598/Desktop/img_filter_submission/work/vfir-docs-uvm/verification/uvm/img_filter_functional_pkg.sv(203) @ 925500: uvm_test_top.env.scoreboard [MISMATCH] beat 354 expected=ab9729867c839fb34dc1b253fac28b85e038f317 actual=ab9729867c839fb34dc1b253fac28b325c623600
UVM_ERROR /mnt/c/Users/26598/Desktop/img_filter_submission/work/vfir-docs-uvm/verification/uvm/img_filter_functional_pkg.sv(203) @ 925500: uvm_test_top.env.scoreboard [MISMATCH] beat 355 expected=96a77a9a7eb026c7ba745a6917b5dd77501631cd actual=96a77a9a7eb026c7ba745a6917b5de68e644ee9d
UVM_ERROR /mnt/c/Users/26598/Desktop/img_filter_submission/work/vfir-docs-uvm/verification/uvm/img_filter_functional_pkg.sv(203) @ 925500: uvm_test_top.env.scoreboard [MISMATCH] beat 356 expected=0000000000000000000000000000005a58320d4a actual=000000000000000000000000000002a45ea9fe4d
UVM_ERROR /mnt/c/Users/26598/Desktop/img_filter_submission/work/vfir-docs-uvm/verification/uvm/img_filter_functional_pkg.sv(203) @ 925500: uvm_test_top.env.scoreboard [MISMATCH] beat 357 expected=d1752b92b46d2106150999e9674d9e91144791e6 actual=d1752b92b46d2106150999e9674d9e71a6fc69ef
UVM_ERROR /mnt/c/Users/26598/Desktop/img_filter_submission/work/vfir-docs-uvm/verification/uvm/img_filter_functional_pkg.sv(203) @ 925500: uvm_test_top.env.scoreboard [MISMATCH] beat 358 expected=5a95b44a377f2318068a99e943da57665021d676 actual=5a95b44a377f2318068a99e943da589f685915b3
UVM_ERROR /mnt/c/Users/26598/Desktop/img_filter_submission/work/vfir-docs-uvm/verification/uvm/img_filter_functional_pkg.sv(203) @ 925500: uvm_test_top.env.scoreboard [MISMATCH] beat 359 expected=9c1566a9f47029c164e73c116ca117b66f68e150 actual=9c1566a9f47029c164e73c116ca11870d46a66a5
UVM_ERROR /mnt/c/Users/26598/Desktop/img_filter_submission/work/vfir-docs-uvm/verification/uvm/img_filter_functional_pkg.sv(203) @ 925500: uvm_test_top.env.scoreboard [MISMATCH] beat 360 expected=bb26a9f9f6ceea46de187d2088929e42173645ec actual=bb26a9f9f6ceea46de187d2088929f82d62afe21
UVM_ERROR /mnt/c/Users/26598/Desktop/img_filter_submission/work/vfir-docs-uvm/verification/uvm/img_filter_functional_pkg.sv(203) @ 925500: uvm_test_top.env.scoreboard [MISMATCH] beat 361 expected=859209fe8980d94400f3788f2afab8691e870ba3 actual=859209fe8980d94400f3788f2afab8762717a988
UVM_ERROR /mnt/c/Users/26598/Desktop/img_filter_submission/work/vfir-docs-uvm/verification/uvm/img_filter_functional_pkg.sv(203) @ 925500: uvm_test_top.env.scoreboard [MISMATCH] beat 362 expected=8d20eefe6bc9de474ec13f21d4f93b9e1b780e04 actual=8d20eefe6bc9de474ec13f21d4f93bace68aea06
UVM_ERROR /mnt/c/Users/26598/Desktop/img_filter_submission/work/vfir-docs-uvm/verification/uvm/img_filter_functional_pkg.sv(203) @ 925500: uvm_test_top.env.scoreboard [MISMATCH] beat 363 expected=0000000000000000000000000000008c5123ba62 actual=000000000000000000000000000002c59f1b427b
UVM_ERROR /mnt/c/Users/26598/Desktop/img_filter_submission/work/vfir-docs-uvm/verification/uvm/img_filter_functional_pkg.sv(203) @ 925500: uvm_test_top.env.scoreboard [MISMATCH] beat 364 expected=d1b85b262c97d702adc96a6ce5720a6e20d75edd actual=d1b85b262c97d702adc96a6ce5720b65e534ae2d
UVM_ERROR /mnt/c/Users/26598/Desktop/img_filter_submission/work/vfir-docs-uvm/verification/uvm/img_filter_functional_pkg.sv(203) @ 925500: uvm_test_top.env.scoreboard [MISMATCH] beat 365 expected=3a9d55464c92d645be8e97d7235d754655e0eee8 actual=3a9d55464c92d645be8e97d7235d778b269acdb8
UVM_ERROR /mnt/c/Users/26598/Desktop/img_filter_submission/work/vfir-docs-uvm/verification/uvm/img_filter_functional_pkg.sv(203) @ 925500: uvm_test_top.env.scoreboard [MISMATCH] beat 366 expected=5b59b71e2774f37216026fa0ab01f2a66f68d1f6 actual=5b59b71e2774f37216026fa0ab01f16aa025068f
UVM_ERROR /mnt/c/Users/26598/Desktop/img_filter_submission/work/vfir-docs-uvm/verification/uvm/img_filter_functional_pkg.sv(203) @ 925500: uvm_test_top.env.scoreboard [MISMATCH] beat 367 expected=bf2378faee901e54e134a360eab312582748c668 actual=bf2378faee901e54e134a360eab31289a908ad5b
UVM_ERROR /mnt/c/Users/26598/Desktop/img_filter_submission/work/vfir-docs-uvm/verification/uvm/img_filter_functional_pkg.sv(203) @ 925500: uvm_test_top.env.scoreboard [MISMATCH] beat 368 expected=a414bb29f34a6152b8cab212a83db033dc359b14 actual=a414bb29f34a6152b8cab212a83daf9bda2bb4d8
UVM_ERROR /mnt/c/Users/26598/Desktop/img_filter_submission/work/vfir-docs-uvm/verification/uvm/img_filter_functional_pkg.sv(203) @ 925500: uvm_test_top.env.scoreboard [MISMATCH] beat 369 expected=7d131e8ed0be284aeabd4699c6c97b955f0589cd actual=7d131e8ed0be284aeabd4699c6c97b6be6b78958
UVM_ERROR /mnt/c/Users/26598/Desktop/img_filter_submission/work/vfir-docs-uvm/verification/uvm/img_filter_functional_pkg.sv(203) @ 925500: uvm_test_top.env.scoreboard [MISMATCH] beat 370 expected=000000000000000000000000000000955e5826d2 actual=0000000000000000000000000000024676ed1a61
UVM_ERROR /mnt/c/Users/26598/Desktop/img_filter_submission/work/vfir-docs-uvm/verification/uvm/img_filter_functional_pkg.sv(203) @ 925500: uvm_test_top.env.scoreboard [MISMATCH] beat 371 expected=9b331689f3bf9cf2aed48db892a1374999759b15 actual=9b331689f3bf9cf2aed48db892a13671d845763b
UVM_ERROR /mnt/c/Users/26598/Desktop/img_filter_submission/work/vfir-docs-uvm/verification/uvm/img_filter_functional_pkg.sv(203) @ 925500: uvm_test_top.env.scoreboard [MISMATCH] beat 372 expected=3ff0e5d3308d563602359914645e2d62d602b5d5 actual=3ff0e5d3308d563602359914645e2f8aa0fbf910
UVM_ERROR /mnt/c/Users/26598/Desktop/img_filter_submission/work/vfir-docs-uvm/verification/uvm/img_filter_functional_pkg.sv(203) @ 925500: uvm_test_top.env.scoreboard [MISMATCH] beat 373 expected=5892967a407fef656a99b168377e759ab19706a9 actual=5892967a407fef656a99b168377e7562de95d62f
UVM_ERROR /mnt/c/Users/26598/Desktop/img_filter_submission/work/vfir-docs-uvm/verification/uvm/img_filter_functional_pkg.sv(203) @ 925500: uvm_test_top.env.scoreboard [MISMATCH] beat 374 expected=adb19aa745626513963c93a9fb1b1f5aa34b65f6 actual=adb19aa745626513963c93a9fb1b1fb36608b623
UVM_ERROR /mnt/c/Users/26598/Desktop/img_filter_submission/work/vfir-docs-uvm/verification/uvm/img_filter_functional_pkg.sv(203) @ 925500: uvm_test_top.env.scoreboard [MISMATCH] beat 375 expected=5e0c8626567ed1f4457cb55598cc9931214aa60b actual=5e0c8626567ed1f4457cb55598cc9981251aacf1
UVM_ERROR /mnt/c/Users/26598/Desktop/img_filter_submission/work/vfir-docs-uvm/verification/uvm/img_filter_functional_pkg.sv(203) @ 925500: uvm_test_top.env.scoreboard [MISMATCH] beat 376 expected=8e4fcb02a0a9ecb903867721a6b1b37f9da69227 actual=8e4fcb02a0a9ecb903867721a6b1b33355f676f1
UVM_ERROR /mnt/c/Users/26598/Desktop/img_filter_submission/work/vfir-docs-uvm/verification/uvm/img_filter_functional_pkg.sv(203) @ 925500: uvm_test_top.env.scoreboard [MISMATCH] beat 377 expected=000000000000000000000000000000abe2bb86f0 actual=0000000000000000000000000000027d1dc768e6
UVM_ERROR /mnt/c/Users/26598/Desktop/img_filter_submission/work/vfir-docs-uvm/verification/uvm/img_filter_functional_pkg.sv(203) @ 925500: uvm_test_top.env.scoreboard [MISMATCH] beat 378 expected=586af44577a11ad5269f90f741e1f520e673ef2f actual=586af44577a11ad5269f90f741e1f38fee4cb0db
UVM_ERROR /mnt/c/Users/26598/Desktop/img_filter_submission/work/vfir-docs-uvm/verification/uvm/img_filter_functional_pkg.sv(203) @ 927500: uvm_test_top.env.scoreboard [MISMATCH] beat 379 expected=39f436470ea72118654456dbc315a94010558d1a actual=39f436470ea72118654456dbc315a9811cab1d8e
UVM_ERROR /mnt/c/Users/26598/Desktop/img_filter_submission/work/vfir-docs-uvm/verification/uvm/img_filter_functional_pkg.sv(203) @ 928500: uvm_test_top.env.scoreboard [MISMATCH] beat 380 expected=2da40346325a1f55422ec86ca5da93a0b2a7f212 actual=2da40346325a1f55422ec86ca5da9291d35d28b7
UVM_ERROR /mnt/c/Users/26598/Desktop/img_filter_submission/work/vfir-docs-uvm/verification/uvm/img_filter_functional_pkg.sv(203) @ 931500: uvm_test_top.env.scoreboard [MISMATCH] beat 381 expected=952d668747555dc389f5b62bc6caf47b65fc51e5 actual=952d668747555dc389f5b62bc6caf38c0c86d608
UVM_ERROR /mnt/c/Users/26598/Desktop/img_filter_submission/work/vfir-docs-uvm/verification/uvm/img_filter_functional_pkg.sv(203) @ 932500: uvm_test_top.env.scoreboard [MISMATCH] beat 382 expected=86c4678f2a601413ba8ba9a2eb50ea6a23a9661d actual=86c4678f2a601413ba8ba9a2eb50ece62712e32c
UVM_ERROR /mnt/c/Users/26598/Desktop/img_filter_submission/work/vfir-docs-uvm/verification/uvm/img_filter_functional_pkg.sv(203) @ 933500: uvm_test_top.env.scoreboard [MISMATCH] beat 383 expected=6388e8a2338030ca96b16f9858417d7ad2d2ce39 actual=6388e8a2338030ca96b16f9858417cc4d9289e00
UVM_ERROR /mnt/c/Users/26598/Desktop/img_filter_submission/work/vfir-docs-uvm/verification/uvm/img_filter_functional_pkg.sv(203) @ 934500: uvm_test_top.env.scoreboard [MISMATCH] beat 384 expected=000000000000000000000000000000a823fcf5e8 actual=000000000000000000000000000002a44e44d4dc
UVM_ERROR /mnt/c/Users/26598/Desktop/img_filter_submission/work/vfir-docs-uvm/verification/uvm/img_filter_functional_pkg.sv(203) @ 935500: uvm_test_top.env.scoreboard [MISMATCH] beat 385 expected=2f28a37dae50df55b9cea8b9b16a060fad562ab3 actual=2f28a37dae50df55b9cea8b9b16a05f092a9d54c
UVM_ERROR /mnt/c/Users/26598/Desktop/img_filter_submission/work/vfir-docs-uvm/verification/uvm/img_filter_functional_pkg.sv(203) @ 936500: uvm_test_top.env.scoreboard [MISMATCH] beat 386 expected=1ceeb28727aee7ab50bc18a992661a3848a80020 actual=1ceeb28727aee7ab50bc18a992661bc7b757ffdf
UVM_ERROR /mnt/c/Users/26598/Desktop/img_filter_submission/work/vfir-docs-uvm/verification/uvm/img_filter_functional_pkg.sv(203) @ 937500: uvm_test_top.env.scoreboard [MISMATCH] beat 387 expected=4ca4d125f56611c49528b6e404ae2fb0adfb793a actual=4ca4d125f56611c49528b6e404ae314f520486c5
UVM_ERROR /mnt/c/Users/26598/Desktop/img_filter_submission/work/vfir-docs-uvm/verification/uvm/img_filter_functional_pkg.sv(203) @ 938500: uvm_test_top.env.scoreboard [MISMATCH] beat 388 expected=69a7377f4d689695f21eaa9ff4fb6e8e575d2dfb actual=69a7377f4d689695f21eaa9ff4fb7071a8a2d204
UVM_ERROR /mnt/c/Users/26598/Desktop/img_filter_submission/work/vfir-docs-uvm/verification/uvm/img_filter_functional_pkg.sv(203) @ 939500: uvm_test_top.env.scoreboard [MISMATCH] beat 389 expected=8901e587bd571012f74b6c69ccd18ea8adc6fec4 actual=8901e587bd571012f74b6c69ccd18d575239013b
UVM_ERROR /mnt/c/Users/26598/Desktop/img_filter_submission/work/vfir-docs-uvm/verification/uvm/img_filter_functional_pkg.sv(203) @ 940500: uvm_test_top.env.scoreboard [MISMATCH] beat 390 expected=718a7658f26b6c0afde8715235bca89845f202c6 actual=718a7658f26b6c0afde8715235bca767ba0dfd39
UVM_ERROR /mnt/c/Users/26598/Desktop/img_filter_submission/work/vfir-docs-uvm/verification/uvm/img_filter_functional_pkg.sv(203) @ 941500: uvm_test_top.env.scoreboard [MISMATCH] beat 391 expected=000000000000000000000000000000dfd2ab3cb3 actual=000000000000000000000000000003202d54c34c
UVM_FATAL /mnt/c/Users/26598/Desktop/img_filter_submission/work/vfir-docs-uvm/verification/uvm/img_filter_functional_pkg.sv(245) @ 961500: uvm_test_top [FAILED] Mismatch, protocol error, or extra output
UVM_INFO /mnt/c/Users/26598/Documents/Codex/2026-08-29/sel-hold-2-bc-hold-wns/work/tools/uvm-verilator-2020-3.1/src/base/uvm_report_server.svh(1009) @ 961500: reporter [UVM/REPORT/SERVER] 
--- UVM Report Summary ---

** Report counts by severity
UVM_INFO :    3
UVM_WARNING :    2
UVM_ERROR :  392
UVM_FATAL :    1
** Report counts by id
[FAILED]     1
[MISMATCH]   392
[NO_DPI_USED]     1
[NO_VISIT_CHECK]     1
[RNTST]     1
[UVM/COMP/NAMECHECK]     1
[UVM/RELNOTES]     1

- /mnt/c/Users/26598/Documents/Codex/2026-08-29/sel-hold-2-bc-hold-wns/work/tools/uvm-verilator-2020-3.1/src/base/uvm_root.svh:183: Verilog $finish
SRAM COVERAGE reads=777 writes=392 banks_written=49
[962000] %Fatal: tb_top.sv:39: Assertion failed in tb_top.unnamedblk1: UVM failure propagated to simulator exit status
%Error: /mnt/c/Users/26598/Desktop/img_filter_submission/work/vfir-docs-uvm/verification/uvm/tb_top.sv:39: Verilog $stop
Aborting...
